syllable	tone	ours	theirs	arrow_ok	theirs_oov178	ours_oov178	flag_B
nghiê	TONE_NGANG	ŋiə→	ŋˈi ˈe	0	0	0	0
nghiề	TONE_HUYEN	ŋiə↘	ŋˈi ˈe↘	1	0	0	0
nghiế	TONE_SAC	ŋiə↗	ŋˈi ˈe↗	1	0	0	0
nghiê̂	TONE_HOI	ŋiə↓	ŋˈi ˈe	0	0	0	0
nghiễ	TONE_NGA	ŋiəʔ↗	ŋˈi ˈeʔ↗	1	0	0	0
nghiệ	TONE_NANG	ŋiəʔ↓	ŋˈi ˈeʔ↓	1	0	0	0
nghiêo	TONE_NGANG	ŋiə→w	ŋˈi ˈeˈɔ	0	0	0	0
nghiềo	TONE_HUYEN	ŋiə↘w	ŋˈi ˈe↘ˈɔ	1	0	0	0
nghiếo	TONE_SAC	ŋiə↗w	ŋˈi ˈe↗ˈɔ	1	0	0	0
nghiê̂o	TONE_HOI	ŋiə↓w	ŋˈi ˈe ˈo	0	0	0	0
nghiễo	TONE_NGA	ŋiəʔ↗w	ŋˈi ˈeʔ↗ˈɔ	1	0	0	0
nghiệo	TONE_NANG	ŋiəʔ↓w	ŋˈi ˈeʔ↓ˈɔ	1	0	0	0
nghiêu	TONE_NGANG	ŋiə→w	ŋˈiɛw	0	0	0	0
nghiều	TONE_HUYEN	ŋiə↘w	ŋˈiɛ↘w	1	0	0	0
nghiếu	TONE_SAC	ŋiə↗w	ŋˈiɛ↗w	1	0	0	0
nghiê̂u	TONE_HOI	ŋiə↓w	ŋˈi ˈe ˈu	0	0	0	0
nghiễu	TONE_NGA	ŋiəʔ↗w	ŋˈiɛʔ↗w	1	0	0	0
nghiệu	TONE_NANG	ŋiəʔ↓w	ŋˈiɛʔ↓w	1	0	0	0
nghiêm	TONE_NGANG	ŋiə→m	ŋˈiɛm	0	0	0	0
nghiềm	TONE_HUYEN	ŋiə↘m	ŋˈiɛ↘m	1	0	0	0
nghiếm	TONE_SAC	ŋiə↗m	ŋˈiɛ↗m	1	0	0	0
nghiê̂m	TONE_HOI	ŋiə↓m	ŋˈi ˈe mˈəː↘	0	0	0	0
nghiễm	TONE_NGA	ŋiəʔ↗m	ŋˈiɛʔ↗m	1	0	0	0
nghiệm	TONE_NANG	ŋiəʔ↓m	ŋˈiɛʔ↓m	1	0	0	0
nghiên	TONE_NGANG	ŋiə→n	ŋˈiɛn	0	0	0	0
nghiền	TONE_HUYEN	ŋiə↘n	ŋˈiɛ↘n	1	0	0	0
nghiến	TONE_SAC	ŋiə↗n	ŋˈiɛ↗n	1	0	0	0
nghiê̂n	TONE_HOI	ŋiə↓n	ŋˈi ˈe nˈəː↘	0	0	0	0
nghiễn	TONE_NGA	ŋiəʔ↗n	ŋˈiɛʔ↗n	1	0	0	0
nghiện	TONE_NANG	ŋiəʔ↓n	ŋˈiɛʔ↓n	1	0	0	0
nghiếp	TONE_SAC	ŋiə↗p	ŋˈiɛ↗p	1	0	0	0
nghiệp	TONE_NANG	ŋiəʔ↓p	ŋˈiɛʔ↓p	1	0	0	0
nghiết	TONE_SAC	ŋiə↗t	ŋˈiɛ↗t	1	0	0	0
nghiệt	TONE_NANG	ŋiəʔ↓t	ŋˈiɛʔ↓t	1	0	0	0
nghiêng	TONE_NGANG	ŋiə→ŋ	ŋˈiɛŋ	0	0	0	0
nghiềng	TONE_HUYEN	ŋiə↘ŋ	ŋˈiɛ↘ŋ	1	0	0	0
nghiếng	TONE_SAC	ŋiə↗ŋ	ŋˈiɛ↗ŋ	1	0	0	0
nghiê̂ng	TONE_HOI	ŋiə↓ŋ	ŋˈi ˈe ˌɛndʒˈiː	0	0	0	0
nghiễng	TONE_NGA	ŋiəʔ↗ŋ	ŋˈiɛʔ↗ŋ	1	0	0	0
nghiệng	TONE_NANG	ŋiəʔ↓ŋ	ŋˈiɛʔ↓ŋ	1	0	0	0
nghiênh	TONE_NGANG	ŋiə→ɲ	ŋˈi ˈeɲ	0	0	0	0
nghiềnh	TONE_HUYEN	ŋiə↘ɲ	ŋˈi ˈe↘ɲ	1	0	0	0
nghiếnh	TONE_SAC	ŋiə↗ɲ	ŋˈi ˈe↗ɲ	1	0	0	0
nghiê̂nh	TONE_HOI	ŋiə↓ɲ	ŋˈi ˈe ˌɛnˈeɪʧ	0	0	0	0
nghiễnh	TONE_NGA	ŋiəʔ↗ɲ	ŋˈi ˈeʔ↗ɲ	1	0	0	0
nghiệnh	TONE_NANG	ŋiəʔ↓ɲ	ŋˈi ˈeʔ↓ɲ	1	0	0	0
nghiếc	TONE_SAC	ŋiə↗k	ŋˈiɛ↗c	1	0	0	0
nghiệc	TONE_NANG	ŋiəʔ↓k	ŋˈiɛʔ↓c	1	0	0	0
nghiếch	TONE_SAC	ŋiə↗k	ŋˈi ˈe↗c	1	0	0	0
nghiệch	TONE_NANG	ŋiəʔ↓k	ŋˈi ˈeʔ↓c	1	0	0	0
nghyê	TONE_NGANG	ŋiə→	ŋˈi ˈe	0	0	0	0
nghyề	TONE_HUYEN	ŋiə↘	ŋˈi ˈe↘	1	0	0	0
nghyế	TONE_SAC	ŋiə↗	ŋˈi ˈe↗	1	0	0	0
nghyê̂	TONE_HOI	ŋiə↓	ŋˈi ˈe	0	0	0	0
nghyễ	TONE_NGA	ŋiəʔ↗	ŋˈi ˈeʔ↗	1	0	0	0
nghyệ	TONE_NANG	ŋiəʔ↓	ŋˈi ˈeʔ↓	1	0	0	0
nghyêo	TONE_NGANG	ŋiə→w	ŋˈi ˈeˈɔ	0	0	0	0
nghyềo	TONE_HUYEN	ŋiə↘w	ŋˈi ˈe↘ˈɔ	1	0	0	0
nghyếo	TONE_SAC	ŋiə↗w	ŋˈi ˈe↗ˈɔ	1	0	0	0
nghyê̂o	TONE_HOI	ŋiə↓w	ŋˈi ˈe ˈo	0	0	0	0
nghyễo	TONE_NGA	ŋiəʔ↗w	ŋˈi ˈeʔ↗ˈɔ	1	0	0	0
nghyệo	TONE_NANG	ŋiəʔ↓w	ŋˈi ˈeʔ↓ˈɔ	1	0	0	0
nghyêu	TONE_NGANG	ŋiə→w	ŋˈi ˈeˈu	0	0	0	0
nghyều	TONE_HUYEN	ŋiə↘w	ŋˈi ˈe↘ˈu	0	0	0	0
nghyếu	TONE_SAC	ŋiə↗w	ŋˈi ˈe↗ˈu	0	0	0	0
nghyê̂u	TONE_HOI	ŋiə↓w	ŋˈi ˈe ˈu	0	0	0	0
nghyễu	TONE_NGA	ŋiəʔ↗w	ŋˈi ˈeʔ↗ˈu	0	0	0	0
nghyệu	TONE_NANG	ŋiəʔ↓w	ŋˈi ˈeʔ↓ˈu	0	0	0	0
nghyêm	TONE_NGANG	ŋiə→m	ŋˈi ˈem	0	0	0	0
nghyềm	TONE_HUYEN	ŋiə↘m	ŋˈi ˈe↘m	1	0	0	0
nghyếm	TONE_SAC	ŋiə↗m	ŋˈi ˈe↗m	1	0	0	0
nghyê̂m	TONE_HOI	ŋiə↓m	ŋˈi ˈe mˈəː↘	0	0	0	0
nghyễm	TONE_NGA	ŋiəʔ↗m	ŋˈi ˈeʔ↗m	1	0	0	0
nghyệm	TONE_NANG	ŋiəʔ↓m	ŋˈi ˈeʔ↓m	1	0	0	0
nghyên	TONE_NGANG	ŋiə→n	ŋˈi ˈen	0	0	0	0
nghyền	TONE_HUYEN	ŋiə↘n	ŋˈi ˈe↘n	1	0	0	0
nghyến	TONE_SAC	ŋiə↗n	ŋˈi ˈe↗n	1	0	0	0
nghyê̂n	TONE_HOI	ŋiə↓n	ŋˈi ˈe nˈəː↘	0	0	0	0
nghyễn	TONE_NGA	ŋiəʔ↗n	ŋˈi ˈeʔ↗n	1	0	0	0
nghyện	TONE_NANG	ŋiəʔ↓n	ŋˈi ˈeʔ↓n	1	0	0	0
nghyếp	TONE_SAC	ŋiə↗p	ŋˈi ˈe↗p	1	0	0	0
nghyệp	TONE_NANG	ŋiəʔ↓p	ŋˈi ˈeʔ↓p	1	0	0	0
nghyết	TONE_SAC	ŋiə↗t	ŋˈi ˈe↗t	1	0	0	0
nghyệt	TONE_NANG	ŋiəʔ↓t	ŋˈi ˈeʔ↓t	1	0	0	0
nghyêng	TONE_NGANG	ŋiə→ŋ	ŋˈi ˈen ðˈe→	1	0	0	0
nghyềng	TONE_HUYEN	ŋiə↘ŋ	ŋˈi ˈe↘n ðˈe→	0	0	0	0
nghyếng	TONE_SAC	ŋiə↗ŋ	ŋˈi ˈe↗n ðˈe→	0	0	0	0
nghyê̂ng	TONE_HOI	ŋiə↓ŋ	ŋˈi ˈe ˌɛndʒˈiː	0	0	0	0
nghyễng	TONE_NGA	ŋiəʔ↗ŋ	ŋˈi ˈeʔ↗n ðˈe→	0	0	0	0
nghyệng	TONE_NANG	ŋiəʔ↓ŋ	ŋˈi ˈeʔ↓n ðˈe→	0	0	0	0
nghyênh	TONE_NGANG	ŋiə→ɲ	ŋˈi ˈeɲ	0	0	0	0
nghyềnh	TONE_HUYEN	ŋiə↘ɲ	ŋˈi ˈe↘ɲ	1	0	0	0
nghyếnh	TONE_SAC	ŋiə↗ɲ	ŋˈi ˈe↗ɲ	1	0	0	0
nghyê̂nh	TONE_HOI	ŋiə↓ɲ	ŋˈi ˈe ˌɛnˈeɪʧ	0	0	0	0
nghyễnh	TONE_NGA	ŋiəʔ↗ɲ	ŋˈi ˈeʔ↗ɲ	1	0	0	0
nghyệnh	TONE_NANG	ŋiəʔ↓ɲ	ŋˈi ˈeʔ↓ɲ	1	0	0	0
nghyếc	TONE_SAC	ŋiə↗k	ŋˈi ˈe↗sˈe	0	0	0	0
nghyệc	TONE_NANG	ŋiəʔ↓k	ŋˈi ˈeʔ↓sˈe	0	0	0	0
nghyếch	TONE_SAC	ŋiə↗k	ŋˈi ˈe↗c	1	0	0	0
nghyệch	TONE_NANG	ŋiəʔ↓k	ŋˈi ˈeʔ↓c	1	0	0	0
nghia	TONE_NGANG	ŋiə→	ŋˈiə	0	0	0	0
nghìa	TONE_HUYEN	ŋiə↘	ŋˈiə↘	1	0	0	0
nghía	TONE_SAC	ŋiə↗	ŋˈiə↗	1	0	0	0
nghîa	TONE_HOI	ŋiə↓	ŋˈiə	0	0	0	0
nghĩa	TONE_NGA	ŋiəʔ↗	ŋˈiəʔ↗	1	0	0	0
nghịa	TONE_NANG	ŋiəʔ↓	ŋˈiəʔ↓	1	0	0	0
nghiao	TONE_NGANG	ŋiə→w	ŋˈiə ˈoʊ	0	0	0	0
nghìao	TONE_HUYEN	ŋiə↘w	ŋˈiə↘ ˈɔ	1	0	0	0
nghíao	TONE_SAC	ŋiə↗w	ŋˈiə↗ ˈɔ	1	0	0	0
nghîao	TONE_HOI	ŋiə↓w	ŋˈiə ˈoʊ	0	0	0	0
nghĩao	TONE_NGA	ŋiəʔ↗w	ŋˈiəʔ↗ ˈɔ	1	0	0	0
nghịao	TONE_NANG	ŋiəʔ↓w	ŋˈiəʔ↓ ˈɔ	1	0	0	0
nghiau	TONE_NGANG	ŋiə→w	ŋˈiə jˈuː	0	0	0	0
nghìau	TONE_HUYEN	ŋiə↘w	ŋˈiə↘ ˈu	0	0	0	0
nghíau	TONE_SAC	ŋiə↗w	ŋˈiə↗ ˈu	0	0	0	0
nghîau	TONE_HOI	ŋiə↓w	ŋˈiə jˈuː	0	0	0	0
nghĩau	TONE_NGA	ŋiəʔ↗w	ŋˈiəʔ↗ ˈu	0	0	0	0
nghịau	TONE_NANG	ŋiəʔ↓w	ŋˈiəʔ↓ ˈu	0	0	0	0
nghiam	TONE_NGANG	ŋiə→m	ŋˈi æm	0	0	0	0
nghìam	TONE_HUYEN	ŋiə↘m	ŋˈi↘ ˈaːm	0	0	0	0
nghíam	TONE_SAC	ŋiə↗m	ŋˈi↗ ˈaːm	0	0	0	0
nghîam	TONE_HOI	ŋiə↓m	ŋˈi æm	0	0	0	0
nghĩam	TONE_NGA	ŋiəʔ↗m	ŋˈiʔ↗ ˈaːm	0	0	0	0
nghịam	TONE_NANG	ŋiəʔ↓m	ŋˈiʔ↓ ˈaːm	0	0	0	0
nghian	TONE_NGANG	ŋiə→n	ŋˈi æn	0	0	0	0
nghìan	TONE_HUYEN	ŋiə↘n	ŋˈi↘ ˈaːn	0	0	0	0
nghían	TONE_SAC	ŋiə↗n	ŋˈi↗ ˈaːn	0	0	0	0
nghîan	TONE_HOI	ŋiə↓n	ŋˈi æn	0	0	0	0
nghĩan	TONE_NGA	ŋiəʔ↗n	ŋˈiʔ↗ ˈaːn	0	0	0	0
nghịan	TONE_NANG	ŋiəʔ↓n	ŋˈiʔ↓ ˈaːn	0	0	0	0
nghíap	TONE_SAC	ŋiə↗p	ŋˈi↗ ˈaː↗p	0	0	0	0
nghịap	TONE_NANG	ŋiəʔ↓p	ŋˈiʔ↓ ˈaː↗p	0	0	0	0
nghíat	TONE_SAC	ŋiə↗t	ŋˈi↗ ˈaː↗t	0	0	0	0
nghịat	TONE_NANG	ŋiəʔ↓t	ŋˈiʔ↓ ˈaː↗t	0	0	0	0
nghiang	TONE_NGANG	ŋiə→ŋ	ŋˈi ˈaːŋ	0	0	0	0
nghìang	TONE_HUYEN	ŋiə↘ŋ	ŋˈi↘ ˈaːŋ	0	0	0	0
nghíang	TONE_SAC	ŋiə↗ŋ	ŋˈi↗ ˈaːŋ	0	0	0	0
nghîang	TONE_HOI	ŋiə↓ŋ	ŋˈi ˈaːŋ	0	0	0	0
nghĩang	TONE_NGA	ŋiəʔ↗ŋ	ŋˈiʔ↗ ˈaːŋ	0	0	0	0
nghịang	TONE_NANG	ŋiəʔ↓ŋ	ŋˈiʔ↓ ˈaːŋ	0	0	0	0
nghianh	TONE_NGANG	ŋiə→ɲ	ŋˈi ˈæɲ	0	0	0	0
nghìanh	TONE_HUYEN	ŋiə↘ɲ	ŋˈi↘ ˈæɲ	0	0	0	0
nghíanh	TONE_SAC	ŋiə↗ɲ	ŋˈi↗ ˈæɲ	0	0	0	0
nghîanh	TONE_HOI	ŋiə↓ɲ	ŋˈi ˈæɲ	0	0	0	0
nghĩanh	TONE_NGA	ŋiəʔ↗ɲ	ŋˈiʔ↗ ˈæɲ	0	0	0	0
nghịanh	TONE_NANG	ŋiəʔ↓ɲ	ŋˈiʔ↓ ˈæɲ	0	0	0	0
nghíac	TONE_SAC	ŋiə↗k	ŋˈi↗ ˈaː↗c	0	0	0	0
nghịac	TONE_NANG	ŋiəʔ↓k	ŋˈiʔ↓ ˈaː↗c	0	0	0	0
nghíach	TONE_SAC	ŋiə↗k	ŋˈi↗ ˈæ↗c	0	0	0	0
nghịach	TONE_NANG	ŋiəʔ↓k	ŋˈiʔ↓ ˈæ↗c	0	0	0	0
nghya	TONE_NGANG	ŋiə→	ˈɛn ɡˈaɪə	0	0	0	0
nghỳa	TONE_HUYEN	ŋiə↘	ŋˈi↘ ˈaː	0	0	0	0
nghýa	TONE_SAC	ŋiə↗	ŋˈi↗ ˈaː	0	0	0	0
nghŷa	TONE_HOI	ŋiə↓	ˈɛn ɡˈaɪə	0	0	0	0
nghỹa	TONE_NGA	ŋiəʔ↗	ŋˈiʔ↗ ˈaː	0	0	0	0
nghỵa	TONE_NANG	ŋiəʔ↓	ŋˈiʔ↓ ˈaː	0	0	0	0
nghyao	TONE_NGANG	ŋiə→w	ˈɛndʒˈiː hˈaɪaʊ	0	0	0	0
nghỳao	TONE_HUYEN	ŋiə↘w	ŋˈi↘ ˈaːˈɔ	0	0	0	0
nghýao	TONE_SAC	ŋiə↗w	ŋˈi↗ ˈaːˈɔ	0	0	0	0
nghŷao	TONE_HOI	ŋiə↓w	ˈɛndʒˈiː hˈaɪaʊ	0	0	0	0
nghỹao	TONE_NGA	ŋiəʔ↗w	ŋˈiʔ↗ ˈaːˈɔ	0	0	0	0
nghỵao	TONE_NANG	ŋiəʔ↓w	ŋˈiʔ↓ ˈaːˈɔ	0	0	0	0
nghyau	TONE_NGANG	ŋiə→w	ŋˈi ˈeɪjˈuː	0	0	0	0
nghỳau	TONE_HUYEN	ŋiə↘w	ŋˈi↘ ˈaːˈu	0	0	0	0
nghýau	TONE_SAC	ŋiə↗w	ŋˈi↗ ˈaːˈu	0	0	0	0
nghŷau	TONE_HOI	ŋiə↓w	ŋˈi ˈeɪjˈuː	0	0	0	0
nghỹau	TONE_NGA	ŋiəʔ↗w	ŋˈiʔ↗ ˈaːˈu	0	0	0	0
nghỵau	TONE_NANG	ŋiəʔ↓w	ŋˈiʔ↓ ˈaːˈu	0	0	0	0
nghyam	TONE_NGANG	ŋiə→m	ŋˈi æm	0	0	0	0
nghỳam	TONE_HUYEN	ŋiə↘m	ŋˈi↘ ˈaːm	0	0	0	0
nghýam	TONE_SAC	ŋiə↗m	ŋˈi↗ ˈaːm	0	0	0	0
nghŷam	TONE_HOI	ŋiə↓m	ŋˈi æm	0	0	0	0
nghỹam	TONE_NGA	ŋiəʔ↗m	ŋˈiʔ↗ ˈaːm	0	0	0	0
nghỵam	TONE_NANG	ŋiəʔ↓m	ŋˈiʔ↓ ˈaːm	0	0	0	0
nghyan	TONE_NGANG	ŋiə→n	ŋˈi æn	0	0	0	0
nghỳan	TONE_HUYEN	ŋiə↘n	ŋˈi↘ ˈaːn	0	0	0	0
nghýan	TONE_SAC	ŋiə↗n	ŋˈi↗ ˈaːn	0	0	0	0
nghŷan	TONE_HOI	ŋiə↓n	ŋˈi æn	0	0	0	0
nghỹan	TONE_NGA	ŋiəʔ↗n	ŋˈiʔ↗ ˈaːn	0	0	0	0
nghỵan	TONE_NANG	ŋiəʔ↓n	ŋˈiʔ↓ ˈaːn	0	0	0	0
nghýap	TONE_SAC	ŋiə↗p	ŋˈi↗ ˈaː↗p	0	0	0	0
nghỵap	TONE_NANG	ŋiəʔ↓p	ŋˈiʔ↓ ˈaː↗p	0	0	0	0
nghýat	TONE_SAC	ŋiə↗t	ŋˈi↗ ˈaː↗t	0	0	0	0
nghỵat	TONE_NANG	ŋiəʔ↓t	ŋˈiʔ↓ ˈaː↗t	0	0	0	0
nghyang	TONE_NGANG	ŋiə→ŋ	ŋˈi ˈaːŋ	0	0	0	0
nghỳang	TONE_HUYEN	ŋiə↘ŋ	ŋˈi↘ ˈaːŋ	0	0	0	0
nghýang	TONE_SAC	ŋiə↗ŋ	ŋˈi↗ ˈaːŋ	0	0	0	0
nghŷang	TONE_HOI	ŋiə↓ŋ	ŋˈi ˈaːŋ	0	0	0	0
nghỹang	TONE_NGA	ŋiəʔ↗ŋ	ŋˈiʔ↗ ˈaːŋ	0	0	0	0
nghỵang	TONE_NANG	ŋiəʔ↓ŋ	ŋˈiʔ↓ ˈaːŋ	0	0	0	0
nghyanh	TONE_NGANG	ŋiə→ɲ	ŋˈi ˈæɲ	0	0	0	0
nghỳanh	TONE_HUYEN	ŋiə↘ɲ	ŋˈi↘ ˈæɲ	0	0	0	0
nghýanh	TONE_SAC	ŋiə↗ɲ	ŋˈi↗ ˈæɲ	0	0	0	0
nghŷanh	TONE_HOI	ŋiə↓ɲ	ŋˈi ˈæɲ	0	0	0	0
nghỹanh	TONE_NGA	ŋiəʔ↗ɲ	ŋˈiʔ↗ ˈæɲ	0	0	0	0
nghỵanh	TONE_NANG	ŋiəʔ↓ɲ	ŋˈiʔ↓ ˈæɲ	0	0	0	0
nghýac	TONE_SAC	ŋiə↗k	ŋˈi↗ ˈaː↗c	0	0	0	0
nghỵac	TONE_NANG	ŋiəʔ↓k	ŋˈiʔ↓ ˈaː↗c	0	0	0	0
nghýach	TONE_SAC	ŋiə↗k	ŋˈi↗ ˈæ↗c	0	0	0	0
nghỵach	TONE_NANG	ŋiəʔ↓k	ŋˈiʔ↓ ˈæ↗c	0	0	0	0
nghươ	TONE_NGANG	ŋɨə→	ˈɛnəː↘ðˈe→ hˈy ˈəː	0	0	0	0
nghườ	TONE_HUYEN	ŋɨə↘	ˈɛnəː↘ðˈe→ hˈy ˈəː↘	0	0	0	0
nghướ	TONE_SAC	ŋɨə↗	ˈɛnəː↘ðˈe→ hˈy ˈəː↗	0	0	0	0
nghươ̂	TONE_HOI	ŋɨə↓	ˈɛnəː↘ðˈe→ hˈy ˈəː	0	0	0	0
nghưỡ	TONE_NGA	ŋɨəʔ↗	ˈɛnəː↘ðˈe→ hˈy ˈəːʔ↗	0	0	0	0
nghượ	TONE_NANG	ŋɨəʔ↓	ˈɛnəː↘ðˈe→ hˈy ˈəːʔ↓	0	0	0	0
nghươi	TONE_NGANG	ŋɨə→j	ˈɛnəː↘ðˈe→ hˈyəj	0	0	0	0
nghười	TONE_HUYEN	ŋɨə↘j	ˈɛnəː↘ðˈe→ hˈyə↘j	0	0	0	0
nghưới	TONE_SAC	ŋɨə↗j	ˈɛnəː↘ðˈe→ hˈyə↗j	0	0	0	0
nghươ̂i	TONE_HOI	ŋɨə↓j	ˈɛnəː↘ðˈe→ hˈy ˈəː ˈi	0	0	0	0
nghưỡi	TONE_NGA	ŋɨəʔ↗j	ˈɛnəː↘ðˈe→ hˈyəʔ↗j	0	0	0	0
nghượi	TONE_NANG	ŋɨəʔ↓j	ˈɛnəː↘ðˈe→ hˈyəʔ↓j	0	0	0	0
nghươy	TONE_NGANG	ŋɨə→j	ˈɛnəː↘ðˈe→ hˈy ˈəːˈi	0	0	0	0
nghườy	TONE_HUYEN	ŋɨə↘j	ˈɛnəː↘ðˈe→ hˈy ˈəː↘ˈi	0	0	0	0
nghướy	TONE_SAC	ŋɨə↗j	ˈɛnəː↘ðˈe→ hˈy ˈəː↗ˈi	0	0	0	0
nghươ̂y	TONE_HOI	ŋɨə↓j	ˈɛnəː↘ðˈe→ hˈy ˈəː ˈi	0	0	0	0
nghưỡy	TONE_NGA	ŋɨəʔ↗j	ˈɛnəː↘ðˈe→ hˈy ˈəːʔ↗ˈi	0	0	0	0
nghượy	TONE_NANG	ŋɨəʔ↓j	ˈɛnəː↘ðˈe→ hˈy ˈəːʔ↓ˈi	0	0	0	0
nghươo	TONE_NGANG	ŋɨə→w	ˈɛnəː↘ðˈe→ hˈy ˈəːˈɔ	0	0	0	0
nghườo	TONE_HUYEN	ŋɨə↘w	ˈɛnəː↘ðˈe→ hˈy ˈəː↘ˈɔ	0	0	0	0
nghướo	TONE_SAC	ŋɨə↗w	ˈɛnəː↘ðˈe→ hˈy ˈəː↗ˈɔ	0	0	0	0
nghươ̂o	TONE_HOI	ŋɨə↓w	ˈɛnəː↘ðˈe→ hˈy ˈəː ˈo	0	0	0	0
nghưỡo	TONE_NGA	ŋɨəʔ↗w	ˈɛnəː↘ðˈe→ hˈy ˈəːʔ↗ˈɔ	0	0	0	0
nghượo	TONE_NANG	ŋɨəʔ↓w	ˈɛnəː↘ðˈe→ hˈy ˈəːʔ↓ˈɔ	0	0	0	0
nghươu	TONE_NGANG	ŋɨə→w	ˈɛnəː↘ðˈe→ hˈyəw	0	0	0	0
nghườu	TONE_HUYEN	ŋɨə↘w	ˈɛnəː↘ðˈe→ hˈyə↘w	0	0	0	0
nghướu	TONE_SAC	ŋɨə↗w	ˈɛnəː↘ðˈe→ hˈyə↗w	0	0	0	0
nghươ̂u	TONE_HOI	ŋɨə↓w	ˈɛnəː↘ðˈe→ hˈy ˈəː ˈu	0	0	0	0
nghưỡu	TONE_NGA	ŋɨəʔ↗w	ˈɛnəː↘ðˈe→ hˈyəʔ↗w	0	0	0	0
nghượu	TONE_NANG	ŋɨəʔ↓w	ˈɛnəː↘ðˈe→ hˈyəʔ↓w	0	0	0	0
nghươm	TONE_NGANG	ŋɨə→m	ˈɛnəː↘ðˈe→ hˈyəm	0	0	0	0
nghườm	TONE_HUYEN	ŋɨə↘m	ˈɛnəː↘ðˈe→ hˈyə↘m	0	0	0	0
nghướm	TONE_SAC	ŋɨə↗m	ˈɛnəː↘ðˈe→ hˈyə↗m	0	0	0	0
nghươ̂m	TONE_HOI	ŋɨə↓m	ˈɛnəː↘ðˈe→ hˈy ˈəː mˈəː↘	0	0	0	0
nghưỡm	TONE_NGA	ŋɨəʔ↗m	ˈɛnəː↘ðˈe→ hˈyəʔ↗m	0	0	0	0
nghượm	TONE_NANG	ŋɨəʔ↓m	ˈɛnəː↘ðˈe→ hˈyəʔ↓m	0	0	0	0
nghướp	TONE_SAC	ŋɨə↗p	ˈɛnəː↘ðˈe→ hˈyə↗p	0	0	0	0
nghượp	TONE_NANG	ŋɨəʔ↓p	ˈɛnəː↘ðˈe→ hˈyəʔ↓p	0	0	0	0
nghướt	TONE_SAC	ŋɨə↗t	ˈɛnəː↘ðˈe→ hˈyə↗t	0	0	0	0
nghượt	TONE_NANG	ŋɨəʔ↓t	ˈɛnəː↘ðˈe→ hˈyəʔ↓t	0	0	0	0
nghương	TONE_NGANG	ŋɨə→ŋ	ˈɛnəː↘ðˈe→ hˈyəŋ	0	0	0	0
nghường	TONE_HUYEN	ŋɨə↘ŋ	ˈɛnəː↘ðˈe→ hˈyə↘ŋ	0	0	0	0
nghướng	TONE_SAC	ŋɨə↗ŋ	ˈɛnəː↘ðˈe→ hˈyə↗ŋ	0	0	0	0
nghươ̂ng	TONE_HOI	ŋɨə↓ŋ	ˈɛnəː↘ðˈe→ hˈy ˈəː ˌɛndʒˈiː	0	0	0	0
nghưỡng	TONE_NGA	ŋɨəʔ↗ŋ	ˈɛnəː↘ðˈe→ hˈyəʔ↗ŋ	0	0	0	0
nghượng	TONE_NANG	ŋɨəʔ↓ŋ	ˈɛnəː↘ðˈe→ hˈyəʔ↓ŋ	0	0	0	0
nghước	TONE_SAC	ŋɨə↗k	ˈɛnəː↘ðˈe→ hˈyə↗c	0	0	0	0
nghược	TONE_NANG	ŋɨəʔ↓k	ˈɛnəː↘ðˈe→ hˈyəʔ↓c	0	0	0	0
nghướch	TONE_SAC	ŋɨə↗k	ˈɛnəː↘ðˈe→ hˈyə↗c hˈa↗t	0	0	0	0
nghượch	TONE_NANG	ŋɨəʔ↓k	ˈɛnəː↘ðˈe→ hˈyəʔ↓c hˈa↗t	0	0	0	0
nghưa	TONE_NGANG	ŋɨə→	ˈɛnəː↘ðˈe→ hˈyə	0	0	0	0
nghừa	TONE_HUYEN	ŋɨə↘	ˈɛnəː↘ðˈe→ hˈyə↘	0	0	0	0
nghứa	TONE_SAC	ŋɨə↗	ˈɛnəː↘ðˈe→ hˈyə↗	0	0	0	0
nghư̂a	TONE_HOI	ŋɨə↓	ˈɛnəː↘ðˈe→ hˈy ˈaː	0	0	0	0
nghữa	TONE_NGA	ŋɨəʔ↗	ˈɛnəː↘ðˈe→ hˈyəʔ↗	0	0	0	0
nghựa	TONE_NANG	ŋɨəʔ↓	ˈɛnəː↘ðˈe→ hˈyəʔ↓	0	0	0	0
nghưai	TONE_NGANG	ŋɨə→j	ˈɛnəː↘ðˈe→ hˈyə ˈi	0	0	0	0
nghừai	TONE_HUYEN	ŋɨə↘j	ˈɛnəː↘ðˈe→ hˈyə↘ ˈi	0	0	0	0
nghứai	TONE_SAC	ŋɨə↗j	ˈɛnəː↘ðˈe→ hˈyə↗ ˈi	0	0	0	0
nghư̂ai	TONE_HOI	ŋɨə↓j	ˈɛnəː↘ðˈe→ hˈy ˈaːj	0	0	0	0
nghữai	TONE_NGA	ŋɨəʔ↗j	ˈɛnəː↘ðˈe→ hˈyəʔ↗ ˈi	0	0	0	0
nghựai	TONE_NANG	ŋɨəʔ↓j	ˈɛnəː↘ðˈe→ hˈyəʔ↓ ˈi	0	0	0	0
nghưay	TONE_NGANG	ŋɨə→j	ˈɛnəː↘ðˈe→ hˈyə ˈi	0	0	0	0
nghừay	TONE_HUYEN	ŋɨə↘j	ˈɛnəː↘ðˈe→ hˈyə↘ ˈi	0	0	0	0
nghứay	TONE_SAC	ŋɨə↗j	ˈɛnəː↘ðˈe→ hˈyə↗ ˈi	0	0	0	0
nghư̂ay	TONE_HOI	ŋɨə↓j	ˈɛnəː↘ðˈe→ hˈy ˈaj	0	0	0	0
nghữay	TONE_NGA	ŋɨəʔ↗j	ˈɛnəː↘ðˈe→ hˈyəʔ↗ ˈi	0	0	0	0
nghựay	TONE_NANG	ŋɨəʔ↓j	ˈɛnəː↘ðˈe→ hˈyəʔ↓ ˈi	0	0	0	0
nghưao	TONE_NGANG	ŋɨə→w	ˈɛnəː↘ðˈe→ hˈyə ˈɔ	0	0	0	0
nghừao	TONE_HUYEN	ŋɨə↘w	ˈɛnəː↘ðˈe→ hˈyə↘ ˈɔ	0	0	0	0
nghứao	TONE_SAC	ŋɨə↗w	ˈɛnəː↘ðˈe→ hˈyə↗ ˈɔ	0	0	0	0
nghư̂ao	TONE_HOI	ŋɨə↓w	ˈɛnəː↘ðˈe→ hˈy ˈaːw	0	0	0	0
nghữao	TONE_NGA	ŋɨəʔ↗w	ˈɛnəː↘ðˈe→ hˈyəʔ↗ ˈɔ	0	0	0	0
nghựao	TONE_NANG	ŋɨəʔ↓w	ˈɛnəː↘ðˈe→ hˈyəʔ↓ ˈɔ	0	0	0	0
nghưau	TONE_NGANG	ŋɨə→w	ˈɛnəː↘ðˈe→ hˈyə ˈu	0	0	0	0
nghừau	TONE_HUYEN	ŋɨə↘w	ˈɛnəː↘ðˈe→ hˈyə↘ ˈu	0	0	0	0
nghứau	TONE_SAC	ŋɨə↗w	ˈɛnəː↘ðˈe→ hˈyə↗ ˈu	0	0	0	0
nghư̂au	TONE_HOI	ŋɨə↓w	ˈɛnəː↘ðˈe→ hˈy ˈaw	0	0	0	0
nghữau	TONE_NGA	ŋɨəʔ↗w	ˈɛnəː↘ðˈe→ hˈyəʔ↗ ˈu	0	0	0	0
nghựau	TONE_NANG	ŋɨəʔ↓w	ˈɛnəː↘ðˈe→ hˈyəʔ↓ ˈu	0	0	0	0
nghưam	TONE_NGANG	ŋɨə→m	ˈɛnəː↘ðˈe→ hˈy ˈaːm	0	0	0	0
nghừam	TONE_HUYEN	ŋɨə↘m	ˈɛnəː↘ðˈe→ hˈy↘ ˈaːm	0	0	0	0
nghứam	TONE_SAC	ŋɨə↗m	ˈɛnəː↘ðˈe→ hˈy↗ ˈaːm	0	0	0	0
nghư̂am	TONE_HOI	ŋɨə↓m	ˈɛnəː↘ðˈe→ hˈy ˈaːm	0	0	0	0
nghữam	TONE_NGA	ŋɨəʔ↗m	ˈɛnəː↘ðˈe→ hˈyʔ↗ ˈaːm	0	0	0	0
nghựam	TONE_NANG	ŋɨəʔ↓m	ˈɛnəː↘ðˈe→ hˈyʔ↓ ˈaːm	0	0	0	0
nghứap	TONE_SAC	ŋɨə↗p	ˈɛnəː↘ðˈe→ hˈy↗ ˈaː↗p	0	0	0	0
nghựap	TONE_NANG	ŋɨəʔ↓p	ˈɛnəː↘ðˈe→ hˈyʔ↓ ˈaː↗p	0	0	0	0
nghứat	TONE_SAC	ŋɨə↗t	ˈɛnəː↘ðˈe→ hˈy↗ ˈaː↗t	0	0	0	0
nghựat	TONE_NANG	ŋɨəʔ↓t	ˈɛnəː↘ðˈe→ hˈyʔ↓ ˈaː↗t	0	0	0	0
nghưang	TONE_NGANG	ŋɨə→ŋ	ˈɛnəː↘ðˈe→ hˈy ˈaːŋ	0	0	0	0
nghừang	TONE_HUYEN	ŋɨə↘ŋ	ˈɛnəː↘ðˈe→ hˈy↘ ˈaːŋ	0	0	0	0
nghứang	TONE_SAC	ŋɨə↗ŋ	ˈɛnəː↘ðˈe→ hˈy↗ ˈaːŋ	0	0	0	0
nghư̂ang	TONE_HOI	ŋɨə↓ŋ	ˈɛnəː↘ðˈe→ hˈy ˈaːŋ	0	0	0	0
nghữang	TONE_NGA	ŋɨəʔ↗ŋ	ˈɛnəː↘ðˈe→ hˈyʔ↗ ˈaːŋ	0	0	0	0
nghựang	TONE_NANG	ŋɨəʔ↓ŋ	ˈɛnəː↘ðˈe→ hˈyʔ↓ ˈaːŋ	0	0	0	0
nghứac	TONE_SAC	ŋɨə↗k	ˈɛnəː↘ðˈe→ hˈy↗ ˈaː↗c	0	0	0	0
nghựac	TONE_NANG	ŋɨəʔ↓k	ˈɛnəː↘ðˈe→ hˈyʔ↓ ˈaː↗c	0	0	0	0
nghứach	TONE_SAC	ŋɨə↗k	ˈɛnəː↘ðˈe→ hˈy↗ ˈæ↗c	0	0	0	0
nghựach	TONE_NANG	ŋɨəʔ↓k	ˈɛnəː↘ðˈe→ hˈyʔ↓ ˈæ↗c	0	0	0	0
nghuô	TONE_NGANG	ŋuə→	ˈɛnəː↘ ɡˈuː ˈo	0	0	0	0
nghuồ	TONE_HUYEN	ŋuə↘	ˈɛnəː↘ ɡˈuː ˈo↘	0	0	0	0
nghuố	TONE_SAC	ŋuə↗	ˈɛnəː↘ ɡˈuː ˈo↗	0	0	0	0
nghuô̂	TONE_HOI	ŋuə↓	ˈɛnəː↘ ɡˈuː ˈo	0	0	0	0
nghuỗ	TONE_NGA	ŋuəʔ↗	ˈɛnəː↘ ɡˈuː ˈoʔ↗	0	0	0	0
nghuộ	TONE_NANG	ŋuəʔ↓	ˈɛnəː↘ ɡˈuː ˈoʔ↓	0	0	0	0
nghuôi	TONE_NGANG	ŋuə→j	ˈɛnəː↘ðˈe→ hˈuəj	0	0	0	0
nghuồi	TONE_HUYEN	ŋuə↘j	ˈɛnəː↘ðˈe→ hˈuə↘j	0	0	0	0
nghuối	TONE_SAC	ŋuə↗j	ˈɛnəː↘ðˈe→ hˈuə↗j	0	0	0	0
nghuô̂i	TONE_HOI	ŋuə↓j	ˈɛnəː↘ ɡˈuː ˈo ˈi	0	0	0	0
nghuỗi	TONE_NGA	ŋuəʔ↗j	ˈɛnəː↘ðˈe→ hˈuəʔ↗j	0	0	0	0
nghuội	TONE_NANG	ŋuəʔ↓j	ˈɛnəː↘ðˈe→ hˈuəʔ↓j	0	0	0	0
nghuôy	TONE_NGANG	ŋuə→j	ˈɛnəː↘ ɡˈuː ˈoˈi	0	0	0	0
nghuồy	TONE_HUYEN	ŋuə↘j	ˈɛnəː↘ ɡˈuː ˈo↘ˈi	0	0	0	0
nghuốy	TONE_SAC	ŋuə↗j	ˈɛnəː↘ ɡˈuː ˈo↗ˈi	0	0	0	0
nghuô̂y	TONE_HOI	ŋuə↓j	ˈɛnəː↘ ɡˈuː ˈo ˈi	0	0	0	0
nghuỗy	TONE_NGA	ŋuəʔ↗j	ˈɛnəː↘ ɡˈuː ˈoʔ↗ˈi	0	0	0	0
nghuộy	TONE_NANG	ŋuəʔ↓j	ˈɛnəː↘ ɡˈuː ˈoʔ↓ˈi	0	0	0	0
nghuôn	TONE_NGANG	ŋuə→n	ˈɛnəː↘ðˈe→ hˈuən	0	0	0	0
nghuồn	TONE_HUYEN	ŋuə↘n	ˈɛnəː↘ðˈe→ hˈuə↘n	0	0	0	0
nghuốn	TONE_SAC	ŋuə↗n	ˈɛnəː↘ðˈe→ hˈuə↗n	0	0	0	0
nghuô̂n	TONE_HOI	ŋuə↓n	ˈɛnəː↘ ɡˈuː ˈo nˈəː↘	0	0	0	0
nghuỗn	TONE_NGA	ŋuəʔ↗n	ˈɛnəː↘ðˈe→ hˈuəʔ↗n	0	0	0	0
nghuộn	TONE_NANG	ŋuəʔ↓n	ˈɛnəː↘ðˈe→ hˈuəʔ↓n	0	0	0	0
nghuốp	TONE_SAC	ŋuə↗p	ˈɛnəː↘ðˈe→ hˈuə↗p	0	0	0	0
nghuộp	TONE_NANG	ŋuəʔ↓p	ˈɛnəː↘ðˈe→ hˈuəʔ↓p	0	0	0	0
nghuốt	TONE_SAC	ŋuə↗t	ˈɛnəː↘ðˈe→ hˈuə↗t	0	0	0	0
nghuột	TONE_NANG	ŋuəʔ↓t	ˈɛnəː↘ðˈe→ hˈuəʔ↓t	0	0	0	0
nghuông	TONE_NGANG	ŋuə→ŋ	ˈɛnəː↘ðˈe→ hˈuəŋ	0	0	0	0
nghuồng	TONE_HUYEN	ŋuə↘ŋ	ˈɛnəː↘ðˈe→ hˈuə↘ŋ	0	0	0	0
nghuống	TONE_SAC	ŋuə↗ŋ	ˈɛnəː↘ðˈe→ hˈuə↗ŋ	0	0	0	0
nghuô̂ng	TONE_HOI	ŋuə↓ŋ	ˈɛnəː↘ ɡˈuː ˈo ˌɛndʒˈiː	0	0	0	0
nghuỗng	TONE_NGA	ŋuəʔ↗ŋ	ˈɛnəː↘ðˈe→ hˈuəʔ↗ŋ	0	0	0	0
nghuộng	TONE_NANG	ŋuəʔ↓ŋ	ˈɛnəː↘ðˈe→ hˈuəʔ↓ŋ	0	0	0	0
nghuốc	TONE_SAC	ŋuə↗k	ˈɛnəː↘ðˈe→ hˈuə↗c	0	0	0	0
nghuộc	TONE_NANG	ŋuəʔ↓k	ˈɛnəː↘ðˈe→ hˈuəʔ↓c	0	0	0	0
nghuốch	TONE_SAC	ŋuə↗k	ˈɛnəː↘ðˈe→ hˈuə↗c hˈa↗t	0	0	0	0
nghuộch	TONE_NANG	ŋuəʔ↓k	ˈɛnəː↘ðˈe→ hˈuəʔ↓c hˈa↗t	0	0	0	0
nghua	TONE_NGANG	ŋuə→	ˈɛndʒˈiː hˈuə	0	0	0	0
nghùa	TONE_HUYEN	ŋuə↘	ˈɛnəː↘ðˈe→ hˈuə↘	0	0	0	0
nghúa	TONE_SAC	ŋuə↗	ˈɛnəː↘ðˈe→ hˈuə↗	0	0	0	0
nghûa	TONE_HOI	ŋuə↓	ˈɛndʒˈiː hˈuə	0	0	0	0
nghũa	TONE_NGA	ŋuəʔ↗	ˈɛnəː↘ðˈe→ hˈuəʔ↗	0	0	0	0
nghụa	TONE_NANG	ŋuəʔ↓	ˈɛnəː↘ðˈe→ hˈuəʔ↓	0	0	0	0
nghuai	TONE_NGANG	ŋuə→j	ˈɛndʒˈiː hjˈuːaɪ	0	0	0	0
nghùai	TONE_HUYEN	ŋuə↘j	ˈɛnəː↘ðˈe→ hˈuə↘ ˈi	0	0	0	0
nghúai	TONE_SAC	ŋuə↗j	ˈɛnəː↘ðˈe→ hˈuə↗ ˈi	0	0	0	0
nghûai	TONE_HOI	ŋuə↓j	ˈɛndʒˈiː hjˈuːaɪ	0	0	0	0
nghũai	TONE_NGA	ŋuəʔ↗j	ˈɛnəː↘ðˈe→ hˈuəʔ↗ ˈi	0	0	0	0
nghụai	TONE_NANG	ŋuəʔ↓j	ˈɛnəː↘ðˈe→ hˈuəʔ↓ ˈi	0	0	0	0
nghuay	TONE_NGANG	ŋuə→j	ˈɛndʒˈiː hwˈəɪ↘	0	0	0	0
nghùay	TONE_HUYEN	ŋuə↘j	ˈɛnəː↘ðˈe→ hˈuə↘ ˈi	0	0	0	0
nghúay	TONE_SAC	ŋuə↗j	ˈɛnəː↘ðˈe→ hˈuə↗ ˈi	0	0	0	0
nghûay	TONE_HOI	ŋuə↓j	ˈɛndʒˈiː hwˈəɪ↘	0	0	0	0
nghũay	TONE_NGA	ŋuəʔ↗j	ˈɛnəː↘ðˈe→ hˈuəʔ↗ ˈi	0	0	0	0
nghụay	TONE_NANG	ŋuəʔ↓j	ˈɛnəː↘ðˈe→ hˈuəʔ↓ ˈi	0	0	0	0
nghao	TONE_NGANG	ŋaː→w	ˈɛndʒˈiː hˈaːw	0	0	0	0
nghào	TONE_HUYEN	ŋaː↘w	ˈɛnəː↘ðˈe→ hˈaː↘w	0	0	0	0
ngháo	TONE_SAC	ŋaː↗w	ˈɛnəː↘ðˈe→ hˈaː↗w	0	0	0	0
nghâo	TONE_HOI	ŋaː↓w	ˈɛnəː↘ðˈe→ hˈa↗tˌeɪsˈ↗ːkəmflˌɛksˈɔ	0	0	0	0
nghão	TONE_NGA	ŋaːʔ↗w	ˈɛnəː↘ðˈe→ hˈaːʔ↗w	0	0	0	0
nghạo	TONE_NANG	ŋaːʔ↓w	ˈɛnəː↘ðˈe→ hˈaːʔ↓w	0	0	0	0
nghau	TONE_NGANG	ŋa→w	ˈɛndʒˈiː hˈaw	0	0	0	0
nghàu	TONE_HUYEN	ŋa↘w	ˈɛnəː↘ðˈe→ hˈa↘w	0	0	0	0
ngháu	TONE_SAC	ŋa↗w	ˈɛnəː↘ðˈe→ hˈa↗w	0	0	0	0
nghâu	TONE_HOI	ŋa↓w	ˈɛnəː↘ðˈe→ hˈə→w	0	0	0	0
nghãu	TONE_NGA	ŋaʔ↗w	ˈɛnəː↘ðˈe→ hˈaʔ↗w	0	0	0	0
nghạu	TONE_NANG	ŋaʔ↓w	ˈɛnəː↘ðˈe→ hˈaʔ↓w	0	0	0	0
nghuan	TONE_NGANG	ŋuə→n	ˈɛndʒˈiː hwˈən	0	0	0	0
nghùan	TONE_HUYEN	ŋuə↘n	ˈɛnəː↘ðˈe→ hˈu↘ ˈaːn	0	0	0	0
nghúan	TONE_SAC	ŋuə↗n	ˈɛnəː↘ðˈe→ hˈu↗ ˈaːn	0	0	0	0
nghûan	TONE_HOI	ŋuə↓n	ˈɛndʒˈiː hwˈən	0	0	0	0
nghũan	TONE_NGA	ŋuəʔ↗n	ˈɛnəː↘ðˈe→ hˈuʔ↗ ˈaːn	0	0	0	0
nghụan	TONE_NANG	ŋuəʔ↓n	ˈɛnəː↘ðˈe→ hˈuʔ↓ ˈaːn	0	0	0	0
nghúap	TONE_SAC	ŋuə↗p	ˈɛnəː↘ðˈe→ hˈu↗ ˈaː↗p	0	0	0	0
nghụap	TONE_NANG	ŋuəʔ↓p	ˈɛnəː↘ðˈe→ hˈuʔ↓ ˈaː↗p	0	0	0	0
nghúat	TONE_SAC	ŋuə↗t	ˈɛnəː↘ðˈe→ hˈu↗ ˈaː↗t	0	0	0	0
nghụat	TONE_NANG	ŋuəʔ↓t	ˈɛnəː↘ðˈe→ hˈuʔ↓ ˈaː↗t	0	0	0	0
nghuang	TONE_NGANG	ŋuə→ŋ	ˈɛndʒˈiː hwˈɑːŋ	0	0	0	0
nghùang	TONE_HUYEN	ŋuə↘ŋ	ˈɛnəː↘ðˈe→ hˈu↘ ˈaːŋ	0	0	0	0
nghúang	TONE_SAC	ŋuə↗ŋ	ˈɛnəː↘ðˈe→ hˈu↗ ˈaːŋ	0	0	0	0
nghûang	TONE_HOI	ŋuə↓ŋ	ˈɛndʒˈiː hwˈɑːŋ	0	0	0	0
nghũang	TONE_NGA	ŋuəʔ↗ŋ	ˈɛnəː↘ðˈe→ hˈuʔ↗ ˈaːŋ	0	0	0	0
nghụang	TONE_NANG	ŋuəʔ↓ŋ	ˈɛnəː↘ðˈe→ hˈuʔ↓ ˈaːŋ	0	0	0	0
nghanh	TONE_NGANG	ŋaː→ɲ	ˈɛndʒˈiː hˈæɲ	0	0	0	1
nghành	TONE_HUYEN	ŋaː↘ɲ	ˈɛnəː↘ðˈe→ hˈæ↘ɲ	0	0	0	1
nghánh	TONE_SAC	ŋaː↗ɲ	ˈɛnəː↘ðˈe→ hˈæ↗ɲ	0	0	0	1
nghânh	TONE_HOI	ŋaː↓ɲ	ˈɛnəː↘ðˈe→ hˈən hˈa↗t	0	0	0	1
nghãnh	TONE_NGA	ŋaːʔ↗ɲ	ˈɛnəː↘ðˈe→ hˈæʔ↗ɲ	0	0	0	1
nghạnh	TONE_NANG	ŋaːʔ↓ɲ	ˈɛnəː↘ðˈe→ hˈæʔ↓ɲ	0	0	0	1
nghúac	TONE_SAC	ŋuə↗k	ˈɛnəː↘ðˈe→ hˈu↗ ˈaː↗c	0	0	0	0
nghụac	TONE_NANG	ŋuəʔ↓k	ˈɛnəː↘ðˈe→ hˈuʔ↓ ˈaː↗c	0	0	0	0
nghúach	TONE_SAC	ŋuə↗k	ˈɛnəː↘ðˈe→ hˈu↗ ˈæ↗c	0	0	0	0
nghụach	TONE_NANG	ŋuəʔ↓k	ˈɛnəː↘ðˈe→ hˈuʔ↓ ˈæ↗c	0	0	0	0
ngha	TONE_NGANG	ŋaː→	ˈɛn ɡˈɑː	0	0	0	0
nghà	TONE_HUYEN	ŋaː↘	ˈɛnəː↘ðˈe→ hˈaː↘	0	0	0	0
nghá	TONE_SAC	ŋaː↗	ˈɛnəː↘ðˈe→ hˈaː↗	0	0	0	0
nghâ	TONE_HOI	ŋaː↓	ˈɛnəː↘ðˈe→ hˈa↗tˌeɪsˈ↗ːkəmflˌɛks	0	0	0	0
nghã	TONE_NGA	ŋaːʔ↗	ˈɛnəː↘ðˈe→ hˈaːʔ↗	0	0	0	0
nghạ	TONE_NANG	ŋaːʔ↓	ˈɛnəː↘ðˈe→ hˈaːʔ↓	0	0	0	0
nghai	TONE_NGANG	ŋaː→j	ˈɛn ɡˈaɪ	0	0	0	0
nghài	TONE_HUYEN	ŋaː↘j	ˈɛnəː↘ðˈe→ hˈaː↘j	0	0	0	0
nghái	TONE_SAC	ŋaː↗j	ˈɛnəː↘ðˈe→ hˈaː↗j	0	0	0	0
nghâi	TONE_HOI	ŋaː↓j	ˈɛnəː↘ðˈe→ hˈa↗tˌeɪsˈ↗ːkəmflˌɛksˈi	0	0	0	0
nghãi	TONE_NGA	ŋaːʔ↗j	ˈɛnəː↘ðˈe→ hˈaːʔ↗j	0	0	0	0
nghại	TONE_NANG	ŋaːʔ↓j	ˈɛnəː↘ðˈe→ hˈaːʔ↓j	0	0	0	0
nghay	TONE_NGANG	ŋa→j	ˈɛndʒˈiː hˈaj	0	0	0	0
nghày	TONE_HUYEN	ŋa↘j	ˈɛnəː↘ðˈe→ hˈa↘j	0	0	0	0
ngháy	TONE_SAC	ŋa↗j	ˈɛnəː↘ðˈe→ hˈa↗j	0	0	0	0
nghây	TONE_HOI	ŋa↓j	ˈɛnəː↘ðˈe→ hˈəɪ	0	0	0	0
nghãy	TONE_NGA	ŋaʔ↗j	ˈɛnəː↘ðˈe→ hˈaʔ↗j	0	0	0	0
nghạy	TONE_NANG	ŋaʔ↓j	ˈɛnəː↘ðˈe→ hˈaʔ↓j	0	0	0	0
nghao	TONE_NGANG	ŋaː→w	ˈɛndʒˈiː hˈaːw	0	0	0	0
nghào	TONE_HUYEN	ŋaː↘w	ˈɛnəː↘ðˈe→ hˈaː↘w	0	0	0	0
ngháo	TONE_SAC	ŋaː↗w	ˈɛnəː↘ðˈe→ hˈaː↗w	0	0	0	0
nghâo	TONE_HOI	ŋaː↓w	ˈɛnəː↘ðˈe→ hˈa↗tˌeɪsˈ↗ːkəmflˌɛksˈɔ	0	0	0	0
nghão	TONE_NGA	ŋaːʔ↗w	ˈɛnəː↘ðˈe→ hˈaːʔ↗w	0	0	0	0
nghạo	TONE_NANG	ŋaːʔ↓w	ˈɛnəː↘ðˈe→ hˈaːʔ↓w	0	0	0	0
nghau	TONE_NGANG	ŋa→w	ˈɛndʒˈiː hˈaw	0	0	0	0
nghàu	TONE_HUYEN	ŋa↘w	ˈɛnəː↘ðˈe→ hˈa↘w	0	0	0	0
ngháu	TONE_SAC	ŋa↗w	ˈɛnəː↘ðˈe→ hˈa↗w	0	0	0	0
nghâu	TONE_HOI	ŋa↓w	ˈɛnəː↘ðˈe→ hˈə→w	0	0	0	0
nghãu	TONE_NGA	ŋaʔ↗w	ˈɛnəː↘ðˈe→ hˈaʔ↗w	0	0	0	0
nghạu	TONE_NANG	ŋaʔ↓w	ˈɛnəː↘ðˈe→ hˈaʔ↓w	0	0	0	0
ngham	TONE_NGANG	ŋaː→m	ˈɛndʒˈiː hˈaːm	0	0	0	0
nghàm	TONE_HUYEN	ŋaː↘m	ˈɛnəː↘ðˈe→ hˈaː↘m	0	0	0	0
nghám	TONE_SAC	ŋaː↗m	ˈɛnəː↘ðˈe→ hˈaː↗m	0	0	0	0
nghâm	TONE_HOI	ŋaː↓m	ˈɛnəː↘ðˈe→ hˈəm	0	0	0	0
nghãm	TONE_NGA	ŋaːʔ↗m	ˈɛnəː↘ðˈe→ hˈaːʔ↗m	0	0	0	0
nghạm	TONE_NANG	ŋaːʔ↓m	ˈɛnəː↘ðˈe→ hˈaːʔ↓m	0	0	0	0
nghan	TONE_NGANG	ŋaː→n	ˈɛn ɡˈæn	0	0	0	0
nghàn	TONE_HUYEN	ŋaː↘n	ˈɛnəː↘ðˈe→ hˈaː↘n	0	0	0	0
nghán	TONE_SAC	ŋaː↗n	ˈɛnəː↘ðˈe→ hˈaː↗n	0	0	0	0
nghân	TONE_HOI	ŋaː↓n	ˈɛnəː↘ðˈe→ hˈən	0	0	0	0
nghãn	TONE_NGA	ŋaːʔ↗n	ˈɛnəː↘ðˈe→ hˈaːʔ↗n	0	0	0	0
nghạn	TONE_NANG	ŋaːʔ↓n	ˈɛnəː↘ðˈe→ hˈaːʔ↓n	0	0	0	0
ngháp	TONE_SAC	ŋaː↗p	ˈɛnəː↘ðˈe→ hˈaː↗p	0	0	0	0
nghạp	TONE_NANG	ŋaːʔ↓p	ˈɛnəː↘ðˈe→ hˈaːʔ↓p	0	0	0	0
nghát	TONE_SAC	ŋaː↗t	ˈɛnəː↘ðˈe→ hˈaː↗t	0	0	0	0
nghạt	TONE_NANG	ŋaːʔ↓t	ˈɛnəː↘ðˈe→ hˈaːʔ↓t	0	0	0	0
nghang	TONE_NGANG	ŋaː→ŋ	ˈɛndʒˈiː hˈaːŋ	0	0	0	0
nghàng	TONE_HUYEN	ŋaː↘ŋ	ˈɛnəː↘ðˈe→ hˈaː↘ŋ	0	0	0	0
ngháng	TONE_SAC	ŋaː↗ŋ	ˈɛnəː↘ðˈe→ hˈaː↗ŋ	0	0	0	0
nghâng	TONE_HOI	ŋaː↓ŋ	ˈɛnəː↘ðˈe→ hˈəŋ	0	0	0	0
nghãng	TONE_NGA	ŋaːʔ↗ŋ	ˈɛnəː↘ðˈe→ hˈaːʔ↗ŋ	0	0	0	0
nghạng	TONE_NANG	ŋaːʔ↓ŋ	ˈɛnəː↘ðˈe→ hˈaːʔ↓ŋ	0	0	0	0
nghanh	TONE_NGANG	ŋaː→ɲ	ˈɛndʒˈiː hˈæɲ	0	0	0	1
nghành	TONE_HUYEN	ŋaː↘ɲ	ˈɛnəː↘ðˈe→ hˈæ↘ɲ	0	0	0	1
nghánh	TONE_SAC	ŋaː↗ɲ	ˈɛnəː↘ðˈe→ hˈæ↗ɲ	0	0	0	1
nghânh	TONE_HOI	ŋaː↓ɲ	ˈɛnəː↘ðˈe→ hˈən hˈa↗t	0	0	0	1
nghãnh	TONE_NGA	ŋaːʔ↗ɲ	ˈɛnəː↘ðˈe→ hˈæʔ↗ɲ	0	0	0	1
nghạnh	TONE_NANG	ŋaːʔ↓ɲ	ˈɛnəː↘ðˈe→ hˈæʔ↓ɲ	0	0	0	1
nghác	TONE_SAC	ŋaː↗k	ˈɛnəː↘ðˈe→ hˈaː↗c	0	0	0	0
nghạc	TONE_NANG	ŋaːʔ↓k	ˈɛnəː↘ðˈe→ hˈaːʔ↓c	0	0	0	0
nghách	TONE_SAC	ŋa↗k	ˈɛnəː↘ðˈe→ hˈæ↗c	0	0	0	0
nghạch	TONE_NANG	ŋaʔ↓k	ˈɛnəː↘ðˈe→ hˈæʔ↓c	0	0	0	0
nghă	TONE_NGANG	ŋa→	ˈɛnəː↘ðˈe→ hˈa↗tă	0	1	0	0
nghằ	TONE_HUYEN	ŋa↘	ˈɛnəː↘ðˈe→ hˈa↗tằ	0	1	0	0
nghắ	TONE_SAC	ŋa↗	ˈɛnəː↘ðˈe→ hˈa↗tắ	0	1	0	0
nghă̂	TONE_HOI	ŋa↓	ˈɛnəː↘ðˈe→ hˈa↗tă	0	1	0	0
nghẵ	TONE_NGA	ŋaʔ↗	ˈɛnəː↘ðˈe→ hˈa↗tẵ	0	1	0	0
nghặ	TONE_NANG	ŋaʔ↓	ˈɛnəː↘ðˈe→ hˈa↗tặ	0	1	0	0
nghăm	TONE_NGANG	ŋa→m	ˈɛnəː↘ðˈe→ hˈam	0	0	0	0
nghằm	TONE_HUYEN	ŋa↘m	ˈɛnəː↘ðˈe→ hˈa↘m	0	0	0	0
nghắm	TONE_SAC	ŋa↗m	ˈɛnəː↘ðˈe→ hˈa↗m	0	0	0	0
nghă̂m	TONE_HOI	ŋa↓m	ˈɛnəː↘ðˈe→ hˈa↗tă mˈəː↘	0	1	0	0
nghẵm	TONE_NGA	ŋaʔ↗m	ˈɛnəː↘ðˈe→ hˈaʔ↗m	0	0	0	0
nghặm	TONE_NANG	ŋaʔ↓m	ˈɛnəː↘ðˈe→ hˈaʔ↓m	0	0	0	0
nghăn	TONE_NGANG	ŋa→n	ˈɛnəː↘ðˈe→ hˈan	0	0	0	0
nghằn	TONE_HUYEN	ŋa↘n	ˈɛnəː↘ðˈe→ hˈa↘n	0	0	0	0
nghắn	TONE_SAC	ŋa↗n	ˈɛnəː↘ðˈe→ hˈa↗n	0	0	0	0
nghă̂n	TONE_HOI	ŋa↓n	ˈɛnəː↘ðˈe→ hˈa↗tă nˈəː↘	0	1	0	0
nghẵn	TONE_NGA	ŋaʔ↗n	ˈɛnəː↘ðˈe→ hˈaʔ↗n	0	0	0	0
nghặn	TONE_NANG	ŋaʔ↓n	ˈɛnəː↘ðˈe→ hˈaʔ↓n	0	0	0	0
nghắp	TONE_SAC	ŋa↗p	ˈɛnəː↘ðˈe→ hˈa↗p	0	0	0	0
nghặp	TONE_NANG	ŋaʔ↓p	ˈɛnəː↘ðˈe→ hˈaʔ↓p	0	0	0	0
nghắt	TONE_SAC	ŋa↗t	ˈɛnəː↘ðˈe→ hˈa↗t	0	0	0	0
nghặt	TONE_NANG	ŋaʔ↓t	ˈɛnəː↘ðˈe→ hˈaʔ↓t	0	0	0	0
nghăng	TONE_NGANG	ŋa→ŋ	ˈɛnəː↘ðˈe→ hˈaŋ	0	0	0	0
nghằng	TONE_HUYEN	ŋa↘ŋ	ˈɛnəː↘ðˈe→ hˈa↘ŋ	0	0	0	0
nghắng	TONE_SAC	ŋa↗ŋ	ˈɛnəː↘ðˈe→ hˈa↗ŋ	0	0	0	0
nghă̂ng	TONE_HOI	ŋa↓ŋ	ˈɛnəː↘ðˈe→ hˈa↗tă ˌɛndʒˈiː	0	1	0	0
nghẵng	TONE_NGA	ŋaʔ↗ŋ	ˈɛnəː↘ðˈe→ hˈaʔ↗ŋ	0	0	0	0
nghặng	TONE_NANG	ŋaʔ↓ŋ	ˈɛnəː↘ðˈe→ hˈaʔ↓ŋ	0	0	0	0
nghắc	TONE_SAC	ŋa↗k	ˈɛnəː↘ðˈe→ hˈa↗c	0	0	0	0
nghặc	TONE_NANG	ŋaʔ↓k	ˈɛnəː↘ðˈe→ hˈaʔ↓c	0	0	0	0
nghắch	TONE_SAC	ŋa↗k	ˈɛnəː↘ðˈe→ hˈa↗c hˈa↗t	0	0	0	0
nghặch	TONE_NANG	ŋaʔ↓k	ˈɛnəː↘ðˈe→ hˈaʔ↓c hˈa↗t	0	0	0	0
nghâ	TONE_NGANG	ŋə→	ˈɛnəː↘ðˈe→ hˈa↗tˌeɪsˈ↗ːkəmflˌɛks	0	0	0	0
nghầ	TONE_HUYEN	ŋə↘	ˈɛnəː↘ðˈe→ hˈa↗tầ	0	1	0	0
nghấ	TONE_SAC	ŋə↗	ˈɛnəː↘ðˈe→ hˈa↗tấ	0	1	0	0
nghâ̂	TONE_HOI	ŋə↓	ˈɛnəː↘ðˈe→ hˈa↗tˌeɪsˈ↗ːkəmflˌɛks	0	0	0	0
nghẫ	TONE_NGA	ŋəʔ↗	ˈɛnəː↘ðˈe→ hˈa↗tẫ	0	1	0	0
nghậ	TONE_NANG	ŋəʔ↓	ˈɛnəː↘ðˈe→ hˈa↗tậ	0	1	0	0
nghâi	TONE_NGANG	ŋə→j	ˈɛnəː↘ðˈe→ hˈa↗tˌeɪsˈ↗ːkəmflˌɛksˈi	0	0	0	0
nghầi	TONE_HUYEN	ŋə↘j	ˈɛnəː↘ðˈe→ hˈa↗tầˈi	0	1	0	0
nghấi	TONE_SAC	ŋə↗j	ˈɛnəː↘ðˈe→ hˈa↗tấˈi	0	1	0	0
nghâ̂i	TONE_HOI	ŋə↓j	ˈɛnəː↘ðˈe→ hˈa↗tˌeɪsˈ↗ːkəmflˌɛks ˈi	0	0	0	0
nghẫi	TONE_NGA	ŋəʔ↗j	ˈɛnəː↘ðˈe→ hˈa↗tẫˈi	0	1	0	0
nghậi	TONE_NANG	ŋəʔ↓j	ˈɛnəː↘ðˈe→ hˈa↗tậˈi	0	1	0	0
nghây	TONE_NGANG	ŋə→j	ˈɛnəː↘ðˈe→ hˈəɪ	0	0	0	0
nghầy	TONE_HUYEN	ŋə↘j	ˈɛnəː↘ðˈe→ hˈəɪ↘	0	0	0	0
nghấy	TONE_SAC	ŋə↗j	ˈɛnəː↘ðˈe→ hˈəɪ↗	0	0	0	0
nghâ̂y	TONE_HOI	ŋə↓j	ˈɛnəː↘ðˈe→ hˈa↗tˌeɪsˈ↗ːkəmflˌɛks ˈi	0	0	0	0
nghẫy	TONE_NGA	ŋəʔ↗j	ˈɛnəː↘ðˈe→ hˈəɪʔ↗	0	0	0	0
nghậy	TONE_NANG	ŋəʔ↓j	ˈɛnəː↘ðˈe→ hˈəɪʔ↓	0	0	0	0
nghâo	TONE_NGANG	ŋə→w	ˈɛnəː↘ðˈe→ hˈa↗tˌeɪsˈ↗ːkəmflˌɛksˈɔ	0	0	0	0
nghầo	TONE_HUYEN	ŋə↘w	ˈɛnəː↘ðˈe→ hˈa↗tầˈɔ	0	1	0	0
nghấo	TONE_SAC	ŋə↗w	ˈɛnəː↘ðˈe→ hˈa↗tấˈɔ	0	1	0	0
nghâ̂o	TONE_HOI	ŋə↓w	ˈɛnəː↘ðˈe→ hˈa↗tˌeɪsˈ↗ːkəmflˌɛks ˈo	0	0	0	0
nghẫo	TONE_NGA	ŋəʔ↗w	ˈɛnəː↘ðˈe→ hˈa↗tẫˈɔ	0	1	0	0
nghậo	TONE_NANG	ŋəʔ↓w	ˈɛnəː↘ðˈe→ hˈa↗tậˈɔ	0	1	0	0
nghâu	TONE_NGANG	ŋə→w	ˈɛnəː↘ðˈe→ hˈə→w	0	0	0	0
nghầu	TONE_HUYEN	ŋə↘w	ˈɛnəː↘ðˈe→ hˈə↘w	0	0	0	0
nghấu	TONE_SAC	ŋə↗w	ˈɛnəː↘ðˈe→ hˈə↗w	0	0	0	0
nghâ̂u	TONE_HOI	ŋə↓w	ˈɛnəː↘ðˈe→ hˈa↗tˌeɪsˈ↗ːkəmflˌɛks ˈu	0	0	0	0
nghẫu	TONE_NGA	ŋəʔ↗w	ˈɛnəː↘ðˈe→ hˈəʔ↗w	0	0	0	0
nghậu	TONE_NANG	ŋəʔ↓w	ˈɛnəː↘ðˈe→ hˈəʔ↓w	0	0	0	0
nghâm	TONE_NGANG	ŋə→m	ˈɛnəː↘ðˈe→ hˈəm	0	0	0	0
nghầm	TONE_HUYEN	ŋə↘m	ˈɛnəː↘ðˈe→ hˈə↘m	0	0	0	0
nghấm	TONE_SAC	ŋə↗m	ˈɛnəː↘ðˈe→ hˈə↗m	0	0	0	0
nghâ̂m	TONE_HOI	ŋə↓m	ˈɛnəː↘ðˈe→ hˈa↗tˌeɪsˈ↗ːkəmflˌɛks mˈəː↘	0	0	0	0
nghẫm	TONE_NGA	ŋəʔ↗m	ˈɛnəː↘ðˈe→ hˈəʔ↗m	0	0	0	0
nghậm	TONE_NANG	ŋəʔ↓m	ˈɛnəː↘ðˈe→ hˈəʔ↓m	0	0	0	0
nghân	TONE_NGANG	ŋə→n	ˈɛnəː↘ðˈe→ hˈən	0	0	0	0
nghần	TONE_HUYEN	ŋə↘n	ˈɛnəː↘ðˈe→ hˈə↘n	0	0	0	0
nghấn	TONE_SAC	ŋə↗n	ˈɛnəː↘ðˈe→ hˈə↗n	0	0	0	0
nghâ̂n	TONE_HOI	ŋə↓n	ˈɛnəː↘ðˈe→ hˈa↗tˌeɪsˈ↗ːkəmflˌɛks nˈəː↘	0	0	0	0
nghẫn	TONE_NGA	ŋəʔ↗n	ˈɛnəː↘ðˈe→ hˈəʔ↗n	0	0	0	0
nghận	TONE_NANG	ŋəʔ↓n	ˈɛnəː↘ðˈe→ hˈəʔ↓n	0	0	0	0
nghấp	TONE_SAC	ŋə↗p	ˈɛnəː↘ðˈe→ hˈə↗p	0	0	0	0
nghập	TONE_NANG	ŋəʔ↓p	ˈɛnəː↘ðˈe→ hˈəʔ↓p	0	0	0	0
nghất	TONE_SAC	ŋə↗t	ˈɛnəː↘ðˈe→ hˈə↗t	0	0	0	0
nghật	TONE_NANG	ŋəʔ↓t	ˈɛnəː↘ðˈe→ hˈəʔ↓t	0	0	0	0
nghâng	TONE_NGANG	ŋə→ŋ	ˈɛnəː↘ðˈe→ hˈəŋ	0	0	0	0
nghầng	TONE_HUYEN	ŋə↘ŋ	ˈɛnəː↘ðˈe→ hˈə↘ŋ	0	0	0	0
nghấng	TONE_SAC	ŋə↗ŋ	ˈɛnəː↘ðˈe→ hˈə↗ŋ	0	0	0	0
nghâ̂ng	TONE_HOI	ŋə↓ŋ	ˈɛnəː↘ðˈe→ hˈa↗tˌeɪsˈ↗ːkəmflˌɛks ˌɛndʒˈiː	0	0	0	0
nghẫng	TONE_NGA	ŋəʔ↗ŋ	ˈɛnəː↘ðˈe→ hˈəʔ↗ŋ	0	0	0	0
nghậng	TONE_NANG	ŋəʔ↓ŋ	ˈɛnəː↘ðˈe→ hˈəʔ↓ŋ	0	0	0	0
nghấc	TONE_SAC	ŋə↗k	ˈɛnəː↘ðˈe→ hˈə↗c	0	0	0	0
nghậc	TONE_NANG	ŋəʔ↓k	ˈɛnəː↘ðˈe→ hˈəʔ↓c	0	0	0	0
nghấch	TONE_SAC	ŋə↗k	ˈɛnəː↘ðˈe→ hˈə↗c hˈa↗t	0	0	0	0
nghậch	TONE_NANG	ŋəʔ↓k	ˈɛnəː↘ðˈe→ hˈəʔ↓c hˈa↗t	0	0	0	0
nghe	TONE_NGANG	ŋɛ→	ŋˈɛ	0	0	0	0
nghè	TONE_HUYEN	ŋɛ↘	ŋˈɛ↘	1	0	0	0
nghé	TONE_SAC	ŋɛ↗	ŋˈɛ↗	1	0	0	0
nghê	TONE_HOI	ŋɛ↓	ŋˈe	0	0	0	0
nghẽ	TONE_NGA	ŋɛʔ↗	ŋˈɛʔ↗	1	0	0	0
nghẹ	TONE_NANG	ŋɛʔ↓	ŋˈɛʔ↓	1	0	0	0
ngheo	TONE_NGANG	ŋɛ→w	ŋˈɛw	0	0	0	0
nghèo	TONE_HUYEN	ŋɛ↘w	ŋˈɛ↘w	1	0	0	0
nghéo	TONE_SAC	ŋɛ↗w	ŋˈɛ↗w	1	0	0	0
nghêo	TONE_HOI	ŋɛ↓w	ŋˈe ˈɔ	0	0	0	0
nghẽo	TONE_NGA	ŋɛʔ↗w	ŋˈɛʔ↗w	1	0	0	0
nghẹo	TONE_NANG	ŋɛʔ↓w	ŋˈɛʔ↓w	1	0	0	0
ngheu	TONE_NGANG	ŋɛ→w	ŋˈe→w	1	0	0	0
nghèu	TONE_HUYEN	ŋɛ↘w	ŋˈɛ↘ ˈu	0	0	0	0
nghéu	TONE_SAC	ŋɛ↗w	ŋˈɛ↗ ˈu	0	0	0	0
nghêu	TONE_HOI	ŋɛ↓w	ŋˈe→w	0	0	0	0
nghẽu	TONE_NGA	ŋɛʔ↗w	ŋˈɛʔ↗ ˈu	0	0	0	0
nghẹu	TONE_NANG	ŋɛʔ↓w	ŋˈɛʔ↓ ˈu	0	0	0	0
nghem	TONE_NGANG	ŋɛ→m	ŋˈɛm	0	0	0	0
nghèm	TONE_HUYEN	ŋɛ↘m	ŋˈɛ↘m	1	0	0	0
nghém	TONE_SAC	ŋɛ↗m	ŋˈɛ↗m	1	0	0	0
nghêm	TONE_HOI	ŋɛ↓m	ŋˈem	0	0	0	0
nghẽm	TONE_NGA	ŋɛʔ↗m	ŋˈɛʔ↗m	1	0	0	0
nghẹm	TONE_NANG	ŋɛʔ↓m	ŋˈɛʔ↓m	1	0	0	0
nghen	TONE_NGANG	ŋɛ→n	ŋˈɛn	0	0	0	0
nghèn	TONE_HUYEN	ŋɛ↘n	ŋˈɛ↘n	1	0	0	0
nghén	TONE_SAC	ŋɛ↗n	ŋˈɛ↗n	1	0	0	0
nghên	TONE_HOI	ŋɛ↓n	ŋˈen	0	0	0	0
nghẽn	TONE_NGA	ŋɛʔ↗n	ŋˈɛʔ↗n	1	0	0	0
nghẹn	TONE_NANG	ŋɛʔ↓n	ŋˈɛʔ↓n	1	0	0	0
nghép	TONE_SAC	ŋɛ↗p	ŋˈɛ↗p	1	0	0	0
nghẹp	TONE_NANG	ŋɛʔ↓p	ŋˈɛʔ↓p	1	0	0	0
nghét	TONE_SAC	ŋɛ↗t	ŋˈɛ↗t	1	0	0	0
nghẹt	TONE_NANG	ŋɛʔ↓t	ŋˈɛʔ↓t	1	0	0	0
ngheng	TONE_NGANG	ŋɛ→ŋ	ŋˈɛŋ	0	0	0	0
nghèng	TONE_HUYEN	ŋɛ↘ŋ	ŋˈɛ↘ŋ	1	0	0	0
nghéng	TONE_SAC	ŋɛ↗ŋ	ŋˈɛ↗ŋ	1	0	0	0
nghêng	TONE_HOI	ŋɛ↓ŋ	ŋˈen ðˈe→	0	0	0	0
nghẽng	TONE_NGA	ŋɛʔ↗ŋ	ŋˈɛʔ↗ŋ	1	0	0	0
nghẹng	TONE_NANG	ŋɛʔ↓ŋ	ŋˈɛʔ↓ŋ	1	0	0	0
nghéc	TONE_SAC	ŋɛ↗k	ŋˈɛ↗c	1	0	0	0
nghẹc	TONE_NANG	ŋɛʔ↓k	ŋˈɛʔ↓c	1	0	0	0
nghéch	TONE_SAC	ŋɛ↗k	ŋˈɛ↗c hˈa↗t	0	0	0	0
nghẹch	TONE_NANG	ŋɛʔ↓k	ŋˈɛʔ↓c hˈa↗t	0	0	0	0
nghê	TONE_NGANG	ŋe→	ŋˈe	0	0	0	0
nghề	TONE_HUYEN	ŋe↘	ŋˈe↘	1	0	0	0
nghế	TONE_SAC	ŋe↗	ŋˈe↗	1	0	0	0
nghê̂	TONE_HOI	ŋe↓	ŋˈe	0	0	0	0
nghễ	TONE_NGA	ŋeʔ↗	ŋˈeʔ↗	1	0	0	0
nghệ	TONE_NANG	ŋeʔ↓	ŋˈeʔ↓	1	0	0	0
nghêo	TONE_NGANG	ŋe→w	ŋˈe ˈɔ	0	0	0	0
nghềo	TONE_HUYEN	ŋe↘w	ŋˈe↘ ˈɔ	1	0	0	0
nghếo	TONE_SAC	ŋe↗w	ŋˈe↗ ˈɔ	1	0	0	0
nghê̂o	TONE_HOI	ŋe↓w	ŋˈe ˈo	0	0	0	0
nghễo	TONE_NGA	ŋeʔ↗w	ŋˈeʔ↗ ˈɔ	1	0	0	0
nghệo	TONE_NANG	ŋeʔ↓w	ŋˈeʔ↓ ˈɔ	1	0	0	0
nghêu	TONE_NGANG	ŋe→w	ŋˈe→w	1	0	0	0
nghều	TONE_HUYEN	ŋe↘w	ŋˈe↘w	1	0	0	0
nghếu	TONE_SAC	ŋe↗w	ŋˈe↗w	1	0	0	0
nghê̂u	TONE_HOI	ŋe↓w	ŋˈe ˈu	0	0	0	0
nghễu	TONE_NGA	ŋeʔ↗w	ŋˈeʔ↗w	1	0	0	0
nghệu	TONE_NANG	ŋeʔ↓w	ŋˈeʔ↓w	1	0	0	0
nghêm	TONE_NGANG	ŋe→m	ŋˈem	0	0	0	0
nghềm	TONE_HUYEN	ŋe↘m	ŋˈe↘m	1	0	0	0
nghếm	TONE_SAC	ŋe↗m	ŋˈe↗m	1	0	0	0
nghê̂m	TONE_HOI	ŋe↓m	ŋˈe mˈəː↘	0	0	0	0
nghễm	TONE_NGA	ŋeʔ↗m	ŋˈeʔ↗m	1	0	0	0
nghệm	TONE_NANG	ŋeʔ↓m	ŋˈeʔ↓m	1	0	0	0
nghên	TONE_NGANG	ŋe→n	ŋˈen	0	0	0	0
nghền	TONE_HUYEN	ŋe↘n	ŋˈe↘n	1	0	0	0
nghến	TONE_SAC	ŋe↗n	ŋˈe↗n	1	0	0	0
nghê̂n	TONE_HOI	ŋe↓n	ŋˈe nˈəː↘	0	0	0	0
nghễn	TONE_NGA	ŋeʔ↗n	ŋˈeʔ↗n	1	0	0	0
nghện	TONE_NANG	ŋeʔ↓n	ŋˈeʔ↓n	1	0	0	0
nghếp	TONE_SAC	ŋe↗p	ŋˈe↗p	1	0	0	0
nghệp	TONE_NANG	ŋeʔ↓p	ŋˈeʔ↓p	1	0	0	0
nghết	TONE_SAC	ŋe↗t	ŋˈe↗t	1	0	0	0
nghệt	TONE_NANG	ŋeʔ↓t	ŋˈeʔ↓t	1	0	0	0
nghênh	TONE_NGANG	ŋe→ɲ	ŋˈeɲ	0	0	0	0
nghềnh	TONE_HUYEN	ŋe↘ɲ	ŋˈe↘ɲ	1	0	0	0
nghếnh	TONE_SAC	ŋe↗ɲ	ŋˈe↗ɲ	1	0	0	0
nghê̂nh	TONE_HOI	ŋe↓ɲ	ŋˈe ˌɛnˈeɪʧ	0	0	0	0
nghễnh	TONE_NGA	ŋeʔ↗ɲ	ŋˈeʔ↗ɲ	1	0	0	0
nghệnh	TONE_NANG	ŋeʔ↓ɲ	ŋˈeʔ↓ɲ	1	0	0	0
nghếc	TONE_SAC	ŋe↗k	ŋˈe↗ sˈe	0	0	0	0
nghệc	TONE_NANG	ŋeʔ↓k	ŋˈeʔ↓ sˈe	0	0	0	0
nghếch	TONE_SAC	ŋe↗k	ŋˈe↗c	1	0	0	0
nghệch	TONE_NANG	ŋeʔ↓k	ŋˈeʔ↓c	1	0	0	0
nghi	TONE_NGANG	ŋi→	ŋˈi	0	0	0	0
nghì	TONE_HUYEN	ŋi↘	ŋˈi↘	1	0	0	0
nghí	TONE_SAC	ŋi↗	ŋˈi↗	1	0	0	0
nghî	TONE_HOI	ŋi↓	ŋˈi	0	0	0	0
nghĩ	TONE_NGA	ŋiʔ↗	ŋˈiʔ↗	1	0	0	0
nghị	TONE_NANG	ŋiʔ↓	ŋˈiʔ↓	1	0	0	0
nghio	TONE_NGANG	ŋi→w	ˈɛn ɡˈiːoʊ	0	0	0	0
nghìo	TONE_HUYEN	ŋi↘w	ŋˈi↘ ˈɔ	1	0	0	0
nghío	TONE_SAC	ŋi↗w	ŋˈi↗ ˈɔ	1	0	0	0
nghîo	TONE_HOI	ŋi↓w	ˈɛn ɡˈiːoʊ	0	0	0	0
nghĩo	TONE_NGA	ŋiʔ↗w	ŋˈiʔ↗ ˈɔ	1	0	0	0
nghịo	TONE_NANG	ŋiʔ↓w	ŋˈiʔ↓ ˈɔ	1	0	0	0
nghiu	TONE_NGANG	ŋi→w	ŋˈiw	0	0	0	0
nghìu	TONE_HUYEN	ŋi↘w	ŋˈi↘w	1	0	0	0
nghíu	TONE_SAC	ŋi↗w	ŋˈi↗w	1	0	0	0
nghîu	TONE_HOI	ŋi↓w	ŋˈiw	0	0	0	0
nghĩu	TONE_NGA	ŋiʔ↗w	ŋˈiʔ↗w	1	0	0	0
nghịu	TONE_NANG	ŋiʔ↓w	ŋˈiʔ↓w	1	0	0	0
nghim	TONE_NGANG	ŋi→m	ŋˈim	0	0	0	0
nghìm	TONE_HUYEN	ŋi↘m	ŋˈi↘m	1	0	0	0
nghím	TONE_SAC	ŋi↗m	ŋˈi↗m	1	0	0	0
nghîm	TONE_HOI	ŋi↓m	ŋˈim	0	0	0	0
nghĩm	TONE_NGA	ŋiʔ↗m	ŋˈiʔ↗m	1	0	0	0
nghịm	TONE_NANG	ŋiʔ↓m	ŋˈiʔ↓m	1	0	0	0
nghin	TONE_NGANG	ŋi→n	ŋˈin	0	0	0	0
nghìn	TONE_HUYEN	ŋi↘n	ŋˈi↘n	1	0	0	0
nghín	TONE_SAC	ŋi↗n	ŋˈi↗n	1	0	0	0
nghîn	TONE_HOI	ŋi↓n	ŋˈin	0	0	0	0
nghĩn	TONE_NGA	ŋiʔ↗n	ŋˈiʔ↗n	1	0	0	0
nghịn	TONE_NANG	ŋiʔ↓n	ŋˈiʔ↓n	1	0	0	0
nghíp	TONE_SAC	ŋi↗p	ŋˈi↗p	1	0	0	0
nghịp	TONE_NANG	ŋiʔ↓p	ŋˈiʔ↓p	1	0	0	0
nghít	TONE_SAC	ŋi↗t	ŋˈi↗t	1	0	0	0
nghịt	TONE_NANG	ŋiʔ↓t	ŋˈiʔ↓t	1	0	0	0
nghinh	TONE_NGANG	ŋi→ɲ	ŋˈiɲ	0	0	0	1
nghình	TONE_HUYEN	ŋi↘ɲ	ŋˈi↘ɲ	1	0	0	1
nghính	TONE_SAC	ŋi↗ɲ	ŋˈi↗ɲ	1	0	0	1
nghînh	TONE_HOI	ŋi↓ɲ	ŋˈiɲ	0	0	0	1
nghĩnh	TONE_NGA	ŋiʔ↗ɲ	ŋˈiʔ↗ɲ	1	0	0	1
nghịnh	TONE_NANG	ŋiʔ↓ɲ	ŋˈiʔ↓ɲ	1	0	0	1
nghíc	TONE_SAC	ŋi↗k	ŋˈi↗ sˈe	0	0	0	0
nghịc	TONE_NANG	ŋiʔ↓k	ŋˈiʔ↓ sˈe	0	0	0	0
nghích	TONE_SAC	ŋi↗k	ŋˈi↗c	1	0	0	0
nghịch	TONE_NANG	ŋiʔ↓k	ŋˈiʔ↓c	1	0	0	0
nghy	TONE_NGANG	ŋi→	ŋˈi	0	0	0	0
nghỳ	TONE_HUYEN	ŋi↘	ŋˈi↘	1	0	0	0
nghý	TONE_SAC	ŋi↗	ŋˈi↗	1	0	0	0
nghŷ	TONE_HOI	ŋi↓	ŋˈi	0	0	0	0
nghỹ	TONE_NGA	ŋiʔ↗	ŋˈiʔ↗	1	0	0	0
nghỵ	TONE_NANG	ŋiʔ↓	ŋˈiʔ↓	1	0	0	0
nghyo	TONE_NGANG	ŋi→w	ŋˈi ˈoʊ	0	0	0	0
nghỳo	TONE_HUYEN	ŋi↘w	ŋˈi↘ ˈɔ	1	0	0	0
nghýo	TONE_SAC	ŋi↗w	ŋˈi↗ ˈɔ	1	0	0	0
nghŷo	TONE_HOI	ŋi↓w	ŋˈi ˈoʊ	0	0	0	0
nghỹo	TONE_NGA	ŋiʔ↗w	ŋˈiʔ↗ ˈɔ	1	0	0	0
nghỵo	TONE_NANG	ŋiʔ↓w	ŋˈiʔ↓ ˈɔ	1	0	0	0
nghyu	TONE_NGANG	ŋi→w	ŋˈi jˈuː	0	0	0	0
nghỳu	TONE_HUYEN	ŋi↘w	ŋˈi↘ ˈu	0	0	0	0
nghýu	TONE_SAC	ŋi↗w	ŋˈi↗ ˈu	0	0	0	0
nghŷu	TONE_HOI	ŋi↓w	ŋˈi jˈuː	0	0	0	0
nghỹu	TONE_NGA	ŋiʔ↗w	ŋˈiʔ↗ ˈu	0	0	0	0
nghỵu	TONE_NANG	ŋiʔ↓w	ŋˈiʔ↓ ˈu	0	0	0	0
nghym	TONE_NGANG	ŋi→m	ŋˈi ˈɛm	0	0	0	0
nghỳm	TONE_HUYEN	ŋi↘m	ŋˈi↘ ˈməː↘	0	0	0	0
nghým	TONE_SAC	ŋi↗m	ŋˈi↗ ˈməː↘	0	0	0	0
nghŷm	TONE_HOI	ŋi↓m	ŋˈi ˈɛm	0	0	0	0
nghỹm	TONE_NGA	ŋiʔ↗m	ŋˈiʔ↗ ˈməː↘	0	0	0	0
nghỵm	TONE_NANG	ŋiʔ↓m	ŋˈiʔ↓ ˈməː↘	0	0	0	0
nghyn	TONE_NGANG	ŋi→n	ŋˈi ˈɛn	0	0	0	0
nghỳn	TONE_HUYEN	ŋi↘n	ŋˈi↘ ˈɛnəː↘	0	0	0	0
nghýn	TONE_SAC	ŋi↗n	ŋˈi↗ ˈɛnəː↘	0	0	0	0
nghŷn	TONE_HOI	ŋi↓n	ŋˈi ˈɛn	0	0	0	0
nghỹn	TONE_NGA	ŋiʔ↗n	ŋˈiʔ↗ ˈɛnəː↘	0	0	0	0
nghỵn	TONE_NANG	ŋiʔ↓n	ŋˈiʔ↓ ˈɛnəː↘	0	0	0	0
nghýp	TONE_SAC	ŋi↗p	ŋˈi↗ pˈe	0	0	0	0
nghỵp	TONE_NANG	ŋiʔ↓p	ŋˈiʔ↓ pˈe	0	0	0	0
nghýt	TONE_SAC	ŋi↗t	ŋˈi↗ tˈe	0	0	0	0
nghỵt	TONE_NANG	ŋiʔ↓t	ŋˈiʔ↓ tˈe	0	0	0	0
nghynh	TONE_NGANG	ŋi→ɲ	ŋˈi ˈɛnˈeɪʧ	0	0	0	0
nghỳnh	TONE_HUYEN	ŋi↘ɲ	ŋˈi↘ ˈɛnəː↘hˈa↗t	0	0	0	0
nghýnh	TONE_SAC	ŋi↗ɲ	ŋˈi↗ ˈɛnəː↘hˈa↗t	0	0	0	0
nghŷnh	TONE_HOI	ŋi↓ɲ	ŋˈi ˈɛnˈeɪʧ	0	0	0	0
nghỹnh	TONE_NGA	ŋiʔ↗ɲ	ŋˈiʔ↗ ˈɛnəː↘hˈa↗t	0	0	0	0
nghỵnh	TONE_NANG	ŋiʔ↓ɲ	ŋˈiʔ↓ ˈɛnəː↘hˈa↗t	0	0	0	0
nghýc	TONE_SAC	ŋi↗k	ŋˈi↗ sˈe	0	0	0	0
nghỵc	TONE_NANG	ŋiʔ↓k	ŋˈiʔ↓ sˈe	0	0	0	0
nghých	TONE_SAC	ŋi↗k	ŋˈi↗ sˈehˈa↗t	0	0	0	0
nghỵch	TONE_NANG	ŋiʔ↓k	ŋˈiʔ↓ sˈehˈa↗t	0	0	0	0
ngho	TONE_NGANG	ŋɔ→	ˈɛŋɡˈoʊ	0	0	0	0
nghò	TONE_HUYEN	ŋɔ↘	ˈɛnəː↘ðˈe→ hˈɔ↘	0	0	0	0
nghó	TONE_SAC	ŋɔ↗	ˈɛnəː↘ðˈe→ hˈɔ↗	0	0	0	0
nghô	TONE_HOI	ŋɔ↓	ˈɛnəː↘ðˈe→ hˈo	0	0	0	0
nghõ	TONE_NGA	ŋɔʔ↗	ˈɛnəː↘ðˈe→ hˈɔʔ↗	0	0	0	0
nghọ	TONE_NANG	ŋɔʔ↓	ˈɛnəː↘ðˈe→ hˈɔʔ↓	0	0	0	0
nghoi	TONE_NGANG	ŋɔ→j	ˈɛndʒˈiː hˈɔj	0	0	0	0
nghòi	TONE_HUYEN	ŋɔ↘j	ˈɛnəː↘ðˈe→ hˈɔ↘j	0	0	0	0
nghói	TONE_SAC	ŋɔ↗j	ˈɛnəː↘ðˈe→ hˈɔ↗j	0	0	0	0
nghôi	TONE_HOI	ŋɔ↓j	ˈɛnəː↘ðˈe→ hˈoj	0	0	0	0
nghõi	TONE_NGA	ŋɔʔ↗j	ˈɛnəː↘ðˈe→ hˈɔʔ↗j	0	0	0	0
nghọi	TONE_NANG	ŋɔʔ↓j	ˈɛnəː↘ðˈe→ hˈɔʔ↓j	0	0	0	0
nghoy	TONE_NGANG	ŋɔ→j	ˈɛndʒˈiː hˈɔɪ	0	0	0	0
nghòy	TONE_HUYEN	ŋɔ↘j	ˈɛnəː↘ðˈe→ hˈɔ↘ ˈi	0	0	0	0
nghóy	TONE_SAC	ŋɔ↗j	ˈɛnəː↘ðˈe→ hˈɔ↗ ˈi	0	0	0	0
nghôy	TONE_HOI	ŋɔ↓j	ˈɛnəː↘ðˈe→ hˈo ˈi	0	0	0	0
nghõy	TONE_NGA	ŋɔʔ↗j	ˈɛnəː↘ðˈe→ hˈɔʔ↗ ˈi	0	0	0	0
nghọy	TONE_NANG	ŋɔʔ↓j	ˈɛnəː↘ðˈe→ hˈɔʔ↓ ˈi	0	0	0	0
nghom	TONE_NGANG	ŋɔ→m	ˈɛndʒˈiː hˈɔm	0	0	0	0
nghòm	TONE_HUYEN	ŋɔ↘m	ˈɛnəː↘ðˈe→ hˈɔ↘m	0	0	0	0
nghóm	TONE_SAC	ŋɔ↗m	ˈɛnəː↘ðˈe→ hˈɔ↗m	0	0	0	0
nghôm	TONE_HOI	ŋɔ↓m	ˈɛnəː↘ðˈe→ hˈom	0	0	0	0
nghõm	TONE_NGA	ŋɔʔ↗m	ˈɛnəː↘ðˈe→ hˈɔʔ↗m	0	0	0	0
nghọm	TONE_NANG	ŋɔʔ↓m	ˈɛnəː↘ðˈe→ hˈɔʔ↓m	0	0	0	0
nghon	TONE_NGANG	ŋɔ→n	ˈɛn ɡˈɑːn	0	0	0	0
nghòn	TONE_HUYEN	ŋɔ↘n	ˈɛnəː↘ðˈe→ hˈɔ↘n	0	0	0	0
nghón	TONE_SAC	ŋɔ↗n	ˈɛnəː↘ðˈe→ hˈɔ↗n	0	0	0	0
nghôn	TONE_HOI	ŋɔ↓n	ˈɛnəː↘ðˈe→ hˈon	0	0	0	0
nghõn	TONE_NGA	ŋɔʔ↗n	ˈɛnəː↘ðˈe→ hˈɔʔ↗n	0	0	0	0
nghọn	TONE_NANG	ŋɔʔ↓n	ˈɛnəː↘ðˈe→ hˈɔʔ↓n	0	0	0	0
nghóp	TONE_SAC	ŋɔ↗p	ˈɛnəː↘ðˈe→ hˈɔ↗p	0	0	0	0
nghọp	TONE_NANG	ŋɔʔ↓p	ˈɛnəː↘ðˈe→ hˈɔʔ↓p	0	0	0	0
nghót	TONE_SAC	ŋɔ↗t	ˈɛnəː↘ðˈe→ hˈɔ↗t	0	0	0	0
nghọt	TONE_NANG	ŋɔʔ↓t	ˈɛnəː↘ðˈe→ hˈɔʔ↓t	0	0	0	0
nghong	TONE_NGANG	ŋɔ→ŋ	ˈɛndʒˈiː hˈɔŋ	0	0	0	0
nghòng	TONE_HUYEN	ŋɔ↘ŋ	ˈɛnəː↘ðˈe→ hˈɔ↘ŋ	0	0	0	0
nghóng	TONE_SAC	ŋɔ↗ŋ	ˈɛnəː↘ðˈe→ hˈɔ↗ŋ	0	0	0	0
nghông	TONE_HOI	ŋɔ↓ŋ	ˈɛnəː↘ðˈe→ hˈoŋ	0	0	0	0
nghõng	TONE_NGA	ŋɔʔ↗ŋ	ˈɛnəː↘ðˈe→ hˈɔʔ↗ŋ	0	0	0	0
nghọng	TONE_NANG	ŋɔʔ↓ŋ	ˈɛnəː↘ðˈe→ hˈɔʔ↓ŋ	0	0	0	0
nghóc	TONE_SAC	ŋɔ↗k	ˈɛnəː↘ðˈe→ hˈɔ↗k	0	0	0	0
nghọc	TONE_NANG	ŋɔʔ↓k	ˈɛnəː↘ðˈe→ hˈɔʔ↓k	0	0	0	0
nghóch	TONE_SAC	ŋɔ↗k	ˈɛnəː↘ðˈe→ hˈɔ↗k hˈa↗t	0	0	0	0
nghọch	TONE_NANG	ŋɔʔ↓k	ˈɛnəː↘ðˈe→ hˈɔʔ↓k hˈa↗t	0	0	0	0
nghô	TONE_NGANG	ŋo→	ˈɛnəː↘ðˈe→ hˈo	0	0	0	0
nghồ	TONE_HUYEN	ŋo↘	ˈɛnəː↘ðˈe→ hˈo↘	0	0	0	0
nghố	TONE_SAC	ŋo↗	ˈɛnəː↘ðˈe→ hˈo↗	0	0	0	0
nghô̂	TONE_HOI	ŋo↓	ˈɛnəː↘ðˈe→ hˈo	0	0	0	0
nghỗ	TONE_NGA	ŋoʔ↗	ˈɛnəː↘ðˈe→ hˈoʔ↗	0	0	0	0
nghộ	TONE_NANG	ŋoʔ↓	ˈɛnəː↘ðˈe→ hˈoʔ↓	0	0	0	0
nghôi	TONE_NGANG	ŋo→j	ˈɛnəː↘ðˈe→ hˈoj	0	0	0	0
nghồi	TONE_HUYEN	ŋo↘j	ˈɛnəː↘ðˈe→ hˈo↘j	0	0	0	0
nghối	TONE_SAC	ŋo↗j	ˈɛnəː↘ðˈe→ hˈo↗j	0	0	0	0
nghô̂i	TONE_HOI	ŋo↓j	ˈɛnəː↘ðˈe→ hˈo ˈi	0	0	0	0
nghỗi	TONE_NGA	ŋoʔ↗j	ˈɛnəː↘ðˈe→ hˈoʔ↗j	0	0	0	0
nghội	TONE_NANG	ŋoʔ↓j	ˈɛnəː↘ðˈe→ hˈoʔ↓j	0	0	0	0
nghôy	TONE_NGANG	ŋo→j	ˈɛnəː↘ðˈe→ hˈo ˈi	0	0	0	0
nghồy	TONE_HUYEN	ŋo↘j	ˈɛnəː↘ðˈe→ hˈo↘ ˈi	0	0	0	0
nghốy	TONE_SAC	ŋo↗j	ˈɛnəː↘ðˈe→ hˈo↗ ˈi	0	0	0	0
nghô̂y	TONE_HOI	ŋo↓j	ˈɛnəː↘ðˈe→ hˈo ˈi	0	0	0	0
nghỗy	TONE_NGA	ŋoʔ↗j	ˈɛnəː↘ðˈe→ hˈoʔ↗ ˈi	0	0	0	0
nghộy	TONE_NANG	ŋoʔ↓j	ˈɛnəː↘ðˈe→ hˈoʔ↓ ˈi	0	0	0	0
nghôm	TONE_NGANG	ŋo→m	ˈɛnəː↘ðˈe→ hˈom	0	0	0	0
nghồm	TONE_HUYEN	ŋo↘m	ˈɛnəː↘ðˈe→ hˈo↘m	0	0	0	0
nghốm	TONE_SAC	ŋo↗m	ˈɛnəː↘ðˈe→ hˈo↗m	0	0	0	0
nghô̂m	TONE_HOI	ŋo↓m	ˈɛnəː↘ðˈe→ hˈo mˈəː↘	0	0	0	0
nghỗm	TONE_NGA	ŋoʔ↗m	ˈɛnəː↘ðˈe→ hˈoʔ↗m	0	0	0	0
nghộm	TONE_NANG	ŋoʔ↓m	ˈɛnəː↘ðˈe→ hˈoʔ↓m	0	0	0	0
nghôn	TONE_NGANG	ŋo→n	ˈɛnəː↘ðˈe→ hˈon	0	0	0	0
nghồn	TONE_HUYEN	ŋo↘n	ˈɛnəː↘ðˈe→ hˈo↘n	0	0	0	0
nghốn	TONE_SAC	ŋo↗n	ˈɛnəː↘ðˈe→ hˈo↗n	0	0	0	0
nghô̂n	TONE_HOI	ŋo↓n	ˈɛnəː↘ðˈe→ hˈo nˈəː↘	0	0	0	0
nghỗn	TONE_NGA	ŋoʔ↗n	ˈɛnəː↘ðˈe→ hˈoʔ↗n	0	0	0	0
nghộn	TONE_NANG	ŋoʔ↓n	ˈɛnəː↘ðˈe→ hˈoʔ↓n	0	0	0	0
nghốp	TONE_SAC	ŋo↗p	ˈɛnəː↘ðˈe→ hˈo↗p	0	0	0	0
nghộp	TONE_NANG	ŋoʔ↓p	ˈɛnəː↘ðˈe→ hˈoʔ↓p	0	0	0	0
nghốt	TONE_SAC	ŋo↗t	ˈɛnəː↘ðˈe→ hˈo↗t	0	0	0	0
nghột	TONE_NANG	ŋoʔ↓t	ˈɛnəː↘ðˈe→ hˈoʔ↓t	0	0	0	0
nghông	TONE_NGANG	ŋo→ŋ	ˈɛnəː↘ðˈe→ hˈoŋ	0	0	0	0
nghồng	TONE_HUYEN	ŋo↘ŋ	ˈɛnəː↘ðˈe→ hˈo↘ŋ	0	0	0	0
nghống	TONE_SAC	ŋo↗ŋ	ˈɛnəː↘ðˈe→ hˈo↗ŋ	0	0	0	0
nghô̂ng	TONE_HOI	ŋo↓ŋ	ˈɛnəː↘ðˈe→ hˈo ˌɛndʒˈiː	0	0	0	0
nghỗng	TONE_NGA	ŋoʔ↗ŋ	ˈɛnəː↘ðˈe→ hˈoʔ↗ŋ	0	0	0	0
nghộng	TONE_NANG	ŋoʔ↓ŋ	ˈɛnəː↘ðˈe→ hˈoʔ↓ŋ	0	0	0	0
nghốc	TONE_SAC	ŋo↗k	ˈɛnəː↘ðˈe→ hˈo↗k	0	0	0	0
nghộc	TONE_NANG	ŋoʔ↓k	ˈɛnəː↘ðˈe→ hˈoʔ↓k	0	0	0	0
nghốch	TONE_SAC	ŋo↗k	ˈɛnəː↘ðˈe→ hˈo↗k hˈa↗t	0	0	0	0
nghộch	TONE_NANG	ŋoʔ↓k	ˈɛnəː↘ðˈe→ hˈoʔ↓k hˈa↗t	0	0	0	0
nghơ	TONE_NGANG	ŋəː→	ˈɛnəː↘ðˈe→ hˈəː	0	0	0	0
nghờ	TONE_HUYEN	ŋəː↘	ˈɛnəː↘ðˈe→ hˈəː↘	0	0	0	0
nghớ	TONE_SAC	ŋəː↗	ˈɛnəː↘ðˈe→ hˈəː↗	0	0	0	0
nghơ̂	TONE_HOI	ŋəː↓	ˈɛnəː↘ðˈe→ hˈəː	0	0	0	0
nghỡ	TONE_NGA	ŋəːʔ↗	ˈɛnəː↘ðˈe→ hˈəːʔ↗	0	0	0	0
nghợ	TONE_NANG	ŋəːʔ↓	ˈɛnəː↘ðˈe→ hˈəːʔ↓	0	0	0	0
nghơi	TONE_NGANG	ŋəː→j	ˈɛnəː↘ðˈe→ hˈəːj	0	0	0	0
nghời	TONE_HUYEN	ŋəː↘j	ˈɛnəː↘ðˈe→ hˈəː↘j	0	0	0	0
nghới	TONE_SAC	ŋəː↗j	ˈɛnəː↘ðˈe→ hˈəː↗j	0	0	0	0
nghơ̂i	TONE_HOI	ŋəː↓j	ˈɛnəː↘ðˈe→ hˈəː ˈi	0	0	0	0
nghỡi	TONE_NGA	ŋəːʔ↗j	ˈɛnəː↘ðˈe→ hˈəːʔ↗j	0	0	0	0
nghợi	TONE_NANG	ŋəːʔ↓j	ˈɛnəː↘ðˈe→ hˈəːʔ↓j	0	0	0	0
nghơy	TONE_NGANG	ŋəː→j	ˈɛnəː↘ðˈe→ hˈəː ˈi	0	0	0	0
nghờy	TONE_HUYEN	ŋəː↘j	ˈɛnəː↘ðˈe→ hˈəː↘ ˈi	0	0	0	0
nghớy	TONE_SAC	ŋəː↗j	ˈɛnəː↘ðˈe→ hˈəː↗ ˈi	0	0	0	0
nghơ̂y	TONE_HOI	ŋəː↓j	ˈɛnəː↘ðˈe→ hˈəː ˈi	0	0	0	0
nghỡy	TONE_NGA	ŋəːʔ↗j	ˈɛnəː↘ðˈe→ hˈəːʔ↗ ˈi	0	0	0	0
nghợy	TONE_NANG	ŋəːʔ↓j	ˈɛnəː↘ðˈe→ hˈəːʔ↓ ˈi	0	0	0	0
nghơm	TONE_NGANG	ŋəː→m	ˈɛnəː↘ðˈe→ hˈəːm	0	0	0	0
nghờm	TONE_HUYEN	ŋəː↘m	ˈɛnəː↘ðˈe→ hˈəː↘m	0	0	0	0
nghớm	TONE_SAC	ŋəː↗m	ˈɛnəː↘ðˈe→ hˈəː↗m	0	0	0	0
nghơ̂m	TONE_HOI	ŋəː↓m	ˈɛnəː↘ðˈe→ hˈəː mˈəː↘	0	0	0	0
nghỡm	TONE_NGA	ŋəːʔ↗m	ˈɛnəː↘ðˈe→ hˈəːʔ↗m	0	0	0	0
nghợm	TONE_NANG	ŋəːʔ↓m	ˈɛnəː↘ðˈe→ hˈəːʔ↓m	0	0	0	0
nghơn	TONE_NGANG	ŋəː→n	ˈɛnəː↘ðˈe→ hˈəːn	0	0	0	0
nghờn	TONE_HUYEN	ŋəː↘n	ˈɛnəː↘ðˈe→ hˈəː↘n	0	0	0	0
nghớn	TONE_SAC	ŋəː↗n	ˈɛnəː↘ðˈe→ hˈəː↗n	0	0	0	0
nghơ̂n	TONE_HOI	ŋəː↓n	ˈɛnəː↘ðˈe→ hˈəː nˈəː↘	0	0	0	0
nghỡn	TONE_NGA	ŋəːʔ↗n	ˈɛnəː↘ðˈe→ hˈəːʔ↗n	0	0	0	0
nghợn	TONE_NANG	ŋəːʔ↓n	ˈɛnəː↘ðˈe→ hˈəːʔ↓n	0	0	0	0
nghớp	TONE_SAC	ŋəː↗p	ˈɛnəː↘ðˈe→ hˈəː↗p	0	0	0	0
nghợp	TONE_NANG	ŋəːʔ↓p	ˈɛnəː↘ðˈe→ hˈəːʔ↓p	0	0	0	0
nghớt	TONE_SAC	ŋəː↗t	ˈɛnəː↘ðˈe→ hˈəː↗t	0	0	0	0
nghợt	TONE_NANG	ŋəːʔ↓t	ˈɛnəː↘ðˈe→ hˈəːʔ↓t	0	0	0	0
nghớc	TONE_SAC	ŋəː↗k	ˈɛnəː↘ðˈe→ hˈəː↗ sˈe	0	0	0	0
nghợc	TONE_NANG	ŋəːʔ↓k	ˈɛnəː↘ðˈe→ hˈəːʔ↓ sˈe	0	0	0	0
nghớch	TONE_SAC	ŋəː↗k	ˈɛnəː↘ðˈe→ hˈəː↗ sˈehˈa↗t	0	0	0	0
nghợch	TONE_NANG	ŋəːʔ↓k	ˈɛnəː↘ðˈe→ hˈəːʔ↓ sˈehˈa↗t	0	0	0	0
nghu	TONE_NGANG	ŋu→	ˈɛn ɡˈuː	0	0	0	0
nghù	TONE_HUYEN	ŋu↘	ˈɛnəː↘ðˈe→ hˈu↘	0	0	0	0
nghú	TONE_SAC	ŋu↗	ˈɛnəː↘ðˈe→ hˈu↗	0	0	0	0
nghû	TONE_HOI	ŋu↓	ˈɛn ɡˈuː	0	0	0	0
nghũ	TONE_NGA	ŋuʔ↗	ˈɛnəː↘ðˈe→ hˈuʔ↗	0	0	0	0
nghụ	TONE_NANG	ŋuʔ↓	ˈɛnəː↘ðˈe→ hˈuʔ↓	0	0	0	0
nghui	TONE_NGANG	ŋu→j	ˈɛndʒˈiː hˈuj	0	0	0	0
nghùi	TONE_HUYEN	ŋu↘j	ˈɛnəː↘ðˈe→ hˈu↘j	0	0	0	0
nghúi	TONE_SAC	ŋu↗j	ˈɛnəː↘ðˈe→ hˈu↗j	0	0	0	0
nghûi	TONE_HOI	ŋu↓j	ˈɛndʒˈiː hˈuj	0	0	0	0
nghũi	TONE_NGA	ŋuʔ↗j	ˈɛnəː↘ðˈe→ hˈuʔ↗j	0	0	0	0
nghụi	TONE_NANG	ŋuʔ↓j	ˈɛnəː↘ðˈe→ hˈuʔ↓j	0	0	0	0
nghuy	TONE_NGANG	ŋu→j	ˈɛndʒˈiː hwˈi	0	0	0	0
nghùy	TONE_HUYEN	ŋu↘j	ˈɛnəː↘ðˈe→ hˈu↘ ˈi	0	0	0	0
nghúy	TONE_SAC	ŋu↗j	ˈɛnəː↘ðˈe→ hwˈi↗	0	0	0	0
nghûy	TONE_HOI	ŋu↓j	ˈɛndʒˈiː hwˈi	0	0	0	0
nghũy	TONE_NGA	ŋuʔ↗j	ˈɛnəː↘ðˈe→ hˈuʔ↗ ˈi	0	0	0	0
nghụy	TONE_NANG	ŋuʔ↓j	ˈɛnəː↘ðˈe→ hˈuʔ↓ ˈi	0	0	0	0
nghum	TONE_NGANG	ŋu→m	ˈɛn ɡˈʌm	0	0	0	0
nghùm	TONE_HUYEN	ŋu↘m	ˈɛnəː↘ðˈe→ hˈu↘m	0	0	0	0
nghúm	TONE_SAC	ŋu↗m	ˈɛnəː↘ðˈe→ hˈu↗m	0	0	0	0
nghûm	TONE_HOI	ŋu↓m	ˈɛn ɡˈʌm	0	0	0	0
nghũm	TONE_NGA	ŋuʔ↗m	ˈɛnəː↘ðˈe→ hˈuʔ↗m	0	0	0	0
nghụm	TONE_NANG	ŋuʔ↓m	ˈɛnəː↘ðˈe→ hˈuʔ↓m	0	0	0	0
nghun	TONE_NGANG	ŋu→n	ˈɛndʒˈiː hˈun	0	0	0	0
nghùn	TONE_HUYEN	ŋu↘n	ˈɛnəː↘ðˈe→ hˈu↘n	0	0	0	0
nghún	TONE_SAC	ŋu↗n	ˈɛnəː↘ðˈe→ hˈu↗n	0	0	0	0
nghûn	TONE_HOI	ŋu↓n	ˈɛndʒˈiː hˈun	0	0	0	0
nghũn	TONE_NGA	ŋuʔ↗n	ˈɛnəː↘ðˈe→ hˈuʔ↗n	0	0	0	0
nghụn	TONE_NANG	ŋuʔ↓n	ˈɛnəː↘ðˈe→ hˈuʔ↓n	0	0	0	0
nghúp	TONE_SAC	ŋu↗p	ˈɛnəː↘ðˈe→ hˈu↗p	0	0	0	0
nghụp	TONE_NANG	ŋuʔ↓p	ˈɛnəː↘ðˈe→ hˈuʔ↓p	0	0	0	0
nghút	TONE_SAC	ŋu↗t	ˈɛnəː↘ðˈe→ hˈu↗t	0	0	0	0
nghụt	TONE_NANG	ŋuʔ↓t	ˈɛnəː↘ðˈe→ hˈuʔ↓t	0	0	0	0
nghung	TONE_NGANG	ŋu→ŋ	ˈɛndʒˈiː hˈuŋ	0	0	0	0
nghùng	TONE_HUYEN	ŋu↘ŋ	ˈɛnəː↘ðˈe→ hˈu↘ŋ	0	0	0	0
nghúng	TONE_SAC	ŋu↗ŋ	ˈɛnəː↘ðˈe→ hˈu↗ŋ	0	0	0	0
nghûng	TONE_HOI	ŋu↓ŋ	ˈɛndʒˈiː hˈuŋ	0	0	0	0
nghũng	TONE_NGA	ŋuʔ↗ŋ	ˈɛnəː↘ðˈe→ hˈuʔ↗ŋ	0	0	0	0
nghụng	TONE_NANG	ŋuʔ↓ŋ	ˈɛnəː↘ðˈe→ hˈuʔ↓ŋ	0	0	0	0
nghúc	TONE_SAC	ŋu↗k	ˈɛnəː↘ðˈe→ hˈu↗c	0	0	0	0
nghục	TONE_NANG	ŋuʔ↓k	ˈɛnəː↘ðˈe→ hˈuʔ↓c	0	0	0	0
nghúch	TONE_SAC	ŋu↗k	ˈɛnəː↘ðˈe→ hˈu↗c hˈa↗t	0	0	0	0
nghụch	TONE_NANG	ŋuʔ↓k	ˈɛnəː↘ðˈe→ hˈuʔ↓c hˈa↗t	0	0	0	0
nghư	TONE_NGANG	ŋɨ→	ˈɛnəː↘ðˈe→ hˈy	0	0	0	0
nghừ	TONE_HUYEN	ŋɨ↘	ˈɛnəː↘ðˈe→ hˈy↘	0	0	0	0
nghứ	TONE_SAC	ŋɨ↗	ˈɛnəː↘ðˈe→ hˈy↗	0	0	0	0
nghư̂	TONE_HOI	ŋɨ↓	ˈɛnəː↘ðˈe→ hˈy	0	0	0	0
nghữ	TONE_NGA	ŋɨʔ↗	ˈɛnəː↘ðˈe→ hˈyʔ↗	0	0	0	0
nghự	TONE_NANG	ŋɨʔ↓	ˈɛnəː↘ðˈe→ hˈyʔ↓	0	0	0	0
nghưi	TONE_NGANG	ŋɨ→j	ˈɛnəː↘ðˈe→ hˈyj	0	0	0	0
nghừi	TONE_HUYEN	ŋɨ↘j	ˈɛnəː↘ðˈe→ hˈy↘j	0	0	0	0
nghứi	TONE_SAC	ŋɨ↗j	ˈɛnəː↘ðˈe→ hˈy↗j	0	0	0	0
nghư̂i	TONE_HOI	ŋɨ↓j	ˈɛnəː↘ðˈe→ hˈy ˈi	0	0	0	0
nghữi	TONE_NGA	ŋɨʔ↗j	ˈɛnəː↘ðˈe→ hˈyʔ↗j	0	0	0	0
nghựi	TONE_NANG	ŋɨʔ↓j	ˈɛnəː↘ðˈe→ hˈyʔ↓j	0	0	0	0
nghưy	TONE_NGANG	ŋɨ→j	ˈɛnəː↘ðˈe→ hˈy ˈi	0	0	0	0
nghừy	TONE_HUYEN	ŋɨ↘j	ˈɛnəː↘ðˈe→ hˈy↘ ˈi	0	0	0	0
nghứy	TONE_SAC	ŋɨ↗j	ˈɛnəː↘ðˈe→ hˈy↗ ˈi	0	0	0	0
nghư̂y	TONE_HOI	ŋɨ↓j	ˈɛnəː↘ðˈe→ hˈy ˈi	0	0	0	0
nghữy	TONE_NGA	ŋɨʔ↗j	ˈɛnəː↘ðˈe→ hˈyʔ↗ ˈi	0	0	0	0
nghựy	TONE_NANG	ŋɨʔ↓j	ˈɛnəː↘ðˈe→ hˈyʔ↓ ˈi	0	0	0	0
nghưo	TONE_NGANG	ŋɨ→w	ˈɛnəː↘ðˈe→ hˈy ˈɔ	0	0	0	0
nghừo	TONE_HUYEN	ŋɨ↘w	ˈɛnəː↘ðˈe→ hˈy↘ ˈɔ	0	0	0	0
nghứo	TONE_SAC	ŋɨ↗w	ˈɛnəː↘ðˈe→ hˈy↗ ˈɔ	0	0	0	0
nghư̂o	TONE_HOI	ŋɨ↓w	ˈɛnəː↘ðˈe→ hˈy ˈo	0	0	0	0
nghữo	TONE_NGA	ŋɨʔ↗w	ˈɛnəː↘ðˈe→ hˈyʔ↗ ˈɔ	0	0	0	0
nghựo	TONE_NANG	ŋɨʔ↓w	ˈɛnəː↘ðˈe→ hˈyʔ↓ ˈɔ	0	0	0	0
nghưu	TONE_NGANG	ŋɨ→w	ˈɛnəː↘ðˈe→ hˈiw	0	0	0	0
nghừu	TONE_HUYEN	ŋɨ↘w	ˈɛnəː↘ðˈe→ hˈi↘w	0	0	0	0
nghứu	TONE_SAC	ŋɨ↗w	ˈɛnəː↘ðˈe→ hˈi↗w	0	0	0	0
nghư̂u	TONE_HOI	ŋɨ↓w	ˈɛnəː↘ðˈe→ hˈy ˈu	0	0	0	0
nghữu	TONE_NGA	ŋɨʔ↗w	ˈɛnəː↘ðˈe→ hˈiʔ↗w	0	0	0	0
nghựu	TONE_NANG	ŋɨʔ↓w	ˈɛnəː↘ðˈe→ hˈiʔ↓w	0	0	0	0
nghưm	TONE_NGANG	ŋɨ→m	ˈɛnəː↘ðˈe→ hˈym	0	0	0	0
nghừm	TONE_HUYEN	ŋɨ↘m	ˈɛnəː↘ðˈe→ hˈy↘m	0	0	0	0
nghứm	TONE_SAC	ŋɨ↗m	ˈɛnəː↘ðˈe→ hˈy↗m	0	0	0	0
nghư̂m	TONE_HOI	ŋɨ↓m	ˈɛnəː↘ðˈe→ hˈy mˈəː↘	0	0	0	0
nghữm	TONE_NGA	ŋɨʔ↗m	ˈɛnəː↘ðˈe→ hˈyʔ↗m	0	0	0	0
nghựm	TONE_NANG	ŋɨʔ↓m	ˈɛnəː↘ðˈe→ hˈyʔ↓m	0	0	0	0
nghưn	TONE_NGANG	ŋɨ→n	ˈɛnəː↘ðˈe→ hˈyn	0	0	0	0
nghừn	TONE_HUYEN	ŋɨ↘n	ˈɛnəː↘ðˈe→ hˈy↘n	0	0	0	0
nghứn	TONE_SAC	ŋɨ↗n	ˈɛnəː↘ðˈe→ hˈy↗n	0	0	0	0
nghư̂n	TONE_HOI	ŋɨ↓n	ˈɛnəː↘ðˈe→ hˈy nˈəː↘	0	0	0	0
nghữn	TONE_NGA	ŋɨʔ↗n	ˈɛnəː↘ðˈe→ hˈyʔ↗n	0	0	0	0
nghựn	TONE_NANG	ŋɨʔ↓n	ˈɛnəː↘ðˈe→ hˈyʔ↓n	0	0	0	0
nghứp	TONE_SAC	ŋɨ↗p	ˈɛnəː↘ðˈe→ hˈy↗ pˈe	0	0	0	0
nghựp	TONE_NANG	ŋɨʔ↓p	ˈɛnəː↘ðˈe→ hˈyʔ↓ pˈe	0	0	0	0
nghứt	TONE_SAC	ŋɨ↗t	ˈɛnəː↘ðˈe→ hˈy↗t	0	0	0	0
nghựt	TONE_NANG	ŋɨʔ↓t	ˈɛnəː↘ðˈe→ hˈyʔ↓t	0	0	0	0
nghưng	TONE_NGANG	ŋɨ→ŋ	ˈɛnəː↘ðˈe→ hˈyŋ	0	0	0	0
nghừng	TONE_HUYEN	ŋɨ↘ŋ	ˈɛnəː↘ðˈe→ hˈy↘ŋ	0	0	0	0
nghứng	TONE_SAC	ŋɨ↗ŋ	ˈɛnəː↘ðˈe→ hˈy↗ŋ	0	0	0	0
nghư̂ng	TONE_HOI	ŋɨ↓ŋ	ˈɛnəː↘ðˈe→ hˈy ˌɛndʒˈiː	0	0	0	0
nghững	TONE_NGA	ŋɨʔ↗ŋ	ˈɛnəː↘ðˈe→ hˈyʔ↗ŋ	0	0	0	0
nghựng	TONE_NANG	ŋɨʔ↓ŋ	ˈɛnəː↘ðˈe→ hˈyʔ↓ŋ	0	0	0	0
nghức	TONE_SAC	ŋɨ↗k	ˈɛnəː↘ðˈe→ hˈy↗c	0	0	0	0
nghực	TONE_NANG	ŋɨʔ↓k	ˈɛnəː↘ðˈe→ hˈyʔ↓c	0	0	0	0
nghứch	TONE_SAC	ŋɨ↗k	ˈɛnəː↘ðˈe→ hˈy↗c hˈa↗t	0	0	0	0
nghựch	TONE_NANG	ŋɨʔ↓k	ˈɛnəː↘ðˈe→ hˈyʔ↓c hˈa↗t	0	0	0	0
chiê	TONE_NGANG	ciə→	ʧˈi ˈe	0	0	0	0
chiề	TONE_HUYEN	ciə↘	ʧˈi ˈe↘	1	0	0	0
chiế	TONE_SAC	ciə↗	ʧˈi ˈe↗	1	0	0	0
chiê̂	TONE_HOI	ciə↓	ʧˈi ˈe	0	0	0	0
chiễ	TONE_NGA	ciəʔ↗	ʧˈi ˈeʔ↗	1	0	0	0
chiệ	TONE_NANG	ciəʔ↓	ʧˈi ˈeʔ↓	1	0	0	0
chiêo	TONE_NGANG	ciə→w	ʧˈi ˈeˈɔ	0	0	0	0
chiềo	TONE_HUYEN	ciə↘w	ʧˈi ˈe↘ˈɔ	1	0	0	0
chiếo	TONE_SAC	ciə↗w	ʧˈi ˈe↗ˈɔ	1	0	0	0
chiê̂o	TONE_HOI	ciə↓w	ʧˈi ˈe ˈo	0	0	0	0
chiễo	TONE_NGA	ciəʔ↗w	ʧˈi ˈeʔ↗ˈɔ	1	0	0	0
chiệo	TONE_NANG	ciəʔ↓w	ʧˈi ˈeʔ↓ˈɔ	1	0	0	0
chiêu	TONE_NGANG	ciə→w	ʧˈiɛw	0	0	0	0
chiều	TONE_HUYEN	ciə↘w	ʧˈiɛ↘w	1	0	0	0
chiếu	TONE_SAC	ciə↗w	ʧˈiɛ↗w	1	0	0	0
chiê̂u	TONE_HOI	ciə↓w	ʧˈi ˈe ˈu	0	0	0	0
chiễu	TONE_NGA	ciəʔ↗w	ʧˈiɛʔ↗w	1	0	0	0
chiệu	TONE_NANG	ciəʔ↓w	ʧˈiɛʔ↓w	1	0	0	0
chiêm	TONE_NGANG	ciə→m	ʧˈiɛm	0	0	0	0
chiềm	TONE_HUYEN	ciə↘m	ʧˈiɛ↘m	1	0	0	0
chiếm	TONE_SAC	ciə↗m	ʧˈiɛ↗m	1	0	0	0
chiê̂m	TONE_HOI	ciə↓m	ʧˈi ˈe mˈəː↘	0	0	0	0
chiễm	TONE_NGA	ciəʔ↗m	ʧˈiɛʔ↗m	1	0	0	0
chiệm	TONE_NANG	ciəʔ↓m	ʧˈiɛʔ↓m	1	0	0	0
chiên	TONE_NGANG	ciə→n	ʧˈiɛn	0	0	0	0
chiền	TONE_HUYEN	ciə↘n	ʧˈiɛ↘n	1	0	0	0
chiến	TONE_SAC	ciə↗n	ʧˈiɛ↗n	1	0	0	0
chiê̂n	TONE_HOI	ciə↓n	ʧˈi ˈe nˈəː↘	0	0	0	0
chiễn	TONE_NGA	ciəʔ↗n	ʧˈiɛʔ↗n	1	0	0	0
chiện	TONE_NANG	ciəʔ↓n	ʧˈiɛʔ↓n	1	0	0	0
chiếp	TONE_SAC	ciə↗p	ʧˈiɛ↗p	1	0	0	0
chiệp	TONE_NANG	ciəʔ↓p	ʧˈiɛʔ↓p	1	0	0	0
chiết	TONE_SAC	ciə↗t	ʧˈiɛ↗t	1	0	0	0
chiệt	TONE_NANG	ciəʔ↓t	ʧˈiɛʔ↓t	1	0	0	0
chiêng	TONE_NGANG	ciə→ŋ	ʧˈiɛŋ	0	0	0	0
chiềng	TONE_HUYEN	ciə↘ŋ	ʧˈiɛ↘ŋ	1	0	0	0
chiếng	TONE_SAC	ciə↗ŋ	ʧˈiɛ↗ŋ	1	0	0	0
chiê̂ng	TONE_HOI	ciə↓ŋ	ʧˈi ˈe ˌɛndʒˈiː	0	0	0	0
chiễng	TONE_NGA	ciəʔ↗ŋ	ʧˈiɛʔ↗ŋ	1	0	0	0
chiệng	TONE_NANG	ciəʔ↓ŋ	ʧˈiɛʔ↓ŋ	1	0	0	0
chiênh	TONE_NGANG	ciə→ɲ	ʧˈi ˈeɲ	0	0	0	0
chiềnh	TONE_HUYEN	ciə↘ɲ	ʧˈi ˈe↘ɲ	1	0	0	0
chiếnh	TONE_SAC	ciə↗ɲ	ʧˈi ˈe↗ɲ	1	0	0	0
chiê̂nh	TONE_HOI	ciə↓ɲ	ʧˈi ˈe ˌɛnˈeɪʧ	0	0	0	0
chiễnh	TONE_NGA	ciəʔ↗ɲ	ʧˈi ˈeʔ↗ɲ	1	0	0	0
chiệnh	TONE_NANG	ciəʔ↓ɲ	ʧˈi ˈeʔ↓ɲ	1	0	0	0
chiếc	TONE_SAC	ciə↗k	ʧˈiɛ↗c	1	0	0	0
chiệc	TONE_NANG	ciəʔ↓k	ʧˈiɛʔ↓c	1	0	0	0
chiếch	TONE_SAC	ciə↗k	ʧˈi ˈe↗c	1	0	0	0
chiệch	TONE_NANG	ciəʔ↓k	ʧˈi ˈeʔ↓c	1	0	0	0
chyê	TONE_NGANG	ciə→	ʧˈi ˈe	0	0	0	0
chyề	TONE_HUYEN	ciə↘	ʧˈi ˈe↘	1	0	0	0
chyế	TONE_SAC	ciə↗	ʧˈi ˈe↗	1	0	0	0
chyê̂	TONE_HOI	ciə↓	ʧˈi ˈe	0	0	0	0
chyễ	TONE_NGA	ciəʔ↗	ʧˈi ˈeʔ↗	1	0	0	0
chyệ	TONE_NANG	ciəʔ↓	ʧˈi ˈeʔ↓	1	0	0	0
chyêo	TONE_NGANG	ciə→w	ʧˈi ˈeˈɔ	0	0	0	0
chyềo	TONE_HUYEN	ciə↘w	ʧˈi ˈe↘ˈɔ	1	0	0	0
chyếo	TONE_SAC	ciə↗w	ʧˈi ˈe↗ˈɔ	1	0	0	0
chyê̂o	TONE_HOI	ciə↓w	ʧˈi ˈe ˈo	0	0	0	0
chyễo	TONE_NGA	ciəʔ↗w	ʧˈi ˈeʔ↗ˈɔ	1	0	0	0
chyệo	TONE_NANG	ciəʔ↓w	ʧˈi ˈeʔ↓ˈɔ	1	0	0	0
chyêu	TONE_NGANG	ciə→w	ʧˈi ˈeˈu	0	0	0	0
chyều	TONE_HUYEN	ciə↘w	ʧˈi ˈe↘ˈu	0	0	0	0
chyếu	TONE_SAC	ciə↗w	ʧˈi ˈe↗ˈu	0	0	0	0
chyê̂u	TONE_HOI	ciə↓w	ʧˈi ˈe ˈu	0	0	0	0
chyễu	TONE_NGA	ciəʔ↗w	ʧˈi ˈeʔ↗ˈu	0	0	0	0
chyệu	TONE_NANG	ciəʔ↓w	ʧˈi ˈeʔ↓ˈu	0	0	0	0
chyêm	TONE_NGANG	ciə→m	ʧˈi ˈem	0	0	0	0
chyềm	TONE_HUYEN	ciə↘m	ʧˈi ˈe↘m	1	0	0	0
chyếm	TONE_SAC	ciə↗m	ʧˈi ˈe↗m	1	0	0	0
chyê̂m	TONE_HOI	ciə↓m	ʧˈi ˈe mˈəː↘	0	0	0	0
chyễm	TONE_NGA	ciəʔ↗m	ʧˈi ˈeʔ↗m	1	0	0	0
chyệm	TONE_NANG	ciəʔ↓m	ʧˈi ˈeʔ↓m	1	0	0	0
chyên	TONE_NGANG	ciə→n	ʧˈi ˈen	0	0	0	0
chyền	TONE_HUYEN	ciə↘n	ʧˈi ˈe↘n	1	0	0	0
chyến	TONE_SAC	ciə↗n	ʧˈi ˈe↗n	1	0	0	0
chyê̂n	TONE_HOI	ciə↓n	ʧˈi ˈe nˈəː↘	0	0	0	0
chyễn	TONE_NGA	ciəʔ↗n	ʧˈi ˈeʔ↗n	1	0	0	0
chyện	TONE_NANG	ciəʔ↓n	ʧˈi ˈeʔ↓n	1	0	0	0
chyếp	TONE_SAC	ciə↗p	ʧˈi ˈe↗p	1	0	0	0
chyệp	TONE_NANG	ciəʔ↓p	ʧˈi ˈeʔ↓p	1	0	0	0
chyết	TONE_SAC	ciə↗t	ʧˈi ˈe↗t	1	0	0	0
chyệt	TONE_NANG	ciəʔ↓t	ʧˈi ˈeʔ↓t	1	0	0	0
chyêng	TONE_NGANG	ciə→ŋ	sˈehˈa↗t ˈiɛŋ	0	0	0	0
chyềng	TONE_HUYEN	ciə↘ŋ	sˈehˈa↗t ˈiɛ↘ŋ	0	0	0	0
chyếng	TONE_SAC	ciə↗ŋ	sˈehˈa↗t ˈiɛ↗ŋ	0	0	0	0
chyê̂ng	TONE_HOI	ciə↓ŋ	ʧˈi ˈe ˌɛndʒˈiː	0	0	0	0
chyễng	TONE_NGA	ciəʔ↗ŋ	sˈehˈa↗t ˈiɛʔ↗ŋ	0	0	0	0
chyệng	TONE_NANG	ciəʔ↓ŋ	sˈehˈa↗t ˈiɛʔ↓ŋ	0	0	0	0
chyênh	TONE_NGANG	ciə→ɲ	ʧˈi ˈeɲ	0	0	0	0
chyềnh	TONE_HUYEN	ciə↘ɲ	ʧˈi ˈe↘ɲ	1	0	0	0
chyếnh	TONE_SAC	ciə↗ɲ	ʧˈi ˈe↗ɲ	1	0	0	0
chyê̂nh	TONE_HOI	ciə↓ɲ	ʧˈi ˈe ˌɛnˈeɪʧ	0	0	0	0
chyễnh	TONE_NGA	ciəʔ↗ɲ	ʧˈi ˈeʔ↗ɲ	1	0	0	0
chyệnh	TONE_NANG	ciəʔ↓ɲ	ʧˈi ˈeʔ↓ɲ	1	0	0	0
chyếc	TONE_SAC	ciə↗k	ʧˈi ˈe↗sˈe	0	0	0	0
chyệc	TONE_NANG	ciəʔ↓k	ʧˈi ˈeʔ↓sˈe	0	0	0	0
chyếch	TONE_SAC	ciə↗k	ʧˈi ˈe↗c	1	0	0	0
chyệch	TONE_NANG	ciəʔ↓k	ʧˈi ˈeʔ↓c	1	0	0	0
chia	TONE_NGANG	ciə→	ʧˈiə	0	0	0	0
chìa	TONE_HUYEN	ciə↘	ʧˈiə↘	1	0	0	0
chía	TONE_SAC	ciə↗	ʧˈiə↗	1	0	0	0
chîa	TONE_HOI	ciə↓	ʧˈiə	0	0	0	0
chĩa	TONE_NGA	ciəʔ↗	ʧˈiəʔ↗	1	0	0	0
chịa	TONE_NANG	ciəʔ↓	ʧˈiəʔ↓	1	0	0	0
chiao	TONE_NGANG	ciə→w	ʧˈaɪəˌoʊ	0	0	0	0
chìao	TONE_HUYEN	ciə↘w	ʧˈiə↘ ˈɔ	1	0	0	0
chíao	TONE_SAC	ciə↗w	ʧˈiə↗ ˈɔ	1	0	0	0
chîao	TONE_HOI	ciə↓w	ʧˈaɪəˌoʊ	0	0	0	0
chĩao	TONE_NGA	ciəʔ↗w	ʧˈiəʔ↗ ˈɔ	1	0	0	0
chịao	TONE_NANG	ciəʔ↓w	ʧˈiəʔ↓ ˈɔ	1	0	0	0
chiau	TONE_NGANG	ciə→w	ʧˈiə jˈuː	0	0	0	0
chìau	TONE_HUYEN	ciə↘w	ʧˈiə↘ ˈu	0	0	0	0
chíau	TONE_SAC	ciə↗w	ʧˈiə↗ ˈu	0	0	0	0
chîau	TONE_HOI	ciə↓w	ʧˈiə jˈuː	0	0	0	0
chĩau	TONE_NGA	ciəʔ↗w	ʧˈiəʔ↗ ˈu	0	0	0	0
chịau	TONE_NANG	ciəʔ↓w	ʧˈiəʔ↓ ˈu	0	0	0	0
chiam	TONE_NGANG	ciə→m	ʧˈiəm	0	0	0	0
chìam	TONE_HUYEN	ciə↘m	ʧˈi↘ ˈaːm	0	0	0	0
chíam	TONE_SAC	ciə↗m	ʧˈi↗ ˈaːm	0	0	0	0
chîam	TONE_HOI	ciə↓m	ʧˈiəm	0	0	0	0
chĩam	TONE_NGA	ciəʔ↗m	ʧˈiʔ↗ ˈaːm	0	0	0	0
chịam	TONE_NANG	ciəʔ↓m	ʧˈiʔ↓ ˈaːm	0	0	0	0
chian	TONE_NGANG	ciə→n	ʧˈaɪən	0	0	0	0
chìan	TONE_HUYEN	ciə↘n	ʧˈi↘ ˈaːn	0	0	0	0
chían	TONE_SAC	ciə↗n	ʧˈi↗ ˈaːn	0	0	0	0
chîan	TONE_HOI	ciə↓n	ʧˈaɪən	0	0	0	0
chĩan	TONE_NGA	ciəʔ↗n	ʧˈiʔ↗ ˈaːn	0	0	0	0
chịan	TONE_NANG	ciəʔ↓n	ʧˈiʔ↓ ˈaːn	0	0	0	0
chíap	TONE_SAC	ciə↗p	ʧˈi↗ ˈaː↗p	0	0	0	0
chịap	TONE_NANG	ciəʔ↓p	ʧˈiʔ↓ ˈaː↗p	0	0	0	0
chíat	TONE_SAC	ciə↗t	ʧˈi↗ ˈaː↗t	0	0	0	0
chịat	TONE_NANG	ciəʔ↓t	ʧˈiʔ↓ ˈaː↗t	0	0	0	0
chiang	TONE_NGANG	ciə→ŋ	ʧjˈæŋ	0	0	0	0
chìang	TONE_HUYEN	ciə↘ŋ	ʧˈi↘ ˈaːŋ	0	0	0	0
chíang	TONE_SAC	ciə↗ŋ	ʧˈi↗ ˈaːŋ	0	0	0	0
chîang	TONE_HOI	ciə↓ŋ	ʧjˈæŋ	0	0	0	0
chĩang	TONE_NGA	ciəʔ↗ŋ	ʧˈiʔ↗ ˈaːŋ	0	0	0	0
chịang	TONE_NANG	ciəʔ↓ŋ	ʧˈiʔ↓ ˈaːŋ	0	0	0	0
chianh	TONE_NGANG	ciə→ɲ	ʧˈi ˈæɲ	0	0	0	0
chìanh	TONE_HUYEN	ciə↘ɲ	ʧˈi↘ ˈæɲ	0	0	0	0
chíanh	TONE_SAC	ciə↗ɲ	ʧˈi↗ ˈæɲ	0	0	0	0
chîanh	TONE_HOI	ciə↓ɲ	ʧˈi ˈæɲ	0	0	0	0
chĩanh	TONE_NGA	ciəʔ↗ɲ	ʧˈiʔ↗ ˈæɲ	0	0	0	0
chịanh	TONE_NANG	ciəʔ↓ɲ	ʧˈiʔ↓ ˈæɲ	0	0	0	0
chíac	TONE_SAC	ciə↗k	ʧˈi↗ ˈaː↗c	0	0	0	0
chịac	TONE_NANG	ciəʔ↓k	ʧˈiʔ↓ ˈaː↗c	0	0	0	0
chíach	TONE_SAC	ciə↗k	ʧˈi↗ ˈæ↗c	0	0	0	0
chịach	TONE_NANG	ciəʔ↓k	ʧˈiʔ↓ ˈæ↗c	0	0	0	0
chya	TONE_NGANG	ciə→	sˈiː hˈaɪə	0	0	0	0
chỳa	TONE_HUYEN	ciə↘	ʧˈi↘ ˈaː	0	0	0	0
chýa	TONE_SAC	ciə↗	ʧˈi↗ ˈaː	0	0	0	0
chŷa	TONE_HOI	ciə↓	sˈiː hˈaɪə	0	0	0	0
chỹa	TONE_NGA	ciəʔ↗	ʧˈiʔ↗ ˈaː	0	0	0	0
chỵa	TONE_NANG	ciəʔ↓	ʧˈiʔ↓ ˈaː	0	0	0	0
chyao	TONE_NGANG	ciə→w	sˈiː hˈaɪaʊ	0	0	0	0
chỳao	TONE_HUYEN	ciə↘w	ʧˈi↘ ˈaːˈɔ	0	0	0	0
chýao	TONE_SAC	ciə↗w	ʧˈi↗ ˈaːˈɔ	0	0	0	0
chŷao	TONE_HOI	ciə↓w	sˈiː hˈaɪaʊ	0	0	0	0
chỹao	TONE_NGA	ciəʔ↗w	ʧˈiʔ↗ ˈaːˈɔ	0	0	0	0
chỵao	TONE_NANG	ciəʔ↓w	ʧˈiʔ↓ ˈaːˈɔ	0	0	0	0
chyau	TONE_NGANG	ciə→w	ʧˈi ˈeɪjˈuː	0	0	0	0
chỳau	TONE_HUYEN	ciə↘w	ʧˈi↘ ˈaːˈu	0	0	0	0
chýau	TONE_SAC	ciə↗w	ʧˈi↗ ˈaːˈu	0	0	0	0
chŷau	TONE_HOI	ciə↓w	ʧˈi ˈeɪjˈuː	0	0	0	0
chỹau	TONE_NGA	ciəʔ↗w	ʧˈiʔ↗ ˈaːˈu	0	0	0	0
chỵau	TONE_NANG	ciəʔ↓w	ʧˈiʔ↓ ˈaːˈu	0	0	0	0
chyam	TONE_NGANG	ciə→m	ʧˈi æm	0	0	0	0
chỳam	TONE_HUYEN	ciə↘m	ʧˈi↘ ˈaːm	0	0	0	0
chýam	TONE_SAC	ciə↗m	ʧˈi↗ ˈaːm	0	0	0	0
chŷam	TONE_HOI	ciə↓m	ʧˈi æm	0	0	0	0
chỹam	TONE_NGA	ciəʔ↗m	ʧˈiʔ↗ ˈaːm	0	0	0	0
chỵam	TONE_NANG	ciəʔ↓m	ʧˈiʔ↓ ˈaːm	0	0	0	0
chyan	TONE_NGANG	ciə→n	ʧˈi æn	0	0	0	0
chỳan	TONE_HUYEN	ciə↘n	ʧˈi↘ ˈaːn	0	0	0	0
chýan	TONE_SAC	ciə↗n	ʧˈi↗ ˈaːn	0	0	0	0
chŷan	TONE_HOI	ciə↓n	ʧˈi æn	0	0	0	0
chỹan	TONE_NGA	ciəʔ↗n	ʧˈiʔ↗ ˈaːn	0	0	0	0
chỵan	TONE_NANG	ciəʔ↓n	ʧˈiʔ↓ ˈaːn	0	0	0	0
chýap	TONE_SAC	ciə↗p	ʧˈi↗ ˈaː↗p	0	0	0	0
chỵap	TONE_NANG	ciəʔ↓p	ʧˈiʔ↓ ˈaː↗p	0	0	0	0
chýat	TONE_SAC	ciə↗t	ʧˈi↗ ˈaː↗t	0	0	0	0
chỵat	TONE_NANG	ciəʔ↓t	ʧˈiʔ↓ ˈaː↗t	0	0	0	0
chyang	TONE_NGANG	ciə→ŋ	ʧˈi ˈaːŋ	0	0	0	0
chỳang	TONE_HUYEN	ciə↘ŋ	ʧˈi↘ ˈaːŋ	0	0	0	0
chýang	TONE_SAC	ciə↗ŋ	ʧˈi↗ ˈaːŋ	0	0	0	0
chŷang	TONE_HOI	ciə↓ŋ	ʧˈi ˈaːŋ	0	0	0	0
chỹang	TONE_NGA	ciəʔ↗ŋ	ʧˈiʔ↗ ˈaːŋ	0	0	0	0
chỵang	TONE_NANG	ciəʔ↓ŋ	ʧˈiʔ↓ ˈaːŋ	0	0	0	0
chyanh	TONE_NGANG	ciə→ɲ	ʧˈi ˈæɲ	0	0	0	0
chỳanh	TONE_HUYEN	ciə↘ɲ	ʧˈi↘ ˈæɲ	0	0	0	0
chýanh	TONE_SAC	ciə↗ɲ	ʧˈi↗ ˈæɲ	0	0	0	0
chŷanh	TONE_HOI	ciə↓ɲ	ʧˈi ˈæɲ	0	0	0	0
chỹanh	TONE_NGA	ciəʔ↗ɲ	ʧˈiʔ↗ ˈæɲ	0	0	0	0
chỵanh	TONE_NANG	ciəʔ↓ɲ	ʧˈiʔ↓ ˈæɲ	0	0	0	0
chýac	TONE_SAC	ciə↗k	ʧˈi↗ ˈaː↗c	0	0	0	0
chỵac	TONE_NANG	ciəʔ↓k	ʧˈiʔ↓ ˈaː↗c	0	0	0	0
chýach	TONE_SAC	ciə↗k	ʧˈi↗ ˈæ↗c	0	0	0	0
chỵach	TONE_NANG	ciəʔ↓k	ʧˈiʔ↓ ˈæ↗c	0	0	0	0
chươ	TONE_NGANG	cɨə→	ʧˈy ˈəː	0	0	0	0
chườ	TONE_HUYEN	cɨə↘	ʧˈy ˈəː↘	1	0	0	0
chướ	TONE_SAC	cɨə↗	ʧˈy ˈəː↗	1	0	0	0
chươ̂	TONE_HOI	cɨə↓	ʧˈy ˈəː	0	0	0	0
chưỡ	TONE_NGA	cɨəʔ↗	ʧˈy ˈəːʔ↗	1	0	0	0
chượ	TONE_NANG	cɨəʔ↓	ʧˈy ˈəːʔ↓	1	0	0	0
chươi	TONE_NGANG	cɨə→j	ʧˈyəj	0	0	0	0
chười	TONE_HUYEN	cɨə↘j	ʧˈyə↘j	1	0	0	0
chưới	TONE_SAC	cɨə↗j	ʧˈyə↗j	1	0	0	0
chươ̂i	TONE_HOI	cɨə↓j	ʧˈy ˈəː ˈi	0	0	0	0
chưỡi	TONE_NGA	cɨəʔ↗j	ʧˈyəʔ↗j	1	0	0	0
chượi	TONE_NANG	cɨəʔ↓j	ʧˈyəʔ↓j	1	0	0	0
chươy	TONE_NGANG	cɨə→j	ʧˈy ˈəːˈi	0	0	0	0
chườy	TONE_HUYEN	cɨə↘j	ʧˈy ˈəː↘ˈi	0	0	0	0
chướy	TONE_SAC	cɨə↗j	ʧˈy ˈəː↗ˈi	0	0	0	0
chươ̂y	TONE_HOI	cɨə↓j	ʧˈy ˈəː ˈi	0	0	0	0
chưỡy	TONE_NGA	cɨəʔ↗j	ʧˈy ˈəːʔ↗ˈi	0	0	0	0
chượy	TONE_NANG	cɨəʔ↓j	ʧˈy ˈəːʔ↓ˈi	0	0	0	0
chươo	TONE_NGANG	cɨə→w	ʧˈy ˈəːˈɔ	0	0	0	0
chườo	TONE_HUYEN	cɨə↘w	ʧˈy ˈəː↘ˈɔ	1	0	0	0
chướo	TONE_SAC	cɨə↗w	ʧˈy ˈəː↗ˈɔ	1	0	0	0
chươ̂o	TONE_HOI	cɨə↓w	ʧˈy ˈəː ˈo	0	0	0	0
chưỡo	TONE_NGA	cɨəʔ↗w	ʧˈy ˈəːʔ↗ˈɔ	1	0	0	0
chượo	TONE_NANG	cɨəʔ↓w	ʧˈy ˈəːʔ↓ˈɔ	1	0	0	0
chươu	TONE_NGANG	cɨə→w	ʧˈyəw	0	0	0	0
chườu	TONE_HUYEN	cɨə↘w	ʧˈyə↘w	1	0	0	0
chướu	TONE_SAC	cɨə↗w	ʧˈyə↗w	1	0	0	0
chươ̂u	TONE_HOI	cɨə↓w	ʧˈy ˈəː ˈu	0	0	0	0
chưỡu	TONE_NGA	cɨəʔ↗w	ʧˈyəʔ↗w	1	0	0	0
chượu	TONE_NANG	cɨəʔ↓w	ʧˈyəʔ↓w	1	0	0	0
chươm	TONE_NGANG	cɨə→m	ʧˈyəm	0	0	0	0
chườm	TONE_HUYEN	cɨə↘m	ʧˈyə↘m	1	0	0	0
chướm	TONE_SAC	cɨə↗m	ʧˈyə↗m	1	0	0	0
chươ̂m	TONE_HOI	cɨə↓m	ʧˈy ˈəː mˈəː↘	0	0	0	0
chưỡm	TONE_NGA	cɨəʔ↗m	ʧˈyəʔ↗m	1	0	0	0
chượm	TONE_NANG	cɨəʔ↓m	ʧˈyəʔ↓m	1	0	0	0
chướp	TONE_SAC	cɨə↗p	ʧˈyə↗p	1	0	0	0
chượp	TONE_NANG	cɨəʔ↓p	ʧˈyəʔ↓p	1	0	0	0
chướt	TONE_SAC	cɨə↗t	ʧˈyə↗t	1	0	0	0
chượt	TONE_NANG	cɨəʔ↓t	ʧˈyəʔ↓t	1	0	0	0
chương	TONE_NGANG	cɨə→ŋ	ʧˈyəŋ	0	0	0	0
chường	TONE_HUYEN	cɨə↘ŋ	ʧˈyə↘ŋ	1	0	0	0
chướng	TONE_SAC	cɨə↗ŋ	ʧˈyə↗ŋ	1	0	0	0
chươ̂ng	TONE_HOI	cɨə↓ŋ	ʧˈy ˈəː ˌɛndʒˈiː	0	0	0	0
chưỡng	TONE_NGA	cɨəʔ↗ŋ	ʧˈyəʔ↗ŋ	1	0	0	0
chượng	TONE_NANG	cɨəʔ↓ŋ	ʧˈyəʔ↓ŋ	1	0	0	0
chước	TONE_SAC	cɨə↗k	ʧˈyə↗c	1	0	0	0
chược	TONE_NANG	cɨəʔ↓k	ʧˈyəʔ↓c	1	0	0	0
chướch	TONE_SAC	cɨə↗k	ʧˈyə↗c hˈa↗t	0	0	0	0
chượch	TONE_NANG	cɨəʔ↓k	ʧˈyəʔ↓c hˈa↗t	0	0	0	0
chưa	TONE_NGANG	cɨə→	ʧˌyə	0	0	0	0
chừa	TONE_HUYEN	cɨə↘	ʧˈyə↘	1	0	0	0
chứa	TONE_SAC	cɨə↗	ʧˈyə↗	1	0	0	0
chư̂a	TONE_HOI	cɨə↓	ʧˈy ˈaː	0	0	0	0
chữa	TONE_NGA	cɨəʔ↗	ʧˈyəʔ↗	1	0	0	0
chựa	TONE_NANG	cɨəʔ↓	ʧˈyəʔ↓	1	0	0	0
chưai	TONE_NGANG	cɨə→j	ʧˌyə ˈi	0	0	0	0
chừai	TONE_HUYEN	cɨə↘j	ʧˈyə↘ ˈi	0	0	0	0
chứai	TONE_SAC	cɨə↗j	ʧˈyə↗ ˈi	0	0	0	0
chư̂ai	TONE_HOI	cɨə↓j	ʧˈy ˈaːj	0	0	0	0
chữai	TONE_NGA	cɨəʔ↗j	ʧˈyəʔ↗ ˈi	0	0	0	0
chựai	TONE_NANG	cɨəʔ↓j	ʧˈyəʔ↓ ˈi	0	0	0	0
chưay	TONE_NGANG	cɨə→j	ʧˌyə ˈi	0	0	0	0
chừay	TONE_HUYEN	cɨə↘j	ʧˈyə↘ ˈi	0	0	0	0
chứay	TONE_SAC	cɨə↗j	ʧˈyə↗ ˈi	0	0	0	0
chư̂ay	TONE_HOI	cɨə↓j	ʧˈy ˈaj	0	0	0	0
chữay	TONE_NGA	cɨəʔ↗j	ʧˈyəʔ↗ ˈi	0	0	0	0
chựay	TONE_NANG	cɨəʔ↓j	ʧˈyəʔ↓ ˈi	0	0	0	0
chưao	TONE_NGANG	cɨə→w	ʧˌyə ˈɔ	0	0	0	0
chừao	TONE_HUYEN	cɨə↘w	ʧˈyə↘ ˈɔ	1	0	0	0
chứao	TONE_SAC	cɨə↗w	ʧˈyə↗ ˈɔ	1	0	0	0
chư̂ao	TONE_HOI	cɨə↓w	ʧˈy ˈaːw	0	0	0	0
chữao	TONE_NGA	cɨəʔ↗w	ʧˈyəʔ↗ ˈɔ	1	0	0	0
chựao	TONE_NANG	cɨəʔ↓w	ʧˈyəʔ↓ ˈɔ	1	0	0	0
chưau	TONE_NGANG	cɨə→w	ʧˌyə ˈu	0	0	0	0
chừau	TONE_HUYEN	cɨə↘w	ʧˈyə↘ ˈu	0	0	0	0
chứau	TONE_SAC	cɨə↗w	ʧˈyə↗ ˈu	0	0	0	0
chư̂au	TONE_HOI	cɨə↓w	ʧˈy ˈaw	0	0	0	0
chữau	TONE_NGA	cɨəʔ↗w	ʧˈyəʔ↗ ˈu	0	0	0	0
chựau	TONE_NANG	cɨəʔ↓w	ʧˈyəʔ↓ ˈu	0	0	0	0
chưam	TONE_NGANG	cɨə→m	ʧˈy ˈaːm	0	0	0	0
chừam	TONE_HUYEN	cɨə↘m	ʧˈy↘ ˈaːm	0	0	0	0
chứam	TONE_SAC	cɨə↗m	ʧˈy↗ ˈaːm	0	0	0	0
chư̂am	TONE_HOI	cɨə↓m	ʧˈy ˈaːm	0	0	0	0
chữam	TONE_NGA	cɨəʔ↗m	ʧˈyʔ↗ ˈaːm	0	0	0	0
chựam	TONE_NANG	cɨəʔ↓m	ʧˈyʔ↓ ˈaːm	0	0	0	0
chứap	TONE_SAC	cɨə↗p	ʧˈy↗ ˈaː↗p	0	0	0	0
chựap	TONE_NANG	cɨəʔ↓p	ʧˈyʔ↓ ˈaː↗p	0	0	0	0
chứat	TONE_SAC	cɨə↗t	ʧˈy↗ ˈaː↗t	0	0	0	0
chựat	TONE_NANG	cɨəʔ↓t	ʧˈyʔ↓ ˈaː↗t	0	0	0	0
chưang	TONE_NGANG	cɨə→ŋ	ʧˈy ˈaːŋ	0	0	0	0
chừang	TONE_HUYEN	cɨə↘ŋ	ʧˈy↘ ˈaːŋ	0	0	0	0
chứang	TONE_SAC	cɨə↗ŋ	ʧˈy↗ ˈaːŋ	0	0	0	0
chư̂ang	TONE_HOI	cɨə↓ŋ	ʧˈy ˈaːŋ	0	0	0	0
chữang	TONE_NGA	cɨəʔ↗ŋ	ʧˈyʔ↗ ˈaːŋ	0	0	0	0
chựang	TONE_NANG	cɨəʔ↓ŋ	ʧˈyʔ↓ ˈaːŋ	0	0	0	0
chứac	TONE_SAC	cɨə↗k	ʧˈy↗ ˈaː↗c	0	0	0	0
chựac	TONE_NANG	cɨəʔ↓k	ʧˈyʔ↓ ˈaː↗c	0	0	0	0
chứach	TONE_SAC	cɨə↗k	ʧˈy↗ ˈæ↗c	0	0	0	0
chựach	TONE_NANG	cɨəʔ↓k	ʧˈyʔ↓ ˈæ↗c	0	0	0	0
chuô	TONE_NGANG	cuə→	ʧˈu ˈo	0	0	0	0
chuồ	TONE_HUYEN	cuə↘	ʧˈu ˈo↘	1	0	0	0
chuố	TONE_SAC	cuə↗	ʧˈu ˈo↗	1	0	0	0
chuô̂	TONE_HOI	cuə↓	ʧˈu ˈo	0	0	0	0
chuỗ	TONE_NGA	cuəʔ↗	ʧˈu ˈoʔ↗	1	0	0	0
chuộ	TONE_NANG	cuəʔ↓	ʧˈu ˈoʔ↓	1	0	0	0
chuôi	TONE_NGANG	cuə→j	ʧˈuəj	0	0	0	0
chuồi	TONE_HUYEN	cuə↘j	ʧˈuə↘j	1	0	0	0
chuối	TONE_SAC	cuə↗j	ʧˈuə↗j	1	0	0	0
chuô̂i	TONE_HOI	cuə↓j	ʧˈu ˈo ˈi	0	0	0	0
chuỗi	TONE_NGA	cuəʔ↗j	ʧˈuəʔ↗j	1	0	0	0
chuội	TONE_NANG	cuəʔ↓j	ʧˈuəʔ↓j	1	0	0	0
chuôy	TONE_NGANG	cuə→j	ʧˈu ˈoˈi	0	0	0	0
chuồy	TONE_HUYEN	cuə↘j	ʧˈu ˈo↘ˈi	0	0	0	0
chuốy	TONE_SAC	cuə↗j	ʧˈu ˈo↗ˈi	0	0	0	0
chuô̂y	TONE_HOI	cuə↓j	ʧˈu ˈo ˈi	0	0	0	0
chuỗy	TONE_NGA	cuəʔ↗j	ʧˈu ˈoʔ↗ˈi	0	0	0	0
chuộy	TONE_NANG	cuəʔ↓j	ʧˈu ˈoʔ↓ˈi	0	0	0	0
chuôn	TONE_NGANG	cuə→n	ʧˈuən	0	0	0	0
chuồn	TONE_HUYEN	cuə↘n	ʧˈuə↘n	1	0	0	0
chuốn	TONE_SAC	cuə↗n	ʧˈuə↗n	1	0	0	0
chuô̂n	TONE_HOI	cuə↓n	ʧˈu ˈo nˈəː↘	0	0	0	0
chuỗn	TONE_NGA	cuəʔ↗n	ʧˈuəʔ↗n	1	0	0	0
chuộn	TONE_NANG	cuəʔ↓n	ʧˈuəʔ↓n	1	0	0	0
chuốp	TONE_SAC	cuə↗p	ʧˈuə↗p	1	0	0	0
chuộp	TONE_NANG	cuəʔ↓p	ʧˈuəʔ↓p	1	0	0	0
chuốt	TONE_SAC	cuə↗t	ʧˈuə↗t	1	0	0	0
chuột	TONE_NANG	cuəʔ↓t	ʧˈuəʔ↓t	1	0	0	0
chuông	TONE_NGANG	cuə→ŋ	ʧˈuəŋ	0	0	0	0
chuồng	TONE_HUYEN	cuə↘ŋ	ʧˈuə↘ŋ	1	0	0	0
chuống	TONE_SAC	cuə↗ŋ	ʧˈuə↗ŋ	1	0	0	0
chuô̂ng	TONE_HOI	cuə↓ŋ	ʧˈu ˈo ˌɛndʒˈiː	0	0	0	0
chuỗng	TONE_NGA	cuəʔ↗ŋ	ʧˈuəʔ↗ŋ	1	0	0	0
chuộng	TONE_NANG	cuəʔ↓ŋ	ʧˈuəʔ↓ŋ	1	0	0	0
chuốc	TONE_SAC	cuə↗k	ʧˈuə↗c	1	0	0	0
chuộc	TONE_NANG	cuəʔ↓k	ʧˈuəʔ↓c	1	0	0	0
chuốch	TONE_SAC	cuə↗k	ʧˈuə↗c hˈa↗t	0	0	0	0
chuộch	TONE_NANG	cuəʔ↓k	ʧˈuəʔ↓c hˈa↗t	0	0	0	0
chua	TONE_NGANG	cuə→	ʧˈuə	0	0	0	0
chùa	TONE_HUYEN	cuə↘	ʧˈuə↘	1	0	0	0
chúa	TONE_SAC	cuə↗	ʧˈuə↗	1	0	0	0
chûa	TONE_HOI	cuə↓	ʧˈuə	0	0	0	0
chũa	TONE_NGA	cuəʔ↗	ʧˈuəʔ↗	1	0	0	0
chụa	TONE_NANG	cuəʔ↓	ʧˈuəʔ↓	1	0	0	0
chuai	TONE_NGANG	cuə→j	sˈiː hjˈuːaɪ	0	0	0	0
chùai	TONE_HUYEN	cuə↘j	ʧˈuə↘ ˈi	0	0	0	0
chúai	TONE_SAC	cuə↗j	ʧˈuə↗ ˈi	0	0	0	0
chûai	TONE_HOI	cuə↓j	sˈiː hjˈuːaɪ	0	0	0	0
chũai	TONE_NGA	cuəʔ↗j	ʧˈuəʔ↗ ˈi	0	0	0	0
chụai	TONE_NANG	cuəʔ↓j	ʧˈuəʔ↓ ˈi	0	0	0	0
chuay	TONE_NGANG	cuə→j	sˈiː hwˈəɪ↘	0	0	0	0
chùay	TONE_HUYEN	cuə↘j	ʧˈuə↘ ˈi	0	0	0	0
chúay	TONE_SAC	cuə↗j	ʧˈuə↗ ˈi	0	0	0	0
chûay	TONE_HOI	cuə↓j	sˈiː hwˈəɪ↘	0	0	0	0
chũay	TONE_NGA	cuəʔ↗j	ʧˈuəʔ↗ ˈi	0	0	0	0
chụay	TONE_NANG	cuəʔ↓j	ʧˈuəʔ↓ ˈi	0	0	0	0
chao	TONE_NGANG	caː→w	kˈeɪoʊ	0	0	0	0
chào	TONE_HUYEN	caː↘w	ʧˈaː↘w	1	0	0	0
cháo	TONE_SAC	caː↗w	ʧˈaː↗w	1	0	0	0
châo	TONE_HOI	caː↓w	sˈehˈa↗t ˌeɪsˈ↗ːkəmflˌɛksˈɔ	0	0	0	0
chão	TONE_NGA	caːʔ↗w	ʧˈaːʔ↗w	1	0	0	0
chạo	TONE_NANG	caːʔ↓w	ʧˈaːʔ↓w	1	0	0	0
chau	TONE_NGANG	ca→w	ʧˈaw	0	0	0	0
chàu	TONE_HUYEN	ca↘w	ʧˈa↘w	1	0	0	0
cháu	TONE_SAC	ca↗w	ʧˈa↗w	1	0	0	0
châu	TONE_HOI	ca↓w	ʧˈə→w	0	0	0	0
chãu	TONE_NGA	caʔ↗w	ʧˈaʔ↗w	1	0	0	0
chạu	TONE_NANG	caʔ↓w	ʧˈaʔ↓w	1	0	0	0
chuan	TONE_NGANG	cuə→n	ʧwˈə↓n	0	0	0	0
chùan	TONE_HUYEN	cuə↘n	ʧˈu↘ ˈaːn	0	0	0	0
chúan	TONE_SAC	cuə↗n	ʧˈu↗ ˈaːn	0	0	0	0
chûan	TONE_HOI	cuə↓n	ʧwˈə↓n	1	0	0	0
chũan	TONE_NGA	cuəʔ↗n	ʧˈuʔ↗ ˈaːn	0	0	0	0
chụan	TONE_NANG	cuəʔ↓n	ʧˈuʔ↓ ˈaːn	0	0	0	0
chúap	TONE_SAC	cuə↗p	ʧˈu↗ ˈaː↗p	0	0	0	0
chụap	TONE_NANG	cuəʔ↓p	ʧˈuʔ↓ ˈaː↗p	0	0	0	0
chúat	TONE_SAC	cuə↗t	ʧˈu↗ ˈaː↗t	0	0	0	0
chụat	TONE_NANG	cuəʔ↓t	ʧˈuʔ↓ ˈaː↗t	0	0	0	0
chuang	TONE_NGANG	cuə→ŋ	ʧwˈɑːŋ	0	0	0	0
chùang	TONE_HUYEN	cuə↘ŋ	ʧˈu↘ ˈaːŋ	0	0	0	0
chúang	TONE_SAC	cuə↗ŋ	ʧˈu↗ ˈaːŋ	0	0	0	0
chûang	TONE_HOI	cuə↓ŋ	ʧwˈɑːŋ	0	0	0	0
chũang	TONE_NGA	cuəʔ↗ŋ	ʧˈuʔ↗ ˈaːŋ	0	0	0	0
chụang	TONE_NANG	cuəʔ↓ŋ	ʧˈuʔ↓ ˈaːŋ	0	0	0	0
chanh	TONE_NGANG	caː→ɲ	ʧˈæɲ	0	0	0	1
chành	TONE_HUYEN	caː↘ɲ	ʧˈæ↘ɲ	1	0	0	1
chánh	TONE_SAC	caː↗ɲ	ʧˈæ↗ɲ	1	0	0	1
chânh	TONE_HOI	caː↓ɲ	ʧˈən hˈa↗t	0	0	0	1
chãnh	TONE_NGA	caːʔ↗ɲ	ʧˈæʔ↗ɲ	1	0	0	1
chạnh	TONE_NANG	caːʔ↓ɲ	ʧˈæʔ↓ɲ	1	0	0	1
chúac	TONE_SAC	cuə↗k	ʧˈu↗ ˈaː↗c	0	0	0	0
chụac	TONE_NANG	cuəʔ↓k	ʧˈuʔ↓ ˈaː↗c	0	0	0	0
chúach	TONE_SAC	cuə↗k	ʧˈu↗ ˈæ↗c	0	0	0	0
chụach	TONE_NANG	cuəʔ↓k	ʧˈuʔ↓ ˈæ↗c	0	0	0	0
cha	TONE_NGANG	caː→	ʧˈaː	0	0	0	0
chà	TONE_HUYEN	caː↘	ʧˈaː↘	1	0	0	0
chá	TONE_SAC	caː↗	ʧˈaː↗	1	0	0	0
châ	TONE_HOI	caː↓	sˈehˈa↗tˌeɪsˈ↗ːkəmflˌɛks	0	0	0	0
chã	TONE_NGA	caːʔ↗	ʧˈaːʔ↗	1	0	0	0
chạ	TONE_NANG	caːʔ↓	ʧˈaːʔ↓	1	0	0	0
chai	TONE_NGANG	caː→j	ʧˈaːj	0	0	0	0
chài	TONE_HUYEN	caː↘j	ʧˈaː↘j	1	0	0	0
chái	TONE_SAC	caː↗j	ʧˈaː↗j	1	0	0	0
châi	TONE_HOI	caː↓j	sˈehˈa↗t ˌeɪsˈ↗ːkəmflˌɛksˈi	0	0	0	0
chãi	TONE_NGA	caːʔ↗j	ʧˈaːʔ↗j	1	0	0	0
chại	TONE_NANG	caːʔ↓j	ʧˈaːʔ↓j	1	0	0	0
chay	TONE_NGANG	ca→j	ʧˈaj	0	0	0	0
chày	TONE_HUYEN	ca↘j	ʧˈa↘j	1	0	0	0
cháy	TONE_SAC	ca↗j	ʧˈa↗j	1	0	0	0
chây	TONE_HOI	ca↓j	ʧˈəɪ	0	0	0	0
chãy	TONE_NGA	caʔ↗j	ʧˈaʔ↗j	1	0	0	0
chạy	TONE_NANG	caʔ↓j	ʧˈaʔ↓j	1	0	0	0
chao	TONE_NGANG	caː→w	kˈeɪoʊ	0	0	0	0
chào	TONE_HUYEN	caː↘w	ʧˈaː↘w	1	0	0	0
cháo	TONE_SAC	caː↗w	ʧˈaː↗w	1	0	0	0
châo	TONE_HOI	caː↓w	sˈehˈa↗t ˌeɪsˈ↗ːkəmflˌɛksˈɔ	0	0	0	0
chão	TONE_NGA	caːʔ↗w	ʧˈaːʔ↗w	1	0	0	0
chạo	TONE_NANG	caːʔ↓w	ʧˈaːʔ↓w	1	0	0	0
chau	TONE_NGANG	ca→w	ʧˈaw	0	0	0	0
chàu	TONE_HUYEN	ca↘w	ʧˈa↘w	1	0	0	0
cháu	TONE_SAC	ca↗w	ʧˈa↗w	1	0	0	0
châu	TONE_HOI	ca↓w	ʧˈə→w	0	0	0	0
chãu	TONE_NGA	caʔ↗w	ʧˈaʔ↗w	1	0	0	0
chạu	TONE_NANG	caʔ↓w	ʧˈaʔ↓w	1	0	0	0
cham	TONE_NGANG	caː→m	ʧˈaːm	0	0	0	0
chàm	TONE_HUYEN	caː↘m	ʧˈaː↘m	1	0	0	0
chám	TONE_SAC	caː↗m	ʧˈaː↗m	1	0	0	0
châm	TONE_HOI	caː↓m	ʧˈəm	0	0	0	0
chãm	TONE_NGA	caːʔ↗m	ʧˈaːʔ↗m	1	0	0	0
chạm	TONE_NANG	caːʔ↓m	ʧˈaːʔ↓m	1	0	0	0
chan	TONE_NGANG	caː→n	ʧˈaːn	0	0	0	0
chàn	TONE_HUYEN	caː↘n	ʧˈaː↘n	1	0	0	0
chán	TONE_SAC	caː↗n	ʧˈaː↗n	1	0	0	0
chân	TONE_HOI	caː↓n	ʧˈən	0	0	0	0
chãn	TONE_NGA	caːʔ↗n	ʧˈaːʔ↗n	1	0	0	0
chạn	TONE_NANG	caːʔ↓n	ʧˈaːʔ↓n	1	0	0	0
cháp	TONE_SAC	caː↗p	ʧˈaː↗p	1	0	0	0
chạp	TONE_NANG	caːʔ↓p	ʧˈaːʔ↓p	1	0	0	0
chát	TONE_SAC	caː↗t	ʧˈaː↗t	1	0	0	0
chạt	TONE_NANG	caːʔ↓t	ʧˈaːʔ↓t	1	0	0	0
chang	TONE_NGANG	caː→ŋ	ʧˈaːŋ	0	0	0	0
chàng	TONE_HUYEN	caː↘ŋ	ʧˈaː↘ŋ	1	0	0	0
cháng	TONE_SAC	caː↗ŋ	ʧˈaː↗ŋ	1	0	0	0
châng	TONE_HOI	caː↓ŋ	ʧˈəŋ	0	0	0	0
chãng	TONE_NGA	caːʔ↗ŋ	ʧˈaːʔ↗ŋ	1	0	0	0
chạng	TONE_NANG	caːʔ↓ŋ	ʧˈaːʔ↓ŋ	1	0	0	0
chanh	TONE_NGANG	caː→ɲ	ʧˈæɲ	0	0	0	1
chành	TONE_HUYEN	caː↘ɲ	ʧˈæ↘ɲ	1	0	0	1
chánh	TONE_SAC	caː↗ɲ	ʧˈæ↗ɲ	1	0	0	1
chânh	TONE_HOI	caː↓ɲ	ʧˈən hˈa↗t	0	0	0	1
chãnh	TONE_NGA	caːʔ↗ɲ	ʧˈæʔ↗ɲ	1	0	0	1
chạnh	TONE_NANG	caːʔ↓ɲ	ʧˈæʔ↓ɲ	1	0	0	1
chác	TONE_SAC	caː↗k	ʧˈaː↗c	1	0	0	0
chạc	TONE_NANG	caːʔ↓k	ʧˈaːʔ↓c	1	0	0	0
chách	TONE_SAC	ca↗k	ʧˈæ↗c	1	0	0	0
chạch	TONE_NANG	caʔ↓k	ʧˈæʔ↓c	1	0	0	0
chă	TONE_NGANG	ca→	sˈehˈa↗tă	0	1	0	0
chằ	TONE_HUYEN	ca↘	sˈehˈa↗tằ	0	1	0	0
chắ	TONE_SAC	ca↗	sˈehˈa↗tắ	1	1	0	0
chă̂	TONE_HOI	ca↓	sˈehˈa↗tă	0	1	0	0
chẵ	TONE_NGA	caʔ↗	sˈehˈa↗tẵ	0	1	0	0
chặ	TONE_NANG	caʔ↓	sˈehˈa↗tặ	0	1	0	0
chăm	TONE_NGANG	ca→m	ʧˈam	0	0	0	0
chằm	TONE_HUYEN	ca↘m	ʧˈa↘m	1	0	0	0
chắm	TONE_SAC	ca↗m	ʧˈa↗m	1	0	0	0
chă̂m	TONE_HOI	ca↓m	sˈehˈa↗tă mˈəː↘	0	1	0	0
chẵm	TONE_NGA	caʔ↗m	ʧˈaʔ↗m	1	0	0	0
chặm	TONE_NANG	caʔ↓m	ʧˈaʔ↓m	1	0	0	0
chăn	TONE_NGANG	ca→n	ʧˈan	0	0	0	0
chằn	TONE_HUYEN	ca↘n	ʧˈa↘n	1	0	0	0
chắn	TONE_SAC	ca↗n	ʧˈa↗n	1	0	0	0
chă̂n	TONE_HOI	ca↓n	sˈehˈa↗tă nˈəː↘	0	1	0	0
chẵn	TONE_NGA	caʔ↗n	ʧˈaʔ↗n	1	0	0	0
chặn	TONE_NANG	caʔ↓n	ʧˈaʔ↓n	1	0	0	0
chắp	TONE_SAC	ca↗p	ʧˈa↗p	1	0	0	0
chặp	TONE_NANG	caʔ↓p	ʧˈaʔ↓p	1	0	0	0
chắt	TONE_SAC	ca↗t	ʧˈa↗t	1	0	0	0
chặt	TONE_NANG	caʔ↓t	ʧˈaʔ↓t	1	0	0	0
chăng	TONE_NGANG	ca→ŋ	ʧˈaŋ	0	0	0	0
chằng	TONE_HUYEN	ca↘ŋ	ʧˈa↘ŋ	1	0	0	0
chắng	TONE_SAC	ca↗ŋ	ʧˈa↗ŋ	1	0	0	0
chă̂ng	TONE_HOI	ca↓ŋ	sˈehˈa↗tă ˌɛndʒˈiː	0	1	0	0
chẵng	TONE_NGA	caʔ↗ŋ	ʧˈaʔ↗ŋ	1	0	0	0
chặng	TONE_NANG	caʔ↓ŋ	ʧˈaʔ↓ŋ	1	0	0	0
chắc	TONE_SAC	ca↗k	ʧˈa↗c	1	0	0	0
chặc	TONE_NANG	caʔ↓k	ʧˈaʔ↓c	1	0	0	0
chắch	TONE_SAC	ca↗k	ʧˈa↗c hˈa↗t	0	0	0	0
chặch	TONE_NANG	caʔ↓k	ʧˈaʔ↓c hˈa↗t	0	0	0	0
châ	TONE_NGANG	cə→	sˈehˈa↗tˌeɪsˈ↗ːkəmflˌɛks	0	0	0	0
chầ	TONE_HUYEN	cə↘	sˈehˈa↗tầ	0	1	0	0
chấ	TONE_SAC	cə↗	sˈehˈa↗tấ	1	1	0	0
châ̂	TONE_HOI	cə↓	sˈehˈa↗tˌeɪsˈ↗ːkəmflˌɛks	0	0	0	0
chẫ	TONE_NGA	cəʔ↗	sˈehˈa↗tẫ	0	1	0	0
chậ	TONE_NANG	cəʔ↓	sˈehˈa↗tậ	0	1	0	0
châi	TONE_NGANG	cə→j	sˈehˈa↗t ˌeɪsˈ↗ːkəmflˌɛksˈi	0	0	0	0
chầi	TONE_HUYEN	cə↘j	sˈehˈa↗t ầˈi	0	1	0	0
chấi	TONE_SAC	cə↗j	sˈehˈa↗t ấˈi	0	1	0	0
châ̂i	TONE_HOI	cə↓j	sˈehˈa↗tˌeɪsˈ↗ːkəmflˌɛks ˈi	0	0	0	0
chẫi	TONE_NGA	cəʔ↗j	sˈehˈa↗t ẫˈi	0	1	0	0
chậi	TONE_NANG	cəʔ↓j	sˈehˈa↗t ậˈi	0	1	0	0
chây	TONE_NGANG	cə→j	ʧˈəɪ	0	0	0	0
chầy	TONE_HUYEN	cə↘j	ʧˈəɪ↘	1	0	0	0
chấy	TONE_SAC	cə↗j	ʧˈəɪ↗	1	0	0	0
châ̂y	TONE_HOI	cə↓j	sˈehˈa↗tˌeɪsˈ↗ːkəmflˌɛks ˈi	0	0	0	0
chẫy	TONE_NGA	cəʔ↗j	ʧˈəɪʔ↗	1	0	0	0
chậy	TONE_NANG	cəʔ↓j	ʧˈəɪʔ↓	1	0	0	0
châo	TONE_NGANG	cə→w	sˈehˈa↗t ˌeɪsˈ↗ːkəmflˌɛksˈɔ	0	0	0	0
chầo	TONE_HUYEN	cə↘w	sˈehˈa↗t ầˈɔ	0	1	0	0
chấo	TONE_SAC	cə↗w	sˈehˈa↗t ấˈɔ	1	1	0	0
châ̂o	TONE_HOI	cə↓w	sˈehˈa↗tˌeɪsˈ↗ːkəmflˌɛks ˈo	0	0	0	0
chẫo	TONE_NGA	cəʔ↗w	sˈehˈa↗t ẫˈɔ	0	1	0	0
chậo	TONE_NANG	cəʔ↓w	sˈehˈa↗t ậˈɔ	0	1	0	0
châu	TONE_NGANG	cə→w	ʧˈə→w	1	0	0	0
chầu	TONE_HUYEN	cə↘w	ʧˈə↘w	1	0	0	0
chấu	TONE_SAC	cə↗w	ʧˈə↗w	1	0	0	0
châ̂u	TONE_HOI	cə↓w	sˈehˈa↗tˌeɪsˈ↗ːkəmflˌɛks ˈu	0	0	0	0
chẫu	TONE_NGA	cəʔ↗w	ʧˈəʔ↗w	1	0	0	0
chậu	TONE_NANG	cəʔ↓w	ʧˈəʔ↓w	1	0	0	0
châm	TONE_NGANG	cə→m	ʧˈəm	0	0	0	0
chầm	TONE_HUYEN	cə↘m	ʧˈə↘m	1	0	0	0
chấm	TONE_SAC	cə↗m	ʧˈə↗m	1	0	0	0
châ̂m	TONE_HOI	cə↓m	sˈehˈa↗tˌeɪsˈ↗ːkəmflˌɛks mˈəː↘	0	0	0	0
chẫm	TONE_NGA	cəʔ↗m	ʧˈəʔ↗m	1	0	0	0
chậm	TONE_NANG	cəʔ↓m	ʧˈəʔ↓m	1	0	0	0
chân	TONE_NGANG	cə→n	ʧˈən	0	0	0	0
chần	TONE_HUYEN	cə↘n	ʧˈə↘n	1	0	0	0
chấn	TONE_SAC	cə↗n	ʧˈə↗n	1	0	0	0
châ̂n	TONE_HOI	cə↓n	sˈehˈa↗tˌeɪsˈ↗ːkəmflˌɛks nˈəː↘	0	0	0	0
chẫn	TONE_NGA	cəʔ↗n	ʧˈəʔ↗n	1	0	0	0
chận	TONE_NANG	cəʔ↓n	ʧˈəʔ↓n	1	0	0	0
chấp	TONE_SAC	cə↗p	ʧˈə↗p	1	0	0	0
chập	TONE_NANG	cəʔ↓p	ʧˈəʔ↓p	1	0	0	0
chất	TONE_SAC	cə↗t	ʧˈə↗t	1	0	0	0
chật	TONE_NANG	cəʔ↓t	ʧˈəʔ↓t	1	0	0	0
châng	TONE_NGANG	cə→ŋ	ʧˈəŋ	0	0	0	0
chầng	TONE_HUYEN	cə↘ŋ	ʧˈə↘ŋ	1	0	0	0
chấng	TONE_SAC	cə↗ŋ	ʧˈə↗ŋ	1	0	0	0
châ̂ng	TONE_HOI	cə↓ŋ	sˈehˈa↗tˌeɪsˈ↗ːkəmflˌɛks ˌɛndʒˈiː	0	0	0	0
chẫng	TONE_NGA	cəʔ↗ŋ	ʧˈəʔ↗ŋ	1	0	0	0
chậng	TONE_NANG	cəʔ↓ŋ	ʧˈəʔ↓ŋ	1	0	0	0
chấc	TONE_SAC	cə↗k	ʧˈə↗c	1	0	0	0
chậc	TONE_NANG	cəʔ↓k	ʧˈəʔ↓c	1	0	0	0
chấch	TONE_SAC	cə↗k	ʧˈə↗c hˈa↗t	0	0	0	0
chậch	TONE_NANG	cəʔ↓k	ʧˈəʔ↓c hˈa↗t	0	0	0	0
che	TONE_NGANG	cɛ→	ʧˈɛ	0	0	0	0
chè	TONE_HUYEN	cɛ↘	ʧˈɛ↘	1	0	0	0
ché	TONE_SAC	cɛ↗	ʧˈɛ↗	1	0	0	0
chê	TONE_HOI	cɛ↓	ʧˈe	0	0	0	0
chẽ	TONE_NGA	cɛʔ↗	ʧˈɛʔ↗	1	0	0	0
chẹ	TONE_NANG	cɛʔ↓	ʧˈɛʔ↓	1	0	0	0
cheo	TONE_NGANG	cɛ→w	ʧˈɛw	0	0	0	0
chèo	TONE_HUYEN	cɛ↘w	ʧˈɛ↘w	1	0	0	0
chéo	TONE_SAC	cɛ↗w	ʧˈɛ↗w	1	0	0	0
chêo	TONE_HOI	cɛ↓w	ʧˈe ˈɔ	0	0	0	0
chẽo	TONE_NGA	cɛʔ↗w	ʧˈɛʔ↗w	1	0	0	0
chẹo	TONE_NANG	cɛʔ↓w	ʧˈɛʔ↓w	1	0	0	0
cheu	TONE_NGANG	cɛ→w	ʧˈe→w	1	0	0	0
chèu	TONE_HUYEN	cɛ↘w	ʧˈɛ↘ ˈu	0	0	0	0
chéu	TONE_SAC	cɛ↗w	ʧˈɛ↗ ˈu	0	0	0	0
chêu	TONE_HOI	cɛ↓w	ʧˈe→w	0	0	0	0
chẽu	TONE_NGA	cɛʔ↗w	ʧˈɛʔ↗ ˈu	0	0	0	0
chẹu	TONE_NANG	cɛʔ↓w	ʧˈɛʔ↓ ˈu	0	0	0	0
chem	TONE_NGANG	cɛ→m	ʧˈɛm	0	0	0	0
chèm	TONE_HUYEN	cɛ↘m	ʧˈɛ↘m	1	0	0	0
chém	TONE_SAC	cɛ↗m	ʧˈɛ↗m	1	0	0	0
chêm	TONE_HOI	cɛ↓m	ʧˈem	0	0	0	0
chẽm	TONE_NGA	cɛʔ↗m	ʧˈɛʔ↗m	1	0	0	0
chẹm	TONE_NANG	cɛʔ↓m	ʧˈɛʔ↓m	1	0	0	0
chen	TONE_NGANG	cɛ→n	ʧˈɛn	0	0	0	0
chèn	TONE_HUYEN	cɛ↘n	ʧˈɛ↘n	1	0	0	0
chén	TONE_SAC	cɛ↗n	ʧˈɛ↗n	1	0	0	0
chên	TONE_HOI	cɛ↓n	ʧˈen	0	0	0	0
chẽn	TONE_NGA	cɛʔ↗n	ʧˈɛʔ↗n	1	0	0	0
chẹn	TONE_NANG	cɛʔ↓n	ʧˈɛʔ↓n	1	0	0	0
chép	TONE_SAC	cɛ↗p	ʧˈɛ↗p	1	0	0	0
chẹp	TONE_NANG	cɛʔ↓p	ʧˈɛʔ↓p	1	0	0	0
chét	TONE_SAC	cɛ↗t	ʧˈɛ↗t	1	0	0	0
chẹt	TONE_NANG	cɛʔ↓t	ʧˈɛʔ↓t	1	0	0	0
cheng	TONE_NGANG	cɛ→ŋ	ʧˈɛŋ	0	0	0	0
chèng	TONE_HUYEN	cɛ↘ŋ	ʧˈɛ↘ŋ	1	0	0	0
chéng	TONE_SAC	cɛ↗ŋ	ʧˈɛ↗ŋ	1	0	0	0
chêng	TONE_HOI	cɛ↓ŋ	ʧˈen ðˈe→	0	0	0	0
chẽng	TONE_NGA	cɛʔ↗ŋ	ʧˈɛʔ↗ŋ	1	0	0	0
chẹng	TONE_NANG	cɛʔ↓ŋ	ʧˈɛʔ↓ŋ	1	0	0	0
chéc	TONE_SAC	cɛ↗k	ʧˈɛ↗c	1	0	0	0
chẹc	TONE_NANG	cɛʔ↓k	ʧˈɛʔ↓c	1	0	0	0
chéch	TONE_SAC	cɛ↗k	ʧˈɛ↗c hˈa↗t	0	0	0	0
chẹch	TONE_NANG	cɛʔ↓k	ʧˈɛʔ↓c hˈa↗t	0	0	0	0
chê	TONE_NGANG	ce→	ʧˈe	0	0	0	0
chề	TONE_HUYEN	ce↘	ʧˈe↘	1	0	0	0
chế	TONE_SAC	ce↗	ʧˈe↗	1	0	0	0
chê̂	TONE_HOI	ce↓	ʧˈe	0	0	0	0
chễ	TONE_NGA	ceʔ↗	ʧˈeʔ↗	1	0	0	0
chệ	TONE_NANG	ceʔ↓	ʧˈeʔ↓	1	0	0	0
chêo	TONE_NGANG	ce→w	ʧˈe ˈɔ	0	0	0	0
chềo	TONE_HUYEN	ce↘w	ʧˈe↘ ˈɔ	1	0	0	0
chếo	TONE_SAC	ce↗w	ʧˈe↗ ˈɔ	1	0	0	0
chê̂o	TONE_HOI	ce↓w	ʧˈe ˈo	0	0	0	0
chễo	TONE_NGA	ceʔ↗w	ʧˈeʔ↗ ˈɔ	1	0	0	0
chệo	TONE_NANG	ceʔ↓w	ʧˈeʔ↓ ˈɔ	1	0	0	0
chêu	TONE_NGANG	ce→w	ʧˈe→w	1	0	0	0
chều	TONE_HUYEN	ce↘w	ʧˈe↘w	1	0	0	0
chếu	TONE_SAC	ce↗w	ʧˈe↗w	1	0	0	0
chê̂u	TONE_HOI	ce↓w	ʧˈe ˈu	0	0	0	0
chễu	TONE_NGA	ceʔ↗w	ʧˈeʔ↗w	1	0	0	0
chệu	TONE_NANG	ceʔ↓w	ʧˈeʔ↓w	1	0	0	0
chêm	TONE_NGANG	ce→m	ʧˈem	0	0	0	0
chềm	TONE_HUYEN	ce↘m	ʧˈe↘m	1	0	0	0
chếm	TONE_SAC	ce↗m	ʧˈe↗m	1	0	0	0
chê̂m	TONE_HOI	ce↓m	ʧˈe mˈəː↘	0	0	0	0
chễm	TONE_NGA	ceʔ↗m	ʧˈeʔ↗m	1	0	0	0
chệm	TONE_NANG	ceʔ↓m	ʧˈeʔ↓m	1	0	0	0
chên	TONE_NGANG	ce→n	ʧˈen	0	0	0	0
chền	TONE_HUYEN	ce↘n	ʧˈe↘n	1	0	0	0
chến	TONE_SAC	ce↗n	ʧˈe↗n	1	0	0	0
chê̂n	TONE_HOI	ce↓n	ʧˈe nˈəː↘	0	0	0	0
chễn	TONE_NGA	ceʔ↗n	ʧˈeʔ↗n	1	0	0	0
chện	TONE_NANG	ceʔ↓n	ʧˈeʔ↓n	1	0	0	0
chếp	TONE_SAC	ce↗p	ʧˈe↗p	1	0	0	0
chệp	TONE_NANG	ceʔ↓p	ʧˈeʔ↓p	1	0	0	0
chết	TONE_SAC	ce↗t	ʧˈe↗t	1	0	0	0
chệt	TONE_NANG	ceʔ↓t	ʧˈeʔ↓t	1	0	0	0
chênh	TONE_NGANG	ce→ɲ	ʧˈeɲ	0	0	0	0
chềnh	TONE_HUYEN	ce↘ɲ	ʧˈe↘ɲ	1	0	0	0
chếnh	TONE_SAC	ce↗ɲ	ʧˈe↗ɲ	1	0	0	0
chê̂nh	TONE_HOI	ce↓ɲ	ʧˈe ˌɛnˈeɪʧ	0	0	0	0
chễnh	TONE_NGA	ceʔ↗ɲ	ʧˈeʔ↗ɲ	1	0	0	0
chệnh	TONE_NANG	ceʔ↓ɲ	ʧˈeʔ↓ɲ	1	0	0	0
chếc	TONE_SAC	ce↗k	ʧˈe↗ sˈe	0	0	0	0
chệc	TONE_NANG	ceʔ↓k	ʧˈeʔ↓ sˈe	0	0	0	0
chếch	TONE_SAC	ce↗k	ʧˈe↗c	1	0	0	0
chệch	TONE_NANG	ceʔ↓k	ʧˈeʔ↓c	1	0	0	0
chi	TONE_NGANG	ci→	ʧˈi	0	0	0	0
chì	TONE_HUYEN	ci↘	ʧˈi↘	1	0	0	0
chí	TONE_SAC	ci↗	ʧˈi↗	1	0	0	0
chî	TONE_HOI	ci↓	ʧˈi	0	0	0	0
chĩ	TONE_NGA	ciʔ↗	ʧˈiʔ↗	1	0	0	0
chị	TONE_NANG	ciʔ↓	ʧˈiʔ↓	1	0	0	0
chio	TONE_NGANG	ci→w	ʃˈiːoʊ	0	0	0	0
chìo	TONE_HUYEN	ci↘w	ʧˈi↘ ˈɔ	1	0	0	0
chío	TONE_SAC	ci↗w	ʃˈiːoʊ	0	0	0	0
chîo	TONE_HOI	ci↓w	ʃˈiːoʊ	0	0	0	0
chĩo	TONE_NGA	ciʔ↗w	ʧˈiʔ↗ ˈɔ	1	0	0	0
chịo	TONE_NANG	ciʔ↓w	ʧˈiʔ↓ ˈɔ	1	0	0	0
chiu	TONE_NGANG	ci→w	ʧˈiw	0	0	0	0
chìu	TONE_HUYEN	ci↘w	ʧˈi↘w	1	0	0	0
chíu	TONE_SAC	ci↗w	ʧˈi↗w	1	0	0	0
chîu	TONE_HOI	ci↓w	ʧˈiw	0	0	0	0
chĩu	TONE_NGA	ciʔ↗w	ʧˈiʔ↗w	1	0	0	0
chịu	TONE_NANG	ciʔ↓w	ʧˈiʔ↓w	1	0	0	0
chim	TONE_NGANG	ci→m	ʧˈim	0	0	0	0
chìm	TONE_HUYEN	ci↘m	ʧˈi↘m	1	0	0	0
chím	TONE_SAC	ci↗m	ʧˈi↗m	1	0	0	0
chîm	TONE_HOI	ci↓m	ʧˈim	0	0	0	0
chĩm	TONE_NGA	ciʔ↗m	ʧˈiʔ↗m	1	0	0	0
chịm	TONE_NANG	ciʔ↓m	ʧˈiʔ↓m	1	0	0	0
chin	TONE_NGANG	ci→n	ʧˈin	0	0	0	0
chìn	TONE_HUYEN	ci↘n	ʧˈi↘n	1	0	0	0
chín	TONE_SAC	ci↗n	ʧˈi↗n	1	0	0	0
chîn	TONE_HOI	ci↓n	ʧˈin	0	0	0	0
chĩn	TONE_NGA	ciʔ↗n	ʧˈiʔ↗n	1	0	0	0
chịn	TONE_NANG	ciʔ↓n	ʧˈiʔ↓n	1	0	0	0
chíp	TONE_SAC	ci↗p	ʧˈi↗p	1	0	0	0
chịp	TONE_NANG	ciʔ↓p	ʧˈiʔ↓p	1	0	0	0
chít	TONE_SAC	ci↗t	ʧˈi↗t	1	0	0	0
chịt	TONE_NANG	ciʔ↓t	ʧˈiʔ↓t	1	0	0	0
chinh	TONE_NGANG	ci→ɲ	ʧˈiɲ	0	0	0	1
chình	TONE_HUYEN	ci↘ɲ	ʧˈi↘ɲ	1	0	0	1
chính	TONE_SAC	ci↗ɲ	ʧˈi↗ɲ	1	0	0	1
chînh	TONE_HOI	ci↓ɲ	ʧˈiɲ	0	0	0	1
chĩnh	TONE_NGA	ciʔ↗ɲ	ʧˈiʔ↗ɲ	1	0	0	1
chịnh	TONE_NANG	ciʔ↓ɲ	ʧˈiʔ↓ɲ	1	0	0	1
chíc	TONE_SAC	ci↗k	ʧˈi↗ sˈe	0	0	0	0
chịc	TONE_NANG	ciʔ↓k	ʧˈiʔ↓ sˈe	0	0	0	0
chích	TONE_SAC	ci↗k	ʧˈi↗c	1	0	0	0
chịch	TONE_NANG	ciʔ↓k	ʧˈiʔ↓c	1	0	0	0
chy	TONE_NGANG	ci→	ʧˈi	0	0	0	0
chỳ	TONE_HUYEN	ci↘	ʧˈi↘	1	0	0	0
chý	TONE_SAC	ci↗	ʧˈi↗	1	0	0	0
chŷ	TONE_HOI	ci↓	ʧˈi	0	0	0	0
chỹ	TONE_NGA	ciʔ↗	ʧˈiʔ↗	1	0	0	0
chỵ	TONE_NANG	ciʔ↓	ʧˈiʔ↓	1	0	0	0
chyo	TONE_NGANG	ci→w	sˈiː hˈaɪoʊ	0	0	0	0
chỳo	TONE_HUYEN	ci↘w	ʧˈi↘ ˈɔ	1	0	0	0
chýo	TONE_SAC	ci↗w	ʧˈi↗ ˈɔ	1	0	0	0
chŷo	TONE_HOI	ci↓w	sˈiː hˈaɪoʊ	0	0	0	0
chỹo	TONE_NGA	ciʔ↗w	ʧˈiʔ↗ ˈɔ	1	0	0	0
chỵo	TONE_NANG	ciʔ↓w	ʧˈiʔ↓ ˈɔ	1	0	0	0
chyu	TONE_NGANG	ci→w	sˈiː hˈaɪuː	0	0	0	0
chỳu	TONE_HUYEN	ci↘w	ʧˈi↘ ˈu	0	0	0	0
chýu	TONE_SAC	ci↗w	ʧˈi↗ ˈu	0	0	0	0
chŷu	TONE_HOI	ci↓w	sˈiː hˈaɪuː	0	0	0	0
chỹu	TONE_NGA	ciʔ↗w	ʧˈiʔ↗ ˈu	0	0	0	0
chỵu	TONE_NANG	ciʔ↓w	ʧˈiʔ↓ ˈu	0	0	0	0
chym	TONE_NGANG	ci→m	sˈiː hˈɪm	0	0	0	0
chỳm	TONE_HUYEN	ci↘m	ʧˈi↘ ˈməː↘	0	0	0	0
chým	TONE_SAC	ci↗m	ʧˈi↗ ˈməː↘	0	0	0	0
chŷm	TONE_HOI	ci↓m	sˈiː hˈɪm	0	0	0	0
chỹm	TONE_NGA	ciʔ↗m	ʧˈiʔ↗ ˈməː↘	0	0	0	0
chỵm	TONE_NANG	ciʔ↓m	ʧˈiʔ↓ ˈməː↘	0	0	0	0
chyn	TONE_NGANG	ci→n	ʧˈi ˈɛn	0	0	0	0
chỳn	TONE_HUYEN	ci↘n	ʧˈi↘ ˈɛnəː↘	0	0	0	0
chýn	TONE_SAC	ci↗n	ʧˈi↗ ˈɛnəː↘	0	0	0	0
chŷn	TONE_HOI	ci↓n	ʧˈi ˈɛn	0	0	0	0
chỹn	TONE_NGA	ciʔ↗n	ʧˈiʔ↗ ˈɛnəː↘	0	0	0	0
chỵn	TONE_NANG	ciʔ↓n	ʧˈiʔ↓ ˈɛnəː↘	0	0	0	0
chýp	TONE_SAC	ci↗p	ʧˈi↗ pˈe	0	0	0	0
chỵp	TONE_NANG	ciʔ↓p	ʧˈiʔ↓ pˈe	0	0	0	0
chýt	TONE_SAC	ci↗t	ʧˈi↗ tˈe	0	0	0	0
chỵt	TONE_NANG	ciʔ↓t	ʧˈiʔ↓ tˈe	0	0	0	0
chynh	TONE_NGANG	ci→ɲ	sˈiːˈeɪʧ ˈɪn	0	0	0	0
chỳnh	TONE_HUYEN	ci↘ɲ	ʧˈi↘ ˈɛnəː↘hˈa↗t	0	0	0	0
chýnh	TONE_SAC	ci↗ɲ	ʧˈi↗ ˈɛnəː↘hˈa↗t	0	0	0	0
chŷnh	TONE_HOI	ci↓ɲ	sˈiːˈeɪʧ ˈɪn	0	0	0	0
chỹnh	TONE_NGA	ciʔ↗ɲ	ʧˈiʔ↗ ˈɛnəː↘hˈa↗t	0	0	0	0
chỵnh	TONE_NANG	ciʔ↓ɲ	ʧˈiʔ↓ ˈɛnəː↘hˈa↗t	0	0	0	0
chýc	TONE_SAC	ci↗k	ʧˈi↗ sˈe	0	0	0	0
chỵc	TONE_NANG	ciʔ↓k	ʧˈiʔ↓ sˈe	0	0	0	0
chých	TONE_SAC	ci↗k	ʧˈi↗ sˈehˈa↗t	0	0	0	0
chỵch	TONE_NANG	ciʔ↓k	ʧˈiʔ↓ sˈehˈa↗t	0	0	0	0
cho	TONE_NGANG	cɔ→	ʧˌɔ	0	0	0	0
chò	TONE_HUYEN	cɔ↘	ʧˈɔ↘	1	0	0	0
chó	TONE_SAC	cɔ↗	ʧˈɔ↗	1	0	0	0
chô	TONE_HOI	cɔ↓	ʧˈo	0	0	0	0
chõ	TONE_NGA	cɔʔ↗	ʧˈɔʔ↗	1	0	0	0
chọ	TONE_NANG	cɔʔ↓	ʧˈɔʔ↓	1	0	0	0
choi	TONE_NGANG	cɔ→j	ʧˈɔj	0	0	0	0
chòi	TONE_HUYEN	cɔ↘j	ʧˈɔ↘j	1	0	0	0
chói	TONE_SAC	cɔ↗j	ʧˈɔ↗j	1	0	0	0
chôi	TONE_HOI	cɔ↓j	ʧˈoj	0	0	0	0
chõi	TONE_NGA	cɔʔ↗j	ʧˈɔʔ↗j	1	0	0	0
chọi	TONE_NANG	cɔʔ↓j	ʧˈɔʔ↓j	1	0	0	0
choy	TONE_NGANG	cɔ→j	ʧˈɔɪ	0	0	0	0
chòy	TONE_HUYEN	cɔ↘j	ʧˈɔ↘ ˈi	0	0	0	0
chóy	TONE_SAC	cɔ↗j	ʧˈɔ↗ ˈi	0	0	0	0
chôy	TONE_HOI	cɔ↓j	ʧˈo ˈi	0	0	0	0
chõy	TONE_NGA	cɔʔ↗j	ʧˈɔʔ↗ ˈi	0	0	0	0
chọy	TONE_NANG	cɔʔ↓j	ʧˈɔʔ↓ ˈi	0	0	0	0
chom	TONE_NGANG	cɔ→m	ʧˈɔm	0	0	0	0
chòm	TONE_HUYEN	cɔ↘m	ʧˈɔ↘m	1	0	0	0
chóm	TONE_SAC	cɔ↗m	ʧˈɔ↗m	1	0	0	0
chôm	TONE_HOI	cɔ↓m	ʧˈom	0	0	0	0
chõm	TONE_NGA	cɔʔ↗m	ʧˈɔʔ↗m	1	0	0	0
chọm	TONE_NANG	cɔʔ↓m	ʧˈɔʔ↓m	1	0	0	0
chon	TONE_NGANG	cɔ→n	ʧˈɔn	0	0	0	0
chòn	TONE_HUYEN	cɔ↘n	ʧˈɔ↘n	1	0	0	0
chón	TONE_SAC	cɔ↗n	ʧˈɔ↗n	1	0	0	0
chôn	TONE_HOI	cɔ↓n	ʧˈon	0	0	0	0
chõn	TONE_NGA	cɔʔ↗n	ʧˈɔʔ↗n	1	0	0	0
chọn	TONE_NANG	cɔʔ↓n	ʧˈɔʔ↓n	1	0	0	0
chóp	TONE_SAC	cɔ↗p	ʧˈɔ↗p	1	0	0	0
chọp	TONE_NANG	cɔʔ↓p	ʧˈɔʔ↓p	1	0	0	0
chót	TONE_SAC	cɔ↗t	ʧˈɔ↗t	1	0	0	0
chọt	TONE_NANG	cɔʔ↓t	ʧˈɔʔ↓t	1	0	0	0
chong	TONE_NGANG	cɔ→ŋ	ʧˈɔŋ	0	0	0	0
chòng	TONE_HUYEN	cɔ↘ŋ	ʧˈɔ↘ŋ	1	0	0	0
chóng	TONE_SAC	cɔ↗ŋ	ʧˈɔ↗ŋ	1	0	0	0
chông	TONE_HOI	cɔ↓ŋ	ʧˈoŋ	0	0	0	0
chõng	TONE_NGA	cɔʔ↗ŋ	ʧˈɔʔ↗ŋ	1	0	0	0
chọng	TONE_NANG	cɔʔ↓ŋ	ʧˈɔʔ↓ŋ	1	0	0	0
chóc	TONE_SAC	cɔ↗k	ʧˈɔ↗k	1	0	0	0
chọc	TONE_NANG	cɔʔ↓k	ʧˈɔʔ↓k	1	0	0	0
chóch	TONE_SAC	cɔ↗k	ʧˈɔ↗k hˈa↗t	0	0	0	0
chọch	TONE_NANG	cɔʔ↓k	ʧˈɔʔ↓k hˈa↗t	0	0	0	0
chô	TONE_NGANG	co→	ʧˈo	0	0	0	0
chồ	TONE_HUYEN	co↘	ʧˈo↘	1	0	0	0
chố	TONE_SAC	co↗	ʧˈo↗	1	0	0	0
chô̂	TONE_HOI	co↓	ʧˈo	0	0	0	0
chỗ	TONE_NGA	coʔ↗	ʧˈoʔ↗	1	0	0	0
chộ	TONE_NANG	coʔ↓	ʧˈoʔ↓	1	0	0	0
chôi	TONE_NGANG	co→j	ʧˈoj	0	0	0	0
chồi	TONE_HUYEN	co↘j	ʧˈo↘j	1	0	0	0
chối	TONE_SAC	co↗j	ʧˈo↗j	1	0	0	0
chô̂i	TONE_HOI	co↓j	ʧˈo ˈi	0	0	0	0
chỗi	TONE_NGA	coʔ↗j	ʧˈoʔ↗j	1	0	0	0
chội	TONE_NANG	coʔ↓j	ʧˈoʔ↓j	1	0	0	0
chôy	TONE_NGANG	co→j	ʧˈo ˈi	0	0	0	0
chồy	TONE_HUYEN	co↘j	ʧˈo↘ ˈi	0	0	0	0
chốy	TONE_SAC	co↗j	ʧˈo↗ ˈi	0	0	0	0
chô̂y	TONE_HOI	co↓j	ʧˈo ˈi	0	0	0	0
chỗy	TONE_NGA	coʔ↗j	ʧˈoʔ↗ ˈi	0	0	0	0
chộy	TONE_NANG	coʔ↓j	ʧˈoʔ↓ ˈi	0	0	0	0
chôm	TONE_NGANG	co→m	ʧˈom	0	0	0	0
chồm	TONE_HUYEN	co↘m	ʧˈo↘m	1	0	0	0
chốm	TONE_SAC	co↗m	ʧˈo↗m	1	0	0	0
chô̂m	TONE_HOI	co↓m	ʧˈo mˈəː↘	0	0	0	0
chỗm	TONE_NGA	coʔ↗m	ʧˈoʔ↗m	1	0	0	0
chộm	TONE_NANG	coʔ↓m	ʧˈoʔ↓m	1	0	0	0
chôn	TONE_NGANG	co→n	ʧˈon	0	0	0	0
chồn	TONE_HUYEN	co↘n	ʧˈo↘n	1	0	0	0
chốn	TONE_SAC	co↗n	ʧˈo↗n	1	0	0	0
chô̂n	TONE_HOI	co↓n	ʧˈo nˈəː↘	0	0	0	0
chỗn	TONE_NGA	coʔ↗n	ʧˈoʔ↗n	1	0	0	0
chộn	TONE_NANG	coʔ↓n	ʧˈoʔ↓n	1	0	0	0
chốp	TONE_SAC	co↗p	ʧˈo↗p	1	0	0	0
chộp	TONE_NANG	coʔ↓p	ʧˈoʔ↓p	1	0	0	0
chốt	TONE_SAC	co↗t	ʧˈo↗t	1	0	0	0
chột	TONE_NANG	coʔ↓t	ʧˈoʔ↓t	1	0	0	0
chông	TONE_NGANG	co→ŋ	ʧˈoŋ	0	0	0	0
chồng	TONE_HUYEN	co↘ŋ	ʧˈo↘ŋ	1	0	0	0
chống	TONE_SAC	co↗ŋ	ʧˈo↗ŋ	1	0	0	0
chô̂ng	TONE_HOI	co↓ŋ	ʧˈo ˌɛndʒˈiː	0	0	0	0
chỗng	TONE_NGA	coʔ↗ŋ	ʧˈoʔ↗ŋ	1	0	0	0
chộng	TONE_NANG	coʔ↓ŋ	ʧˈoʔ↓ŋ	1	0	0	0
chốc	TONE_SAC	co↗k	ʧˈo↗k	1	0	0	0
chộc	TONE_NANG	coʔ↓k	ʧˈoʔ↓k	1	0	0	0
chốch	TONE_SAC	co↗k	ʧˈo↗k hˈa↗t	0	0	0	0
chộch	TONE_NANG	coʔ↓k	ʧˈoʔ↓k hˈa↗t	0	0	0	0
chơ	TONE_NGANG	cəː→	ʧˈəː	0	0	0	0
chờ	TONE_HUYEN	cəː↘	ʧˈəː↘	1	0	0	0
chớ	TONE_SAC	cəː↗	ʧˈəː↗	1	0	0	0
chơ̂	TONE_HOI	cəː↓	ʧˈəː	0	0	0	0
chỡ	TONE_NGA	cəːʔ↗	ʧˈəːʔ↗	1	0	0	0
chợ	TONE_NANG	cəːʔ↓	ʧˈəːʔ↓	1	0	0	0
chơi	TONE_NGANG	cəː→j	ʧˈəːj	0	0	0	0
chời	TONE_HUYEN	cəː↘j	ʧˈəː↘j	1	0	0	0
chới	TONE_SAC	cəː↗j	ʧˈəː↗j	1	0	0	0
chơ̂i	TONE_HOI	cəː↓j	ʧˈəː ˈi	0	0	0	0
chỡi	TONE_NGA	cəːʔ↗j	ʧˈəːʔ↗j	1	0	0	0
chợi	TONE_NANG	cəːʔ↓j	ʧˈəːʔ↓j	1	0	0	0
chơy	TONE_NGANG	cəː→j	ʧˈəː ˈi	0	0	0	0
chờy	TONE_HUYEN	cəː↘j	ʧˈəː↘ ˈi	0	0	0	0
chớy	TONE_SAC	cəː↗j	ʧˈəː↗ ˈi	0	0	0	0
chơ̂y	TONE_HOI	cəː↓j	ʧˈəː ˈi	0	0	0	0
chỡy	TONE_NGA	cəːʔ↗j	ʧˈəːʔ↗ ˈi	0	0	0	0
chợy	TONE_NANG	cəːʔ↓j	ʧˈəːʔ↓ ˈi	0	0	0	0
chơm	TONE_NGANG	cəː→m	ʧˈəːm	0	0	0	0
chờm	TONE_HUYEN	cəː↘m	ʧˈəː↘m	1	0	0	0
chớm	TONE_SAC	cəː↗m	ʧˈəː↗m	1	0	0	0
chơ̂m	TONE_HOI	cəː↓m	ʧˈəː mˈəː↘	0	0	0	0
chỡm	TONE_NGA	cəːʔ↗m	ʧˈəːʔ↗m	1	0	0	0
chợm	TONE_NANG	cəːʔ↓m	ʧˈəːʔ↓m	1	0	0	0
chơn	TONE_NGANG	cəː→n	ʧˈəːn	0	0	0	0
chờn	TONE_HUYEN	cəː↘n	ʧˈəː↘n	1	0	0	0
chớn	TONE_SAC	cəː↗n	ʧˈəː↗n	1	0	0	0
chơ̂n	TONE_HOI	cəː↓n	ʧˈəː nˈəː↘	0	0	0	0
chỡn	TONE_NGA	cəːʔ↗n	ʧˈəːʔ↗n	1	0	0	0
chợn	TONE_NANG	cəːʔ↓n	ʧˈəːʔ↓n	1	0	0	0
chớp	TONE_SAC	cəː↗p	ʧˈəː↗p	1	0	0	0
chợp	TONE_NANG	cəːʔ↓p	ʧˈəːʔ↓p	1	0	0	0
chớt	TONE_SAC	cəː↗t	ʧˈəː↗t	1	0	0	0
chợt	TONE_NANG	cəːʔ↓t	ʧˈəːʔ↓t	1	0	0	0
chớc	TONE_SAC	cəː↗k	ʧˈəː↗ sˈe	0	0	0	0
chợc	TONE_NANG	cəːʔ↓k	ʧˈəːʔ↓ sˈe	0	0	0	0
chớch	TONE_SAC	cəː↗k	ʧˈəː↗ sˈehˈa↗t	0	0	0	0
chợch	TONE_NANG	cəːʔ↓k	ʧˈəːʔ↓ sˈehˈa↗t	0	0	0	0
chu	TONE_NGANG	cu→	ʧˈu	0	0	0	0
chù	TONE_HUYEN	cu↘	ʧˈu↘	1	0	0	0
chú	TONE_SAC	cu↗	ʧˈu↗	1	0	0	0
chû	TONE_HOI	cu↓	ʧˈu	0	0	0	0
chũ	TONE_NGA	cuʔ↗	ʧˈuʔ↗	1	0	0	0
chụ	TONE_NANG	cuʔ↓	ʧˈuʔ↓	1	0	0	0
chui	TONE_NGANG	cu→j	ʧˈuj	0	0	0	0
chùi	TONE_HUYEN	cu↘j	ʧˈu↘j	1	0	0	0
chúi	TONE_SAC	cu↗j	ʧˈu↗j	1	0	0	0
chûi	TONE_HOI	cu↓j	ʧˈuj	0	0	0	0
chũi	TONE_NGA	cuʔ↗j	ʧˈuʔ↗j	1	0	0	0
chụi	TONE_NANG	cuʔ↓j	ʧˈuʔ↓j	1	0	0	0
chuy	TONE_NGANG	cu→j	ʧwˈi	0	0	0	0
chùy	TONE_HUYEN	cu↘j	ʧwˈi↘	1	0	0	0
chúy	TONE_SAC	cu↗j	sˈe hwˈi↗	1	0	0	0
chûy	TONE_HOI	cu↓j	ʧwˈi	0	0	0	0
chũy	TONE_NGA	cuʔ↗j	ʧˈuʔ↗ ˈi	0	0	0	0
chụy	TONE_NANG	cuʔ↓j	ʧˈuʔ↓ ˈi	0	0	0	0
chum	TONE_NGANG	cu→m	ʧˈum	0	0	0	0
chùm	TONE_HUYEN	cu↘m	ʧˈu↘m	1	0	0	0
chúm	TONE_SAC	cu↗m	ʧˈu↗m	1	0	0	0
chûm	TONE_HOI	cu↓m	ʧˈum	0	0	0	0
chũm	TONE_NGA	cuʔ↗m	ʧˈuʔ↗m	1	0	0	0
chụm	TONE_NANG	cuʔ↓m	ʧˈuʔ↓m	1	0	0	0
chun	TONE_NGANG	cu→n	ʧˈun	0	0	0	0
chùn	TONE_HUYEN	cu↘n	ʧˈu↘n	1	0	0	0
chún	TONE_SAC	cu↗n	ʧˈu↗n	1	0	0	0
chûn	TONE_HOI	cu↓n	ʧˈun	0	0	0	0
chũn	TONE_NGA	cuʔ↗n	ʧˈuʔ↗n	1	0	0	0
chụn	TONE_NANG	cuʔ↓n	ʧˈuʔ↓n	1	0	0	0
chúp	TONE_SAC	cu↗p	ʧˈu↗p	1	0	0	0
chụp	TONE_NANG	cuʔ↓p	ʧˈuʔ↓p	1	0	0	0
chút	TONE_SAC	cu↗t	ʧˈu↗t	1	0	0	0
chụt	TONE_NANG	cuʔ↓t	ʧˈuʔ↓t	1	0	0	0
chung	TONE_NGANG	cu→ŋ	ʧˈuŋ	0	0	0	0
chùng	TONE_HUYEN	cu↘ŋ	ʧˈu↘ŋ	1	0	0	0
chúng	TONE_SAC	cu↗ŋ	ʧˈu↗ŋ	1	0	0	0
chûng	TONE_HOI	cu↓ŋ	ʧˈuŋ	0	0	0	0
chũng	TONE_NGA	cuʔ↗ŋ	ʧˈuʔ↗ŋ	1	0	0	0
chụng	TONE_NANG	cuʔ↓ŋ	ʧˈuʔ↓ŋ	1	0	0	0
chúc	TONE_SAC	cu↗k	ʧˈu↗c	1	0	0	0
chục	TONE_NANG	cuʔ↓k	ʧˈuʔ↓c	1	0	0	0
chúch	TONE_SAC	cu↗k	ʧˈu↗c hˈa↗t	0	0	0	0
chụch	TONE_NANG	cuʔ↓k	ʧˈuʔ↓c hˈa↗t	0	0	0	0
chư	TONE_NGANG	cɨ→	ʧˈy	0	0	0	0
chừ	TONE_HUYEN	cɨ↘	ʧˈy↘	1	0	0	0
chứ	TONE_SAC	cɨ↗	ʧˈy↗	1	0	0	0
chư̂	TONE_HOI	cɨ↓	ʧˈy	0	0	0	0
chữ	TONE_NGA	cɨʔ↗	ʧˈyʔ↗	1	0	0	0
chự	TONE_NANG	cɨʔ↓	ʧˈyʔ↓	1	0	0	0
chưi	TONE_NGANG	cɨ→j	ʧˈyj	0	0	0	0
chừi	TONE_HUYEN	cɨ↘j	ʧˈy↘j	1	0	0	0
chứi	TONE_SAC	cɨ↗j	ʧˈy↗j	1	0	0	0
chư̂i	TONE_HOI	cɨ↓j	ʧˈy ˈi	0	0	0	0
chữi	TONE_NGA	cɨʔ↗j	ʧˈyʔ↗j	1	0	0	0
chựi	TONE_NANG	cɨʔ↓j	ʧˈyʔ↓j	1	0	0	0
chưy	TONE_NGANG	cɨ→j	ʧˈy ˈi	0	0	0	0
chừy	TONE_HUYEN	cɨ↘j	ʧˈy↘ ˈi	0	0	0	0
chứy	TONE_SAC	cɨ↗j	ʧˈy↗ ˈi	0	0	0	0
chư̂y	TONE_HOI	cɨ↓j	ʧˈy ˈi	0	0	0	0
chữy	TONE_NGA	cɨʔ↗j	ʧˈyʔ↗ ˈi	0	0	0	0
chựy	TONE_NANG	cɨʔ↓j	ʧˈyʔ↓ ˈi	0	0	0	0
chưo	TONE_NGANG	cɨ→w	ʧˈy ˈɔ	0	0	0	0
chừo	TONE_HUYEN	cɨ↘w	ʧˈy↘ ˈɔ	1	0	0	0
chứo	TONE_SAC	cɨ↗w	ʧˈy↗ ˈɔ	1	0	0	0
chư̂o	TONE_HOI	cɨ↓w	ʧˈy ˈo	0	0	0	0
chữo	TONE_NGA	cɨʔ↗w	ʧˈyʔ↗ ˈɔ	1	0	0	0
chựo	TONE_NANG	cɨʔ↓w	ʧˈyʔ↓ ˈɔ	1	0	0	0
chưu	TONE_NGANG	cɨ→w	ʧˈiw	0	0	0	0
chừu	TONE_HUYEN	cɨ↘w	ʧˈi↘w	1	0	0	0
chứu	TONE_SAC	cɨ↗w	ʧˈi↗w	1	0	0	0
chư̂u	TONE_HOI	cɨ↓w	ʧˈy ˈu	0	0	0	0
chữu	TONE_NGA	cɨʔ↗w	ʧˈiʔ↗w	1	0	0	0
chựu	TONE_NANG	cɨʔ↓w	ʧˈiʔ↓w	1	0	0	0
chưm	TONE_NGANG	cɨ→m	ʧˈym	0	0	0	0
chừm	TONE_HUYEN	cɨ↘m	ʧˈy↘m	1	0	0	0
chứm	TONE_SAC	cɨ↗m	ʧˈy↗m	1	0	0	0
chư̂m	TONE_HOI	cɨ↓m	ʧˈy mˈəː↘	0	0	0	0
chữm	TONE_NGA	cɨʔ↗m	ʧˈyʔ↗m	1	0	0	0
chựm	TONE_NANG	cɨʔ↓m	ʧˈyʔ↓m	1	0	0	0
chưn	TONE_NGANG	cɨ→n	ʧˈyn	0	0	0	0
chừn	TONE_HUYEN	cɨ↘n	ʧˈy↘n	1	0	0	0
chứn	TONE_SAC	cɨ↗n	ʧˈy↗n	1	0	0	0
chư̂n	TONE_HOI	cɨ↓n	ʧˈy nˈəː↘	0	0	0	0
chữn	TONE_NGA	cɨʔ↗n	ʧˈyʔ↗n	1	0	0	0
chựn	TONE_NANG	cɨʔ↓n	ʧˈyʔ↓n	1	0	0	0
chứp	TONE_SAC	cɨ↗p	ʧˈy↗ pˈe	0	0	0	0
chựp	TONE_NANG	cɨʔ↓p	ʧˈyʔ↓ pˈe	0	0	0	0
chứt	TONE_SAC	cɨ↗t	ʧˈy↗t	1	0	0	0
chựt	TONE_NANG	cɨʔ↓t	ʧˈyʔ↓t	1	0	0	0
chưng	TONE_NGANG	cɨ→ŋ	ʧˈyŋ	0	0	0	0
chừng	TONE_HUYEN	cɨ↘ŋ	ʧˈy↘ŋ	1	0	0	0
chứng	TONE_SAC	cɨ↗ŋ	ʧˈy↗ŋ	1	0	0	0
chư̂ng	TONE_HOI	cɨ↓ŋ	ʧˈy ˌɛndʒˈiː	0	0	0	0
chững	TONE_NGA	cɨʔ↗ŋ	ʧˈyʔ↗ŋ	1	0	0	0
chựng	TONE_NANG	cɨʔ↓ŋ	ʧˈyʔ↓ŋ	1	0	0	0
chức	TONE_SAC	cɨ↗k	ʧˈy↗c	1	0	0	0
chực	TONE_NANG	cɨʔ↓k	ʧˈyʔ↓c	1	0	0	0
chứch	TONE_SAC	cɨ↗k	ʧˈy↗c hˈa↗t	0	0	0	0
chựch	TONE_NANG	cɨʔ↓k	ʧˈyʔ↓c hˈa↗t	0	0	0	0
ghiê	TONE_NGANG	ɣiə→	ɣˈi ˈe	0	0	0	0
ghiề	TONE_HUYEN	ɣiə↘	ɣˈi ˈe↘	1	0	0	0
ghiế	TONE_SAC	ɣiə↗	ɣˈi ˈe↗	1	0	0	0
ghiê̂	TONE_HOI	ɣiə↓	ɣˈi ˈe	0	0	0	0
ghiễ	TONE_NGA	ɣiəʔ↗	ɣˈi ˈeʔ↗	1	0	0	0
ghiệ	TONE_NANG	ɣiəʔ↓	ɣˈi ˈeʔ↓	1	0	0	0
ghiêo	TONE_NGANG	ɣiə→w	ɣˈi ˈeˈɔ	0	0	0	0
ghiềo	TONE_HUYEN	ɣiə↘w	ɣˈi ˈe↘ˈɔ	1	0	0	0
ghiếo	TONE_SAC	ɣiə↗w	ɣˈi ˈe↗ˈɔ	1	0	0	0
ghiê̂o	TONE_HOI	ɣiə↓w	ɣˈi ˈe ˈo	0	0	0	0
ghiễo	TONE_NGA	ɣiəʔ↗w	ɣˈi ˈeʔ↗ˈɔ	1	0	0	0
ghiệo	TONE_NANG	ɣiəʔ↓w	ɣˈi ˈeʔ↓ˈɔ	1	0	0	0
ghiêu	TONE_NGANG	ɣiə→w	ɣˈiɛw	0	0	0	0
ghiều	TONE_HUYEN	ɣiə↘w	ɣˈiɛ↘w	1	0	0	0
ghiếu	TONE_SAC	ɣiə↗w	ɣˈiɛ↗w	1	0	0	0
ghiê̂u	TONE_HOI	ɣiə↓w	ɣˈi ˈe ˈu	0	0	0	0
ghiễu	TONE_NGA	ɣiəʔ↗w	ɣˈiɛʔ↗w	1	0	0	0
ghiệu	TONE_NANG	ɣiəʔ↓w	ɣˈiɛʔ↓w	1	0	0	0
ghiêm	TONE_NGANG	ɣiə→m	ɣˈiɛm	0	0	0	0
ghiềm	TONE_HUYEN	ɣiə↘m	ɣˈiɛ↘m	1	0	0	0
ghiếm	TONE_SAC	ɣiə↗m	ɣˈiɛ↗m	1	0	0	0
ghiê̂m	TONE_HOI	ɣiə↓m	ɣˈi ˈe mˈəː↘	0	0	0	0
ghiễm	TONE_NGA	ɣiəʔ↗m	ɣˈiɛʔ↗m	1	0	0	0
ghiệm	TONE_NANG	ɣiəʔ↓m	ɣˈiɛʔ↓m	1	0	0	0
ghiên	TONE_NGANG	ɣiə→n	ɣˈiɛn	0	0	0	0
ghiền	TONE_HUYEN	ɣiə↘n	ɣˈiɛ↘n	1	0	0	0
ghiến	TONE_SAC	ɣiə↗n	ɣˈiɛ↗n	1	0	0	0
ghiê̂n	TONE_HOI	ɣiə↓n	ɣˈi ˈe nˈəː↘	0	0	0	0
ghiễn	TONE_NGA	ɣiəʔ↗n	ɣˈiɛʔ↗n	1	0	0	0
ghiện	TONE_NANG	ɣiəʔ↓n	ɣˈiɛʔ↓n	1	0	0	0
ghiếp	TONE_SAC	ɣiə↗p	ɣˈiɛ↗p	1	0	0	0
ghiệp	TONE_NANG	ɣiəʔ↓p	ɣˈiɛʔ↓p	1	0	0	0
ghiết	TONE_SAC	ɣiə↗t	ɣˈiɛ↗t	1	0	0	0
ghiệt	TONE_NANG	ɣiəʔ↓t	ɣˈiɛʔ↓t	1	0	0	0
ghiêng	TONE_NGANG	ɣiə→ŋ	ɣˈiɛŋ	0	0	0	0
ghiềng	TONE_HUYEN	ɣiə↘ŋ	ɣˈiɛ↘ŋ	1	0	0	0
ghiếng	TONE_SAC	ɣiə↗ŋ	ɣˈiɛ↗ŋ	1	0	0	0
ghiê̂ng	TONE_HOI	ɣiə↓ŋ	ɣˈi ˈe ˌɛndʒˈiː	0	0	0	0
ghiễng	TONE_NGA	ɣiəʔ↗ŋ	ɣˈiɛʔ↗ŋ	1	0	0	0
ghiệng	TONE_NANG	ɣiəʔ↓ŋ	ɣˈiɛʔ↓ŋ	1	0	0	0
ghiênh	TONE_NGANG	ɣiə→ɲ	ɣˈi ˈeɲ	0	0	0	0
ghiềnh	TONE_HUYEN	ɣiə↘ɲ	ɣˈi ˈe↘ɲ	1	0	0	0
ghiếnh	TONE_SAC	ɣiə↗ɲ	ɣˈi ˈe↗ɲ	1	0	0	0
ghiê̂nh	TONE_HOI	ɣiə↓ɲ	ɣˈi ˈe ˌɛnˈeɪʧ	0	0	0	0
ghiễnh	TONE_NGA	ɣiəʔ↗ɲ	ɣˈi ˈeʔ↗ɲ	1	0	0	0
ghiệnh	TONE_NANG	ɣiəʔ↓ɲ	ɣˈi ˈeʔ↓ɲ	1	0	0	0
ghiếc	TONE_SAC	ɣiə↗k	ɣˈiɛ↗c	1	0	0	0
ghiệc	TONE_NANG	ɣiəʔ↓k	ɣˈiɛʔ↓c	1	0	0	0
ghiếch	TONE_SAC	ɣiə↗k	ɣˈi ˈe↗c	1	0	0	0
ghiệch	TONE_NANG	ɣiəʔ↓k	ɣˈi ˈeʔ↓c	1	0	0	0
ghyê	TONE_NGANG	ɣiə→	ɣˈi ˈe	0	0	0	0
ghyề	TONE_HUYEN	ɣiə↘	ɣˈi ˈe↘	1	0	0	0
ghyế	TONE_SAC	ɣiə↗	ɣˈi ˈe↗	1	0	0	0
ghyê̂	TONE_HOI	ɣiə↓	ɣˈi ˈe	0	0	0	0
ghyễ	TONE_NGA	ɣiəʔ↗	ɣˈi ˈeʔ↗	1	0	0	0
ghyệ	TONE_NANG	ɣiəʔ↓	ɣˈi ˈeʔ↓	1	0	0	0
ghyêo	TONE_NGANG	ɣiə→w	ɣˈi ˈeˈɔ	0	0	0	0
ghyềo	TONE_HUYEN	ɣiə↘w	ɣˈi ˈe↘ˈɔ	1	0	0	0
ghyếo	TONE_SAC	ɣiə↗w	ɣˈi ˈe↗ˈɔ	1	0	0	0
ghyê̂o	TONE_HOI	ɣiə↓w	ɣˈi ˈe ˈo	0	0	0	0
ghyễo	TONE_NGA	ɣiəʔ↗w	ɣˈi ˈeʔ↗ˈɔ	1	0	0	0
ghyệo	TONE_NANG	ɣiəʔ↓w	ɣˈi ˈeʔ↓ˈɔ	1	0	0	0
ghyêu	TONE_NGANG	ɣiə→w	ɣˈi ˈeˈu	0	0	0	0
ghyều	TONE_HUYEN	ɣiə↘w	ɣˈi ˈe↘ˈu	0	0	0	0
ghyếu	TONE_SAC	ɣiə↗w	ɣˈi ˈe↗ˈu	0	0	0	0
ghyê̂u	TONE_HOI	ɣiə↓w	ɣˈi ˈe ˈu	0	0	0	0
ghyễu	TONE_NGA	ɣiəʔ↗w	ɣˈi ˈeʔ↗ˈu	0	0	0	0
ghyệu	TONE_NANG	ɣiəʔ↓w	ɣˈi ˈeʔ↓ˈu	0	0	0	0
ghyêm	TONE_NGANG	ɣiə→m	ɣˈi ˈem	0	0	0	0
ghyềm	TONE_HUYEN	ɣiə↘m	ɣˈi ˈe↘m	1	0	0	0
ghyếm	TONE_SAC	ɣiə↗m	ɣˈi ˈe↗m	1	0	0	0
ghyê̂m	TONE_HOI	ɣiə↓m	ɣˈi ˈe mˈəː↘	0	0	0	0
ghyễm	TONE_NGA	ɣiəʔ↗m	ɣˈi ˈeʔ↗m	1	0	0	0
ghyệm	TONE_NANG	ɣiəʔ↓m	ɣˈi ˈeʔ↓m	1	0	0	0
ghyên	TONE_NGANG	ɣiə→n	ɣˈi ˈen	0	0	0	0
ghyền	TONE_HUYEN	ɣiə↘n	ɣˈi ˈe↘n	1	0	0	0
ghyến	TONE_SAC	ɣiə↗n	ɣˈi ˈe↗n	1	0	0	0
ghyê̂n	TONE_HOI	ɣiə↓n	ɣˈi ˈe nˈəː↘	0	0	0	0
ghyễn	TONE_NGA	ɣiəʔ↗n	ɣˈi ˈeʔ↗n	1	0	0	0
ghyện	TONE_NANG	ɣiəʔ↓n	ɣˈi ˈeʔ↓n	1	0	0	0
ghyếp	TONE_SAC	ɣiə↗p	ɣˈi ˈe↗p	1	0	0	0
ghyệp	TONE_NANG	ɣiəʔ↓p	ɣˈi ˈeʔ↓p	1	0	0	0
ghyết	TONE_SAC	ɣiə↗t	ɣˈi ˈe↗t	1	0	0	0
ghyệt	TONE_NANG	ɣiəʔ↓t	ɣˈi ˈeʔ↓t	1	0	0	0
ghyêng	TONE_NGANG	ɣiə→ŋ	ðˈe→hˈa↗t ˈiɛŋ	0	0	0	0
ghyềng	TONE_HUYEN	ɣiə↘ŋ	ðˈe→hˈa↗t ˈiɛ↘ŋ	0	0	0	0
ghyếng	TONE_SAC	ɣiə↗ŋ	ðˈe→hˈa↗t ˈiɛ↗ŋ	0	0	0	0
ghyê̂ng	TONE_HOI	ɣiə↓ŋ	ɣˈi ˈe ˌɛndʒˈiː	0	0	0	0
ghyễng	TONE_NGA	ɣiəʔ↗ŋ	ðˈe→hˈa↗t ˈiɛʔ↗ŋ	0	0	0	0
ghyệng	TONE_NANG	ɣiəʔ↓ŋ	ðˈe→hˈa↗t ˈiɛʔ↓ŋ	0	0	0	0
ghyênh	TONE_NGANG	ɣiə→ɲ	ɣˈi ˈeɲ	0	0	0	0
ghyềnh	TONE_HUYEN	ɣiə↘ɲ	ɣˈi ˈe↘ɲ	1	0	0	0
ghyếnh	TONE_SAC	ɣiə↗ɲ	ɣˈi ˈe↗ɲ	1	0	0	0
ghyê̂nh	TONE_HOI	ɣiə↓ɲ	ɣˈi ˈe ˌɛnˈeɪʧ	0	0	0	0
ghyễnh	TONE_NGA	ɣiəʔ↗ɲ	ɣˈi ˈeʔ↗ɲ	1	0	0	0
ghyệnh	TONE_NANG	ɣiəʔ↓ɲ	ɣˈi ˈeʔ↓ɲ	1	0	0	0
ghyếc	TONE_SAC	ɣiə↗k	ɣˈi ˈe↗sˈe	0	0	0	0
ghyệc	TONE_NANG	ɣiəʔ↓k	ɣˈi ˈeʔ↓sˈe	0	0	0	0
ghyếch	TONE_SAC	ɣiə↗k	ɣˈi ˈe↗c	1	0	0	0
ghyệch	TONE_NANG	ɣiəʔ↓k	ɣˈi ˈeʔ↓c	1	0	0	0
ghia	TONE_NGANG	ɣiə→	ɣˈiə	0	0	0	0
ghìa	TONE_HUYEN	ɣiə↘	ɣˈiə↘	1	0	0	0
ghía	TONE_SAC	ɣiə↗	ɣˈiə↗	1	0	0	0
ghîa	TONE_HOI	ɣiə↓	ɣˈiə	0	0	0	0
ghĩa	TONE_NGA	ɣiəʔ↗	ɣˈiəʔ↗	1	0	0	0
ghịa	TONE_NANG	ɣiəʔ↓	ɣˈiəʔ↓	1	0	0	0
ghiao	TONE_NGANG	ɣiə→w	ɣˈiə ˈoʊ	0	0	0	0
ghìao	TONE_HUYEN	ɣiə↘w	ɣˈiə↘ ˈɔ	1	0	0	0
ghíao	TONE_SAC	ɣiə↗w	ɣˈiə↗ ˈɔ	1	0	0	0
ghîao	TONE_HOI	ɣiə↓w	ɣˈiə ˈoʊ	0	0	0	0
ghĩao	TONE_NGA	ɣiəʔ↗w	ɣˈiəʔ↗ ˈɔ	1	0	0	0
ghịao	TONE_NANG	ɣiəʔ↓w	ɣˈiəʔ↓ ˈɔ	1	0	0	0
ghiau	TONE_NGANG	ɣiə→w	ɣˈiə jˈuː	0	0	0	0
ghìau	TONE_HUYEN	ɣiə↘w	ɣˈiə↘ ˈu	0	0	0	0
ghíau	TONE_SAC	ɣiə↗w	ɣˈiə↗ ˈu	0	0	0	0
ghîau	TONE_HOI	ɣiə↓w	ɣˈiə jˈuː	0	0	0	0
ghĩau	TONE_NGA	ɣiəʔ↗w	ɣˈiəʔ↗ ˈu	0	0	0	0
ghịau	TONE_NANG	ɣiəʔ↓w	ɣˈiəʔ↓ ˈu	0	0	0	0
ghiam	TONE_NGANG	ɣiə→m	ɣˈi æm	0	0	0	0
ghìam	TONE_HUYEN	ɣiə↘m	ɣˈi↘ ˈaːm	0	0	0	0
ghíam	TONE_SAC	ɣiə↗m	ɣˈi↗ ˈaːm	0	0	0	0
ghîam	TONE_HOI	ɣiə↓m	ɣˈi æm	0	0	0	0
ghĩam	TONE_NGA	ɣiəʔ↗m	ɣˈiʔ↗ ˈaːm	0	0	0	0
ghịam	TONE_NANG	ɣiəʔ↓m	ɣˈiʔ↓ ˈaːm	0	0	0	0
ghian	TONE_NGANG	ɣiə→n	ɣˈi æn	0	0	0	0
ghìan	TONE_HUYEN	ɣiə↘n	ɣˈi↘ ˈaːn	0	0	0	0
ghían	TONE_SAC	ɣiə↗n	ɣˈi↗ ˈaːn	0	0	0	0
ghîan	TONE_HOI	ɣiə↓n	ɣˈi æn	0	0	0	0
ghĩan	TONE_NGA	ɣiəʔ↗n	ɣˈiʔ↗ ˈaːn	0	0	0	0
ghịan	TONE_NANG	ɣiəʔ↓n	ɣˈiʔ↓ ˈaːn	0	0	0	0
ghíap	TONE_SAC	ɣiə↗p	ɣˈi↗ ˈaː↗p	0	0	0	0
ghịap	TONE_NANG	ɣiəʔ↓p	ɣˈiʔ↓ ˈaː↗p	0	0	0	0
ghíat	TONE_SAC	ɣiə↗t	ɣˈi↗ ˈaː↗t	0	0	0	0
ghịat	TONE_NANG	ɣiəʔ↓t	ɣˈiʔ↓ ˈaː↗t	0	0	0	0
ghiang	TONE_NGANG	ɣiə→ŋ	ɣˈi ˈaːŋ	0	0	0	0
ghìang	TONE_HUYEN	ɣiə↘ŋ	ɣˈi↘ ˈaːŋ	0	0	0	0
ghíang	TONE_SAC	ɣiə↗ŋ	ɣˈi↗ ˈaːŋ	0	0	0	0
ghîang	TONE_HOI	ɣiə↓ŋ	ɣˈi ˈaːŋ	0	0	0	0
ghĩang	TONE_NGA	ɣiəʔ↗ŋ	ɣˈiʔ↗ ˈaːŋ	0	0	0	0
ghịang	TONE_NANG	ɣiəʔ↓ŋ	ɣˈiʔ↓ ˈaːŋ	0	0	0	0
ghianh	TONE_NGANG	ɣiə→ɲ	ɣˈi ˈæɲ	0	0	0	0
ghìanh	TONE_HUYEN	ɣiə↘ɲ	ɣˈi↘ ˈæɲ	0	0	0	0
ghíanh	TONE_SAC	ɣiə↗ɲ	ɣˈi↗ ˈæɲ	0	0	0	0
ghîanh	TONE_HOI	ɣiə↓ɲ	ɣˈi ˈæɲ	0	0	0	0
ghĩanh	TONE_NGA	ɣiəʔ↗ɲ	ɣˈiʔ↗ ˈæɲ	0	0	0	0
ghịanh	TONE_NANG	ɣiəʔ↓ɲ	ɣˈiʔ↓ ˈæɲ	0	0	0	0
ghíac	TONE_SAC	ɣiə↗k	ɣˈi↗ ˈaː↗c	0	0	0	0
ghịac	TONE_NANG	ɣiəʔ↓k	ɣˈiʔ↓ ˈaː↗c	0	0	0	0
ghíach	TONE_SAC	ɣiə↗k	ɣˈi↗ ˈæ↗c	0	0	0	0
ghịach	TONE_NANG	ɣiəʔ↓k	ɣˈiʔ↓ ˈæ↗c	0	0	0	0
ghya	TONE_NGANG	ɣiə→	ɡˈaɪə	0	0	0	0
ghỳa	TONE_HUYEN	ɣiə↘	ɣˈi↘ ˈaː	0	0	0	0
ghýa	TONE_SAC	ɣiə↗	ɣˈi↗ ˈaː	0	0	0	0
ghŷa	TONE_HOI	ɣiə↓	ɡˈaɪə	0	0	0	0
ghỹa	TONE_NGA	ɣiəʔ↗	ɣˈiʔ↗ ˈaː	0	0	0	0
ghỵa	TONE_NANG	ɣiəʔ↓	ɣˈiʔ↓ ˈaː	0	0	0	0
ghyao	TONE_NGANG	ɣiə→w	dʒˈiː hˈaɪaʊ	0	0	0	0
ghỳao	TONE_HUYEN	ɣiə↘w	ɣˈi↘ ˈaːˈɔ	0	0	0	0
ghýao	TONE_SAC	ɣiə↗w	ɣˈi↗ ˈaːˈɔ	0	0	0	0
ghŷao	TONE_HOI	ɣiə↓w	dʒˈiː hˈaɪaʊ	0	0	0	0
ghỹao	TONE_NGA	ɣiəʔ↗w	ɣˈiʔ↗ ˈaːˈɔ	0	0	0	0
ghỵao	TONE_NANG	ɣiəʔ↓w	ɣˈiʔ↓ ˈaːˈɔ	0	0	0	0
ghyau	TONE_NGANG	ɣiə→w	ɡˈaɪə jˈuː	0	0	0	0
ghỳau	TONE_HUYEN	ɣiə↘w	ɣˈi↘ ˈaːˈu	0	0	0	0
ghýau	TONE_SAC	ɣiə↗w	ɣˈi↗ ˈaːˈu	0	0	0	0
ghŷau	TONE_HOI	ɣiə↓w	ɡˈaɪə jˈuː	0	0	0	0
ghỹau	TONE_NGA	ɣiəʔ↗w	ɣˈiʔ↗ ˈaːˈu	0	0	0	0
ghỵau	TONE_NANG	ɣiəʔ↓w	ɣˈiʔ↓ ˈaːˈu	0	0	0	0
ghyam	TONE_NGANG	ɣiə→m	ɣˈi æm	0	0	0	0
ghỳam	TONE_HUYEN	ɣiə↘m	ɣˈi↘ ˈaːm	0	0	0	0
ghýam	TONE_SAC	ɣiə↗m	ɣˈi↗ ˈaːm	0	0	0	0
ghŷam	TONE_HOI	ɣiə↓m	ɣˈi æm	0	0	0	0
ghỹam	TONE_NGA	ɣiəʔ↗m	ɣˈiʔ↗ ˈaːm	0	0	0	0
ghỵam	TONE_NANG	ɣiəʔ↓m	ɣˈiʔ↓ ˈaːm	0	0	0	0
ghyan	TONE_NGANG	ɣiə→n	ɣˈi æn	0	0	0	0
ghỳan	TONE_HUYEN	ɣiə↘n	ɣˈi↘ ˈaːn	0	0	0	0
ghýan	TONE_SAC	ɣiə↗n	ɣˈi↗ ˈaːn	0	0	0	0
ghŷan	TONE_HOI	ɣiə↓n	ɣˈi æn	0	0	0	0
ghỹan	TONE_NGA	ɣiəʔ↗n	ɣˈiʔ↗ ˈaːn	0	0	0	0
ghỵan	TONE_NANG	ɣiəʔ↓n	ɣˈiʔ↓ ˈaːn	0	0	0	0
ghýap	TONE_SAC	ɣiə↗p	ɣˈi↗ ˈaː↗p	0	0	0	0
ghỵap	TONE_NANG	ɣiəʔ↓p	ɣˈiʔ↓ ˈaː↗p	0	0	0	0
ghýat	TONE_SAC	ɣiə↗t	ɣˈi↗ ˈaː↗t	0	0	0	0
ghỵat	TONE_NANG	ɣiəʔ↓t	ɣˈiʔ↓ ˈaː↗t	0	0	0	0
ghyang	TONE_NGANG	ɣiə→ŋ	ɣˈi ˈaːŋ	0	0	0	0
ghỳang	TONE_HUYEN	ɣiə↘ŋ	ɣˈi↘ ˈaːŋ	0	0	0	0
ghýang	TONE_SAC	ɣiə↗ŋ	ɣˈi↗ ˈaːŋ	0	0	0	0
ghŷang	TONE_HOI	ɣiə↓ŋ	ɣˈi ˈaːŋ	0	0	0	0
ghỹang	TONE_NGA	ɣiəʔ↗ŋ	ɣˈiʔ↗ ˈaːŋ	0	0	0	0
ghỵang	TONE_NANG	ɣiəʔ↓ŋ	ɣˈiʔ↓ ˈaːŋ	0	0	0	0
ghyanh	TONE_NGANG	ɣiə→ɲ	ɣˈi ˈæɲ	0	0	0	0
ghỳanh	TONE_HUYEN	ɣiə↘ɲ	ɣˈi↘ ˈæɲ	0	0	0	0
ghýanh	TONE_SAC	ɣiə↗ɲ	ɣˈi↗ ˈæɲ	0	0	0	0
ghŷanh	TONE_HOI	ɣiə↓ɲ	ɣˈi ˈæɲ	0	0	0	0
ghỹanh	TONE_NGA	ɣiəʔ↗ɲ	ɣˈiʔ↗ ˈæɲ	0	0	0	0
ghỵanh	TONE_NANG	ɣiəʔ↓ɲ	ɣˈiʔ↓ ˈæɲ	0	0	0	0
ghýac	TONE_SAC	ɣiə↗k	ɣˈi↗ ˈaː↗c	0	0	0	0
ghỵac	TONE_NANG	ɣiəʔ↓k	ɣˈiʔ↓ ˈaː↗c	0	0	0	0
ghýach	TONE_SAC	ɣiə↗k	ɣˈi↗ ˈæ↗c	0	0	0	0
ghỵach	TONE_NANG	ɣiəʔ↓k	ɣˈiʔ↓ ˈæ↗c	0	0	0	0
ghươ	TONE_NGANG	ɣɨə→	ðˈe→ hˈy ˈəː	0	0	0	0
ghườ	TONE_HUYEN	ɣɨə↘	ðˈe→ hˈy ˈəː↘	0	0	0	0
ghướ	TONE_SAC	ɣɨə↗	ðˈe→ hˈy ˈəː↗	0	0	0	0
ghươ̂	TONE_HOI	ɣɨə↓	ðˈe→ hˈy ˈəː	0	0	0	0
ghưỡ	TONE_NGA	ɣɨəʔ↗	ðˈe→ hˈy ˈəːʔ↗	0	0	0	0
ghượ	TONE_NANG	ɣɨəʔ↓	ðˈe→ hˈy ˈəːʔ↓	0	0	0	0
ghươi	TONE_NGANG	ɣɨə→j	ðˈe→ hˈyəj	0	0	0	0
ghười	TONE_HUYEN	ɣɨə↘j	ðˈe→ hˈyə↘j	0	0	0	0
ghưới	TONE_SAC	ɣɨə↗j	ðˈe→ hˈyə↗j	0	0	0	0
ghươ̂i	TONE_HOI	ɣɨə↓j	ðˈe→ hˈy ˈəː ˈi	0	0	0	0
ghưỡi	TONE_NGA	ɣɨəʔ↗j	ðˈe→ hˈyəʔ↗j	0	0	0	0
ghượi	TONE_NANG	ɣɨəʔ↓j	ðˈe→ hˈyəʔ↓j	0	0	0	0
ghươy	TONE_NGANG	ɣɨə→j	ðˈe→ hˈy ˈəːˈi	0	0	0	0
ghườy	TONE_HUYEN	ɣɨə↘j	ðˈe→ hˈy ˈəː↘ˈi	0	0	0	0
ghướy	TONE_SAC	ɣɨə↗j	ðˈe→ hˈy ˈəː↗ˈi	0	0	0	0
ghươ̂y	TONE_HOI	ɣɨə↓j	ðˈe→ hˈy ˈəː ˈi	0	0	0	0
ghưỡy	TONE_NGA	ɣɨəʔ↗j	ðˈe→ hˈy ˈəːʔ↗ˈi	0	0	0	0
ghượy	TONE_NANG	ɣɨəʔ↓j	ðˈe→ hˈy ˈəːʔ↓ˈi	0	0	0	0
ghươo	TONE_NGANG	ɣɨə→w	ðˈe→ hˈy ˈəːˈɔ	0	0	0	0
ghườo	TONE_HUYEN	ɣɨə↘w	ðˈe→ hˈy ˈəː↘ˈɔ	0	0	0	0
ghướo	TONE_SAC	ɣɨə↗w	ðˈe→ hˈy ˈəː↗ˈɔ	0	0	0	0
ghươ̂o	TONE_HOI	ɣɨə↓w	ðˈe→ hˈy ˈəː ˈo	0	0	0	0
ghưỡo	TONE_NGA	ɣɨəʔ↗w	ðˈe→ hˈy ˈəːʔ↗ˈɔ	0	0	0	0
ghượo	TONE_NANG	ɣɨəʔ↓w	ðˈe→ hˈy ˈəːʔ↓ˈɔ	0	0	0	0
ghươu	TONE_NGANG	ɣɨə→w	ðˈe→ hˈyəw	0	0	0	0
ghườu	TONE_HUYEN	ɣɨə↘w	ðˈe→ hˈyə↘w	0	0	0	0
ghướu	TONE_SAC	ɣɨə↗w	ðˈe→ hˈyə↗w	0	0	0	0
ghươ̂u	TONE_HOI	ɣɨə↓w	ðˈe→ hˈy ˈəː ˈu	0	0	0	0
ghưỡu	TONE_NGA	ɣɨəʔ↗w	ðˈe→ hˈyəʔ↗w	0	0	0	0
ghượu	TONE_NANG	ɣɨəʔ↓w	ðˈe→ hˈyəʔ↓w	0	0	0	0
ghươm	TONE_NGANG	ɣɨə→m	ðˈe→ hˈyəm	0	0	0	0
ghườm	TONE_HUYEN	ɣɨə↘m	ðˈe→ hˈyə↘m	0	0	0	0
ghướm	TONE_SAC	ɣɨə↗m	ðˈe→ hˈyə↗m	0	0	0	0
ghươ̂m	TONE_HOI	ɣɨə↓m	ðˈe→ hˈy ˈəː mˈəː↘	0	0	0	0
ghưỡm	TONE_NGA	ɣɨəʔ↗m	ðˈe→ hˈyəʔ↗m	0	0	0	0
ghượm	TONE_NANG	ɣɨəʔ↓m	ðˈe→ hˈyəʔ↓m	0	0	0	0
ghướp	TONE_SAC	ɣɨə↗p	ðˈe→ hˈyə↗p	0	0	0	0
ghượp	TONE_NANG	ɣɨəʔ↓p	ðˈe→ hˈyəʔ↓p	0	0	0	0
ghướt	TONE_SAC	ɣɨə↗t	ðˈe→ hˈyə↗t	0	0	0	0
ghượt	TONE_NANG	ɣɨəʔ↓t	ðˈe→ hˈyəʔ↓t	0	0	0	0
ghương	TONE_NGANG	ɣɨə→ŋ	ðˈe→ hˈyəŋ	0	0	0	0
ghường	TONE_HUYEN	ɣɨə↘ŋ	ðˈe→ hˈyə↘ŋ	0	0	0	0
ghướng	TONE_SAC	ɣɨə↗ŋ	ðˈe→ hˈyə↗ŋ	0	0	0	0
ghươ̂ng	TONE_HOI	ɣɨə↓ŋ	ðˈe→ hˈy ˈəː ˌɛndʒˈiː	0	0	0	0
ghưỡng	TONE_NGA	ɣɨəʔ↗ŋ	ðˈe→ hˈyəʔ↗ŋ	0	0	0	0
ghượng	TONE_NANG	ɣɨəʔ↓ŋ	ðˈe→ hˈyəʔ↓ŋ	0	0	0	0
ghước	TONE_SAC	ɣɨə↗k	ðˈe→ hˈyə↗c	0	0	0	0
ghược	TONE_NANG	ɣɨəʔ↓k	ðˈe→ hˈyəʔ↓c	0	0	0	0
ghướch	TONE_SAC	ɣɨə↗k	ðˈe→ hˈyə↗c hˈa↗t	0	0	0	0
ghượch	TONE_NANG	ɣɨəʔ↓k	ðˈe→ hˈyəʔ↓c hˈa↗t	0	0	0	0
ghưa	TONE_NGANG	ɣɨə→	ðˈe→ hˈyə	0	0	0	0
ghừa	TONE_HUYEN	ɣɨə↘	ðˈe→ hˈyə↘	0	0	0	0
ghứa	TONE_SAC	ɣɨə↗	ðˈe→ hˈyə↗	0	0	0	0
ghư̂a	TONE_HOI	ɣɨə↓	ðˈe→ hˈy ˈaː	0	0	0	0
ghữa	TONE_NGA	ɣɨəʔ↗	ðˈe→ hˈyəʔ↗	0	0	0	0
ghựa	TONE_NANG	ɣɨəʔ↓	ðˈe→ hˈyəʔ↓	0	0	0	0
ghưai	TONE_NGANG	ɣɨə→j	ðˈe→ hˈyə ˈi	0	0	0	0
ghừai	TONE_HUYEN	ɣɨə↘j	ðˈe→ hˈyə↘ ˈi	0	0	0	0
ghứai	TONE_SAC	ɣɨə↗j	ðˈe→ hˈyə↗ ˈi	0	0	0	0
ghư̂ai	TONE_HOI	ɣɨə↓j	ðˈe→ hˈy ˈaːj	0	0	0	0
ghữai	TONE_NGA	ɣɨəʔ↗j	ðˈe→ hˈyəʔ↗ ˈi	0	0	0	0
ghựai	TONE_NANG	ɣɨəʔ↓j	ðˈe→ hˈyəʔ↓ ˈi	0	0	0	0
ghưay	TONE_NGANG	ɣɨə→j	ðˈe→ hˈyə ˈi	0	0	0	0
ghừay	TONE_HUYEN	ɣɨə↘j	ðˈe→ hˈyə↘ ˈi	0	0	0	0
ghứay	TONE_SAC	ɣɨə↗j	ðˈe→ hˈyə↗ ˈi	0	0	0	0
ghư̂ay	TONE_HOI	ɣɨə↓j	ðˈe→ hˈy ˈaj	0	0	0	0
ghữay	TONE_NGA	ɣɨəʔ↗j	ðˈe→ hˈyəʔ↗ ˈi	0	0	0	0
ghựay	TONE_NANG	ɣɨəʔ↓j	ðˈe→ hˈyəʔ↓ ˈi	0	0	0	0
ghưao	TONE_NGANG	ɣɨə→w	ðˈe→ hˈyə ˈɔ	0	0	0	0
ghừao	TONE_HUYEN	ɣɨə↘w	ðˈe→ hˈyə↘ ˈɔ	0	0	0	0
ghứao	TONE_SAC	ɣɨə↗w	ðˈe→ hˈyə↗ ˈɔ	0	0	0	0
ghư̂ao	TONE_HOI	ɣɨə↓w	ðˈe→ hˈy ˈaːw	0	0	0	0
ghữao	TONE_NGA	ɣɨəʔ↗w	ðˈe→ hˈyəʔ↗ ˈɔ	0	0	0	0
ghựao	TONE_NANG	ɣɨəʔ↓w	ðˈe→ hˈyəʔ↓ ˈɔ	0	0	0	0
ghưau	TONE_NGANG	ɣɨə→w	ðˈe→ hˈyə ˈu	0	0	0	0
ghừau	TONE_HUYEN	ɣɨə↘w	ðˈe→ hˈyə↘ ˈu	0	0	0	0
ghứau	TONE_SAC	ɣɨə↗w	ðˈe→ hˈyə↗ ˈu	0	0	0	0
ghư̂au	TONE_HOI	ɣɨə↓w	ðˈe→ hˈy ˈaw	0	0	0	0
ghữau	TONE_NGA	ɣɨəʔ↗w	ðˈe→ hˈyəʔ↗ ˈu	0	0	0	0
ghựau	TONE_NANG	ɣɨəʔ↓w	ðˈe→ hˈyəʔ↓ ˈu	0	0	0	0
ghưam	TONE_NGANG	ɣɨə→m	ðˈe→ hˈy ˈaːm	0	0	0	0
ghừam	TONE_HUYEN	ɣɨə↘m	ðˈe→ hˈy↘ ˈaːm	0	0	0	0
ghứam	TONE_SAC	ɣɨə↗m	ðˈe→ hˈy↗ ˈaːm	0	0	0	0
ghư̂am	TONE_HOI	ɣɨə↓m	ðˈe→ hˈy ˈaːm	0	0	0	0
ghữam	TONE_NGA	ɣɨəʔ↗m	ðˈe→ hˈyʔ↗ ˈaːm	0	0	0	0
ghựam	TONE_NANG	ɣɨəʔ↓m	ðˈe→ hˈyʔ↓ ˈaːm	0	0	0	0
ghứap	TONE_SAC	ɣɨə↗p	ðˈe→ hˈy↗ ˈaː↗p	0	0	0	0
ghựap	TONE_NANG	ɣɨəʔ↓p	ðˈe→ hˈyʔ↓ ˈaː↗p	0	0	0	0
ghứat	TONE_SAC	ɣɨə↗t	ðˈe→ hˈy↗ ˈaː↗t	0	0	0	0
ghựat	TONE_NANG	ɣɨəʔ↓t	ðˈe→ hˈyʔ↓ ˈaː↗t	0	0	0	0
ghưang	TONE_NGANG	ɣɨə→ŋ	ðˈe→ hˈy ˈaːŋ	0	0	0	0
ghừang	TONE_HUYEN	ɣɨə↘ŋ	ðˈe→ hˈy↘ ˈaːŋ	0	0	0	0
ghứang	TONE_SAC	ɣɨə↗ŋ	ðˈe→ hˈy↗ ˈaːŋ	0	0	0	0
ghư̂ang	TONE_HOI	ɣɨə↓ŋ	ðˈe→ hˈy ˈaːŋ	0	0	0	0
ghữang	TONE_NGA	ɣɨəʔ↗ŋ	ðˈe→ hˈyʔ↗ ˈaːŋ	0	0	0	0
ghựang	TONE_NANG	ɣɨəʔ↓ŋ	ðˈe→ hˈyʔ↓ ˈaːŋ	0	0	0	0
ghứac	TONE_SAC	ɣɨə↗k	ðˈe→ hˈy↗ ˈaː↗c	0	0	0	0
ghựac	TONE_NANG	ɣɨəʔ↓k	ðˈe→ hˈyʔ↓ ˈaː↗c	0	0	0	0
ghứach	TONE_SAC	ɣɨə↗k	ðˈe→ hˈy↗ ˈæ↗c	0	0	0	0
ghựach	TONE_NANG	ɣɨəʔ↓k	ðˈe→ hˈyʔ↓ ˈæ↗c	0	0	0	0
ghuô	TONE_NGANG	ɣuə→	ɡˈuː ˈo	0	0	0	0
ghuồ	TONE_HUYEN	ɣuə↘	ɡˈuː ˈo↘	1	0	0	0
ghuố	TONE_SAC	ɣuə↗	ɡˈuː ˈo↗	1	0	0	0
ghuô̂	TONE_HOI	ɣuə↓	ɡˈuː ˈo	0	0	0	0
ghuỗ	TONE_NGA	ɣuəʔ↗	ɡˈuː ˈoʔ↗	1	0	0	0
ghuộ	TONE_NANG	ɣuəʔ↓	ɡˈuː ˈoʔ↓	1	0	0	0
ghuôi	TONE_NGANG	ɣuə→j	ðˈe→ hˈuəj	0	0	0	0
ghuồi	TONE_HUYEN	ɣuə↘j	ðˈe→ hˈuə↘j	0	0	0	0
ghuối	TONE_SAC	ɣuə↗j	ðˈe→ hˈuə↗j	0	0	0	0
ghuô̂i	TONE_HOI	ɣuə↓j	ɡˈuː ˈo ˈi	0	0	0	0
ghuỗi	TONE_NGA	ɣuəʔ↗j	ðˈe→ hˈuəʔ↗j	0	0	0	0
ghuội	TONE_NANG	ɣuəʔ↓j	ðˈe→ hˈuəʔ↓j	0	0	0	0
ghuôy	TONE_NGANG	ɣuə→j	ɡˈuː ˈoˈi	0	0	0	0
ghuồy	TONE_HUYEN	ɣuə↘j	ɡˈuː ˈo↘ˈi	0	0	0	0
ghuốy	TONE_SAC	ɣuə↗j	ɡˈuː ˈo↗ˈi	0	0	0	0
ghuô̂y	TONE_HOI	ɣuə↓j	ɡˈuː ˈo ˈi	0	0	0	0
ghuỗy	TONE_NGA	ɣuəʔ↗j	ɡˈuː ˈoʔ↗ˈi	0	0	0	0
ghuộy	TONE_NANG	ɣuəʔ↓j	ɡˈuː ˈoʔ↓ˈi	0	0	0	0
ghuôn	TONE_NGANG	ɣuə→n	ɡˈuː ˈon	0	0	0	0
ghuồn	TONE_HUYEN	ɣuə↘n	ɡˈuː ˈo↘n	1	0	0	0
ghuốn	TONE_SAC	ɣuə↗n	ɡˈuː ˈo↗n	1	0	0	0
ghuô̂n	TONE_HOI	ɣuə↓n	ɡˈuː ˈo nˈəː↘	0	0	0	0
ghuỗn	TONE_NGA	ɣuəʔ↗n	ɡˈuː ˈoʔ↗n	1	0	0	0
ghuộn	TONE_NANG	ɣuəʔ↓n	ɡˈuː ˈoʔ↓n	1	0	0	0
ghuốp	TONE_SAC	ɣuə↗p	ɡˈuː ˈo↗p	1	0	0	0
ghuộp	TONE_NANG	ɣuəʔ↓p	ɡˈuː ˈoʔ↓p	1	0	0	0
ghuốt	TONE_SAC	ɣuə↗t	ɡˈuː ˈo↗t	1	0	0	0
ghuột	TONE_NANG	ɣuəʔ↓t	ɡˈuː ˈoʔ↓t	1	0	0	0
ghuông	TONE_NGANG	ɣuə→ŋ	ɡˈuː ˈoŋ	0	0	0	0
ghuồng	TONE_HUYEN	ɣuə↘ŋ	ɡˈuː ˈo↘ŋ	1	0	0	0
ghuống	TONE_SAC	ɣuə↗ŋ	ɡˈuː ˈo↗ŋ	1	0	0	0
ghuô̂ng	TONE_HOI	ɣuə↓ŋ	ɡˈuː ˈo ˌɛndʒˈiː	0	0	0	0
ghuỗng	TONE_NGA	ɣuəʔ↗ŋ	ɡˈuː ˈoʔ↗ŋ	1	0	0	0
ghuộng	TONE_NANG	ɣuəʔ↓ŋ	ɡˈuː ˈoʔ↓ŋ	1	0	0	0
ghuốc	TONE_SAC	ɣuə↗k	ɡˈuː ˈo↗k	1	0	0	0
ghuộc	TONE_NANG	ɣuəʔ↓k	ɡˈuː ˈoʔ↓k	1	0	0	0
ghuốch	TONE_SAC	ɣuə↗k	ɡˈuː ˈo↗k hˈa↗t	0	0	0	0
ghuộch	TONE_NANG	ɣuəʔ↓k	ɡˈuː ˈoʔ↓k hˈa↗t	0	0	0	0
ghua	TONE_NGANG	ɣuə→	dʒˈiː hˈuə	0	0	0	0
ghùa	TONE_HUYEN	ɣuə↘	ðˈe→ hˈuə↘	0	0	0	0
ghúa	TONE_SAC	ɣuə↗	ðˈe→ hˈuə↗	0	0	0	0
ghûa	TONE_HOI	ɣuə↓	dʒˈiː hˈuə	0	0	0	0
ghũa	TONE_NGA	ɣuəʔ↗	ðˈe→ hˈuəʔ↗	0	0	0	0
ghụa	TONE_NANG	ɣuəʔ↓	ðˈe→ hˈuəʔ↓	0	0	0	0
ghuai	TONE_NGANG	ɣuə→j	dʒˈiː hjˈuːaɪ	0	0	0	0
ghùai	TONE_HUYEN	ɣuə↘j	ðˈe→ hˈuə↘ ˈi	0	0	0	0
ghúai	TONE_SAC	ɣuə↗j	ðˈe→ hˈuə↗ ˈi	0	0	0	0
ghûai	TONE_HOI	ɣuə↓j	dʒˈiː hjˈuːaɪ	0	0	0	0
ghũai	TONE_NGA	ɣuəʔ↗j	ðˈe→ hˈuəʔ↗ ˈi	0	0	0	0
ghụai	TONE_NANG	ɣuəʔ↓j	ðˈe→ hˈuəʔ↓ ˈi	0	0	0	0
ghuay	TONE_NGANG	ɣuə→j	dʒˈiː hwˈəɪ↘	0	0	0	0
ghùay	TONE_HUYEN	ɣuə↘j	ðˈe→ hˈuə↘ ˈi	0	0	0	0
ghúay	TONE_SAC	ɣuə↗j	ðˈe→ hˈuə↗ ˈi	0	0	0	0
ghûay	TONE_HOI	ɣuə↓j	dʒˈiː hwˈəɪ↘	0	0	0	0
ghũay	TONE_NGA	ɣuəʔ↗j	ðˈe→ hˈuəʔ↗ ˈi	0	0	0	0
ghụay	TONE_NANG	ɣuəʔ↓j	ðˈe→ hˈuəʔ↓ ˈi	0	0	0	0
ghao	TONE_NGANG	ɣaː→w	dʒˈiː hˈaːw	0	0	0	0
ghào	TONE_HUYEN	ɣaː↘w	ðˈe→ hˈaː↘w	0	0	0	0
gháo	TONE_SAC	ɣaː↗w	ðˈe→ hˈaː↗w	0	0	0	0
ghâo	TONE_HOI	ɣaː↓w	ðˈe→ hˈa↗tˌeɪsˈ↗ːkəmflˌɛksˈɔ	0	0	0	0
ghão	TONE_NGA	ɣaːʔ↗w	ðˈe→ hˈaːʔ↗w	0	0	0	0
ghạo	TONE_NANG	ɣaːʔ↓w	ðˈe→ hˈaːʔ↓w	0	0	0	0
ghau	TONE_NGANG	ɣa→w	dʒˈiː hˈaw	0	0	0	0
ghàu	TONE_HUYEN	ɣa↘w	ðˈe→ hˈa↘w	0	0	0	0
gháu	TONE_SAC	ɣa↗w	ðˈe→ hˈa↗w	0	0	0	0
ghâu	TONE_HOI	ɣa↓w	ðˈe→ hˈə→w	0	0	0	0
ghãu	TONE_NGA	ɣaʔ↗w	ðˈe→ hˈaʔ↗w	0	0	0	0
ghạu	TONE_NANG	ɣaʔ↓w	ðˈe→ hˈaʔ↓w	0	0	0	0
ghuan	TONE_NGANG	ɣuə→n	ɡˈuː æn	0	0	0	0
ghùan	TONE_HUYEN	ɣuə↘n	ðˈe→ hˈu↘ ˈaːn	0	0	0	0
ghúan	TONE_SAC	ɣuə↗n	ðˈe→ hˈu↗ ˈaːn	0	0	0	0
ghûan	TONE_HOI	ɣuə↓n	ɡˈuː æn	0	0	0	0
ghũan	TONE_NGA	ɣuəʔ↗n	ðˈe→ hˈuʔ↗ ˈaːn	0	0	0	0
ghụan	TONE_NANG	ɣuəʔ↓n	ðˈe→ hˈuʔ↓ ˈaːn	0	0	0	0
ghúap	TONE_SAC	ɣuə↗p	ðˈe→ hˈu↗ ˈaː↗p	0	0	0	0
ghụap	TONE_NANG	ɣuəʔ↓p	ðˈe→ hˈuʔ↓ ˈaː↗p	0	0	0	0
ghúat	TONE_SAC	ɣuə↗t	ðˈe→ hˈu↗ ˈaː↗t	0	0	0	0
ghụat	TONE_NANG	ɣuəʔ↓t	ðˈe→ hˈuʔ↓ ˈaː↗t	0	0	0	0
ghuang	TONE_NGANG	ɣuə→ŋ	ɡˈuː ˈaːŋ	0	0	0	0
ghùang	TONE_HUYEN	ɣuə↘ŋ	ðˈe→ hˈu↘ ˈaːŋ	0	0	0	0
ghúang	TONE_SAC	ɣuə↗ŋ	ðˈe→ hˈu↗ ˈaːŋ	0	0	0	0
ghûang	TONE_HOI	ɣuə↓ŋ	ɡˈuː ˈaːŋ	0	0	0	0
ghũang	TONE_NGA	ɣuəʔ↗ŋ	ðˈe→ hˈuʔ↗ ˈaːŋ	0	0	0	0
ghụang	TONE_NANG	ɣuəʔ↓ŋ	ðˈe→ hˈuʔ↓ ˈaːŋ	0	0	0	0
ghanh	TONE_NGANG	ɣaː→ɲ	dʒˈiː hˈæɲ	0	0	0	1
ghành	TONE_HUYEN	ɣaː↘ɲ	ðˈe→ hˈæ↘ɲ	0	0	0	1
ghánh	TONE_SAC	ɣaː↗ɲ	ðˈe→ hˈæ↗ɲ	0	0	0	1
ghânh	TONE_HOI	ɣaː↓ɲ	ðˈe→ hˈən hˈa↗t	0	0	0	1
ghãnh	TONE_NGA	ɣaːʔ↗ɲ	ðˈe→ hˈæʔ↗ɲ	0	0	0	1
ghạnh	TONE_NANG	ɣaːʔ↓ɲ	ðˈe→ hˈæʔ↓ɲ	0	0	0	1
ghúac	TONE_SAC	ɣuə↗k	ðˈe→ hˈu↗ ˈaː↗c	0	0	0	0
ghụac	TONE_NANG	ɣuəʔ↓k	ðˈe→ hˈuʔ↓ ˈaː↗c	0	0	0	0
ghúach	TONE_SAC	ɣuə↗k	ðˈe→ hˈu↗ ˈæ↗c	0	0	0	0
ghụach	TONE_NANG	ɣuəʔ↓k	ðˈe→ hˈuʔ↓ ˈæ↗c	0	0	0	0
gha	TONE_NGANG	ɣaː→	ɡˈɑː	0	0	0	0
ghà	TONE_HUYEN	ɣaː↘	ðˈe→ hˈaː↘	0	0	0	0
ghá	TONE_SAC	ɣaː↗	ðˈe→ hˈaː↗	0	0	0	0
ghâ	TONE_HOI	ɣaː↓	ðˈe→hˈa↗tˌeɪsˈ↗ːkəmflˌɛks	0	0	0	0
ghã	TONE_NGA	ɣaːʔ↗	ðˈe→ hˈaːʔ↗	0	0	0	0
ghạ	TONE_NANG	ɣaːʔ↓	ðˈe→ hˈaːʔ↓	0	0	0	0
ghai	TONE_NGANG	ɣaː→j	ɡˈaɪ	0	0	0	0
ghài	TONE_HUYEN	ɣaː↘j	ðˈe→ hˈaː↘j	0	0	0	0
ghái	TONE_SAC	ɣaː↗j	ðˈe→ hˈaː↗j	0	0	0	0
ghâi	TONE_HOI	ɣaː↓j	ðˈe→ hˈa↗tˌeɪsˈ↗ːkəmflˌɛksˈi	0	0	0	0
ghãi	TONE_NGA	ɣaːʔ↗j	ðˈe→ hˈaːʔ↗j	0	0	0	0
ghại	TONE_NANG	ɣaːʔ↓j	ðˈe→ hˈaːʔ↓j	0	0	0	0
ghay	TONE_NGANG	ɣa→j	dʒˈiː hˈaj	0	0	0	0
ghày	TONE_HUYEN	ɣa↘j	ðˈe→ hˈa↘j	0	0	0	0
gháy	TONE_SAC	ɣa↗j	ðˈe→ hˈa↗j	0	0	0	0
ghây	TONE_HOI	ɣa↓j	ðˈe→ hˈəɪ	0	0	0	0
ghãy	TONE_NGA	ɣaʔ↗j	ðˈe→ hˈaʔ↗j	0	0	0	0
ghạy	TONE_NANG	ɣaʔ↓j	ðˈe→ hˈaʔ↓j	0	0	0	0
ghao	TONE_NGANG	ɣaː→w	dʒˈiː hˈaːw	0	0	0	0
ghào	TONE_HUYEN	ɣaː↘w	ðˈe→ hˈaː↘w	0	0	0	0
gháo	TONE_SAC	ɣaː↗w	ðˈe→ hˈaː↗w	0	0	0	0
ghâo	TONE_HOI	ɣaː↓w	ðˈe→ hˈa↗tˌeɪsˈ↗ːkəmflˌɛksˈɔ	0	0	0	0
ghão	TONE_NGA	ɣaːʔ↗w	ðˈe→ hˈaːʔ↗w	0	0	0	0
ghạo	TONE_NANG	ɣaːʔ↓w	ðˈe→ hˈaːʔ↓w	0	0	0	0
ghau	TONE_NGANG	ɣa→w	dʒˈiː hˈaw	0	0	0	0
ghàu	TONE_HUYEN	ɣa↘w	ðˈe→ hˈa↘w	0	0	0	0
gháu	TONE_SAC	ɣa↗w	ðˈe→ hˈa↗w	0	0	0	0
ghâu	TONE_HOI	ɣa↓w	ðˈe→ hˈə→w	0	0	0	0
ghãu	TONE_NGA	ɣaʔ↗w	ðˈe→ hˈaʔ↗w	0	0	0	0
ghạu	TONE_NANG	ɣaʔ↓w	ðˈe→ hˈaʔ↓w	0	0	0	0
gham	TONE_NGANG	ɣaː→m	dʒˈiː hˈaːm	0	0	0	0
ghàm	TONE_HUYEN	ɣaː↘m	ðˈe→ hˈaː↘m	0	0	0	0
ghám	TONE_SAC	ɣaː↗m	ðˈe→ hˈaː↗m	0	0	0	0
ghâm	TONE_HOI	ɣaː↓m	ðˈe→ hˈəm	0	0	0	0
ghãm	TONE_NGA	ɣaːʔ↗m	ðˈe→ hˈaːʔ↗m	0	0	0	0
ghạm	TONE_NANG	ɣaːʔ↓m	ðˈe→ hˈaːʔ↓m	0	0	0	0
ghan	TONE_NGANG	ɣaː→n	ɡˈæn	0	0	0	0
ghàn	TONE_HUYEN	ɣaː↘n	ðˈe→ hˈaː↘n	0	0	0	0
ghán	TONE_SAC	ɣaː↗n	ðˈe→ hˈaː↗n	0	0	0	0
ghân	TONE_HOI	ɣaː↓n	ðˈe→ hˈən	0	0	0	0
ghãn	TONE_NGA	ɣaːʔ↗n	ðˈe→ hˈaːʔ↗n	0	0	0	0
ghạn	TONE_NANG	ɣaːʔ↓n	ðˈe→ hˈaːʔ↓n	0	0	0	0
gháp	TONE_SAC	ɣaː↗p	ðˈe→ hˈaː↗p	0	0	0	0
ghạp	TONE_NANG	ɣaːʔ↓p	ðˈe→ hˈaːʔ↓p	0	0	0	0
ghát	TONE_SAC	ɣaː↗t	ðˈe→ hˈaː↗t	0	0	0	0
ghạt	TONE_NANG	ɣaːʔ↓t	ðˈe→ hˈaːʔ↓t	0	0	0	0
ghang	TONE_NGANG	ɣaː→ŋ	dʒˈiː hˈaːŋ	0	0	0	0
ghàng	TONE_HUYEN	ɣaː↘ŋ	ðˈe→ hˈaː↘ŋ	0	0	0	0
gháng	TONE_SAC	ɣaː↗ŋ	ðˈe→ hˈaː↗ŋ	0	0	0	0
ghâng	TONE_HOI	ɣaː↓ŋ	ðˈe→ hˈəŋ	0	0	0	0
ghãng	TONE_NGA	ɣaːʔ↗ŋ	ðˈe→ hˈaːʔ↗ŋ	0	0	0	0
ghạng	TONE_NANG	ɣaːʔ↓ŋ	ðˈe→ hˈaːʔ↓ŋ	0	0	0	0
ghanh	TONE_NGANG	ɣaː→ɲ	dʒˈiː hˈæɲ	0	0	0	1
ghành	TONE_HUYEN	ɣaː↘ɲ	ðˈe→ hˈæ↘ɲ	0	0	0	1
ghánh	TONE_SAC	ɣaː↗ɲ	ðˈe→ hˈæ↗ɲ	0	0	0	1
ghânh	TONE_HOI	ɣaː↓ɲ	ðˈe→ hˈən hˈa↗t	0	0	0	1
ghãnh	TONE_NGA	ɣaːʔ↗ɲ	ðˈe→ hˈæʔ↗ɲ	0	0	0	1
ghạnh	TONE_NANG	ɣaːʔ↓ɲ	ðˈe→ hˈæʔ↓ɲ	0	0	0	1
ghác	TONE_SAC	ɣaː↗k	ðˈe→ hˈaː↗c	0	0	0	0
ghạc	TONE_NANG	ɣaːʔ↓k	ðˈe→ hˈaːʔ↓c	0	0	0	0
ghách	TONE_SAC	ɣa↗k	ðˈe→ hˈæ↗c	0	0	0	0
ghạch	TONE_NANG	ɣaʔ↓k	ðˈe→ hˈæʔ↓c	0	0	0	0
ghă	TONE_NGANG	ɣa→	ðˈe→hˈa↗tă	0	1	0	0
ghằ	TONE_HUYEN	ɣa↘	ðˈe→hˈa↗tằ	0	1	0	0
ghắ	TONE_SAC	ɣa↗	ðˈe→hˈa↗tắ	0	1	0	0
ghă̂	TONE_HOI	ɣa↓	ðˈe→hˈa↗tă	0	1	0	0
ghẵ	TONE_NGA	ɣaʔ↗	ðˈe→hˈa↗tẵ	0	1	0	0
ghặ	TONE_NANG	ɣaʔ↓	ðˈe→hˈa↗tặ	0	1	0	0
ghăm	TONE_NGANG	ɣa→m	ðˈe→ hˈam	0	0	0	0
ghằm	TONE_HUYEN	ɣa↘m	ðˈe→ hˈa↘m	0	0	0	0
ghắm	TONE_SAC	ɣa↗m	ðˈe→ hˈa↗m	0	0	0	0
ghă̂m	TONE_HOI	ɣa↓m	ðˈe→hˈa↗tă mˈəː↘	0	1	0	0
ghẵm	TONE_NGA	ɣaʔ↗m	ðˈe→ hˈaʔ↗m	0	0	0	0
ghặm	TONE_NANG	ɣaʔ↓m	ðˈe→ hˈaʔ↓m	0	0	0	0
ghăn	TONE_NGANG	ɣa→n	ðˈe→ hˈan	0	0	0	0
ghằn	TONE_HUYEN	ɣa↘n	ðˈe→ hˈa↘n	0	0	0	0
ghắn	TONE_SAC	ɣa↗n	ðˈe→ hˈa↗n	0	0	0	0
ghă̂n	TONE_HOI	ɣa↓n	ðˈe→hˈa↗tă nˈəː↘	0	1	0	0
ghẵn	TONE_NGA	ɣaʔ↗n	ðˈe→ hˈaʔ↗n	0	0	0	0
ghặn	TONE_NANG	ɣaʔ↓n	ðˈe→ hˈaʔ↓n	0	0	0	0
ghắp	TONE_SAC	ɣa↗p	ðˈe→ hˈa↗p	0	0	0	0
ghặp	TONE_NANG	ɣaʔ↓p	ðˈe→ hˈaʔ↓p	0	0	0	0
ghắt	TONE_SAC	ɣa↗t	ðˈe→ hˈa↗t	0	0	0	0
ghặt	TONE_NANG	ɣaʔ↓t	ðˈe→ hˈaʔ↓t	0	0	0	0
ghăng	TONE_NGANG	ɣa→ŋ	ðˈe→ hˈaŋ	0	0	0	0
ghằng	TONE_HUYEN	ɣa↘ŋ	ðˈe→ hˈa↘ŋ	0	0	0	0
ghắng	TONE_SAC	ɣa↗ŋ	ðˈe→ hˈa↗ŋ	0	0	0	0
ghă̂ng	TONE_HOI	ɣa↓ŋ	ðˈe→hˈa↗tă ˌɛndʒˈiː	0	1	0	0
ghẵng	TONE_NGA	ɣaʔ↗ŋ	ðˈe→ hˈaʔ↗ŋ	0	0	0	0
ghặng	TONE_NANG	ɣaʔ↓ŋ	ðˈe→ hˈaʔ↓ŋ	0	0	0	0
ghắc	TONE_SAC	ɣa↗k	ðˈe→ hˈa↗c	0	0	0	0
ghặc	TONE_NANG	ɣaʔ↓k	ðˈe→ hˈaʔ↓c	0	0	0	0
ghắch	TONE_SAC	ɣa↗k	ðˈe→ hˈa↗c hˈa↗t	0	0	0	0
ghặch	TONE_NANG	ɣaʔ↓k	ðˈe→ hˈaʔ↓c hˈa↗t	0	0	0	0
ghâ	TONE_NGANG	ɣə→	ðˈe→hˈa↗tˌeɪsˈ↗ːkəmflˌɛks	0	0	0	0
ghầ	TONE_HUYEN	ɣə↘	ðˈe→hˈa↗tầ	0	1	0	0
ghấ	TONE_SAC	ɣə↗	ðˈe→hˈa↗tấ	0	1	0	0
ghâ̂	TONE_HOI	ɣə↓	ðˈe→hˈa↗tˌeɪsˈ↗ːkəmflˌɛks	0	0	0	0
ghẫ	TONE_NGA	ɣəʔ↗	ðˈe→hˈa↗tẫ	0	1	0	0
ghậ	TONE_NANG	ɣəʔ↓	ðˈe→hˈa↗tậ	0	1	0	0
ghâi	TONE_NGANG	ɣə→j	ðˈe→ hˈa↗tˌeɪsˈ↗ːkəmflˌɛksˈi	0	0	0	0
ghầi	TONE_HUYEN	ɣə↘j	ðˈe→ hˈa↗tầˈi	0	1	0	0
ghấi	TONE_SAC	ɣə↗j	ðˈe→ hˈa↗tấˈi	0	1	0	0
ghâ̂i	TONE_HOI	ɣə↓j	ðˈe→hˈa↗tˌeɪsˈ↗ːkəmflˌɛks ˈi	0	0	0	0
ghẫi	TONE_NGA	ɣəʔ↗j	ðˈe→ hˈa↗tẫˈi	0	1	0	0
ghậi	TONE_NANG	ɣəʔ↓j	ðˈe→ hˈa↗tậˈi	0	1	0	0
ghây	TONE_NGANG	ɣə→j	ðˈe→ hˈəɪ	0	0	0	0
ghầy	TONE_HUYEN	ɣə↘j	ðˈe→ hˈəɪ↘	0	0	0	0
ghấy	TONE_SAC	ɣə↗j	ðˈe→ hˈəɪ↗	0	0	0	0
ghâ̂y	TONE_HOI	ɣə↓j	ðˈe→hˈa↗tˌeɪsˈ↗ːkəmflˌɛks ˈi	0	0	0	0
ghẫy	TONE_NGA	ɣəʔ↗j	ðˈe→ hˈəɪʔ↗	0	0	0	0
ghậy	TONE_NANG	ɣəʔ↓j	ðˈe→ hˈəɪʔ↓	0	0	0	0
ghâo	TONE_NGANG	ɣə→w	ðˈe→ hˈa↗tˌeɪsˈ↗ːkəmflˌɛksˈɔ	0	0	0	0
ghầo	TONE_HUYEN	ɣə↘w	ðˈe→ hˈa↗tầˈɔ	0	1	0	0
ghấo	TONE_SAC	ɣə↗w	ðˈe→ hˈa↗tấˈɔ	0	1	0	0
ghâ̂o	TONE_HOI	ɣə↓w	ðˈe→hˈa↗tˌeɪsˈ↗ːkəmflˌɛks ˈo	0	0	0	0
ghẫo	TONE_NGA	ɣəʔ↗w	ðˈe→ hˈa↗tẫˈɔ	0	1	0	0
ghậo	TONE_NANG	ɣəʔ↓w	ðˈe→ hˈa↗tậˈɔ	0	1	0	0
ghâu	TONE_NGANG	ɣə→w	ðˈe→ hˈə→w	0	0	0	0
ghầu	TONE_HUYEN	ɣə↘w	ðˈe→ hˈə↘w	0	0	0	0
ghấu	TONE_SAC	ɣə↗w	ðˈe→ hˈə↗w	0	0	0	0
ghâ̂u	TONE_HOI	ɣə↓w	ðˈe→hˈa↗tˌeɪsˈ↗ːkəmflˌɛks ˈu	0	0	0	0
ghẫu	TONE_NGA	ɣəʔ↗w	ðˈe→ hˈəʔ↗w	0	0	0	0
ghậu	TONE_NANG	ɣəʔ↓w	ðˈe→ hˈəʔ↓w	0	0	0	0
ghâm	TONE_NGANG	ɣə→m	ðˈe→ hˈəm	0	0	0	0
ghầm	TONE_HUYEN	ɣə↘m	ðˈe→ hˈə↘m	0	0	0	0
ghấm	TONE_SAC	ɣə↗m	ðˈe→ hˈə↗m	0	0	0	0
ghâ̂m	TONE_HOI	ɣə↓m	ðˈe→hˈa↗tˌeɪsˈ↗ːkəmflˌɛks mˈəː↘	0	0	0	0
ghẫm	TONE_NGA	ɣəʔ↗m	ðˈe→ hˈəʔ↗m	0	0	0	0
ghậm	TONE_NANG	ɣəʔ↓m	ðˈe→ hˈəʔ↓m	0	0	0	0
ghân	TONE_NGANG	ɣə→n	ðˈe→ hˈən	0	0	0	0
ghần	TONE_HUYEN	ɣə↘n	ðˈe→ hˈə↘n	0	0	0	0
ghấn	TONE_SAC	ɣə↗n	ðˈe→ hˈə↗n	0	0	0	0
ghâ̂n	TONE_HOI	ɣə↓n	ðˈe→hˈa↗tˌeɪsˈ↗ːkəmflˌɛks nˈəː↘	0	0	0	0
ghẫn	TONE_NGA	ɣəʔ↗n	ðˈe→ hˈəʔ↗n	0	0	0	0
ghận	TONE_NANG	ɣəʔ↓n	ðˈe→ hˈəʔ↓n	0	0	0	0
ghấp	TONE_SAC	ɣə↗p	ðˈe→ hˈə↗p	0	0	0	0
ghập	TONE_NANG	ɣəʔ↓p	ðˈe→ hˈəʔ↓p	0	0	0	0
ghất	TONE_SAC	ɣə↗t	ðˈe→ hˈə↗t	0	0	0	0
ghật	TONE_NANG	ɣəʔ↓t	ðˈe→ hˈəʔ↓t	0	0	0	0
ghâng	TONE_NGANG	ɣə→ŋ	ðˈe→ hˈəŋ	0	0	0	0
ghầng	TONE_HUYEN	ɣə↘ŋ	ðˈe→ hˈə↘ŋ	0	0	0	0
ghấng	TONE_SAC	ɣə↗ŋ	ðˈe→ hˈə↗ŋ	0	0	0	0
ghâ̂ng	TONE_HOI	ɣə↓ŋ	ðˈe→hˈa↗tˌeɪsˈ↗ːkəmflˌɛks ˌɛndʒˈiː	0	0	0	0
ghẫng	TONE_NGA	ɣəʔ↗ŋ	ðˈe→ hˈəʔ↗ŋ	0	0	0	0
ghậng	TONE_NANG	ɣəʔ↓ŋ	ðˈe→ hˈəʔ↓ŋ	0	0	0	0
ghấc	TONE_SAC	ɣə↗k	ðˈe→ hˈə↗c	0	0	0	0
ghậc	TONE_NANG	ɣəʔ↓k	ðˈe→ hˈəʔ↓c	0	0	0	0
ghấch	TONE_SAC	ɣə↗k	ðˈe→ hˈə↗c hˈa↗t	0	0	0	0
ghậch	TONE_NANG	ɣəʔ↓k	ðˈe→ hˈəʔ↓c hˈa↗t	0	0	0	0
ghe	TONE_NGANG	ɣɛ→	ɣˈɛ	0	0	0	0
ghè	TONE_HUYEN	ɣɛ↘	ɣˈɛ↘	1	0	0	0
ghé	TONE_SAC	ɣɛ↗	ɣˈɛ↗	1	0	0	0
ghê	TONE_HOI	ɣɛ↓	ɣˈe	0	0	0	0
ghẽ	TONE_NGA	ɣɛʔ↗	ɣˈɛʔ↗	1	0	0	0
ghẹ	TONE_NANG	ɣɛʔ↓	ɣˈɛʔ↓	1	0	0	0
gheo	TONE_NGANG	ɣɛ→w	ɣˈɛw	0	0	0	0
ghèo	TONE_HUYEN	ɣɛ↘w	ɣˈɛ↘w	1	0	0	0
ghéo	TONE_SAC	ɣɛ↗w	ɣˈɛ↗w	1	0	0	0
ghêo	TONE_HOI	ɣɛ↓w	ɣˈe ˈɔ	0	0	0	0
ghẽo	TONE_NGA	ɣɛʔ↗w	ɣˈɛʔ↗w	1	0	0	0
ghẹo	TONE_NANG	ɣɛʔ↓w	ɣˈɛʔ↓w	1	0	0	0
gheu	TONE_NGANG	ɣɛ→w	dʒˈiː hˈe↘w	0	0	0	0
ghèu	TONE_HUYEN	ɣɛ↘w	ɣˈɛ↘ ˈu	0	0	0	0
ghéu	TONE_SAC	ɣɛ↗w	ɣˈɛ↗ ˈu	0	0	0	0
ghêu	TONE_HOI	ɣɛ↓w	ɣˈe→w	0	0	0	0
ghẽu	TONE_NGA	ɣɛʔ↗w	ɣˈɛʔ↗ ˈu	0	0	0	0
ghẹu	TONE_NANG	ɣɛʔ↓w	ɣˈɛʔ↓ ˈu	0	0	0	0
ghem	TONE_NGANG	ɣɛ→m	ɣˈɛm	0	0	0	0
ghèm	TONE_HUYEN	ɣɛ↘m	ɣˈɛ↘m	1	0	0	0
ghém	TONE_SAC	ɣɛ↗m	ɣˈɛ↗m	1	0	0	0
ghêm	TONE_HOI	ɣɛ↓m	ɣˈem	0	0	0	0
ghẽm	TONE_NGA	ɣɛʔ↗m	ɣˈɛʔ↗m	1	0	0	0
ghẹm	TONE_NANG	ɣɛʔ↓m	ɣˈɛʔ↓m	1	0	0	0
ghen	TONE_NGANG	ɣɛ→n	ɣˈɛn	0	0	0	0
ghèn	TONE_HUYEN	ɣɛ↘n	ɣˈɛ↘n	1	0	0	0
ghén	TONE_SAC	ɣɛ↗n	ɣˈɛ↗n	1	0	0	0
ghên	TONE_HOI	ɣɛ↓n	ɣˈen	0	0	0	0
ghẽn	TONE_NGA	ɣɛʔ↗n	ɣˈɛʔ↗n	1	0	0	0
ghẹn	TONE_NANG	ɣɛʔ↓n	ɣˈɛʔ↓n	1	0	0	0
ghép	TONE_SAC	ɣɛ↗p	ɣˈɛ↗p	1	0	0	0
ghẹp	TONE_NANG	ɣɛʔ↓p	ɣˈɛʔ↓p	1	0	0	0
ghét	TONE_SAC	ɣɛ↗t	ɣˈɛ↗t	1	0	0	0
ghẹt	TONE_NANG	ɣɛʔ↓t	ɣˈɛʔ↓t	1	0	0	0
gheng	TONE_NGANG	ɣɛ→ŋ	ɣˈɛŋ	0	0	0	0
ghèng	TONE_HUYEN	ɣɛ↘ŋ	ɣˈɛ↘ŋ	1	0	0	0
ghéng	TONE_SAC	ɣɛ↗ŋ	ɣˈɛ↗ŋ	1	0	0	0
ghêng	TONE_HOI	ɣɛ↓ŋ	ɣˈen ðˈe→	0	0	0	0
ghẽng	TONE_NGA	ɣɛʔ↗ŋ	ɣˈɛʔ↗ŋ	1	0	0	0
ghẹng	TONE_NANG	ɣɛʔ↓ŋ	ɣˈɛʔ↓ŋ	1	0	0	0
ghéc	TONE_SAC	ɣɛ↗k	ɣˈɛ↗c	1	0	0	0
ghẹc	TONE_NANG	ɣɛʔ↓k	ɣˈɛʔ↓c	1	0	0	0
ghéch	TONE_SAC	ɣɛ↗k	ɣˈɛ↗c hˈa↗t	0	0	0	0
ghẹch	TONE_NANG	ɣɛʔ↓k	ɣˈɛʔ↓c hˈa↗t	0	0	0	0
ghê	TONE_NGANG	ɣe→	ɣˈe	0	0	0	0
ghề	TONE_HUYEN	ɣe↘	ɣˈe↘	1	0	0	0
ghế	TONE_SAC	ɣe↗	ɣˈe↗	1	0	0	0
ghê̂	TONE_HOI	ɣe↓	ɣˈe	0	0	0	0
ghễ	TONE_NGA	ɣeʔ↗	ɣˈeʔ↗	1	0	0	0
ghệ	TONE_NANG	ɣeʔ↓	ɣˈeʔ↓	1	0	0	0
ghêo	TONE_NGANG	ɣe→w	ɣˈe ˈɔ	0	0	0	0
ghềo	TONE_HUYEN	ɣe↘w	ɣˈe↘ ˈɔ	1	0	0	0
ghếo	TONE_SAC	ɣe↗w	ɣˈe↗ ˈɔ	1	0	0	0
ghê̂o	TONE_HOI	ɣe↓w	ɣˈe ˈo	0	0	0	0
ghễo	TONE_NGA	ɣeʔ↗w	ɣˈeʔ↗ ˈɔ	1	0	0	0
ghệo	TONE_NANG	ɣeʔ↓w	ɣˈeʔ↓ ˈɔ	1	0	0	0
ghêu	TONE_NGANG	ɣe→w	ɣˈe→w	1	0	0	0
ghều	TONE_HUYEN	ɣe↘w	ɣˈe↘w	1	0	0	0
ghếu	TONE_SAC	ɣe↗w	ɣˈe↗w	1	0	0	0
ghê̂u	TONE_HOI	ɣe↓w	ɣˈe ˈu	0	0	0	0
ghễu	TONE_NGA	ɣeʔ↗w	ɣˈeʔ↗w	1	0	0	0
ghệu	TONE_NANG	ɣeʔ↓w	ɣˈeʔ↓w	1	0	0	0
ghêm	TONE_NGANG	ɣe→m	ɣˈem	0	0	0	0
ghềm	TONE_HUYEN	ɣe↘m	ɣˈe↘m	1	0	0	0
ghếm	TONE_SAC	ɣe↗m	ɣˈe↗m	1	0	0	0
ghê̂m	TONE_HOI	ɣe↓m	ɣˈe mˈəː↘	0	0	0	0
ghễm	TONE_NGA	ɣeʔ↗m	ɣˈeʔ↗m	1	0	0	0
ghệm	TONE_NANG	ɣeʔ↓m	ɣˈeʔ↓m	1	0	0	0
ghên	TONE_NGANG	ɣe→n	ɣˈen	0	0	0	0
ghền	TONE_HUYEN	ɣe↘n	ɣˈe↘n	1	0	0	0
ghến	TONE_SAC	ɣe↗n	ɣˈe↗n	1	0	0	0
ghê̂n	TONE_HOI	ɣe↓n	ɣˈe nˈəː↘	0	0	0	0
ghễn	TONE_NGA	ɣeʔ↗n	ɣˈeʔ↗n	1	0	0	0
ghện	TONE_NANG	ɣeʔ↓n	ɣˈeʔ↓n	1	0	0	0
ghếp	TONE_SAC	ɣe↗p	ɣˈe↗p	1	0	0	0
ghệp	TONE_NANG	ɣeʔ↓p	ɣˈeʔ↓p	1	0	0	0
ghết	TONE_SAC	ɣe↗t	ɣˈe↗t	1	0	0	0
ghệt	TONE_NANG	ɣeʔ↓t	ɣˈeʔ↓t	1	0	0	0
ghênh	TONE_NGANG	ɣe→ɲ	ɣˈeɲ	0	0	0	0
ghềnh	TONE_HUYEN	ɣe↘ɲ	ɣˈe↘ɲ	1	0	0	0
ghếnh	TONE_SAC	ɣe↗ɲ	ɣˈe↗ɲ	1	0	0	0
ghê̂nh	TONE_HOI	ɣe↓ɲ	ɣˈe ˌɛnˈeɪʧ	0	0	0	0
ghễnh	TONE_NGA	ɣeʔ↗ɲ	ɣˈeʔ↗ɲ	1	0	0	0
ghệnh	TONE_NANG	ɣeʔ↓ɲ	ɣˈeʔ↓ɲ	1	0	0	0
ghếc	TONE_SAC	ɣe↗k	ɣˈe↗ sˈe	0	0	0	0
ghệc	TONE_NANG	ɣeʔ↓k	ɣˈeʔ↓ sˈe	0	0	0	0
ghếch	TONE_SAC	ɣe↗k	ɣˈe↗c	1	0	0	0
ghệch	TONE_NANG	ɣeʔ↓k	ɣˈeʔ↓c	1	0	0	0
ghi	TONE_NGANG	ɣi→	ɣˈi	0	0	0	0
ghì	TONE_HUYEN	ɣi↘	ɣˈi↘	1	0	0	0
ghí	TONE_SAC	ɣi↗	ɣˈi↗	1	0	0	0
ghî	TONE_HOI	ɣi↓	ɣˈi	0	0	0	0
ghĩ	TONE_NGA	ɣiʔ↗	ɣˈiʔ↗	1	0	0	0
ghị	TONE_NANG	ɣiʔ↓	ɣˈiʔ↓	1	0	0	0
ghio	TONE_NGANG	ɣi→w	ɡˈiːoʊ	0	0	0	0
ghìo	TONE_HUYEN	ɣi↘w	ɣˈi↘ ˈɔ	1	0	0	0
ghío	TONE_SAC	ɣi↗w	ɣˈi↗ ˈɔ	1	0	0	0
ghîo	TONE_HOI	ɣi↓w	ɡˈiːoʊ	0	0	0	0
ghĩo	TONE_NGA	ɣiʔ↗w	ɣˈiʔ↗ ˈɔ	1	0	0	0
ghịo	TONE_NANG	ɣiʔ↓w	ɣˈiʔ↓ ˈɔ	1	0	0	0
ghiu	TONE_NGANG	ɣi→w	ɣˈiw	0	0	0	0
ghìu	TONE_HUYEN	ɣi↘w	ɣˈi↘w	1	0	0	0
ghíu	TONE_SAC	ɣi↗w	ɣˈi↗w	1	0	0	0
ghîu	TONE_HOI	ɣi↓w	ɣˈiw	0	0	0	0
ghĩu	TONE_NGA	ɣiʔ↗w	ɣˈiʔ↗w	1	0	0	0
ghịu	TONE_NANG	ɣiʔ↓w	ɣˈiʔ↓w	1	0	0	0
ghim	TONE_NGANG	ɣi→m	ɣˈim	0	0	0	0
ghìm	TONE_HUYEN	ɣi↘m	ɣˈi↘m	1	0	0	0
ghím	TONE_SAC	ɣi↗m	ɣˈi↗m	1	0	0	0
ghîm	TONE_HOI	ɣi↓m	ɣˈim	0	0	0	0
ghĩm	TONE_NGA	ɣiʔ↗m	ɣˈiʔ↗m	1	0	0	0
ghịm	TONE_NANG	ɣiʔ↓m	ɣˈiʔ↓m	1	0	0	0
ghin	TONE_NGANG	ɣi→n	ɣˈin	0	0	0	0
ghìn	TONE_HUYEN	ɣi↘n	ɣˈi↘n	1	0	0	0
ghín	TONE_SAC	ɣi↗n	ɣˈi↗n	1	0	0	0
ghîn	TONE_HOI	ɣi↓n	ɣˈin	0	0	0	0
ghĩn	TONE_NGA	ɣiʔ↗n	ɣˈiʔ↗n	1	0	0	0
ghịn	TONE_NANG	ɣiʔ↓n	ɣˈiʔ↓n	1	0	0	0
ghíp	TONE_SAC	ɣi↗p	ɣˈi↗p	1	0	0	0
ghịp	TONE_NANG	ɣiʔ↓p	ɣˈiʔ↓p	1	0	0	0
ghít	TONE_SAC	ɣi↗t	ɣˈi↗t	1	0	0	0
ghịt	TONE_NANG	ɣiʔ↓t	ɣˈiʔ↓t	1	0	0	0
ghinh	TONE_NGANG	ɣi→ɲ	ɣˈiɲ	0	0	0	1
ghình	TONE_HUYEN	ɣi↘ɲ	ɣˈi↘ɲ	1	0	0	1
ghính	TONE_SAC	ɣi↗ɲ	ɣˈi↗ɲ	1	0	0	1
ghînh	TONE_HOI	ɣi↓ɲ	ɣˈiɲ	0	0	0	1
ghĩnh	TONE_NGA	ɣiʔ↗ɲ	ɣˈiʔ↗ɲ	1	0	0	1
ghịnh	TONE_NANG	ɣiʔ↓ɲ	ɣˈiʔ↓ɲ	1	0	0	1
ghíc	TONE_SAC	ɣi↗k	ɣˈi↗ sˈe	0	0	0	0
ghịc	TONE_NANG	ɣiʔ↓k	ɣˈiʔ↓ sˈe	0	0	0	0
ghích	TONE_SAC	ɣi↗k	ɣˈi↗c	1	0	0	0
ghịch	TONE_NANG	ɣiʔ↓k	ɣˈiʔ↓c	1	0	0	0
ghy	TONE_NGANG	ɣi→	ɣˈi	0	0	0	0
ghỳ	TONE_HUYEN	ɣi↘	ɣˈi↘	1	0	0	0
ghý	TONE_SAC	ɣi↗	ɣˈi↗	1	0	0	0
ghŷ	TONE_HOI	ɣi↓	ɣˈi	0	0	0	0
ghỹ	TONE_NGA	ɣiʔ↗	ɣˈiʔ↗	1	0	0	0
ghỵ	TONE_NANG	ɣiʔ↓	ɣˈiʔ↓	1	0	0	0
ghyo	TONE_NGANG	ɣi→w	dʒˈiː hˈaɪoʊ	0	0	0	0
ghỳo	TONE_HUYEN	ɣi↘w	ɣˈi↘ ˈɔ	1	0	0	0
ghýo	TONE_SAC	ɣi↗w	ɣˈi↗ ˈɔ	1	0	0	0
ghŷo	TONE_HOI	ɣi↓w	dʒˈiː hˈaɪoʊ	0	0	0	0
ghỹo	TONE_NGA	ɣiʔ↗w	ɣˈiʔ↗ ˈɔ	1	0	0	0
ghỵo	TONE_NANG	ɣiʔ↓w	ɣˈiʔ↓ ˈɔ	1	0	0	0
ghyu	TONE_NGANG	ɣi→w	dʒˈiː hˈaɪuː	0	0	0	0
ghỳu	TONE_HUYEN	ɣi↘w	ɣˈi↘ ˈu	0	0	0	0
ghýu	TONE_SAC	ɣi↗w	ɣˈi↗ ˈu	0	0	0	0
ghŷu	TONE_HOI	ɣi↓w	dʒˈiː hˈaɪuː	0	0	0	0
ghỹu	TONE_NGA	ɣiʔ↗w	ɣˈiʔ↗ ˈu	0	0	0	0
ghỵu	TONE_NANG	ɣiʔ↓w	ɣˈiʔ↓ ˈu	0	0	0	0
ghym	TONE_NGANG	ɣi→m	dʒˈiː hˈɪm	0	0	0	0
ghỳm	TONE_HUYEN	ɣi↘m	ɣˈi↘ ˈməː↘	0	0	0	0
ghým	TONE_SAC	ɣi↗m	ɣˈi↗ ˈməː↘	0	0	0	0
ghŷm	TONE_HOI	ɣi↓m	dʒˈiː hˈɪm	0	0	0	0
ghỹm	TONE_NGA	ɣiʔ↗m	ɣˈiʔ↗ ˈməː↘	0	0	0	0
ghỵm	TONE_NANG	ɣiʔ↓m	ɣˈiʔ↓ ˈməː↘	0	0	0	0
ghyn	TONE_NGANG	ɣi→n	ɣˈi ˈɛn	0	0	0	0
ghỳn	TONE_HUYEN	ɣi↘n	ɣˈi↘ ˈɛnəː↘	0	0	0	0
ghýn	TONE_SAC	ɣi↗n	ɣˈi↗ ˈɛnəː↘	0	0	0	0
ghŷn	TONE_HOI	ɣi↓n	ɣˈi ˈɛn	0	0	0	0
ghỹn	TONE_NGA	ɣiʔ↗n	ɣˈiʔ↗ ˈɛnəː↘	0	0	0	0
ghỵn	TONE_NANG	ɣiʔ↓n	ɣˈiʔ↓ ˈɛnəː↘	0	0	0	0
ghýp	TONE_SAC	ɣi↗p	ɣˈi↗ pˈe	0	0	0	0
ghỵp	TONE_NANG	ɣiʔ↓p	ɣˈiʔ↓ pˈe	0	0	0	0
ghýt	TONE_SAC	ɣi↗t	ɣˈi↗ tˈe	0	0	0	0
ghỵt	TONE_NANG	ɣiʔ↓t	ɣˈiʔ↓ tˈe	0	0	0	0
ghynh	TONE_NGANG	ɣi→ɲ	ɣˈi ˈɛnˈeɪʧ	0	0	0	0
ghỳnh	TONE_HUYEN	ɣi↘ɲ	ɣˈi↘ ˈɛnəː↘hˈa↗t	0	0	0	0
ghýnh	TONE_SAC	ɣi↗ɲ	ɣˈi↗ ˈɛnəː↘hˈa↗t	0	0	0	0
ghŷnh	TONE_HOI	ɣi↓ɲ	ɣˈi ˈɛnˈeɪʧ	0	0	0	0
ghỹnh	TONE_NGA	ɣiʔ↗ɲ	ɣˈiʔ↗ ˈɛnəː↘hˈa↗t	0	0	0	0
ghỵnh	TONE_NANG	ɣiʔ↓ɲ	ɣˈiʔ↓ ˈɛnəː↘hˈa↗t	0	0	0	0
ghýc	TONE_SAC	ɣi↗k	ɣˈi↗ sˈe	0	0	0	0
ghỵc	TONE_NANG	ɣiʔ↓k	ɣˈiʔ↓ sˈe	0	0	0	0
ghých	TONE_SAC	ɣi↗k	ɣˈi↗ sˈehˈa↗t	0	0	0	0
ghỵch	TONE_NANG	ɣiʔ↓k	ɣˈiʔ↓ sˈehˈa↗t	0	0	0	0
gho	TONE_NGANG	ɣɔ→	ɡˈoʊ	0	0	0	0
ghò	TONE_HUYEN	ɣɔ↘	ðˈe→ hˈɔ↘	0	0	0	0
ghó	TONE_SAC	ɣɔ↗	ðˈe→ hˈɔ↗	0	0	0	0
ghô	TONE_HOI	ɣɔ↓	ðˈe→ hˈo	0	0	0	0
ghõ	TONE_NGA	ɣɔʔ↗	ðˈe→ hˈɔʔ↗	0	0	0	0
ghọ	TONE_NANG	ɣɔʔ↓	ðˈe→ hˈɔʔ↓	0	0	0	0
ghoi	TONE_NGANG	ɣɔ→j	dʒˈiː hˈɔj	0	0	0	0
ghòi	TONE_HUYEN	ɣɔ↘j	ðˈe→ hˈɔ↘j	0	0	0	0
ghói	TONE_SAC	ɣɔ↗j	ðˈe→ hˈɔ↗j	0	0	0	0
ghôi	TONE_HOI	ɣɔ↓j	ðˈe→ hˈoj	0	0	0	0
ghõi	TONE_NGA	ɣɔʔ↗j	ðˈe→ hˈɔʔ↗j	0	0	0	0
ghọi	TONE_NANG	ɣɔʔ↓j	ðˈe→ hˈɔʔ↓j	0	0	0	0
ghoy	TONE_NGANG	ɣɔ→j	dʒˈiː hˈɔɪ	0	0	0	0
ghòy	TONE_HUYEN	ɣɔ↘j	ðˈe→ hˈɔ↘ ˈi	0	0	0	0
ghóy	TONE_SAC	ɣɔ↗j	ðˈe→ hˈɔ↗ ˈi	0	0	0	0
ghôy	TONE_HOI	ɣɔ↓j	ðˈe→ hˈo ˈi	0	0	0	0
ghõy	TONE_NGA	ɣɔʔ↗j	ðˈe→ hˈɔʔ↗ ˈi	0	0	0	0
ghọy	TONE_NANG	ɣɔʔ↓j	ðˈe→ hˈɔʔ↓ ˈi	0	0	0	0
ghom	TONE_NGANG	ɣɔ→m	dʒˈiː hˈɔm	0	0	0	0
ghòm	TONE_HUYEN	ɣɔ↘m	ðˈe→ hˈɔ↘m	0	0	0	0
ghóm	TONE_SAC	ɣɔ↗m	ðˈe→ hˈɔ↗m	0	0	0	0
ghôm	TONE_HOI	ɣɔ↓m	ðˈe→ hˈom	0	0	0	0
ghõm	TONE_NGA	ɣɔʔ↗m	ðˈe→ hˈɔʔ↗m	0	0	0	0
ghọm	TONE_NANG	ɣɔʔ↓m	ðˈe→ hˈɔʔ↓m	0	0	0	0
ghon	TONE_NGANG	ɣɔ→n	ɡˈɑːn	0	0	0	0
ghòn	TONE_HUYEN	ɣɔ↘n	ðˈe→ hˈɔ↘n	0	0	0	0
ghón	TONE_SAC	ɣɔ↗n	ðˈe→ hˈɔ↗n	0	0	0	0
ghôn	TONE_HOI	ɣɔ↓n	ðˈe→ hˈon	0	0	0	0
ghõn	TONE_NGA	ɣɔʔ↗n	ðˈe→ hˈɔʔ↗n	0	0	0	0
ghọn	TONE_NANG	ɣɔʔ↓n	ðˈe→ hˈɔʔ↓n	0	0	0	0
ghóp	TONE_SAC	ɣɔ↗p	ðˈe→ hˈɔ↗p	0	0	0	0
ghọp	TONE_NANG	ɣɔʔ↓p	ðˈe→ hˈɔʔ↓p	0	0	0	0
ghót	TONE_SAC	ɣɔ↗t	ðˈe→ hˈɔ↗t	0	0	0	0
ghọt	TONE_NANG	ɣɔʔ↓t	ðˈe→ hˈɔʔ↓t	0	0	0	0
ghong	TONE_NGANG	ɣɔ→ŋ	dʒˈiː hˈɔŋ	0	0	0	0
ghòng	TONE_HUYEN	ɣɔ↘ŋ	ðˈe→ hˈɔ↘ŋ	0	0	0	0
ghóng	TONE_SAC	ɣɔ↗ŋ	ðˈe→ hˈɔ↗ŋ	0	0	0	0
ghông	TONE_HOI	ɣɔ↓ŋ	ðˈe→ hˈoŋ	0	0	0	0
ghõng	TONE_NGA	ɣɔʔ↗ŋ	ðˈe→ hˈɔʔ↗ŋ	0	0	0	0
ghọng	TONE_NANG	ɣɔʔ↓ŋ	ðˈe→ hˈɔʔ↓ŋ	0	0	0	0
ghóc	TONE_SAC	ɣɔ↗k	ðˈe→ hˈɔ↗k	0	0	0	0
ghọc	TONE_NANG	ɣɔʔ↓k	ðˈe→ hˈɔʔ↓k	0	0	0	0
ghóch	TONE_SAC	ɣɔ↗k	ðˈe→ hˈɔ↗k hˈa↗t	0	0	0	0
ghọch	TONE_NANG	ɣɔʔ↓k	ðˈe→ hˈɔʔ↓k hˈa↗t	0	0	0	0
ghô	TONE_NGANG	ɣo→	ðˈe→ hˈo	0	0	0	0
ghồ	TONE_HUYEN	ɣo↘	ðˈe→ hˈo↘	0	0	0	0
ghố	TONE_SAC	ɣo↗	ðˈe→ hˈo↗	0	0	0	0
ghô̂	TONE_HOI	ɣo↓	ðˈe→ hˈo	0	0	0	0
ghỗ	TONE_NGA	ɣoʔ↗	ðˈe→ hˈoʔ↗	0	0	0	0
ghộ	TONE_NANG	ɣoʔ↓	ðˈe→ hˈoʔ↓	0	0	0	0
ghôi	TONE_NGANG	ɣo→j	ðˈe→ hˈoj	0	0	0	0
ghồi	TONE_HUYEN	ɣo↘j	ðˈe→ hˈo↘j	0	0	0	0
ghối	TONE_SAC	ɣo↗j	ðˈe→ hˈo↗j	0	0	0	0
ghô̂i	TONE_HOI	ɣo↓j	ðˈe→ hˈo ˈi	0	0	0	0
ghỗi	TONE_NGA	ɣoʔ↗j	ðˈe→ hˈoʔ↗j	0	0	0	0
ghội	TONE_NANG	ɣoʔ↓j	ðˈe→ hˈoʔ↓j	0	0	0	0
ghôy	TONE_NGANG	ɣo→j	ðˈe→ hˈo ˈi	0	0	0	0
ghồy	TONE_HUYEN	ɣo↘j	ðˈe→ hˈo↘ ˈi	0	0	0	0
ghốy	TONE_SAC	ɣo↗j	ðˈe→ hˈo↗ ˈi	0	0	0	0
ghô̂y	TONE_HOI	ɣo↓j	ðˈe→ hˈo ˈi	0	0	0	0
ghỗy	TONE_NGA	ɣoʔ↗j	ðˈe→ hˈoʔ↗ ˈi	0	0	0	0
ghộy	TONE_NANG	ɣoʔ↓j	ðˈe→ hˈoʔ↓ ˈi	0	0	0	0
ghôm	TONE_NGANG	ɣo→m	ðˈe→ hˈom	0	0	0	0
ghồm	TONE_HUYEN	ɣo↘m	ðˈe→ hˈo↘m	0	0	0	0
ghốm	TONE_SAC	ɣo↗m	ðˈe→ hˈo↗m	0	0	0	0
ghô̂m	TONE_HOI	ɣo↓m	ðˈe→ hˈo mˈəː↘	0	0	0	0
ghỗm	TONE_NGA	ɣoʔ↗m	ðˈe→ hˈoʔ↗m	0	0	0	0
ghộm	TONE_NANG	ɣoʔ↓m	ðˈe→ hˈoʔ↓m	0	0	0	0
ghôn	TONE_NGANG	ɣo→n	ðˈe→ hˈon	0	0	0	0
ghồn	TONE_HUYEN	ɣo↘n	ðˈe→ hˈo↘n	0	0	0	0
ghốn	TONE_SAC	ɣo↗n	ðˈe→ hˈo↗n	0	0	0	0
ghô̂n	TONE_HOI	ɣo↓n	ðˈe→ hˈo nˈəː↘	0	0	0	0
ghỗn	TONE_NGA	ɣoʔ↗n	ðˈe→ hˈoʔ↗n	0	0	0	0
ghộn	TONE_NANG	ɣoʔ↓n	ðˈe→ hˈoʔ↓n	0	0	0	0
ghốp	TONE_SAC	ɣo↗p	ðˈe→ hˈo↗p	0	0	0	0
ghộp	TONE_NANG	ɣoʔ↓p	ðˈe→ hˈoʔ↓p	0	0	0	0
ghốt	TONE_SAC	ɣo↗t	ðˈe→ hˈo↗t	0	0	0	0
ghột	TONE_NANG	ɣoʔ↓t	ðˈe→ hˈoʔ↓t	0	0	0	0
ghông	TONE_NGANG	ɣo→ŋ	ðˈe→ hˈoŋ	0	0	0	0
ghồng	TONE_HUYEN	ɣo↘ŋ	ðˈe→ hˈo↘ŋ	0	0	0	0
ghống	TONE_SAC	ɣo↗ŋ	ðˈe→ hˈo↗ŋ	0	0	0	0
ghô̂ng	TONE_HOI	ɣo↓ŋ	ðˈe→ hˈo ˌɛndʒˈiː	0	0	0	0
ghỗng	TONE_NGA	ɣoʔ↗ŋ	ðˈe→ hˈoʔ↗ŋ	0	0	0	0
ghộng	TONE_NANG	ɣoʔ↓ŋ	ðˈe→ hˈoʔ↓ŋ	0	0	0	0
ghốc	TONE_SAC	ɣo↗k	ðˈe→ hˈo↗k	0	0	0	0
ghộc	TONE_NANG	ɣoʔ↓k	ðˈe→ hˈoʔ↓k	0	0	0	0
ghốch	TONE_SAC	ɣo↗k	ðˈe→ hˈo↗k hˈa↗t	0	0	0	0
ghộch	TONE_NANG	ɣoʔ↓k	ðˈe→ hˈoʔ↓k hˈa↗t	0	0	0	0
ghơ	TONE_NGANG	ɣəː→	ðˈe→ hˈəː	0	0	0	0
ghờ	TONE_HUYEN	ɣəː↘	ðˈe→ hˈəː↘	0	0	0	0
ghớ	TONE_SAC	ɣəː↗	ðˈe→ hˈəː↗	0	0	0	0
ghơ̂	TONE_HOI	ɣəː↓	ðˈe→ hˈəː	0	0	0	0
ghỡ	TONE_NGA	ɣəːʔ↗	ðˈe→ hˈəːʔ↗	0	0	0	0
ghợ	TONE_NANG	ɣəːʔ↓	ðˈe→ hˈəːʔ↓	0	0	0	0
ghơi	TONE_NGANG	ɣəː→j	ðˈe→ hˈəːj	0	0	0	0
ghời	TONE_HUYEN	ɣəː↘j	ðˈe→ hˈəː↘j	0	0	0	0
ghới	TONE_SAC	ɣəː↗j	ðˈe→ hˈəː↗j	0	0	0	0
ghơ̂i	TONE_HOI	ɣəː↓j	ðˈe→ hˈəː ˈi	0	0	0	0
ghỡi	TONE_NGA	ɣəːʔ↗j	ðˈe→ hˈəːʔ↗j	0	0	0	0
ghợi	TONE_NANG	ɣəːʔ↓j	ðˈe→ hˈəːʔ↓j	0	0	0	0
ghơy	TONE_NGANG	ɣəː→j	ðˈe→ hˈəː ˈi	0	0	0	0
ghờy	TONE_HUYEN	ɣəː↘j	ðˈe→ hˈəː↘ ˈi	0	0	0	0
ghớy	TONE_SAC	ɣəː↗j	ðˈe→ hˈəː↗ ˈi	0	0	0	0
ghơ̂y	TONE_HOI	ɣəː↓j	ðˈe→ hˈəː ˈi	0	0	0	0
ghỡy	TONE_NGA	ɣəːʔ↗j	ðˈe→ hˈəːʔ↗ ˈi	0	0	0	0
ghợy	TONE_NANG	ɣəːʔ↓j	ðˈe→ hˈəːʔ↓ ˈi	0	0	0	0
ghơm	TONE_NGANG	ɣəː→m	ðˈe→ hˈəːm	0	0	0	0
ghờm	TONE_HUYEN	ɣəː↘m	ðˈe→ hˈəː↘m	0	0	0	0
ghớm	TONE_SAC	ɣəː↗m	ðˈe→ hˈəː↗m	0	0	0	0
ghơ̂m	TONE_HOI	ɣəː↓m	ðˈe→ hˈəː mˈəː↘	0	0	0	0
ghỡm	TONE_NGA	ɣəːʔ↗m	ðˈe→ hˈəːʔ↗m	0	0	0	0
ghợm	TONE_NANG	ɣəːʔ↓m	ðˈe→ hˈəːʔ↓m	0	0	0	0
ghơn	TONE_NGANG	ɣəː→n	ðˈe→ hˈəːn	0	0	0	0
ghờn	TONE_HUYEN	ɣəː↘n	ðˈe→ hˈəː↘n	0	0	0	0
ghớn	TONE_SAC	ɣəː↗n	ðˈe→ hˈəː↗n	0	0	0	0
ghơ̂n	TONE_HOI	ɣəː↓n	ðˈe→ hˈəː nˈəː↘	0	0	0	0
ghỡn	TONE_NGA	ɣəːʔ↗n	ðˈe→ hˈəːʔ↗n	0	0	0	0
ghợn	TONE_NANG	ɣəːʔ↓n	ðˈe→ hˈəːʔ↓n	0	0	0	0
ghớp	TONE_SAC	ɣəː↗p	ðˈe→ hˈəː↗p	0	0	0	0
ghợp	TONE_NANG	ɣəːʔ↓p	ðˈe→ hˈəːʔ↓p	0	0	0	0
ghớt	TONE_SAC	ɣəː↗t	ðˈe→ hˈəː↗t	0	0	0	0
ghợt	TONE_NANG	ɣəːʔ↓t	ðˈe→ hˈəːʔ↓t	0	0	0	0
ghớc	TONE_SAC	ɣəː↗k	ðˈe→ hˈəː↗ sˈe	0	0	0	0
ghợc	TONE_NANG	ɣəːʔ↓k	ðˈe→ hˈəːʔ↓ sˈe	0	0	0	0
ghớch	TONE_SAC	ɣəː↗k	ðˈe→ hˈəː↗ sˈehˈa↗t	0	0	0	0
ghợch	TONE_NANG	ɣəːʔ↓k	ðˈe→ hˈəːʔ↓ sˈehˈa↗t	0	0	0	0
ghu	TONE_NGANG	ɣu→	ɡˈuː	0	0	0	0
ghù	TONE_HUYEN	ɣu↘	ðˈe→ hˈu↘	0	0	0	0
ghú	TONE_SAC	ɣu↗	ðˈe→ hˈu↗	0	0	0	0
ghû	TONE_HOI	ɣu↓	ɡˈuː	0	0	0	0
ghũ	TONE_NGA	ɣuʔ↗	ðˈe→ hˈuʔ↗	0	0	0	0
ghụ	TONE_NANG	ɣuʔ↓	ðˈe→ hˈuʔ↓	0	0	0	0
ghui	TONE_NGANG	ɣu→j	dʒˈiː hˈuj	0	0	0	0
ghùi	TONE_HUYEN	ɣu↘j	ðˈe→ hˈu↘j	0	0	0	0
ghúi	TONE_SAC	ɣu↗j	ðˈe→ hˈu↗j	0	0	0	0
ghûi	TONE_HOI	ɣu↓j	dʒˈiː hˈuj	0	0	0	0
ghũi	TONE_NGA	ɣuʔ↗j	ðˈe→ hˈuʔ↗j	0	0	0	0
ghụi	TONE_NANG	ɣuʔ↓j	ðˈe→ hˈuʔ↓j	0	0	0	0
ghuy	TONE_NGANG	ɣu→j	dʒˈiː hwˈi	0	0	0	0
ghùy	TONE_HUYEN	ɣu↘j	ðˈe→ hˈu↘ ˈi	0	0	0	0
ghúy	TONE_SAC	ɣu↗j	ðˈe→ hwˈi↗	0	0	0	0
ghûy	TONE_HOI	ɣu↓j	dʒˈiː hwˈi	0	0	0	0
ghũy	TONE_NGA	ɣuʔ↗j	ðˈe→ hˈuʔ↗ ˈi	0	0	0	0
ghụy	TONE_NANG	ɣuʔ↓j	ðˈe→ hˈuʔ↓ ˈi	0	0	0	0
ghum	TONE_NGANG	ɣu→m	ɡˈʌm	0	0	0	0
ghùm	TONE_HUYEN	ɣu↘m	ðˈe→ hˈu↘m	0	0	0	0
ghúm	TONE_SAC	ɣu↗m	ðˈe→ hˈu↗m	0	0	0	0
ghûm	TONE_HOI	ɣu↓m	ɡˈʌm	0	0	0	0
ghũm	TONE_NGA	ɣuʔ↗m	ðˈe→ hˈuʔ↗m	0	0	0	0
ghụm	TONE_NANG	ɣuʔ↓m	ðˈe→ hˈuʔ↓m	0	0	0	0
ghun	TONE_NGANG	ɣu→n	dʒˈiː hˈun	0	0	0	0
ghùn	TONE_HUYEN	ɣu↘n	ðˈe→ hˈu↘n	0	0	0	0
ghún	TONE_SAC	ɣu↗n	ðˈe→ hˈu↗n	0	0	0	0
ghûn	TONE_HOI	ɣu↓n	dʒˈiː hˈun	0	0	0	0
ghũn	TONE_NGA	ɣuʔ↗n	ðˈe→ hˈuʔ↗n	0	0	0	0
ghụn	TONE_NANG	ɣuʔ↓n	ðˈe→ hˈuʔ↓n	0	0	0	0
ghúp	TONE_SAC	ɣu↗p	ðˈe→ hˈu↗p	0	0	0	0
ghụp	TONE_NANG	ɣuʔ↓p	ðˈe→ hˈuʔ↓p	0	0	0	0
ghút	TONE_SAC	ɣu↗t	ðˈe→ hˈu↗t	0	0	0	0
ghụt	TONE_NANG	ɣuʔ↓t	ðˈe→ hˈuʔ↓t	0	0	0	0
ghung	TONE_NGANG	ɣu→ŋ	dʒˈiː hˈuŋ	0	0	0	0
ghùng	TONE_HUYEN	ɣu↘ŋ	ðˈe→ hˈu↘ŋ	0	0	0	0
ghúng	TONE_SAC	ɣu↗ŋ	ðˈe→ hˈu↗ŋ	0	0	0	0
ghûng	TONE_HOI	ɣu↓ŋ	dʒˈiː hˈuŋ	0	0	0	0
ghũng	TONE_NGA	ɣuʔ↗ŋ	ðˈe→ hˈuʔ↗ŋ	0	0	0	0
ghụng	TONE_NANG	ɣuʔ↓ŋ	ðˈe→ hˈuʔ↓ŋ	0	0	0	0
ghúc	TONE_SAC	ɣu↗k	ðˈe→ hˈu↗c	0	0	0	0
ghục	TONE_NANG	ɣuʔ↓k	ðˈe→ hˈuʔ↓c	0	0	0	0
ghúch	TONE_SAC	ɣu↗k	ðˈe→ hˈu↗c hˈa↗t	0	0	0	0
ghụch	TONE_NANG	ɣuʔ↓k	ðˈe→ hˈuʔ↓c hˈa↗t	0	0	0	0
ghư	TONE_NGANG	ɣɨ→	ðˈe→ hˈy	0	0	0	0
ghừ	TONE_HUYEN	ɣɨ↘	ðˈe→ hˈy↘	0	0	0	0
ghứ	TONE_SAC	ɣɨ↗	ðˈe→ hˈy↗	0	0	0	0
ghư̂	TONE_HOI	ɣɨ↓	ðˈe→ hˈy	0	0	0	0
ghữ	TONE_NGA	ɣɨʔ↗	ðˈe→ hˈyʔ↗	0	0	0	0
ghự	TONE_NANG	ɣɨʔ↓	ðˈe→ hˈyʔ↓	0	0	0	0
ghưi	TONE_NGANG	ɣɨ→j	ðˈe→ hˈyj	0	0	0	0
ghừi	TONE_HUYEN	ɣɨ↘j	ðˈe→ hˈy↘j	0	0	0	0
ghứi	TONE_SAC	ɣɨ↗j	ðˈe→ hˈy↗j	0	0	0	0
ghư̂i	TONE_HOI	ɣɨ↓j	ðˈe→ hˈy ˈi	0	0	0	0
ghữi	TONE_NGA	ɣɨʔ↗j	ðˈe→ hˈyʔ↗j	0	0	0	0
ghựi	TONE_NANG	ɣɨʔ↓j	ðˈe→ hˈyʔ↓j	0	0	0	0
ghưy	TONE_NGANG	ɣɨ→j	ðˈe→ hˈy ˈi	0	0	0	0
ghừy	TONE_HUYEN	ɣɨ↘j	ðˈe→ hˈy↘ ˈi	0	0	0	0
ghứy	TONE_SAC	ɣɨ↗j	ðˈe→ hˈy↗ ˈi	0	0	0	0
ghư̂y	TONE_HOI	ɣɨ↓j	ðˈe→ hˈy ˈi	0	0	0	0
ghữy	TONE_NGA	ɣɨʔ↗j	ðˈe→ hˈyʔ↗ ˈi	0	0	0	0
ghựy	TONE_NANG	ɣɨʔ↓j	ðˈe→ hˈyʔ↓ ˈi	0	0	0	0
ghưo	TONE_NGANG	ɣɨ→w	ðˈe→ hˈy ˈɔ	0	0	0	0
ghừo	TONE_HUYEN	ɣɨ↘w	ðˈe→ hˈy↘ ˈɔ	0	0	0	0
ghứo	TONE_SAC	ɣɨ↗w	ðˈe→ hˈy↗ ˈɔ	0	0	0	0
ghư̂o	TONE_HOI	ɣɨ↓w	ðˈe→ hˈy ˈo	0	0	0	0
ghữo	TONE_NGA	ɣɨʔ↗w	ðˈe→ hˈyʔ↗ ˈɔ	0	0	0	0
ghựo	TONE_NANG	ɣɨʔ↓w	ðˈe→ hˈyʔ↓ ˈɔ	0	0	0	0
ghưu	TONE_NGANG	ɣɨ→w	ðˈe→ hˈiw	0	0	0	0
ghừu	TONE_HUYEN	ɣɨ↘w	ðˈe→ hˈi↘w	0	0	0	0
ghứu	TONE_SAC	ɣɨ↗w	ðˈe→ hˈi↗w	0	0	0	0
ghư̂u	TONE_HOI	ɣɨ↓w	ðˈe→ hˈy ˈu	0	0	0	0
ghữu	TONE_NGA	ɣɨʔ↗w	ðˈe→ hˈiʔ↗w	0	0	0	0
ghựu	TONE_NANG	ɣɨʔ↓w	ðˈe→ hˈiʔ↓w	0	0	0	0
ghưm	TONE_NGANG	ɣɨ→m	ðˈe→ hˈym	0	0	0	0
ghừm	TONE_HUYEN	ɣɨ↘m	ðˈe→ hˈy↘m	0	0	0	0
ghứm	TONE_SAC	ɣɨ↗m	ðˈe→ hˈy↗m	0	0	0	0
ghư̂m	TONE_HOI	ɣɨ↓m	ðˈe→ hˈy mˈəː↘	0	0	0	0
ghữm	TONE_NGA	ɣɨʔ↗m	ðˈe→ hˈyʔ↗m	0	0	0	0
ghựm	TONE_NANG	ɣɨʔ↓m	ðˈe→ hˈyʔ↓m	0	0	0	0
ghưn	TONE_NGANG	ɣɨ→n	ðˈe→ hˈyn	0	0	0	0
ghừn	TONE_HUYEN	ɣɨ↘n	ðˈe→ hˈy↘n	0	0	0	0
ghứn	TONE_SAC	ɣɨ↗n	ðˈe→ hˈy↗n	0	0	0	0
ghư̂n	TONE_HOI	ɣɨ↓n	ðˈe→ hˈy nˈəː↘	0	0	0	0
ghữn	TONE_NGA	ɣɨʔ↗n	ðˈe→ hˈyʔ↗n	0	0	0	0
ghựn	TONE_NANG	ɣɨʔ↓n	ðˈe→ hˈyʔ↓n	0	0	0	0
ghứp	TONE_SAC	ɣɨ↗p	ðˈe→ hˈy↗ pˈe	0	0	0	0
ghựp	TONE_NANG	ɣɨʔ↓p	ðˈe→ hˈyʔ↓ pˈe	0	0	0	0
ghứt	TONE_SAC	ɣɨ↗t	ðˈe→ hˈy↗t	0	0	0	0
ghựt	TONE_NANG	ɣɨʔ↓t	ðˈe→ hˈyʔ↓t	0	0	0	0
ghưng	TONE_NGANG	ɣɨ→ŋ	ðˈe→ hˈyŋ	0	0	0	0
ghừng	TONE_HUYEN	ɣɨ↘ŋ	ðˈe→ hˈy↘ŋ	0	0	0	0
ghứng	TONE_SAC	ɣɨ↗ŋ	ðˈe→ hˈy↗ŋ	0	0	0	0
ghư̂ng	TONE_HOI	ɣɨ↓ŋ	ðˈe→ hˈy ˌɛndʒˈiː	0	0	0	0
ghững	TONE_NGA	ɣɨʔ↗ŋ	ðˈe→ hˈyʔ↗ŋ	0	0	0	0
ghựng	TONE_NANG	ɣɨʔ↓ŋ	ðˈe→ hˈyʔ↓ŋ	0	0	0	0
ghức	TONE_SAC	ɣɨ↗k	ðˈe→ hˈy↗c	0	0	0	0
ghực	TONE_NANG	ɣɨʔ↓k	ðˈe→ hˈyʔ↓c	0	0	0	0
ghứch	TONE_SAC	ɣɨ↗k	ðˈe→ hˈy↗c hˈa↗t	0	0	0	0
ghựch	TONE_NANG	ɣɨʔ↓k	ðˈe→ hˈyʔ↓c hˈa↗t	0	0	0	0
giiê	TONE_NGANG	ʝiə→	dʒˈɪaɪ ˈe	0	0	0	0
giiề	TONE_HUYEN	ʝiə↘	dʒˈɪaɪ ˈe↘	1	0	0	0
giiế	TONE_SAC	ʝiə↗	dʒˈɪaɪ ˈe↗	1	0	0	0
giiê̂	TONE_HOI	ʝiə↓	dʒˈɪaɪ ˈe	0	0	0	0
giiễ	TONE_NGA	ʝiəʔ↗	dʒˈɪaɪ ˈeʔ↗	1	0	0	0
giiệ	TONE_NANG	ʝiəʔ↓	dʒˈɪaɪ ˈeʔ↓	1	0	0	0
giiêo	TONE_NGANG	ʝiə→w	dʒˈɪaɪ ˈeˈɔ	0	0	0	0
giiềo	TONE_HUYEN	ʝiə↘w	dʒˈɪaɪ ˈe↘ˈɔ	1	0	0	0
giiếo	TONE_SAC	ʝiə↗w	dʒˈɪaɪ ˈe↗ˈɔ	1	0	0	0
giiê̂o	TONE_HOI	ʝiə↓w	dʒˈɪaɪ ˈe ˈo	0	0	0	0
giiễo	TONE_NGA	ʝiəʔ↗w	dʒˈɪaɪ ˈeʔ↗ˈɔ	1	0	0	0
giiệo	TONE_NANG	ʝiəʔ↓w	dʒˈɪaɪ ˈeʔ↓ˈɔ	1	0	0	0
giiêu	TONE_NGANG	ʝiə→w	dʒˈɪaɪ ˈeˈu	0	0	0	0
giiều	TONE_HUYEN	ʝiə↘w	dʒˈɪaɪ ˈe↘ˈu	0	0	0	0
giiếu	TONE_SAC	ʝiə↗w	dʒˈɪaɪ ˈe↗ˈu	0	0	0	0
giiê̂u	TONE_HOI	ʝiə↓w	dʒˈɪaɪ ˈe ˈu	0	0	0	0
giiễu	TONE_NGA	ʝiəʔ↗w	dʒˈɪaɪ ˈeʔ↗ˈu	0	0	0	0
giiệu	TONE_NANG	ʝiəʔ↓w	dʒˈɪaɪ ˈeʔ↓ˈu	0	0	0	0
giiêm	TONE_NGANG	ʝiə→m	ʝ ˈiɛm	0	0	0	0
giiềm	TONE_HUYEN	ʝiə↘m	ʝ ˈiɛ↘m	1	0	0	0
giiếm	TONE_SAC	ʝiə↗m	ʝ ˈiɛ↗m	1	0	0	0
giiê̂m	TONE_HOI	ʝiə↓m	dʒˈɪaɪ ˈe mˈəː↘	0	0	0	0
giiễm	TONE_NGA	ʝiəʔ↗m	ʝ ˈiɛʔ↗m	1	0	0	0
giiệm	TONE_NANG	ʝiəʔ↓m	ʝ ˈiɛʔ↓m	1	0	0	0
giiên	TONE_NGANG	ʝiə→n	ʝ ˈiɛn	0	0	0	0
giiền	TONE_HUYEN	ʝiə↘n	ʝ ˈiɛ↘n	1	0	0	0
giiến	TONE_SAC	ʝiə↗n	ʝ ˈiɛ↗n	1	0	0	0
giiê̂n	TONE_HOI	ʝiə↓n	dʒˈɪaɪ ˈe nˈəː↘	0	0	0	0
giiễn	TONE_NGA	ʝiəʔ↗n	ʝ ˈiɛʔ↗n	1	0	0	0
giiện	TONE_NANG	ʝiəʔ↓n	ʝ ˈiɛʔ↓n	1	0	0	0
giiếp	TONE_SAC	ʝiə↗p	ʝ ˈiɛ↗p	1	0	0	0
giiệp	TONE_NANG	ʝiəʔ↓p	ʝ ˈiɛʔ↓p	1	0	0	0
giiết	TONE_SAC	ʝiə↗t	ʝ ˈiɛ↗t	1	0	0	0
giiệt	TONE_NANG	ʝiəʔ↓t	ʝ ˈiɛʔ↓t	1	0	0	0
giiêng	TONE_NGANG	ʝiə→ŋ	ʝ ˈiɛŋ	0	0	0	0
giiềng	TONE_HUYEN	ʝiə↘ŋ	ʝ ˈiɛ↘ŋ	1	0	0	0
giiếng	TONE_SAC	ʝiə↗ŋ	ʝ ˈiɛ↗ŋ	1	0	0	0
giiê̂ng	TONE_HOI	ʝiə↓ŋ	dʒˈɪaɪ ˈe ˌɛndʒˈiː	0	0	0	0
giiễng	TONE_NGA	ʝiəʔ↗ŋ	ʝ ˈiɛʔ↗ŋ	1	0	0	0
giiệng	TONE_NANG	ʝiəʔ↓ŋ	ʝ ˈiɛʔ↓ŋ	1	0	0	0
giiênh	TONE_NGANG	ʝiə→ɲ	dʒˈɪaɪ ˈeɲ	0	0	0	0
giiềnh	TONE_HUYEN	ʝiə↘ɲ	dʒˈɪaɪ ˈe↘ɲ	1	0	0	0
giiếnh	TONE_SAC	ʝiə↗ɲ	dʒˈɪaɪ ˈe↗ɲ	1	0	0	0
giiê̂nh	TONE_HOI	ʝiə↓ɲ	dʒˈɪaɪ ˈe ˌɛnˈeɪʧ	0	0	0	0
giiễnh	TONE_NGA	ʝiəʔ↗ɲ	dʒˈɪaɪ ˈeʔ↗ɲ	1	0	0	0
giiệnh	TONE_NANG	ʝiəʔ↓ɲ	dʒˈɪaɪ ˈeʔ↓ɲ	1	0	0	0
giiếc	TONE_SAC	ʝiə↗k	ʝ ˈiɛ↗c	1	0	0	0
giiệc	TONE_NANG	ʝiəʔ↓k	ʝ ˈiɛʔ↓c	1	0	0	0
giiếch	TONE_SAC	ʝiə↗k	dʒˈɪaɪ ˈe↗c	1	0	0	0
giiệch	TONE_NANG	ʝiəʔ↓k	dʒˈɪaɪ ˈeʔ↓c	1	0	0	0
giyê	TONE_NGANG	ʝiə→	ʝˈi ˈe	0	0	0	0
giyề	TONE_HUYEN	ʝiə↘	ʝˈi ˈe↘	1	0	0	0
giyế	TONE_SAC	ʝiə↗	ʝˈi ˈe↗	1	0	0	0
giyê̂	TONE_HOI	ʝiə↓	ʝˈi ˈe	0	0	0	0
giyễ	TONE_NGA	ʝiəʔ↗	ʝˈi ˈeʔ↗	1	0	0	0
giyệ	TONE_NANG	ʝiəʔ↓	ʝˈi ˈeʔ↓	1	0	0	0
giyêo	TONE_NGANG	ʝiə→w	ʝˈi ˈeˈɔ	0	0	0	0
giyềo	TONE_HUYEN	ʝiə↘w	ʝˈi ˈe↘ˈɔ	1	0	0	0
giyếo	TONE_SAC	ʝiə↗w	ʝˈi ˈe↗ˈɔ	1	0	0	0
giyê̂o	TONE_HOI	ʝiə↓w	ʝˈi ˈe ˈo	0	0	0	0
giyễo	TONE_NGA	ʝiəʔ↗w	ʝˈi ˈeʔ↗ˈɔ	1	0	0	0
giyệo	TONE_NANG	ʝiəʔ↓w	ʝˈi ˈeʔ↓ˈɔ	1	0	0	0
giyêu	TONE_NGANG	ʝiə→w	ʝˈi ˈeˈu	0	0	0	0
giyều	TONE_HUYEN	ʝiə↘w	ʝˈi ˈe↘ˈu	0	0	0	0
giyếu	TONE_SAC	ʝiə↗w	ʝˈi ˈe↗ˈu	0	0	0	0
giyê̂u	TONE_HOI	ʝiə↓w	ʝˈi ˈe ˈu	0	0	0	0
giyễu	TONE_NGA	ʝiəʔ↗w	ʝˈi ˈeʔ↗ˈu	0	0	0	0
giyệu	TONE_NANG	ʝiəʔ↓w	ʝˈi ˈeʔ↓ˈu	0	0	0	0
giyêm	TONE_NGANG	ʝiə→m	ʝ ˈiɛm	0	0	0	0
giyềm	TONE_HUYEN	ʝiə↘m	ʝ ˈiɛ↘m	1	0	0	0
giyếm	TONE_SAC	ʝiə↗m	ʝ ˈiɛ↗m	1	0	0	0
giyê̂m	TONE_HOI	ʝiə↓m	ʝˈi ˈe mˈəː↘	0	0	0	0
giyễm	TONE_NGA	ʝiəʔ↗m	ʝ ˈiɛʔ↗m	1	0	0	0
giyệm	TONE_NANG	ʝiəʔ↓m	ʝ ˈiɛʔ↓m	1	0	0	0
giyên	TONE_NGANG	ʝiə→n	ʝ ˈiɛn	0	0	0	0
giyền	TONE_HUYEN	ʝiə↘n	ʝ ˈiɛ↘n	1	0	0	0
giyến	TONE_SAC	ʝiə↗n	ʝ ˈiɛ↗n	1	0	0	0
giyê̂n	TONE_HOI	ʝiə↓n	ʝˈi ˈe nˈəː↘	0	0	0	0
giyễn	TONE_NGA	ʝiəʔ↗n	ʝ ˈiɛʔ↗n	1	0	0	0
giyện	TONE_NANG	ʝiəʔ↓n	ʝ ˈiɛʔ↓n	1	0	0	0
giyếp	TONE_SAC	ʝiə↗p	ʝˈi ˈe↗p	1	0	0	0
giyệp	TONE_NANG	ʝiəʔ↓p	ʝˈi ˈeʔ↓p	1	0	0	0
giyết	TONE_SAC	ʝiə↗t	ʝ ˈiɛ↗t	1	0	0	0
giyệt	TONE_NANG	ʝiəʔ↓t	ʝ ˈiɛʔ↓t	1	0	0	0
giyêng	TONE_NGANG	ʝiə→ŋ	ʝ ˈiɛŋ	0	0	0	0
giyềng	TONE_HUYEN	ʝiə↘ŋ	ʝ ˈiɛ↘ŋ	1	0	0	0
giyếng	TONE_SAC	ʝiə↗ŋ	ʝ ˈiɛ↗ŋ	1	0	0	0
giyê̂ng	TONE_HOI	ʝiə↓ŋ	ʝˈi ˈe ˌɛndʒˈiː	0	0	0	0
giyễng	TONE_NGA	ʝiəʔ↗ŋ	ʝ ˈiɛʔ↗ŋ	1	0	0	0
giyệng	TONE_NANG	ʝiəʔ↓ŋ	ʝ ˈiɛʔ↓ŋ	1	0	0	0
giyênh	TONE_NGANG	ʝiə→ɲ	ʝˈi ˈeɲ	0	0	0	0
giyềnh	TONE_HUYEN	ʝiə↘ɲ	ʝˈi ˈe↘ɲ	1	0	0	0
giyếnh	TONE_SAC	ʝiə↗ɲ	ʝˈi ˈe↗ɲ	1	0	0	0
giyê̂nh	TONE_HOI	ʝiə↓ɲ	ʝˈi ˈe ˌɛnˈeɪʧ	0	0	0	0
giyễnh	TONE_NGA	ʝiəʔ↗ɲ	ʝˈi ˈeʔ↗ɲ	1	0	0	0
giyệnh	TONE_NANG	ʝiəʔ↓ɲ	ʝˈi ˈeʔ↓ɲ	1	0	0	0
giyếc	TONE_SAC	ʝiə↗k	ʝˈi ˈe↗sˈe	0	0	0	0
giyệc	TONE_NANG	ʝiəʔ↓k	ʝˈi ˈeʔ↓sˈe	0	0	0	0
giyếch	TONE_SAC	ʝiə↗k	ʝˈi ˈe↗c	1	0	0	0
giyệch	TONE_NANG	ʝiəʔ↓k	ʝˈi ˈeʔ↓c	1	0	0	0
giia	TONE_NGANG	ʝiə→	dʒˈɪaɪ ˈeɪ	0	0	0	0
giìa	TONE_HUYEN	ʝiə↘	ʝ ˈi↘ˈaː	0	0	0	0
giía	TONE_SAC	ʝiə↗	ʝ ˈi↗ˈaː	0	0	0	0
giîa	TONE_HOI	ʝiə↓	dʒˈɪaɪ ˈeɪ	0	0	0	0
giĩa	TONE_NGA	ʝiəʔ↗	ʝ ˈiʔ↗ˈaː	0	0	0	0
giịa	TONE_NANG	ʝiəʔ↓	ʝ ˈiʔ↓ˈaː	0	0	0	0
giiao	TONE_NGANG	ʝiə→w	dʒˈɪaɪ ˈeɪˈoʊ	0	0	0	0
giìao	TONE_HUYEN	ʝiə↘w	ʝ ˈi↘ˈaːˈɔ	0	0	0	0
giíao	TONE_SAC	ʝiə↗w	ʝ ˈi↗ˈaːˈɔ	0	0	0	0
giîao	TONE_HOI	ʝiə↓w	dʒˈɪaɪ ˈeɪˈoʊ	0	0	0	0
giĩao	TONE_NGA	ʝiəʔ↗w	ʝ ˈiʔ↗ˈaːˈɔ	0	0	0	0
giịao	TONE_NANG	ʝiəʔ↓w	ʝ ˈiʔ↓ˈaːˈɔ	0	0	0	0
giiau	TONE_NGANG	ʝiə→w	dʒˈɪaɪ ˈeɪjˈuː	0	0	0	0
giìau	TONE_HUYEN	ʝiə↘w	ʝ ˈi↘ˈaːˈu	0	0	0	0
giíau	TONE_SAC	ʝiə↗w	ʝ ˈi↗ˈaːˈu	0	0	0	0
giîau	TONE_HOI	ʝiə↓w	dʒˈɪaɪ ˈeɪjˈuː	0	0	0	0
giĩau	TONE_NGA	ʝiəʔ↗w	ʝ ˈiʔ↗ˈaːˈu	0	0	0	0
giịau	TONE_NANG	ʝiəʔ↓w	ʝ ˈiʔ↓ˈaːˈu	0	0	0	0
giiam	TONE_NGANG	ʝiə→m	ʝ ˈiəm	0	0	0	0
giìam	TONE_HUYEN	ʝiə↘m	ʝ ˈi↘ ˈaːm	0	0	0	0
giíam	TONE_SAC	ʝiə↗m	ʝ ˈi↗ ˈaːm	0	0	0	0
giîam	TONE_HOI	ʝiə↓m	ʝ ˈiəm	0	0	0	0
giĩam	TONE_NGA	ʝiəʔ↗m	ʝ ˈiʔ↗ ˈaːm	0	0	0	0
giịam	TONE_NANG	ʝiəʔ↓m	ʝ ˈiʔ↓ ˈaːm	0	0	0	0
giian	TONE_NGANG	ʝiə→n	ʝ ˈiːən	0	0	0	0
giìan	TONE_HUYEN	ʝiə↘n	ʝ ˈi↘ ˈaːn	0	0	0	0
giían	TONE_SAC	ʝiə↗n	ʝ ˈi↗ ˈaːn	0	0	0	0
giîan	TONE_HOI	ʝiə↓n	ʝ ˈiːən	0	0	0	0
giĩan	TONE_NGA	ʝiəʔ↗n	ʝ ˈiʔ↗ ˈaːn	0	0	0	0
giịan	TONE_NANG	ʝiəʔ↓n	ʝ ˈiʔ↓ ˈaːn	0	0	0	0
giíap	TONE_SAC	ʝiə↗p	ʝ ˈi↗ ˈaː↗p	0	0	0	0
giịap	TONE_NANG	ʝiəʔ↓p	ʝ ˈiʔ↓ ˈaː↗p	0	0	0	0
giíat	TONE_SAC	ʝiə↗t	ʝ ˈi↗ ˈaː↗t	0	0	0	0
giịat	TONE_NANG	ʝiəʔ↓t	ʝ ˈiʔ↓ ˈaː↗t	0	0	0	0
giiang	TONE_NGANG	ʝiə→ŋ	ʝ jˈæŋ	0	0	0	0
giìang	TONE_HUYEN	ʝiə↘ŋ	ʝ ˈi↘ ˈaːŋ	0	0	0	0
giíang	TONE_SAC	ʝiə↗ŋ	ʝ ˈi↗ ˈaːŋ	0	0	0	0
giîang	TONE_HOI	ʝiə↓ŋ	ʝ jˈæŋ	0	0	0	0
giĩang	TONE_NGA	ʝiəʔ↗ŋ	ʝ ˈiʔ↗ ˈaːŋ	0	0	0	0
giịang	TONE_NANG	ʝiəʔ↓ŋ	ʝ ˈiʔ↓ ˈaːŋ	0	0	0	0
giianh	TONE_NGANG	ʝiə→ɲ	dʒˈɪaɪ ˈæɲ	0	0	0	0
giìanh	TONE_HUYEN	ʝiə↘ɲ	ʝ ˈi↘ ˈæɲ	0	0	0	0
giíanh	TONE_SAC	ʝiə↗ɲ	ʝ ˈi↗ ˈæɲ	0	0	0	0
giîanh	TONE_HOI	ʝiə↓ɲ	dʒˈɪaɪ ˈæɲ	0	0	0	0
giĩanh	TONE_NGA	ʝiəʔ↗ɲ	ʝ ˈiʔ↗ ˈæɲ	0	0	0	0
giịanh	TONE_NANG	ʝiəʔ↓ɲ	ʝ ˈiʔ↓ ˈæɲ	0	0	0	0
giíac	TONE_SAC	ʝiə↗k	ʝ ˈi↗ ˈaː↗c	0	0	0	0
giịac	TONE_NANG	ʝiəʔ↓k	ʝ ˈiʔ↓ ˈaː↗c	0	0	0	0
giíach	TONE_SAC	ʝiə↗k	ʝ ˈi↗ ˈæ↗c	0	0	0	0
giịach	TONE_NANG	ʝiəʔ↓k	ʝ ˈiʔ↓ ˈæ↗c	0	0	0	0
giya	TONE_NGANG	ʝiə→	dʒˈɪjə	0	0	0	0
giỳa	TONE_HUYEN	ʝiə↘	ʝˈi↘ ˈaː	0	0	0	0
giýa	TONE_SAC	ʝiə↗	ʝˈi↗ ˈaː	0	0	0	0
giŷa	TONE_HOI	ʝiə↓	dʒˈɪjə	0	0	0	0
giỹa	TONE_NGA	ʝiəʔ↗	ʝˈiʔ↗ ˈaː	0	0	0	0
giỵa	TONE_NANG	ʝiəʔ↓	ʝˈiʔ↓ ˈaː	0	0	0	0
giyao	TONE_NGANG	ʝiə→w	dʒˈɪjə ˈoʊ	0	0	0	0
giỳao	TONE_HUYEN	ʝiə↘w	ʝˈi↘ ˈaːˈɔ	0	0	0	0
giýao	TONE_SAC	ʝiə↗w	ʝˈi↗ ˈaːˈɔ	0	0	0	0
giŷao	TONE_HOI	ʝiə↓w	dʒˈɪjə ˈoʊ	0	0	0	0
giỹao	TONE_NGA	ʝiəʔ↗w	ʝˈiʔ↗ ˈaːˈɔ	0	0	0	0
giỵao	TONE_NANG	ʝiəʔ↓w	ʝˈiʔ↓ ˈaːˈɔ	0	0	0	0
giyau	TONE_NGANG	ʝiə→w	dʒˈɪjə jˈuː	0	0	0	0
giỳau	TONE_HUYEN	ʝiə↘w	ʝˈi↘ ˈaːˈu	0	0	0	0
giýau	TONE_SAC	ʝiə↗w	ʝˈi↗ ˈaːˈu	0	0	0	0
giŷau	TONE_HOI	ʝiə↓w	dʒˈɪjə jˈuː	0	0	0	0
giỹau	TONE_NGA	ʝiəʔ↗w	ʝˈiʔ↗ ˈaːˈu	0	0	0	0
giỵau	TONE_NANG	ʝiəʔ↓w	ʝˈiʔ↓ ˈaːˈu	0	0	0	0
giyam	TONE_NGANG	ʝiə→m	dʒˈɪjæm	0	0	0	0
giỳam	TONE_HUYEN	ʝiə↘m	ʝˈi↘ ˈaːm	0	0	0	0
giýam	TONE_SAC	ʝiə↗m	ʝˈi↗ ˈaːm	0	0	0	0
giŷam	TONE_HOI	ʝiə↓m	dʒˈɪjæm	0	0	0	0
giỹam	TONE_NGA	ʝiəʔ↗m	ʝˈiʔ↗ ˈaːm	0	0	0	0
giỵam	TONE_NANG	ʝiəʔ↓m	ʝˈiʔ↓ ˈaːm	0	0	0	0
giyan	TONE_NGANG	ʝiə→n	dʒˈɪjən	0	0	0	0
giỳan	TONE_HUYEN	ʝiə↘n	ʝˈi↘ ˈaːn	0	0	0	0
giýan	TONE_SAC	ʝiə↗n	ʝˈi↗ ˈaːn	0	0	0	0
giŷan	TONE_HOI	ʝiə↓n	dʒˈɪjən	0	0	0	0
giỹan	TONE_NGA	ʝiəʔ↗n	ʝˈiʔ↗ ˈaːn	0	0	0	0
giỵan	TONE_NANG	ʝiəʔ↓n	ʝˈiʔ↓ ˈaːn	0	0	0	0
giýap	TONE_SAC	ʝiə↗p	ʝˈi↗ ˈaː↗p	0	0	0	0
giỵap	TONE_NANG	ʝiəʔ↓p	ʝˈiʔ↓ ˈaː↗p	0	0	0	0
giýat	TONE_SAC	ʝiə↗t	ʝˈi↗ ˈaː↗t	0	0	0	0
giỵat	TONE_NANG	ʝiəʔ↓t	ʝˈiʔ↓ ˈaː↗t	0	0	0	0
giyang	TONE_NGANG	ʝiə→ŋ	ʝ jˈɑːŋ	0	0	0	0
giỳang	TONE_HUYEN	ʝiə↘ŋ	ʝˈi↘ ˈaːŋ	0	0	0	0
giýang	TONE_SAC	ʝiə↗ŋ	ʝˈi↗ ˈaːŋ	0	0	0	0
giŷang	TONE_HOI	ʝiə↓ŋ	ʝ jˈɑːŋ	0	0	0	0
giỹang	TONE_NGA	ʝiəʔ↗ŋ	ʝˈiʔ↗ ˈaːŋ	0	0	0	0
giỵang	TONE_NANG	ʝiəʔ↓ŋ	ʝˈiʔ↓ ˈaːŋ	0	0	0	0
giyanh	TONE_NGANG	ʝiə→ɲ	ʝˈi ˈæɲ	0	0	0	0
giỳanh	TONE_HUYEN	ʝiə↘ɲ	ʝˈi↘ ˈæɲ	0	0	0	0
giýanh	TONE_SAC	ʝiə↗ɲ	ʝˈi↗ ˈæɲ	0	0	0	0
giŷanh	TONE_HOI	ʝiə↓ɲ	ʝˈi ˈæɲ	0	0	0	0
giỹanh	TONE_NGA	ʝiəʔ↗ɲ	ʝˈiʔ↗ ˈæɲ	0	0	0	0
giỵanh	TONE_NANG	ʝiəʔ↓ɲ	ʝˈiʔ↓ ˈæɲ	0	0	0	0
giýac	TONE_SAC	ʝiə↗k	ʝˈi↗ ˈaː↗c	0	0	0	0
giỵac	TONE_NANG	ʝiəʔ↓k	ʝˈiʔ↓ ˈaː↗c	0	0	0	0
giýach	TONE_SAC	ʝiə↗k	ʝˈi↗ ˈæ↗c	0	0	0	0
giỵach	TONE_NANG	ʝiəʔ↓k	ʝˈiʔ↓ ˈæ↗c	0	0	0	0
giươ	TONE_NGANG	ʝɨə→	ʝˈy ˈəː	0	0	0	0
giườ	TONE_HUYEN	ʝɨə↘	ʝˈy ˈəː↘	1	0	0	0
giướ	TONE_SAC	ʝɨə↗	ʝˈy ˈəː↗	1	0	0	0
giươ̂	TONE_HOI	ʝɨə↓	ʝˈy ˈəː	0	0	0	0
giưỡ	TONE_NGA	ʝɨəʔ↗	ʝˈy ˈəːʔ↗	1	0	0	0
giượ	TONE_NANG	ʝɨəʔ↓	ʝˈy ˈəːʔ↓	1	0	0	0
giươi	TONE_NGANG	ʝɨə→j	ʝˈyəj	0	0	0	0
giười	TONE_HUYEN	ʝɨə↘j	ʝˈyə↘j	1	0	0	0
giưới	TONE_SAC	ʝɨə↗j	ʝˈyə↗j	1	0	0	0
giươ̂i	TONE_HOI	ʝɨə↓j	ʝˈy ˈəː ˈi	0	0	0	0
giưỡi	TONE_NGA	ʝɨəʔ↗j	ʝˈyəʔ↗j	1	0	0	0
giượi	TONE_NANG	ʝɨəʔ↓j	ʝˈyəʔ↓j	1	0	0	0
giươy	TONE_NGANG	ʝɨə→j	ʝˈy ˈəːˈi	0	0	0	0
giườy	TONE_HUYEN	ʝɨə↘j	ʝˈy ˈəː↘ˈi	0	0	0	0
giướy	TONE_SAC	ʝɨə↗j	ʝˈy ˈəː↗ˈi	0	0	0	0
giươ̂y	TONE_HOI	ʝɨə↓j	ʝˈy ˈəː ˈi	0	0	0	0
giưỡy	TONE_NGA	ʝɨəʔ↗j	ʝˈy ˈəːʔ↗ˈi	0	0	0	0
giượy	TONE_NANG	ʝɨəʔ↓j	ʝˈy ˈəːʔ↓ˈi	0	0	0	0
giươo	TONE_NGANG	ʝɨə→w	ʝˈy ˈəːˈɔ	0	0	0	0
giườo	TONE_HUYEN	ʝɨə↘w	ʝˈy ˈəː↘ˈɔ	1	0	0	0
giướo	TONE_SAC	ʝɨə↗w	ʝˈy ˈəː↗ˈɔ	1	0	0	0
giươ̂o	TONE_HOI	ʝɨə↓w	ʝˈy ˈəː ˈo	0	0	0	0
giưỡo	TONE_NGA	ʝɨəʔ↗w	ʝˈy ˈəːʔ↗ˈɔ	1	0	0	0
giượo	TONE_NANG	ʝɨəʔ↓w	ʝˈy ˈəːʔ↓ˈɔ	1	0	0	0
giươu	TONE_NGANG	ʝɨə→w	ʝˈyəw	0	0	0	0
giườu	TONE_HUYEN	ʝɨə↘w	ʝˈyə↘w	1	0	0	0
giướu	TONE_SAC	ʝɨə↗w	ʝˈyə↗w	1	0	0	0
giươ̂u	TONE_HOI	ʝɨə↓w	ʝˈy ˈəː ˈu	0	0	0	0
giưỡu	TONE_NGA	ʝɨəʔ↗w	ʝˈyəʔ↗w	1	0	0	0
giượu	TONE_NANG	ʝɨəʔ↓w	ʝˈyəʔ↓w	1	0	0	0
giươm	TONE_NGANG	ʝɨə→m	ʝˈyəm	0	0	0	0
giườm	TONE_HUYEN	ʝɨə↘m	ʝˈyə↘m	1	0	0	0
giướm	TONE_SAC	ʝɨə↗m	ʝˈyə↗m	1	0	0	0
giươ̂m	TONE_HOI	ʝɨə↓m	ʝˈy ˈəː mˈəː↘	0	0	0	0
giưỡm	TONE_NGA	ʝɨəʔ↗m	ʝˈyəʔ↗m	1	0	0	0
giượm	TONE_NANG	ʝɨəʔ↓m	ʝˈyəʔ↓m	1	0	0	0
giướp	TONE_SAC	ʝɨə↗p	ʝˈyə↗p	1	0	0	0
giượp	TONE_NANG	ʝɨəʔ↓p	ʝˈyəʔ↓p	1	0	0	0
giướt	TONE_SAC	ʝɨə↗t	ʝˈyə↗t	1	0	0	0
giượt	TONE_NANG	ʝɨəʔ↓t	ʝˈyəʔ↓t	1	0	0	0
giương	TONE_NGANG	ʝɨə→ŋ	ʝˈyəŋ	0	0	0	0
giường	TONE_HUYEN	ʝɨə↘ŋ	ʝˈyə↘ŋ	1	0	0	0
giướng	TONE_SAC	ʝɨə↗ŋ	ʝˈyə↗ŋ	1	0	0	0
giươ̂ng	TONE_HOI	ʝɨə↓ŋ	ʝˈy ˈəː ˌɛndʒˈiː	0	0	0	0
giưỡng	TONE_NGA	ʝɨəʔ↗ŋ	ʝˈyəʔ↗ŋ	1	0	0	0
giượng	TONE_NANG	ʝɨəʔ↓ŋ	ʝˈyəʔ↓ŋ	1	0	0	0
giước	TONE_SAC	ʝɨə↗k	ʝˈyə↗c	1	0	0	0
giược	TONE_NANG	ʝɨəʔ↓k	ʝˈyəʔ↓c	1	0	0	0
giướch	TONE_SAC	ʝɨə↗k	ʝˈyə↗c hˈa↗t	0	0	0	0
giượch	TONE_NANG	ʝɨəʔ↓k	ʝˈyəʔ↓c hˈa↗t	0	0	0	0
giưa	TONE_NGANG	ʝɨə→	ʝˈyə	0	0	0	0
giừa	TONE_HUYEN	ʝɨə↘	ʝˈyə↘	1	0	0	0
giứa	TONE_SAC	ʝɨə↗	ʝˈyə↗	1	0	0	0
giư̂a	TONE_HOI	ʝɨə↓	ʝˈy ˈaː	0	0	0	0
giữa	TONE_NGA	ʝɨəʔ↗	ʝˈyəʔ↗	1	0	0	0
giựa	TONE_NANG	ʝɨəʔ↓	ʝˈyəʔ↓	1	0	0	0
giưai	TONE_NGANG	ʝɨə→j	ʝˈyə ˈi	0	0	0	0
giừai	TONE_HUYEN	ʝɨə↘j	ʝˈyə↘ ˈi	0	0	0	0
giứai	TONE_SAC	ʝɨə↗j	ʝˈyə↗ ˈi	0	0	0	0
giư̂ai	TONE_HOI	ʝɨə↓j	ʝˈy ˈaːj	0	0	0	0
giữai	TONE_NGA	ʝɨəʔ↗j	ʝˈyəʔ↗ ˈi	0	0	0	0
giựai	TONE_NANG	ʝɨəʔ↓j	ʝˈyəʔ↓ ˈi	0	0	0	0
giưay	TONE_NGANG	ʝɨə→j	ʝˈyə ˈi	0	0	0	0
giừay	TONE_HUYEN	ʝɨə↘j	ʝˈyə↘ ˈi	0	0	0	0
giứay	TONE_SAC	ʝɨə↗j	ʝˈyə↗ ˈi	0	0	0	0
giư̂ay	TONE_HOI	ʝɨə↓j	ʝˈy ˈaj	0	0	0	0
giữay	TONE_NGA	ʝɨəʔ↗j	ʝˈyəʔ↗ ˈi	0	0	0	0
giựay	TONE_NANG	ʝɨəʔ↓j	ʝˈyəʔ↓ ˈi	0	0	0	0
giưao	TONE_NGANG	ʝɨə→w	ʝˈyə ˈɔ	0	0	0	0
giừao	TONE_HUYEN	ʝɨə↘w	ʝˈyə↘ ˈɔ	1	0	0	0
giứao	TONE_SAC	ʝɨə↗w	ʝˈyə↗ ˈɔ	1	0	0	0
giư̂ao	TONE_HOI	ʝɨə↓w	ʝˈy ˈaːw	0	0	0	0
giữao	TONE_NGA	ʝɨəʔ↗w	ʝˈyəʔ↗ ˈɔ	1	0	0	0
giựao	TONE_NANG	ʝɨəʔ↓w	ʝˈyəʔ↓ ˈɔ	1	0	0	0
giưau	TONE_NGANG	ʝɨə→w	ʝˈyə ˈu	0	0	0	0
giừau	TONE_HUYEN	ʝɨə↘w	ʝˈyə↘ ˈu	0	0	0	0
giứau	TONE_SAC	ʝɨə↗w	ʝˈyə↗ ˈu	0	0	0	0
giư̂au	TONE_HOI	ʝɨə↓w	ʝˈy ˈaw	0	0	0	0
giữau	TONE_NGA	ʝɨəʔ↗w	ʝˈyəʔ↗ ˈu	0	0	0	0
giựau	TONE_NANG	ʝɨəʔ↓w	ʝˈyəʔ↓ ˈu	0	0	0	0
giưam	TONE_NGANG	ʝɨə→m	ʝˈy ˈaːm	0	0	0	0
giừam	TONE_HUYEN	ʝɨə↘m	ʝˈy↘ ˈaːm	0	0	0	0
giứam	TONE_SAC	ʝɨə↗m	ʝˈy↗ ˈaːm	0	0	0	0
giư̂am	TONE_HOI	ʝɨə↓m	ʝˈy ˈaːm	0	0	0	0
giữam	TONE_NGA	ʝɨəʔ↗m	ʝˈyʔ↗ ˈaːm	0	0	0	0
giựam	TONE_NANG	ʝɨəʔ↓m	ʝˈyʔ↓ ˈaːm	0	0	0	0
giứap	TONE_SAC	ʝɨə↗p	ʝˈy↗ ˈaː↗p	0	0	0	0
giựap	TONE_NANG	ʝɨəʔ↓p	ʝˈyʔ↓ ˈaː↗p	0	0	0	0
giứat	TONE_SAC	ʝɨə↗t	ʝˈy↗ ˈaː↗t	0	0	0	0
giựat	TONE_NANG	ʝɨəʔ↓t	ʝˈyʔ↓ ˈaː↗t	0	0	0	0
giưang	TONE_NGANG	ʝɨə→ŋ	ʝˈy ˈaːŋ	0	0	0	0
giừang	TONE_HUYEN	ʝɨə↘ŋ	ʝˈy↘ ˈaːŋ	0	0	0	0
giứang	TONE_SAC	ʝɨə↗ŋ	ʝˈy↗ ˈaːŋ	0	0	0	0
giư̂ang	TONE_HOI	ʝɨə↓ŋ	ʝˈy ˈaːŋ	0	0	0	0
giữang	TONE_NGA	ʝɨəʔ↗ŋ	ʝˈyʔ↗ ˈaːŋ	0	0	0	0
giựang	TONE_NANG	ʝɨəʔ↓ŋ	ʝˈyʔ↓ ˈaːŋ	0	0	0	0
giứac	TONE_SAC	ʝɨə↗k	ʝˈy↗ ˈaː↗c	0	0	0	0
giựac	TONE_NANG	ʝɨəʔ↓k	ʝˈyʔ↓ ˈaː↗c	0	0	0	0
giứach	TONE_SAC	ʝɨə↗k	ʝˈy↗ ˈæ↗c	0	0	0	0
giựach	TONE_NANG	ʝɨəʔ↓k	ʝˈyʔ↓ ˈæ↗c	0	0	0	0
giuô	TONE_NGANG	ʝuə→	ʝˈu ˈo	0	0	0	0
giuồ	TONE_HUYEN	ʝuə↘	ʝˈu ˈo↘	1	0	0	0
giuố	TONE_SAC	ʝuə↗	ʝˈu ˈo↗	1	0	0	0
giuô̂	TONE_HOI	ʝuə↓	ʝˈu ˈo	0	0	0	0
giuỗ	TONE_NGA	ʝuəʔ↗	ʝˈu ˈoʔ↗	1	0	0	0
giuộ	TONE_NANG	ʝuəʔ↓	ʝˈu ˈoʔ↓	1	0	0	0
giuôi	TONE_NGANG	ʝuə→j	ʝˈuəj	0	0	0	0
giuồi	TONE_HUYEN	ʝuə↘j	ʝˈuə↘j	1	0	0	0
giuối	TONE_SAC	ʝuə↗j	ʝˈuə↗j	1	0	0	0
giuô̂i	TONE_HOI	ʝuə↓j	ʝˈu ˈo ˈi	0	0	0	0
giuỗi	TONE_NGA	ʝuəʔ↗j	ʝˈuəʔ↗j	1	0	0	0
giuội	TONE_NANG	ʝuəʔ↓j	ʝˈuəʔ↓j	1	0	0	0
giuôy	TONE_NGANG	ʝuə→j	ʝˈu ˈoˈi	0	0	0	0
giuồy	TONE_HUYEN	ʝuə↘j	ʝˈu ˈo↘ˈi	0	0	0	0
giuốy	TONE_SAC	ʝuə↗j	ʝˈu ˈo↗ˈi	0	0	0	0
giuô̂y	TONE_HOI	ʝuə↓j	ʝˈu ˈo ˈi	0	0	0	0
giuỗy	TONE_NGA	ʝuəʔ↗j	ʝˈu ˈoʔ↗ˈi	0	0	0	0
giuộy	TONE_NANG	ʝuəʔ↓j	ʝˈu ˈoʔ↓ˈi	0	0	0	0
giuôn	TONE_NGANG	ʝuə→n	ʝˈuon	0	0	0	0
giuồn	TONE_HUYEN	ʝuə↘n	ʝˈuo↘n	1	0	0	0
giuốn	TONE_SAC	ʝuə↗n	ʝˈuo↗n	1	0	0	0
giuô̂n	TONE_HOI	ʝuə↓n	ʝˈu ˈo nˈəː↘	0	0	0	0
giuỗn	TONE_NGA	ʝuəʔ↗n	ʝˈuoʔ↗n	1	0	0	0
giuộn	TONE_NANG	ʝuəʔ↓n	ʝˈuoʔ↓n	1	0	0	0
giuốp	TONE_SAC	ʝuə↗p	ʝˈuo↗p	1	0	0	0
giuộp	TONE_NANG	ʝuəʔ↓p	ʝˈuoʔ↓p	1	0	0	0
giuốt	TONE_SAC	ʝuə↗t	ʝˈuo↗t	1	0	0	0
giuột	TONE_NANG	ʝuəʔ↓t	ʝˈuoʔ↓t	1	0	0	0
giuông	TONE_NGANG	ʝuə→ŋ	ʝˈuoŋ	0	0	0	0
giuồng	TONE_HUYEN	ʝuə↘ŋ	ʝˈuo↘ŋ	1	0	0	0
giuống	TONE_SAC	ʝuə↗ŋ	ʝˈuo↗ŋ	1	0	0	0
giuô̂ng	TONE_HOI	ʝuə↓ŋ	ʝˈu ˈo ˌɛndʒˈiː	0	0	0	0
giuỗng	TONE_NGA	ʝuəʔ↗ŋ	ʝˈuoʔ↗ŋ	1	0	0	0
giuộng	TONE_NANG	ʝuəʔ↓ŋ	ʝˈuoʔ↓ŋ	1	0	0	0
giuốc	TONE_SAC	ʝuə↗k	ʝˈuo↗k	1	0	0	0
giuộc	TONE_NANG	ʝuəʔ↓k	ʝˈuoʔ↓k	1	0	0	0
giuốch	TONE_SAC	ʝuə↗k	ʝˈuo↗k hˈa↗t	0	0	0	0
giuộch	TONE_NANG	ʝuəʔ↓k	ʝˈuoʔ↓k hˈa↗t	0	0	0	0
giua	TONE_NGANG	ʝuə→	ʝˈuaː	0	0	0	0
giùa	TONE_HUYEN	ʝuə↘	ʝˈuə↘	1	0	0	0
giúa	TONE_SAC	ʝuə↗	ʝˈuə↗	1	0	0	0
giûa	TONE_HOI	ʝuə↓	ʝˈuaː	0	0	0	0
giũa	TONE_NGA	ʝuəʔ↗	ʝˈuəʔ↗	1	0	0	0
giụa	TONE_NANG	ʝuəʔ↓	ʝˈuəʔ↓	1	0	0	0
giuai	TONE_NGANG	ʝuə→j	ʝˈuaː ˈaɪ	0	0	0	0
giùai	TONE_HUYEN	ʝuə↘j	ʝˈuə↘ ˈi	0	0	0	0
giúai	TONE_SAC	ʝuə↗j	ʝˈuə↗ ˈi	0	0	0	0
giûai	TONE_HOI	ʝuə↓j	ʝˈuaː ˈaɪ	0	0	0	0
giũai	TONE_NGA	ʝuəʔ↗j	ʝˈuəʔ↗ ˈi	0	0	0	0
giụai	TONE_NANG	ʝuəʔ↓j	ʝˈuəʔ↓ ˈi	0	0	0	0
giuay	TONE_NGANG	ʝuə→j	ʝˈuaː wˈaɪ	0	0	0	0
giùay	TONE_HUYEN	ʝuə↘j	ʝˈuə↘ ˈi	0	0	0	0
giúay	TONE_SAC	ʝuə↗j	ʝˈuə↗ ˈi	0	0	0	0
giûay	TONE_HOI	ʝuə↓j	ʝˈuaː wˈaɪ	0	0	0	0
giũay	TONE_NGA	ʝuəʔ↗j	ʝˈuəʔ↗ ˈi	0	0	0	0
giụay	TONE_NANG	ʝuəʔ↓j	ʝˈuəʔ↓ ˈi	0	0	0	0
giao	TONE_NGANG	ʝaː→w	ʝˈaːw	0	0	0	0
giào	TONE_HUYEN	ʝaː↘w	ʝˈaː↘w	1	0	0	0
giáo	TONE_SAC	ʝaː↗w	ʝˈaː↗w	1	0	0	0
giâo	TONE_HOI	ʝaː↓w	ʝ ˌeɪsˈ↗ːkəmflˌɛksˈɔ	0	0	0	0
gião	TONE_NGA	ʝaːʔ↗w	ʝˈaːʔ↗w	1	0	0	0
giạo	TONE_NANG	ʝaːʔ↓w	ʝˈaːʔ↓w	1	0	0	0
giau	TONE_NGANG	ʝa→w	ʝˈaw	0	0	0	0
giàu	TONE_HUYEN	ʝa↘w	ʝˈa↘w	1	0	0	0
giáu	TONE_SAC	ʝa↗w	ʝˈa↗w	1	0	0	0
giâu	TONE_HOI	ʝa↓w	ʝˈə→w	0	0	0	0
giãu	TONE_NGA	ʝaʔ↗w	ʝˈaʔ↗w	1	0	0	0
giạu	TONE_NANG	ʝaʔ↓w	ʝˈaʔ↓w	1	0	0	0
giuan	TONE_NGANG	ʝuə→n	ʝ wˈə↓n	0	0	0	0
giùan	TONE_HUYEN	ʝuə↘n	ʝˈu↘ ˈaːn	0	0	0	0
giúan	TONE_SAC	ʝuə↗n	ʝˈu↗ ˈaːn	0	0	0	0
giûan	TONE_HOI	ʝuə↓n	ʝ wˈə↓n	1	0	0	0
giũan	TONE_NGA	ʝuəʔ↗n	ʝˈuʔ↗ ˈaːn	0	0	0	0
giụan	TONE_NANG	ʝuəʔ↓n	ʝˈuʔ↓ ˈaːn	0	0	0	0
giúap	TONE_SAC	ʝuə↗p	ʝˈu↗ ˈaː↗p	0	0	0	0
giụap	TONE_NANG	ʝuəʔ↓p	ʝˈuʔ↓ ˈaː↗p	0	0	0	0
giúat	TONE_SAC	ʝuə↗t	ʝˈu↗ ˈaː↗t	0	0	0	0
giụat	TONE_NANG	ʝuəʔ↓t	ʝˈuʔ↓ ˈaː↗t	0	0	0	0
giuang	TONE_NGANG	ʝuə→ŋ	ʝ wˈɑːŋ	0	0	0	0
giùang	TONE_HUYEN	ʝuə↘ŋ	ʝˈu↘ ˈaːŋ	0	0	0	0
giúang	TONE_SAC	ʝuə↗ŋ	ʝˈu↗ ˈaːŋ	0	0	0	0
giûang	TONE_HOI	ʝuə↓ŋ	ʝ wˈɑːŋ	0	0	0	0
giũang	TONE_NGA	ʝuəʔ↗ŋ	ʝˈuʔ↗ ˈaːŋ	0	0	0	0
giụang	TONE_NANG	ʝuəʔ↓ŋ	ʝˈuʔ↓ ˈaːŋ	0	0	0	0
gianh	TONE_NGANG	ʝaː→ɲ	ʝˈæɲ	0	0	0	1
giành	TONE_HUYEN	ʝaː↘ɲ	ʝˈæ↘ɲ	1	0	0	1
giánh	TONE_SAC	ʝaː↗ɲ	ʝˈæ↗ɲ	1	0	0	1
giânh	TONE_HOI	ʝaː↓ɲ	ʝˈən hˈa↗t	0	0	0	1
giãnh	TONE_NGA	ʝaːʔ↗ɲ	ʝˈæʔ↗ɲ	1	0	0	1
giạnh	TONE_NANG	ʝaːʔ↓ɲ	ʝˈæʔ↓ɲ	1	0	0	1
giúac	TONE_SAC	ʝuə↗k	ʝˈu↗ ˈaː↗c	0	0	0	0
giụac	TONE_NANG	ʝuəʔ↓k	ʝˈuʔ↓ ˈaː↗c	0	0	0	0
giúach	TONE_SAC	ʝuə↗k	ʝˈu↗ ˈæ↗c	0	0	0	0
giụach	TONE_NANG	ʝuəʔ↓k	ʝˈuʔ↓ ˈæ↗c	0	0	0	0
gia	TONE_NGANG	ʝaː→	ʝˈaː	0	0	0	0
già	TONE_HUYEN	ʝaː↘	ʝˈaː↘	1	0	0	0
giá	TONE_SAC	ʝaː↗	ʝˈaː↗	1	0	0	0
giâ	TONE_HOI	ʝaː↓	ʝ ˌeɪsˈ↗ːkəmflˌɛks	0	0	0	0
giã	TONE_NGA	ʝaːʔ↗	ʝˈaːʔ↗	1	0	0	0
giạ	TONE_NANG	ʝaːʔ↓	ʝˈaːʔ↓	1	0	0	0
giai	TONE_NGANG	ʝaː→j	ʝˈaːj	0	0	0	0
giài	TONE_HUYEN	ʝaː↘j	ʝˈaː↘j	1	0	0	0
giái	TONE_SAC	ʝaː↗j	ʝˈaː↗j	1	0	0	0
giâi	TONE_HOI	ʝaː↓j	ʝ ˌeɪsˈ↗ːkəmflˌɛksˈi	0	0	0	0
giãi	TONE_NGA	ʝaːʔ↗j	ʝˈaːʔ↗j	1	0	0	0
giại	TONE_NANG	ʝaːʔ↓j	ʝˈaːʔ↓j	1	0	0	0
giay	TONE_NGANG	ʝa→j	ʝˈaj	0	0	0	0
giày	TONE_HUYEN	ʝa↘j	ʝˈa↘j	1	0	0	0
giáy	TONE_SAC	ʝa↗j	ʝˈa↗j	1	0	0	0
giây	TONE_HOI	ʝa↓j	ʝˈəɪ	0	0	0	0
giãy	TONE_NGA	ʝaʔ↗j	ʝˈaʔ↗j	1	0	0	0
giạy	TONE_NANG	ʝaʔ↓j	ʝˈaʔ↓j	1	0	0	0
giao	TONE_NGANG	ʝaː→w	ʝˈaːw	0	0	0	0
giào	TONE_HUYEN	ʝaː↘w	ʝˈaː↘w	1	0	0	0
giáo	TONE_SAC	ʝaː↗w	ʝˈaː↗w	1	0	0	0
giâo	TONE_HOI	ʝaː↓w	ʝ ˌeɪsˈ↗ːkəmflˌɛksˈɔ	0	0	0	0
gião	TONE_NGA	ʝaːʔ↗w	ʝˈaːʔ↗w	1	0	0	0
giạo	TONE_NANG	ʝaːʔ↓w	ʝˈaːʔ↓w	1	0	0	0
giau	TONE_NGANG	ʝa→w	ʝˈaw	0	0	0	0
giàu	TONE_HUYEN	ʝa↘w	ʝˈa↘w	1	0	0	0
giáu	TONE_SAC	ʝa↗w	ʝˈa↗w	1	0	0	0
giâu	TONE_HOI	ʝa↓w	ʝˈə→w	0	0	0	0
giãu	TONE_NGA	ʝaʔ↗w	ʝˈaʔ↗w	1	0	0	0
giạu	TONE_NANG	ʝaʔ↓w	ʝˈaʔ↓w	1	0	0	0
giam	TONE_NGANG	ʝaː→m	ʝˈaːm	0	0	0	0
giàm	TONE_HUYEN	ʝaː↘m	ʝˈaː↘m	1	0	0	0
giám	TONE_SAC	ʝaː↗m	ʝˈaː↗m	1	0	0	0
giâm	TONE_HOI	ʝaː↓m	ʝˈəm	0	0	0	0
giãm	TONE_NGA	ʝaːʔ↗m	ʝˈaːʔ↗m	1	0	0	0
giạm	TONE_NANG	ʝaːʔ↓m	ʝˈaːʔ↓m	1	0	0	0
gian	TONE_NGANG	ʝaː→n	ʝˈaːn	0	0	0	0
giàn	TONE_HUYEN	ʝaː↘n	ʝˈaː↘n	1	0	0	0
gián	TONE_SAC	ʝaː↗n	ʝˈaː↗n	1	0	0	0
giân	TONE_HOI	ʝaː↓n	ʝˈən	0	0	0	0
giãn	TONE_NGA	ʝaːʔ↗n	ʝˈaːʔ↗n	1	0	0	0
giạn	TONE_NANG	ʝaːʔ↓n	ʝˈaːʔ↓n	1	0	0	0
giáp	TONE_SAC	ʝaː↗p	ʝˈaː↗p	1	0	0	0
giạp	TONE_NANG	ʝaːʔ↓p	ʝˈaːʔ↓p	1	0	0	0
giát	TONE_SAC	ʝaː↗t	ʝˈaː↗t	1	0	0	0
giạt	TONE_NANG	ʝaːʔ↓t	ʝˈaːʔ↓t	1	0	0	0
giang	TONE_NGANG	ʝaː→ŋ	ʝˈaːŋ	0	0	0	0
giàng	TONE_HUYEN	ʝaː↘ŋ	ʝˈaː↘ŋ	1	0	0	0
giáng	TONE_SAC	ʝaː↗ŋ	ʝˈaː↗ŋ	1	0	0	0
giâng	TONE_HOI	ʝaː↓ŋ	ʝˈəŋ	0	0	0	0
giãng	TONE_NGA	ʝaːʔ↗ŋ	ʝˈaːʔ↗ŋ	1	0	0	0
giạng	TONE_NANG	ʝaːʔ↓ŋ	ʝˈaːʔ↓ŋ	1	0	0	0
gianh	TONE_NGANG	ʝaː→ɲ	ʝˈæɲ	0	0	0	1
giành	TONE_HUYEN	ʝaː↘ɲ	ʝˈæ↘ɲ	1	0	0	1
giánh	TONE_SAC	ʝaː↗ɲ	ʝˈæ↗ɲ	1	0	0	1
giânh	TONE_HOI	ʝaː↓ɲ	ʝˈən hˈa↗t	0	0	0	1
giãnh	TONE_NGA	ʝaːʔ↗ɲ	ʝˈæʔ↗ɲ	1	0	0	1
giạnh	TONE_NANG	ʝaːʔ↓ɲ	ʝˈæʔ↓ɲ	1	0	0	1
giác	TONE_SAC	ʝaː↗k	ʝˈaː↗c	1	0	0	0
giạc	TONE_NANG	ʝaːʔ↓k	ʝˈaːʔ↓c	1	0	0	0
giách	TONE_SAC	ʝa↗k	ʝˈæ↗c	1	0	0	0
giạch	TONE_NANG	ʝaʔ↓k	ʝˈæʔ↓c	1	0	0	0
giă	TONE_NGANG	ʝa→	ʝ ă	0	1	0	0
giằ	TONE_HUYEN	ʝa↘	ʝ ằ	0	1	0	0
giắ	TONE_SAC	ʝa↗	ʝ ắ	0	1	0	0
giă̂	TONE_HOI	ʝa↓	ʝ ă	0	1	0	0
giẵ	TONE_NGA	ʝaʔ↗	ʝ ẵ	0	1	0	0
giặ	TONE_NANG	ʝaʔ↓	ʝ ặ	0	1	0	0
giăm	TONE_NGANG	ʝa→m	ʝˈam	0	0	0	0
giằm	TONE_HUYEN	ʝa↘m	ʝˈa↘m	1	0	0	0
giắm	TONE_SAC	ʝa↗m	ʝˈa↗m	1	0	0	0
giă̂m	TONE_HOI	ʝa↓m	ʝ ă mˈəː↘	0	1	0	0
giẵm	TONE_NGA	ʝaʔ↗m	ʝˈaʔ↗m	1	0	0	0
giặm	TONE_NANG	ʝaʔ↓m	ʝˈaʔ↓m	1	0	0	0
giăn	TONE_NGANG	ʝa→n	ʝˈan	0	0	0	0
giằn	TONE_HUYEN	ʝa↘n	ʝˈa↘n	1	0	0	0
giắn	TONE_SAC	ʝa↗n	ʝˈa↗n	1	0	0	0
giă̂n	TONE_HOI	ʝa↓n	ʝ ă nˈəː↘	0	1	0	0
giẵn	TONE_NGA	ʝaʔ↗n	ʝˈaʔ↗n	1	0	0	0
giặn	TONE_NANG	ʝaʔ↓n	ʝˈaʔ↓n	1	0	0	0
giắp	TONE_SAC	ʝa↗p	ʝˈa↗p	1	0	0	0
giặp	TONE_NANG	ʝaʔ↓p	ʝˈaʔ↓p	1	0	0	0
giắt	TONE_SAC	ʝa↗t	ʝˈa↗t	1	0	0	0
giặt	TONE_NANG	ʝaʔ↓t	ʝˈaʔ↓t	1	0	0	0
giăng	TONE_NGANG	ʝa→ŋ	ʝˈaŋ	0	0	0	0
giằng	TONE_HUYEN	ʝa↘ŋ	ʝˈa↘ŋ	1	0	0	0
giắng	TONE_SAC	ʝa↗ŋ	ʝˈa↗ŋ	1	0	0	0
giă̂ng	TONE_HOI	ʝa↓ŋ	ʝ ă ˌɛndʒˈiː	0	1	0	0
giẵng	TONE_NGA	ʝaʔ↗ŋ	ʝˈaʔ↗ŋ	1	0	0	0
giặng	TONE_NANG	ʝaʔ↓ŋ	ʝˈaʔ↓ŋ	1	0	0	0
giắc	TONE_SAC	ʝa↗k	ʝˈa↗c	1	0	0	0
giặc	TONE_NANG	ʝaʔ↓k	ʝˈaʔ↓c	1	0	0	0
giắch	TONE_SAC	ʝa↗k	ʝˈa↗c hˈa↗t	0	0	0	0
giặch	TONE_NANG	ʝaʔ↓k	ʝˈaʔ↓c hˈa↗t	0	0	0	0
giâ	TONE_NGANG	ʝə→	ʝ ˌeɪsˈ↗ːkəmflˌɛks	0	0	0	0
giầ	TONE_HUYEN	ʝə↘	ʝ ầ	0	1	0	0
giấ	TONE_SAC	ʝə↗	ʝ ấ	0	1	0	0
giâ̂	TONE_HOI	ʝə↓	ʝ ˌeɪsˈ↗ːkəmflˌɛks	0	0	0	0
giẫ	TONE_NGA	ʝəʔ↗	ʝ ẫ	0	1	0	0
giậ	TONE_NANG	ʝəʔ↓	ʝ ậ	0	1	0	0
giâi	TONE_NGANG	ʝə→j	ʝ ˌeɪsˈ↗ːkəmflˌɛksˈi	0	0	0	0
giầi	TONE_HUYEN	ʝə↘j	ʝ ầˈi	0	1	0	0
giấi	TONE_SAC	ʝə↗j	ʝ ấˈi	0	1	0	0
giâ̂i	TONE_HOI	ʝə↓j	ʝ ˌeɪsˈ↗ːkəmflˌɛks ˈi	0	0	0	0
giẫi	TONE_NGA	ʝəʔ↗j	ʝ ẫˈi	0	1	0	0
giậi	TONE_NANG	ʝəʔ↓j	ʝ ậˈi	0	1	0	0
giây	TONE_NGANG	ʝə→j	ʝˈəɪ	0	0	0	0
giầy	TONE_HUYEN	ʝə↘j	ʝˈəɪ↘	1	0	0	0
giấy	TONE_SAC	ʝə↗j	ʝˈəɪ↗	1	0	0	0
giâ̂y	TONE_HOI	ʝə↓j	ʝ ˌeɪsˈ↗ːkəmflˌɛks ˈi	0	0	0	0
giẫy	TONE_NGA	ʝəʔ↗j	ʝˈəɪʔ↗	1	0	0	0
giậy	TONE_NANG	ʝəʔ↓j	ʝˈəɪʔ↓	1	0	0	0
giâo	TONE_NGANG	ʝə→w	ʝ ˌeɪsˈ↗ːkəmflˌɛksˈɔ	0	0	0	0
giầo	TONE_HUYEN	ʝə↘w	ʝ ầˈɔ	0	1	0	0
giấo	TONE_SAC	ʝə↗w	ʝ ấˈɔ	0	1	0	0
giâ̂o	TONE_HOI	ʝə↓w	ʝ ˌeɪsˈ↗ːkəmflˌɛks ˈo	0	0	0	0
giẫo	TONE_NGA	ʝəʔ↗w	ʝ ẫˈɔ	0	1	0	0
giậo	TONE_NANG	ʝəʔ↓w	ʝ ậˈɔ	0	1	0	0
giâu	TONE_NGANG	ʝə→w	ʝˈə→w	1	0	0	0
giầu	TONE_HUYEN	ʝə↘w	ʝˈə↘w	1	0	0	0
giấu	TONE_SAC	ʝə↗w	ʝˈə↗w	1	0	0	0
giâ̂u	TONE_HOI	ʝə↓w	ʝ ˌeɪsˈ↗ːkəmflˌɛks ˈu	0	0	0	0
giẫu	TONE_NGA	ʝəʔ↗w	ʝˈəʔ↗w	1	0	0	0
giậu	TONE_NANG	ʝəʔ↓w	ʝˈəʔ↓w	1	0	0	0
giâm	TONE_NGANG	ʝə→m	ʝˈəm	0	0	0	0
giầm	TONE_HUYEN	ʝə↘m	ʝˈə↘m	1	0	0	0
giấm	TONE_SAC	ʝə↗m	ʝˈə↗m	1	0	0	0
giâ̂m	TONE_HOI	ʝə↓m	ʝ ˌeɪsˈ↗ːkəmflˌɛks mˈəː↘	0	0	0	0
giẫm	TONE_NGA	ʝəʔ↗m	ʝˈəʔ↗m	1	0	0	0
giậm	TONE_NANG	ʝəʔ↓m	ʝˈəʔ↓m	1	0	0	0
giân	TONE_NGANG	ʝə→n	ʝˈən	0	0	0	0
giần	TONE_HUYEN	ʝə↘n	ʝˈə↘n	1	0	0	0
giấn	TONE_SAC	ʝə↗n	ʝˈə↗n	1	0	0	0
giâ̂n	TONE_HOI	ʝə↓n	ʝ ˌeɪsˈ↗ːkəmflˌɛks nˈəː↘	0	0	0	0
giẫn	TONE_NGA	ʝəʔ↗n	ʝˈəʔ↗n	1	0	0	0
giận	TONE_NANG	ʝəʔ↓n	ʝˈəʔ↓n	1	0	0	0
giấp	TONE_SAC	ʝə↗p	ʝˈə↗p	1	0	0	0
giập	TONE_NANG	ʝəʔ↓p	ʝˈəʔ↓p	1	0	0	0
giất	TONE_SAC	ʝə↗t	ʝˈə↗t	1	0	0	0
giật	TONE_NANG	ʝəʔ↓t	ʝˈəʔ↓t	1	0	0	0
giâng	TONE_NGANG	ʝə→ŋ	ʝˈəŋ	0	0	0	0
giầng	TONE_HUYEN	ʝə↘ŋ	ʝˈə↘ŋ	1	0	0	0
giấng	TONE_SAC	ʝə↗ŋ	ʝˈə↗ŋ	1	0	0	0
giâ̂ng	TONE_HOI	ʝə↓ŋ	ʝ ˌeɪsˈ↗ːkəmflˌɛks ˌɛndʒˈiː	0	0	0	0
giẫng	TONE_NGA	ʝəʔ↗ŋ	ʝˈəʔ↗ŋ	1	0	0	0
giậng	TONE_NANG	ʝəʔ↓ŋ	ʝˈəʔ↓ŋ	1	0	0	0
giấc	TONE_SAC	ʝə↗k	ʝˈə↗c	1	0	0	0
giậc	TONE_NANG	ʝəʔ↓k	ʝˈəʔ↓c	1	0	0	0
giấch	TONE_SAC	ʝə↗k	ʝˈə↗c hˈa↗t	0	0	0	0
giậch	TONE_NANG	ʝəʔ↓k	ʝˈəʔ↓c hˈa↗t	0	0	0	0
gie	TONE_NGANG	ʝɛ→	ʝˈɛ	0	0	0	0
giè	TONE_HUYEN	ʝɛ↘	ʝˈɛ↘	1	0	0	0
gié	TONE_SAC	ʝɛ↗	ʝˈɛ↗	1	0	0	0
giê	TONE_HOI	ʝɛ↓	ʝˈe	0	0	0	0
giẽ	TONE_NGA	ʝɛʔ↗	ʝˈɛʔ↗	1	0	0	0
giẹ	TONE_NANG	ʝɛʔ↓	ʝˈɛʔ↓	1	0	0	0
gieo	TONE_NGANG	ʝɛ→w	ʝˈɛw	0	0	0	0
gièo	TONE_HUYEN	ʝɛ↘w	ʝˈɛ↘w	1	0	0	0
giéo	TONE_SAC	ʝɛ↗w	ʝˈɛ↗w	1	0	0	0
giêo	TONE_HOI	ʝɛ↓w	ʝˈe ˈɔ	0	0	0	0
giẽo	TONE_NGA	ʝɛʔ↗w	ʝˈɛʔ↗w	1	0	0	0
giẹo	TONE_NANG	ʝɛʔ↓w	ʝˈɛʔ↓w	1	0	0	0
gieu	TONE_NGANG	ʝɛ→w	ʝˈeʔ↗w	0	0	0	0
gièu	TONE_HUYEN	ʝɛ↘w	ʝˈɛ↘ ˈu	0	0	0	0
giéu	TONE_SAC	ʝɛ↗w	ʝˈɛ↗ ˈu	0	0	0	0
giêu	TONE_HOI	ʝɛ↓w	ʝˈe→w	0	0	0	0
giẽu	TONE_NGA	ʝɛʔ↗w	ʝˈɛʔ↗ ˈu	0	0	0	0
giẹu	TONE_NANG	ʝɛʔ↓w	ʝˈɛʔ↓ ˈu	0	0	0	0
giem	TONE_NGANG	ʝɛ→m	ʝˈɛm	0	0	0	0
gièm	TONE_HUYEN	ʝɛ↘m	ʝˈɛ↘m	1	0	0	0
giém	TONE_SAC	ʝɛ↗m	ʝˈɛ↗m	1	0	0	0
giêm	TONE_HOI	ʝɛ↓m	ʝˈem	0	0	0	0
giẽm	TONE_NGA	ʝɛʔ↗m	ʝˈɛʔ↗m	1	0	0	0
giẹm	TONE_NANG	ʝɛʔ↓m	ʝˈɛʔ↓m	1	0	0	0
gien	TONE_NGANG	ʝɛ→n	ʝˈɛn	0	0	0	0
gièn	TONE_HUYEN	ʝɛ↘n	ʝˈɛ↘n	1	0	0	0
gién	TONE_SAC	ʝɛ↗n	ʝˈɛ↗n	1	0	0	0
giên	TONE_HOI	ʝɛ↓n	ʝˈen	0	0	0	0
giẽn	TONE_NGA	ʝɛʔ↗n	ʝˈɛʔ↗n	1	0	0	0
giẹn	TONE_NANG	ʝɛʔ↓n	ʝˈɛʔ↓n	1	0	0	0
giép	TONE_SAC	ʝɛ↗p	ʝˈɛ↗p	1	0	0	0
giẹp	TONE_NANG	ʝɛʔ↓p	ʝˈɛʔ↓p	1	0	0	0
giét	TONE_SAC	ʝɛ↗t	ʝˈɛ↗t	1	0	0	0
giẹt	TONE_NANG	ʝɛʔ↓t	ʝˈɛʔ↓t	1	0	0	0
gieng	TONE_NGANG	ʝɛ→ŋ	ʝˈɛŋ	0	0	0	0
gièng	TONE_HUYEN	ʝɛ↘ŋ	ʝˈɛ↘ŋ	1	0	0	0
giéng	TONE_SAC	ʝɛ↗ŋ	ʝˈɛ↗ŋ	1	0	0	0
giêng	TONE_HOI	ʝɛ↓ŋ	ʝˈiɛ→ŋ	0	0	0	0
giẽng	TONE_NGA	ʝɛʔ↗ŋ	ʝˈɛʔ↗ŋ	1	0	0	0
giẹng	TONE_NANG	ʝɛʔ↓ŋ	ʝˈɛʔ↓ŋ	1	0	0	0
giéc	TONE_SAC	ʝɛ↗k	ʝˈɛ↗c	1	0	0	0
giẹc	TONE_NANG	ʝɛʔ↓k	ʝˈɛʔ↓c	1	0	0	0
giéch	TONE_SAC	ʝɛ↗k	ʝˈɛ↗c hˈa↗t	0	0	0	0
giẹch	TONE_NANG	ʝɛʔ↓k	ʝˈɛʔ↓c hˈa↗t	0	0	0	0
giê	TONE_NGANG	ʝe→	ʝˈe	0	0	0	0
giề	TONE_HUYEN	ʝe↘	ʝˈe↘	1	0	0	0
giế	TONE_SAC	ʝe↗	ʝˈe↗	1	0	0	0
giê̂	TONE_HOI	ʝe↓	ʝˈe	0	0	0	0
giễ	TONE_NGA	ʝeʔ↗	ʝˈeʔ↗	1	0	0	0
giệ	TONE_NANG	ʝeʔ↓	ʝˈeʔ↓	1	0	0	0
giêo	TONE_NGANG	ʝe→w	ʝˈe ˈɔ	0	0	0	0
giềo	TONE_HUYEN	ʝe↘w	ʝˈe↘ ˈɔ	1	0	0	0
giếo	TONE_SAC	ʝe↗w	ʝˈe↗ ˈɔ	1	0	0	0
giê̂o	TONE_HOI	ʝe↓w	ʝˈe ˈo	0	0	0	0
giễo	TONE_NGA	ʝeʔ↗w	ʝˈeʔ↗ ˈɔ	1	0	0	0
giệo	TONE_NANG	ʝeʔ↓w	ʝˈeʔ↓ ˈɔ	1	0	0	0
giêu	TONE_NGANG	ʝe→w	ʝˈe→w	1	0	0	0
giều	TONE_HUYEN	ʝe↘w	ʝˈe↘w	1	0	0	0
giếu	TONE_SAC	ʝe↗w	ʝˈe↗w	1	0	0	0
giê̂u	TONE_HOI	ʝe↓w	ʝˈe ˈu	0	0	0	0
giễu	TONE_NGA	ʝeʔ↗w	ʝˈeʔ↗w	1	0	0	0
giệu	TONE_NANG	ʝeʔ↓w	ʝˈeʔ↓w	1	0	0	0
giêm	TONE_NGANG	ʝe→m	ʝˈem	0	0	0	0
giềm	TONE_HUYEN	ʝe↘m	ʝˈe↘m	1	0	0	0
giếm	TONE_SAC	ʝe↗m	ʝˈe↗m	1	0	0	0
giê̂m	TONE_HOI	ʝe↓m	ʝˈe mˈəː↘	0	0	0	0
giễm	TONE_NGA	ʝeʔ↗m	ʝˈeʔ↗m	1	0	0	0
giệm	TONE_NANG	ʝeʔ↓m	ʝˈeʔ↓m	1	0	0	0
giên	TONE_NGANG	ʝe→n	ʝˈen	0	0	0	0
giền	TONE_HUYEN	ʝe↘n	ʝˈe↘n	1	0	0	0
giến	TONE_SAC	ʝe↗n	ʝˈe↗n	1	0	0	0
giê̂n	TONE_HOI	ʝe↓n	ʝˈe nˈəː↘	0	0	0	0
giễn	TONE_NGA	ʝeʔ↗n	ʝˈeʔ↗n	1	0	0	0
giện	TONE_NANG	ʝeʔ↓n	ʝˈeʔ↓n	1	0	0	0
giếp	TONE_SAC	ʝe↗p	ʝˈe↗p	1	0	0	0
giệp	TONE_NANG	ʝeʔ↓p	ʝˈeʔ↓p	1	0	0	0
giết	TONE_SAC	ʝe↗t	ʝˈiɛ↗t	1	0	0	0
giệt	TONE_NANG	ʝeʔ↓t	ʝˈiɛʔ↓t	1	0	0	0
giêng	TONE_NGANG	ɣiə→ŋ	ʝˈiɛ→ŋ	1	0	0	0
giềng	TONE_HUYEN	ɣiə↘ŋ	ʝˈiɛ↘ŋ	1	0	0	0
giếng	TONE_SAC	ɣiə↗ŋ	ʝˈiɛ↗ŋ	1	0	0	0
giê̂ng	TONE_HOI	ɣiə↓ŋ	ʝˈe ˌɛndʒˈiː	0	0	0	0
giễng	TONE_NGA	ɣiəʔ↗ŋ	ʝˈiɛʔ↗ŋ	1	0	0	0
giệng	TONE_NANG	ɣiəʔ↓ŋ	ʝˈiɛʔ↓ŋ	1	0	0	0
giênh	TONE_NGANG	ʝe→ɲ	ʝˈeɲ	0	0	0	0
giềnh	TONE_HUYEN	ʝe↘ɲ	ʝˈe↘ɲ	1	0	0	0
giếnh	TONE_SAC	ʝe↗ɲ	ʝˈe↗ɲ	1	0	0	0
giê̂nh	TONE_HOI	ʝe↓ɲ	ʝˈe ˌɛnˈeɪʧ	0	0	0	0
giễnh	TONE_NGA	ʝeʔ↗ɲ	ʝˈeʔ↗ɲ	1	0	0	0
giệnh	TONE_NANG	ʝeʔ↓ɲ	ʝˈeʔ↓ɲ	1	0	0	0
giếc	TONE_SAC	ʝe↗k	ʝˈiɛ↗kh	1	0	0	0
giệc	TONE_NANG	ʝeʔ↓k	ʝˈiɛʔ↓kh	1	0	0	0
giếch	TONE_SAC	ʝe↗k	ʝˈiɛ↗khh	1	0	0	0
giệch	TONE_NANG	ʝeʔ↓k	ʝˈiɛʔ↓khh	1	0	0	0
gii	TONE_NGANG	ʝi→	dʒˈɪaɪ	0	0	0	0
giì	TONE_HUYEN	ʝi↘	ʝ ˈi↘	1	0	0	0
gií	TONE_SAC	ʝi↗	ʝ ˈi↗	1	0	0	0
giî	TONE_HOI	ʝi↓	dʒˈɪaɪ	0	0	0	0
giĩ	TONE_NGA	ʝiʔ↗	ʝ ˈiʔ↗	1	0	0	0
giị	TONE_NANG	ʝiʔ↓	ʝ ˈiʔ↓	1	0	0	0
giio	TONE_NGANG	ʝi→w	dʒˈɪaɪ ˈoʊ	0	0	0	0
giìo	TONE_HUYEN	ʝi↘w	ʝ ˈi↘ˈɔ	1	0	0	0
giío	TONE_SAC	ʝi↗w	ʝ ˈi↗ˈɔ	1	0	0	0
giîo	TONE_HOI	ʝi↓w	dʒˈɪaɪ ˈoʊ	0	0	0	0
giĩo	TONE_NGA	ʝiʔ↗w	ʝ ˈiʔ↗ˈɔ	1	0	0	0
giịo	TONE_NANG	ʝiʔ↓w	ʝ ˈiʔ↓ˈɔ	1	0	0	0
giiu	TONE_NGANG	ʝi→w	dʒˈɪaɪ jˈuː	0	0	0	0
giìu	TONE_HUYEN	ʝi↘w	ʝ ˈi↘ˈu	0	0	0	0
giíu	TONE_SAC	ʝi↗w	ʝ ˈi↗ˈu	0	0	0	0
giîu	TONE_HOI	ʝi↓w	dʒˈɪaɪ jˈuː	0	0	0	0
giĩu	TONE_NGA	ʝiʔ↗w	ʝ ˈiʔ↗ˈu	0	0	0	0
giịu	TONE_NANG	ʝiʔ↓w	ʝ ˈiʔ↓ˈu	0	0	0	0
giim	TONE_NGANG	ʝi→m	ʝ aɪm	0	0	0	0
giìm	TONE_HUYEN	ʝi↘m	ʝ ˈi↘m	1	0	0	0
giím	TONE_SAC	ʝi↗m	ʝ ˈi↗m	1	0	0	0
giîm	TONE_HOI	ʝi↓m	ʝ aɪm	0	0	0	0
giĩm	TONE_NGA	ʝiʔ↗m	ʝ ˈiʔ↗m	1	0	0	0
giịm	TONE_NANG	ʝiʔ↓m	ʝ ˈiʔ↓m	1	0	0	0
giin	TONE_NGANG	ʝi→n	dʒˈɪɪn	0	0	0	0
giìn	TONE_HUYEN	ʝi↘n	ʝ ˈi↘n	1	0	0	0
giín	TONE_SAC	ʝi↗n	ʝ ˈi↗n	1	0	0	0
giîn	TONE_HOI	ʝi↓n	dʒˈɪɪn	0	0	0	0
giĩn	TONE_NGA	ʝiʔ↗n	ʝ ˈiʔ↗n	1	0	0	0
giịn	TONE_NANG	ʝiʔ↓n	ʝ ˈiʔ↓n	1	0	0	0
giíp	TONE_SAC	ʝi↗p	ʝ ˈi↗p	1	0	0	0
giịp	TONE_NANG	ʝiʔ↓p	ʝ ˈiʔ↓p	1	0	0	0
giít	TONE_SAC	ʝi↗t	ʝ ˈi↗t	1	0	0	0
giịt	TONE_NANG	ʝiʔ↓t	ʝ ˈiʔ↓t	1	0	0	0
giinh	TONE_NGANG	ʝi→ɲ	ʝ ˈiɲ	0	0	0	1
giình	TONE_HUYEN	ʝi↘ɲ	ʝ ˈi↘ɲ	1	0	0	1
giính	TONE_SAC	ʝi↗ɲ	ʝ ˈi↗ɲ	1	0	0	1
giînh	TONE_HOI	ʝi↓ɲ	ʝ ˈiɲ	0	0	0	1
giĩnh	TONE_NGA	ʝiʔ↗ɲ	ʝ ˈiʔ↗ɲ	1	0	0	1
giịnh	TONE_NANG	ʝiʔ↓ɲ	ʝ ˈiʔ↓ɲ	1	0	0	1
giíc	TONE_SAC	ʝi↗k	ʝ ˈi↗sˈe	0	0	0	0
giịc	TONE_NANG	ʝiʔ↓k	ʝ ˈiʔ↓sˈe	0	0	0	0
giích	TONE_SAC	ʝi↗k	ʝ ˈi↗c	1	0	0	0
giịch	TONE_NANG	ʝiʔ↓k	ʝ ˈiʔ↓c	1	0	0	0
giy	TONE_NGANG	ʝi→	ʝˈi	0	0	0	0
giỳ	TONE_HUYEN	ʝi↘	ʝˈi↘	1	0	0	0
giý	TONE_SAC	ʝi↗	ʝˈi↗	1	0	0	0
giŷ	TONE_HOI	ʝi↓	ʝˈi	0	0	0	0
giỹ	TONE_NGA	ʝiʔ↗	ʝˈiʔ↗	1	0	0	0
giỵ	TONE_NANG	ʝiʔ↓	ʝˈiʔ↓	1	0	0	0
giyo	TONE_NGANG	ʝi→w	ʝˈi ˈoʊ	0	0	0	0
giỳo	TONE_HUYEN	ʝi↘w	ʝˈi↘ ˈɔ	1	0	0	0
giýo	TONE_SAC	ʝi↗w	ʝˈi↗ ˈɔ	1	0	0	0
giŷo	TONE_HOI	ʝi↓w	ʝˈi ˈoʊ	0	0	0	0
giỹo	TONE_NGA	ʝiʔ↗w	ʝˈiʔ↗ ˈɔ	1	0	0	0
giỵo	TONE_NANG	ʝiʔ↓w	ʝˈiʔ↓ ˈɔ	1	0	0	0
giyu	TONE_NGANG	ʝi→w	dʒˈɪjuː	0	0	0	0
giỳu	TONE_HUYEN	ʝi↘w	ʝˈi↘ ˈu	0	0	0	0
giýu	TONE_SAC	ʝi↗w	ʝˈi↗ ˈu	0	0	0	0
giŷu	TONE_HOI	ʝi↓w	dʒˈɪjuː	0	0	0	0
giỹu	TONE_NGA	ʝiʔ↗w	ʝˈiʔ↗ ˈu	0	0	0	0
giỵu	TONE_NANG	ʝiʔ↓w	ʝˈiʔ↓ ˈu	0	0	0	0
giym	TONE_NGANG	ʝi→m	ʝ ˈɪm	0	0	0	0
giỳm	TONE_HUYEN	ʝi↘m	ʝˈi↘ ˈməː↘	0	0	0	0
giým	TONE_SAC	ʝi↗m	ʝˈi↗ ˈməː↘	0	0	0	0
giŷm	TONE_HOI	ʝi↓m	ʝ ˈɪm	0	0	0	0
giỹm	TONE_NGA	ʝiʔ↗m	ʝˈiʔ↗ ˈməː↘	0	0	0	0
giỵm	TONE_NANG	ʝiʔ↓m	ʝˈiʔ↓ ˈməː↘	0	0	0	0
giyn	TONE_NGANG	ʝi→n	ʝ ˈɪn	0	0	0	0
giỳn	TONE_HUYEN	ʝi↘n	ʝˈi↘ ˈɛnəː↘	0	0	0	0
giýn	TONE_SAC	ʝi↗n	ʝˈi↗ ˈɛnəː↘	0	0	0	0
giŷn	TONE_HOI	ʝi↓n	ʝ ˈɪn	0	0	0	0
giỹn	TONE_NGA	ʝiʔ↗n	ʝˈiʔ↗ ˈɛnəː↘	0	0	0	0
giỵn	TONE_NANG	ʝiʔ↓n	ʝˈiʔ↓ ˈɛnəː↘	0	0	0	0
giýp	TONE_SAC	ʝi↗p	ʝˈi↗ pˈe	0	0	0	0
giỵp	TONE_NANG	ʝiʔ↓p	ʝˈiʔ↓ pˈe	0	0	0	0
giýt	TONE_SAC	ʝi↗t	ʝˈi↗ tˈe	0	0	0	0
giỵt	TONE_NANG	ʝiʔ↓t	ʝˈiʔ↓ tˈe	0	0	0	0
giynh	TONE_NGANG	ʝi→ɲ	ʝ ˈɪn	0	0	0	0
giỳnh	TONE_HUYEN	ʝi↘ɲ	ʝˈi↘ ˈɛnəː↘hˈa↗t	0	0	0	0
giýnh	TONE_SAC	ʝi↗ɲ	ʝˈi↗ ˈɛnəː↘hˈa↗t	0	0	0	0
giŷnh	TONE_HOI	ʝi↓ɲ	ʝ ˈɪn	0	0	0	0
giỹnh	TONE_NGA	ʝiʔ↗ɲ	ʝˈiʔ↗ ˈɛnəː↘hˈa↗t	0	0	0	0
giỵnh	TONE_NANG	ʝiʔ↓ɲ	ʝˈiʔ↓ ˈɛnəː↘hˈa↗t	0	0	0	0
giýc	TONE_SAC	ʝi↗k	ʝˈi↗ sˈe	0	0	0	0
giỵc	TONE_NANG	ʝiʔ↓k	ʝˈiʔ↓ sˈe	0	0	0	0
giých	TONE_SAC	ʝi↗k	ʝˈi↗ sˈehˈa↗t	0	0	0	0
giỵch	TONE_NANG	ʝiʔ↓k	ʝˈiʔ↓ sˈehˈa↗t	0	0	0	0
gio	TONE_NGANG	ʝɔ→	ʝˈɔ	0	0	0	0
giò	TONE_HUYEN	ʝɔ↘	ʝˈɔ↘	1	0	0	0
gió	TONE_SAC	ʝɔ↗	ʝˈɔ↗	1	0	0	0
giô	TONE_HOI	ʝɔ↓	ʝˈo	0	0	0	0
giõ	TONE_NGA	ʝɔʔ↗	ʝˈɔʔ↗	1	0	0	0
giọ	TONE_NANG	ʝɔʔ↓	ʝˈɔʔ↓	1	0	0	0
gioi	TONE_NGANG	ʝɔ→j	ʝˈɔj	0	0	0	0
giòi	TONE_HUYEN	ʝɔ↘j	ʝˈɔ↘j	1	0	0	0
giói	TONE_SAC	ʝɔ↗j	ʝˈɔ↗j	1	0	0	0
giôi	TONE_HOI	ʝɔ↓j	ʝˈoj	0	0	0	0
giõi	TONE_NGA	ʝɔʔ↗j	ʝˈɔʔ↗j	1	0	0	0
giọi	TONE_NANG	ʝɔʔ↓j	ʝˈɔʔ↓j	1	0	0	0
gioy	TONE_NGANG	ʝɔ→j	ʝˈɔ wˈaɪ	0	0	0	0
giòy	TONE_HUYEN	ʝɔ↘j	ʝˈɔ↘ ˈi	0	0	0	0
gióy	TONE_SAC	ʝɔ↗j	ʝˈɔ↗ ˈi	0	0	0	0
giôy	TONE_HOI	ʝɔ↓j	ʝˈo ˈi	0	0	0	0
giõy	TONE_NGA	ʝɔʔ↗j	ʝˈɔʔ↗ ˈi	0	0	0	0
giọy	TONE_NANG	ʝɔʔ↓j	ʝˈɔʔ↓ ˈi	0	0	0	0
giom	TONE_NGANG	ʝɔ→m	ʝˈɔm	0	0	0	0
giòm	TONE_HUYEN	ʝɔ↘m	ʝˈɔ↘m	1	0	0	0
gióm	TONE_SAC	ʝɔ↗m	ʝˈɔ↗m	1	0	0	0
giôm	TONE_HOI	ʝɔ↓m	ʝˈom	0	0	0	0
giõm	TONE_NGA	ʝɔʔ↗m	ʝˈɔʔ↗m	1	0	0	0
giọm	TONE_NANG	ʝɔʔ↓m	ʝˈɔʔ↓m	1	0	0	0
gion	TONE_NGANG	ʝɔ→n	ʝˈɔn	0	0	0	0
giòn	TONE_HUYEN	ʝɔ↘n	ʝˈɔ↘n	1	0	0	0
gión	TONE_SAC	ʝɔ↗n	ʝˈɔ↗n	1	0	0	0
giôn	TONE_HOI	ʝɔ↓n	ʝˈon	0	0	0	0
giõn	TONE_NGA	ʝɔʔ↗n	ʝˈɔʔ↗n	1	0	0	0
giọn	TONE_NANG	ʝɔʔ↓n	ʝˈɔʔ↓n	1	0	0	0
gióp	TONE_SAC	ʝɔ↗p	ʝˈɔ↗p	1	0	0	0
giọp	TONE_NANG	ʝɔʔ↓p	ʝˈɔʔ↓p	1	0	0	0
giót	TONE_SAC	ʝɔ↗t	ʝˈɔ↗t	1	0	0	0
giọt	TONE_NANG	ʝɔʔ↓t	ʝˈɔʔ↓t	1	0	0	0
giong	TONE_NGANG	ʝɔ→ŋ	ʝˈɔŋ	0	0	0	0
giòng	TONE_HUYEN	ʝɔ↘ŋ	ʝˈɔ↘ŋ	1	0	0	0
gióng	TONE_SAC	ʝɔ↗ŋ	ʝˈɔ↗ŋ	1	0	0	0
giông	TONE_HOI	ʝɔ↓ŋ	ʝˈoŋ	0	0	0	0
giõng	TONE_NGA	ʝɔʔ↗ŋ	ʝˈɔʔ↗ŋ	1	0	0	0
giọng	TONE_NANG	ʝɔʔ↓ŋ	ʝˈɔʔ↓ŋ	1	0	0	0
gióc	TONE_SAC	ʝɔ↗k	ʝˈɔ↗k	1	0	0	0
giọc	TONE_NANG	ʝɔʔ↓k	ʝˈɔʔ↓k	1	0	0	0
gióch	TONE_SAC	ʝɔ↗k	ʝˈɔ↗k hˈa↗t	0	0	0	0
giọch	TONE_NANG	ʝɔʔ↓k	ʝˈɔʔ↓k hˈa↗t	0	0	0	0
giô	TONE_NGANG	ʝo→	ʝˈo	0	0	0	0
giồ	TONE_HUYEN	ʝo↘	ʝˈo↘	1	0	0	0
giố	TONE_SAC	ʝo↗	ʝˈo↗	1	0	0	0
giô̂	TONE_HOI	ʝo↓	ʝˈo	0	0	0	0
giỗ	TONE_NGA	ʝoʔ↗	ʝˈoʔ↗	1	0	0	0
giộ	TONE_NANG	ʝoʔ↓	ʝˈoʔ↓	1	0	0	0
giôi	TONE_NGANG	ʝo→j	ʝˈoj	0	0	0	0
giồi	TONE_HUYEN	ʝo↘j	ʝˈo↘j	1	0	0	0
giối	TONE_SAC	ʝo↗j	ʝˈo↗j	1	0	0	0
giô̂i	TONE_HOI	ʝo↓j	ʝˈo ˈi	0	0	0	0
giỗi	TONE_NGA	ʝoʔ↗j	ʝˈoʔ↗j	1	0	0	0
giội	TONE_NANG	ʝoʔ↓j	ʝˈoʔ↓j	1	0	0	0
giôy	TONE_NGANG	ʝo→j	ʝˈo ˈi	0	0	0	0
giồy	TONE_HUYEN	ʝo↘j	ʝˈo↘ ˈi	0	0	0	0
giốy	TONE_SAC	ʝo↗j	ʝˈo↗ ˈi	0	0	0	0
giô̂y	TONE_HOI	ʝo↓j	ʝˈo ˈi	0	0	0	0
giỗy	TONE_NGA	ʝoʔ↗j	ʝˈoʔ↗ ˈi	0	0	0	0
giộy	TONE_NANG	ʝoʔ↓j	ʝˈoʔ↓ ˈi	0	0	0	0
giôm	TONE_NGANG	ʝo→m	ʝˈom	0	0	0	0
giồm	TONE_HUYEN	ʝo↘m	ʝˈo↘m	1	0	0	0
giốm	TONE_SAC	ʝo↗m	ʝˈo↗m	1	0	0	0
giô̂m	TONE_HOI	ʝo↓m	ʝˈo mˈəː↘	0	0	0	0
giỗm	TONE_NGA	ʝoʔ↗m	ʝˈoʔ↗m	1	0	0	0
giộm	TONE_NANG	ʝoʔ↓m	ʝˈoʔ↓m	1	0	0	0
giôn	TONE_NGANG	ʝo→n	ʝˈon	0	0	0	0
giồn	TONE_HUYEN	ʝo↘n	ʝˈo↘n	1	0	0	0
giốn	TONE_SAC	ʝo↗n	ʝˈo↗n	1	0	0	0
giô̂n	TONE_HOI	ʝo↓n	ʝˈo nˈəː↘	0	0	0	0
giỗn	TONE_NGA	ʝoʔ↗n	ʝˈoʔ↗n	1	0	0	0
giộn	TONE_NANG	ʝoʔ↓n	ʝˈoʔ↓n	1	0	0	0
giốp	TONE_SAC	ʝo↗p	ʝˈo↗p	1	0	0	0
giộp	TONE_NANG	ʝoʔ↓p	ʝˈoʔ↓p	1	0	0	0
giốt	TONE_SAC	ʝo↗t	ʝˈo↗t	1	0	0	0
giột	TONE_NANG	ʝoʔ↓t	ʝˈoʔ↓t	1	0	0	0
giông	TONE_NGANG	ʝo→ŋ	ʝˈoŋ	0	0	0	0
giồng	TONE_HUYEN	ʝo↘ŋ	ʝˈo↘ŋ	1	0	0	0
giống	TONE_SAC	ʝo↗ŋ	ʝˈo↗ŋ	1	0	0	0
giô̂ng	TONE_HOI	ʝo↓ŋ	ʝˈo ˌɛndʒˈiː	0	0	0	0
giỗng	TONE_NGA	ʝoʔ↗ŋ	ʝˈoʔ↗ŋ	1	0	0	0
giộng	TONE_NANG	ʝoʔ↓ŋ	ʝˈoʔ↓ŋ	1	0	0	0
giốc	TONE_SAC	ʝo↗k	ʝˈo↗k	1	0	0	0
giộc	TONE_NANG	ʝoʔ↓k	ʝˈoʔ↓k	1	0	0	0
giốch	TONE_SAC	ʝo↗k	ʝˈo↗k hˈa↗t	0	0	0	0
giộch	TONE_NANG	ʝoʔ↓k	ʝˈoʔ↓k hˈa↗t	0	0	0	0
giơ	TONE_NGANG	ʝəː→	ʝˈəː	0	0	0	0
giờ	TONE_HUYEN	ʝəː↘	ʝˈəː↘	1	0	0	0
giớ	TONE_SAC	ʝəː↗	ʝˈəː↗	1	0	0	0
giơ̂	TONE_HOI	ʝəː↓	ʝˈəː	0	0	0	0
giỡ	TONE_NGA	ʝəːʔ↗	ʝˈəːʔ↗	1	0	0	0
giợ	TONE_NANG	ʝəːʔ↓	ʝˈəːʔ↓	1	0	0	0
giơi	TONE_NGANG	ʝəː→j	ʝˈəːj	0	0	0	0
giời	TONE_HUYEN	ʝəː↘j	ʝˈəː↘j	1	0	0	0
giới	TONE_SAC	ʝəː↗j	ʝˈəː↗j	1	0	0	0
giơ̂i	TONE_HOI	ʝəː↓j	ʝˈəː ˈi	0	0	0	0
giỡi	TONE_NGA	ʝəːʔ↗j	ʝˈəːʔ↗j	1	0	0	0
giợi	TONE_NANG	ʝəːʔ↓j	ʝˈəːʔ↓j	1	0	0	0
giơy	TONE_NGANG	ʝəː→j	ʝˈəː ˈi	0	0	0	0
giờy	TONE_HUYEN	ʝəː↘j	ʝˈəː↘ ˈi	0	0	0	0
giớy	TONE_SAC	ʝəː↗j	ʝˈəː↗ ˈi	0	0	0	0
giơ̂y	TONE_HOI	ʝəː↓j	ʝˈəː ˈi	0	0	0	0
giỡy	TONE_NGA	ʝəːʔ↗j	ʝˈəːʔ↗ ˈi	0	0	0	0
giợy	TONE_NANG	ʝəːʔ↓j	ʝˈəːʔ↓ ˈi	0	0	0	0
giơm	TONE_NGANG	ʝəː→m	ʝˈəːm	0	0	0	0
giờm	TONE_HUYEN	ʝəː↘m	ʝˈəː↘m	1	0	0	0
giớm	TONE_SAC	ʝəː↗m	ʝˈəː↗m	1	0	0	0
giơ̂m	TONE_HOI	ʝəː↓m	ʝˈəː mˈəː↘	0	0	0	0
giỡm	TONE_NGA	ʝəːʔ↗m	ʝˈəːʔ↗m	1	0	0	0
giợm	TONE_NANG	ʝəːʔ↓m	ʝˈəːʔ↓m	1	0	0	0
giơn	TONE_NGANG	ʝəː→n	ʝˈəːn	0	0	0	0
giờn	TONE_HUYEN	ʝəː↘n	ʝˈəː↘n	1	0	0	0
giớn	TONE_SAC	ʝəː↗n	ʝˈəː↗n	1	0	0	0
giơ̂n	TONE_HOI	ʝəː↓n	ʝˈəː nˈəː↘	0	0	0	0
giỡn	TONE_NGA	ʝəːʔ↗n	ʝˈəːʔ↗n	1	0	0	0
giợn	TONE_NANG	ʝəːʔ↓n	ʝˈəːʔ↓n	1	0	0	0
giớp	TONE_SAC	ʝəː↗p	ʝˈəː↗p	1	0	0	0
giợp	TONE_NANG	ʝəːʔ↓p	ʝˈəːʔ↓p	1	0	0	0
giớt	TONE_SAC	ʝəː↗t	ʝˈəː↗t	1	0	0	0
giợt	TONE_NANG	ʝəːʔ↓t	ʝˈəːʔ↓t	1	0	0	0
giớc	TONE_SAC	ʝəː↗k	ʝˈəː↗ sˈe	0	0	0	0
giợc	TONE_NANG	ʝəːʔ↓k	ʝˈəːʔ↓ sˈe	0	0	0	0
giớch	TONE_SAC	ʝəː↗k	ʝˈəː↗ sˈehˈa↗t	0	0	0	0
giợch	TONE_NANG	ʝəːʔ↓k	ʝˈəːʔ↓ sˈehˈa↗t	0	0	0	0
giu	TONE_NGANG	ʝu→	ʝˈu	0	0	0	0
giù	TONE_HUYEN	ʝu↘	ʝˈu↘	1	0	0	0
giú	TONE_SAC	ʝu↗	ʝˈu↗	1	0	0	0
giû	TONE_HOI	ʝu↓	ʝˈu	0	0	0	0
giũ	TONE_NGA	ʝuʔ↗	ʝˈuʔ↗	1	0	0	0
giụ	TONE_NANG	ʝuʔ↓	ʝˈuʔ↓	1	0	0	0
giui	TONE_NGANG	ʝu→j	ʝˈuj	0	0	0	0
giùi	TONE_HUYEN	ʝu↘j	ʝˈu↘j	1	0	0	0
giúi	TONE_SAC	ʝu↗j	ʝˈu↗j	1	0	0	0
giûi	TONE_HOI	ʝu↓j	ʝˈuj	0	0	0	0
giũi	TONE_NGA	ʝuʔ↗j	ʝˈuʔ↗j	1	0	0	0
giụi	TONE_NANG	ʝuʔ↓j	ʝˈuʔ↓j	1	0	0	0
giuy	TONE_NGANG	ʝu→j	ʝˈui	0	0	0	0
giùy	TONE_HUYEN	ʝu↘j	ʝˈu↘ ˈi	0	0	0	0
giúy	TONE_SAC	ʝu↗j	ʝˈu↗ ˈi	0	0	0	0
giûy	TONE_HOI	ʝu↓j	ʝˈui	0	0	0	0
giũy	TONE_NGA	ʝuʔ↗j	ʝˈuʔ↗ ˈi	0	0	0	0
giụy	TONE_NANG	ʝuʔ↓j	ʝˈuʔ↓ ˈi	0	0	0	0
gium	TONE_NGANG	ʝu→m	ʝˈum	0	0	0	0
giùm	TONE_HUYEN	ʝu↘m	ʝˈu↘m	1	0	0	0
giúm	TONE_SAC	ʝu↗m	ʝˈu↗m	1	0	0	0
giûm	TONE_HOI	ʝu↓m	ʝˈum	0	0	0	0
giũm	TONE_NGA	ʝuʔ↗m	ʝˈuʔ↗m	1	0	0	0
giụm	TONE_NANG	ʝuʔ↓m	ʝˈuʔ↓m	1	0	0	0
giun	TONE_NGANG	ʝu→n	ʝˈun	0	0	0	0
giùn	TONE_HUYEN	ʝu↘n	ʝˈu↘n	1	0	0	0
giún	TONE_SAC	ʝu↗n	ʝˈu↗n	1	0	0	0
giûn	TONE_HOI	ʝu↓n	ʝˈun	0	0	0	0
giũn	TONE_NGA	ʝuʔ↗n	ʝˈuʔ↗n	1	0	0	0
giụn	TONE_NANG	ʝuʔ↓n	ʝˈuʔ↓n	1	0	0	0
giúp	TONE_SAC	ʝu↗p	ʝˈu↗p	1	0	0	0
giụp	TONE_NANG	ʝuʔ↓p	ʝˈuʔ↓p	1	0	0	0
giút	TONE_SAC	ʝu↗t	ʝˈu↗t	1	0	0	0
giụt	TONE_NANG	ʝuʔ↓t	ʝˈuʔ↓t	1	0	0	0
giung	TONE_NGANG	ʝu→ŋ	ʝˈuŋ	0	0	0	0
giùng	TONE_HUYEN	ʝu↘ŋ	ʝˈu↘ŋ	1	0	0	0
giúng	TONE_SAC	ʝu↗ŋ	ʝˈu↗ŋ	1	0	0	0
giûng	TONE_HOI	ʝu↓ŋ	ʝˈuŋ	0	0	0	0
giũng	TONE_NGA	ʝuʔ↗ŋ	ʝˈuʔ↗ŋ	1	0	0	0
giụng	TONE_NANG	ʝuʔ↓ŋ	ʝˈuʔ↓ŋ	1	0	0	0
giúc	TONE_SAC	ʝu↗k	ʝˈu↗c	1	0	0	0
giục	TONE_NANG	ʝuʔ↓k	ʝˈuʔ↓c	1	0	0	0
giúch	TONE_SAC	ʝu↗k	ʝˈu↗c hˈa↗t	0	0	0	0
giụch	TONE_NANG	ʝuʔ↓k	ʝˈuʔ↓c hˈa↗t	0	0	0	0
giư	TONE_NGANG	ʝɨ→	ʝˈy	0	0	0	0
giừ	TONE_HUYEN	ʝɨ↘	ʝˈy↘	1	0	0	0
giứ	TONE_SAC	ʝɨ↗	ʝˈy↗	1	0	0	0
giư̂	TONE_HOI	ʝɨ↓	ʝˈy	0	0	0	0
giữ	TONE_NGA	ʝɨʔ↗	ʝˈyʔ↗	1	0	0	0
giự	TONE_NANG	ʝɨʔ↓	ʝˈyʔ↓	1	0	0	0
giưi	TONE_NGANG	ʝɨ→j	ʝˈyj	0	0	0	0
giừi	TONE_HUYEN	ʝɨ↘j	ʝˈy↘j	1	0	0	0
giứi	TONE_SAC	ʝɨ↗j	ʝˈy↗j	1	0	0	0
giư̂i	TONE_HOI	ʝɨ↓j	ʝˈy ˈi	0	0	0	0
giữi	TONE_NGA	ʝɨʔ↗j	ʝˈyʔ↗j	1	0	0	0
giựi	TONE_NANG	ʝɨʔ↓j	ʝˈyʔ↓j	1	0	0	0
giưy	TONE_NGANG	ʝɨ→j	ʝˈy ˈi	0	0	0	0
giừy	TONE_HUYEN	ʝɨ↘j	ʝˈy↘ ˈi	0	0	0	0
giứy	TONE_SAC	ʝɨ↗j	ʝˈy↗ ˈi	0	0	0	0
giư̂y	TONE_HOI	ʝɨ↓j	ʝˈy ˈi	0	0	0	0
giữy	TONE_NGA	ʝɨʔ↗j	ʝˈyʔ↗ ˈi	0	0	0	0
giựy	TONE_NANG	ʝɨʔ↓j	ʝˈyʔ↓ ˈi	0	0	0	0
giưo	TONE_NGANG	ʝɨ→w	ʝˈy ˈɔ	0	0	0	0
giừo	TONE_HUYEN	ʝɨ↘w	ʝˈy↘ ˈɔ	1	0	0	0
giứo	TONE_SAC	ʝɨ↗w	ʝˈy↗ ˈɔ	1	0	0	0
giư̂o	TONE_HOI	ʝɨ↓w	ʝˈy ˈo	0	0	0	0
giữo	TONE_NGA	ʝɨʔ↗w	ʝˈyʔ↗ ˈɔ	1	0	0	0
giựo	TONE_NANG	ʝɨʔ↓w	ʝˈyʔ↓ ˈɔ	1	0	0	0
giưu	TONE_NGANG	ʝɨ→w	ʝˈiw	0	0	0	0
giừu	TONE_HUYEN	ʝɨ↘w	ʝˈi↘w	1	0	0	0
giứu	TONE_SAC	ʝɨ↗w	ʝˈi↗w	1	0	0	0
giư̂u	TONE_HOI	ʝɨ↓w	ʝˈy ˈu	0	0	0	0
giữu	TONE_NGA	ʝɨʔ↗w	ʝˈiʔ↗w	1	0	0	0
giựu	TONE_NANG	ʝɨʔ↓w	ʝˈiʔ↓w	1	0	0	0
giưm	TONE_NGANG	ʝɨ→m	ʝˈym	0	0	0	0
giừm	TONE_HUYEN	ʝɨ↘m	ʝˈy↘m	1	0	0	0
giứm	TONE_SAC	ʝɨ↗m	ʝˈy↗m	1	0	0	0
giư̂m	TONE_HOI	ʝɨ↓m	ʝˈy mˈəː↘	0	0	0	0
giữm	TONE_NGA	ʝɨʔ↗m	ʝˈyʔ↗m	1	0	0	0
giựm	TONE_NANG	ʝɨʔ↓m	ʝˈyʔ↓m	1	0	0	0
giưn	TONE_NGANG	ʝɨ→n	ʝˈyn	0	0	0	0
giừn	TONE_HUYEN	ʝɨ↘n	ʝˈy↘n	1	0	0	0
giứn	TONE_SAC	ʝɨ↗n	ʝˈy↗n	1	0	0	0
giư̂n	TONE_HOI	ʝɨ↓n	ʝˈy nˈəː↘	0	0	0	0
giữn	TONE_NGA	ʝɨʔ↗n	ʝˈyʔ↗n	1	0	0	0
giựn	TONE_NANG	ʝɨʔ↓n	ʝˈyʔ↓n	1	0	0	0
giứp	TONE_SAC	ʝɨ↗p	ʝˈy↗ pˈe	0	0	0	0
giựp	TONE_NANG	ʝɨʔ↓p	ʝˈyʔ↓ pˈe	0	0	0	0
giứt	TONE_SAC	ʝɨ↗t	ʝˈy↗t	1	0	0	0
giựt	TONE_NANG	ʝɨʔ↓t	ʝˈyʔ↓t	1	0	0	0
giưng	TONE_NGANG	ʝɨ→ŋ	ʝˈyŋ	0	0	0	0
giừng	TONE_HUYEN	ʝɨ↘ŋ	ʝˈy↘ŋ	1	0	0	0
giứng	TONE_SAC	ʝɨ↗ŋ	ʝˈy↗ŋ	1	0	0	0
giư̂ng	TONE_HOI	ʝɨ↓ŋ	ʝˈy ˌɛndʒˈiː	0	0	0	0
giững	TONE_NGA	ʝɨʔ↗ŋ	ʝˈyʔ↗ŋ	1	0	0	0
giựng	TONE_NANG	ʝɨʔ↓ŋ	ʝˈyʔ↓ŋ	1	0	0	0
giức	TONE_SAC	ʝɨ↗k	ʝˈy↗c	1	0	0	0
giực	TONE_NANG	ʝɨʔ↓k	ʝˈyʔ↓c	1	0	0	0
giứch	TONE_SAC	ʝɨ↗k	ʝˈy↗c hˈa↗t	0	0	0	0
giựch	TONE_NANG	ʝɨʔ↓k	ʝˈyʔ↓c hˈa↗t	0	0	0	0
khiê	TONE_NGANG	xiə→	xˌi ˈe	0	0	0	0
khiề	TONE_HUYEN	xiə↘	xˌi ˈe↘	1	0	0	0
khiế	TONE_SAC	xiə↗	xˌi ˈe↗	1	0	0	0
khiê̂	TONE_HOI	xiə↓	xˌi ˈe	0	0	0	0
khiễ	TONE_NGA	xiəʔ↗	xˌi ˈeʔ↗	1	0	0	0
khiệ	TONE_NANG	xiəʔ↓	xˌi ˈeʔ↓	1	0	0	0
khiêo	TONE_NGANG	xiə→w	xˌi ˈeˈɔ	0	0	0	0
khiềo	TONE_HUYEN	xiə↘w	xˌi ˈe↘ˈɔ	1	0	0	0
khiếo	TONE_SAC	xiə↗w	xˌi ˈe↗ˈɔ	1	0	0	0
khiê̂o	TONE_HOI	xiə↓w	xˌi ˈe ˈo	0	0	0	0
khiễo	TONE_NGA	xiəʔ↗w	xˌi ˈeʔ↗ˈɔ	1	0	0	0
khiệo	TONE_NANG	xiəʔ↓w	xˌi ˈeʔ↓ˈɔ	1	0	0	0
khiêu	TONE_NGANG	xiə→w	xˈiɛw	0	0	0	0
khiều	TONE_HUYEN	xiə↘w	xˈiɛ↘w	1	0	0	0
khiếu	TONE_SAC	xiə↗w	xˈiɛ↗w	1	0	0	0
khiê̂u	TONE_HOI	xiə↓w	xˌi ˈe ˈu	0	0	0	0
khiễu	TONE_NGA	xiəʔ↗w	xˈiɛʔ↗w	1	0	0	0
khiệu	TONE_NANG	xiəʔ↓w	xˈiɛʔ↓w	1	0	0	0
khiêm	TONE_NGANG	xiə→m	xˈiɛm	0	0	0	0
khiềm	TONE_HUYEN	xiə↘m	xˈiɛ↘m	1	0	0	0
khiếm	TONE_SAC	xiə↗m	xˈiɛ↗m	1	0	0	0
khiê̂m	TONE_HOI	xiə↓m	xˌi ˈe mˈəː↘	0	0	0	0
khiễm	TONE_NGA	xiəʔ↗m	xˈiɛʔ↗m	1	0	0	0
khiệm	TONE_NANG	xiəʔ↓m	xˈiɛʔ↓m	1	0	0	0
khiên	TONE_NGANG	xiə→n	xˈiɛn	0	0	0	0
khiền	TONE_HUYEN	xiə↘n	xˈiɛ↘n	1	0	0	0
khiến	TONE_SAC	xiə↗n	xˈiɛ↗n	1	0	0	0
khiê̂n	TONE_HOI	xiə↓n	xˌi ˈe nˈəː↘	0	0	0	0
khiễn	TONE_NGA	xiəʔ↗n	xˈiɛʔ↗n	1	0	0	0
khiện	TONE_NANG	xiəʔ↓n	xˈiɛʔ↓n	1	0	0	0
khiếp	TONE_SAC	xiə↗p	xˈiɛ↗p	1	0	0	0
khiệp	TONE_NANG	xiəʔ↓p	xˈiɛʔ↓p	1	0	0	0
khiết	TONE_SAC	xiə↗t	xˈiɛ↗t	1	0	0	0
khiệt	TONE_NANG	xiəʔ↓t	xˈiɛʔ↓t	1	0	0	0
khiêng	TONE_NGANG	xiə→ŋ	xˈiɛŋ	0	0	0	0
khiềng	TONE_HUYEN	xiə↘ŋ	xˈiɛ↘ŋ	1	0	0	0
khiếng	TONE_SAC	xiə↗ŋ	xˈiɛ↗ŋ	1	0	0	0
khiê̂ng	TONE_HOI	xiə↓ŋ	xˌi ˈe ˌɛndʒˈiː	0	0	0	0
khiễng	TONE_NGA	xiəʔ↗ŋ	xˈiɛʔ↗ŋ	1	0	0	0
khiệng	TONE_NANG	xiəʔ↓ŋ	xˈiɛʔ↓ŋ	1	0	0	0
khiênh	TONE_NGANG	xiə→ɲ	xˌi ˈeɲ	0	0	0	0
khiềnh	TONE_HUYEN	xiə↘ɲ	xˌi ˈe↘ɲ	1	0	0	0
khiếnh	TONE_SAC	xiə↗ɲ	xˌi ˈe↗ɲ	1	0	0	0
khiê̂nh	TONE_HOI	xiə↓ɲ	xˌi ˈe ˌɛnˈeɪʧ	0	0	0	0
khiễnh	TONE_NGA	xiəʔ↗ɲ	xˌi ˈeʔ↗ɲ	1	0	0	0
khiệnh	TONE_NANG	xiəʔ↓ɲ	xˌi ˈeʔ↓ɲ	1	0	0	0
khiếc	TONE_SAC	xiə↗k	xˈiɛ↗c	1	0	0	0
khiệc	TONE_NANG	xiəʔ↓k	xˈiɛʔ↓c	1	0	0	0
khiếch	TONE_SAC	xiə↗k	xˌi ˈe↗c	1	0	0	0
khiệch	TONE_NANG	xiəʔ↓k	xˌi ˈeʔ↓c	1	0	0	0
khyê	TONE_NGANG	xiə→	xˈi ˈe	0	0	0	0
khyề	TONE_HUYEN	xiə↘	xˈi ˈe↘	1	0	0	0
khyế	TONE_SAC	xiə↗	xˈi ˈe↗	1	0	0	0
khyê̂	TONE_HOI	xiə↓	xˈi ˈe	0	0	0	0
khyễ	TONE_NGA	xiəʔ↗	xˈi ˈeʔ↗	1	0	0	0
khyệ	TONE_NANG	xiəʔ↓	xˈi ˈeʔ↓	1	0	0	0
khyêo	TONE_NGANG	xiə→w	xˈi ˈeˈɔ	0	0	0	0
khyềo	TONE_HUYEN	xiə↘w	xˈi ˈe↘ˈɔ	1	0	0	0
khyếo	TONE_SAC	xiə↗w	xˈi ˈe↗ˈɔ	1	0	0	0
khyê̂o	TONE_HOI	xiə↓w	xˈi ˈe ˈo	0	0	0	0
khyễo	TONE_NGA	xiəʔ↗w	xˈi ˈeʔ↗ˈɔ	1	0	0	0
khyệo	TONE_NANG	xiəʔ↓w	xˈi ˈeʔ↓ˈɔ	1	0	0	0
khyêu	TONE_NGANG	xiə→w	xˈi ˈeˈu	0	0	0	0
khyều	TONE_HUYEN	xiə↘w	xˈi ˈe↘ˈu	0	0	0	0
khyếu	TONE_SAC	xiə↗w	xˈi ˈe↗ˈu	0	0	0	0
khyê̂u	TONE_HOI	xiə↓w	xˈi ˈe ˈu	0	0	0	0
khyễu	TONE_NGA	xiəʔ↗w	xˈi ˈeʔ↗ˈu	0	0	0	0
khyệu	TONE_NANG	xiəʔ↓w	xˈi ˈeʔ↓ˈu	0	0	0	0
khyêm	TONE_NGANG	xiə→m	xˈi ˈem	0	0	0	0
khyềm	TONE_HUYEN	xiə↘m	xˈi ˈe↘m	1	0	0	0
khyếm	TONE_SAC	xiə↗m	xˈi ˈe↗m	1	0	0	0
khyê̂m	TONE_HOI	xiə↓m	xˈi ˈe mˈəː↘	0	0	0	0
khyễm	TONE_NGA	xiəʔ↗m	xˈi ˈeʔ↗m	1	0	0	0
khyệm	TONE_NANG	xiəʔ↓m	xˈi ˈeʔ↓m	1	0	0	0
khyên	TONE_NGANG	xiə→n	xˈi ˈen	0	0	0	0
khyền	TONE_HUYEN	xiə↘n	xˈi ˈe↘n	1	0	0	0
khyến	TONE_SAC	xiə↗n	xˈi ˈe↗n	1	0	0	0
khyê̂n	TONE_HOI	xiə↓n	xˈi ˈe nˈəː↘	0	0	0	0
khyễn	TONE_NGA	xiəʔ↗n	xˈi ˈeʔ↗n	1	0	0	0
khyện	TONE_NANG	xiəʔ↓n	xˈi ˈeʔ↓n	1	0	0	0
khyếp	TONE_SAC	xiə↗p	xˈi ˈe↗p	1	0	0	0
khyệp	TONE_NANG	xiəʔ↓p	xˈi ˈeʔ↓p	1	0	0	0
khyết	TONE_SAC	xiə↗t	xˈi ˈe↗t	1	0	0	0
khyệt	TONE_NANG	xiəʔ↓t	xˈi ˈeʔ↓t	1	0	0	0
khyêng	TONE_NGANG	xiə→ŋ	kˈaːhˈa↗t ˈiɛŋ	0	0	0	0
khyềng	TONE_HUYEN	xiə↘ŋ	kˈaːhˈa↗t ˈiɛ↘ŋ	0	0	0	0
khyếng	TONE_SAC	xiə↗ŋ	kˈaːhˈa↗t ˈiɛ↗ŋ	0	0	0	0
khyê̂ng	TONE_HOI	xiə↓ŋ	xˈi ˈe ˌɛndʒˈiː	0	0	0	0
khyễng	TONE_NGA	xiəʔ↗ŋ	kˈaːhˈa↗t ˈiɛʔ↗ŋ	0	0	0	0
khyệng	TONE_NANG	xiəʔ↓ŋ	kˈaːhˈa↗t ˈiɛʔ↓ŋ	0	0	0	0
khyênh	TONE_NGANG	xiə→ɲ	xˈi ˈeɲ	0	0	0	0
khyềnh	TONE_HUYEN	xiə↘ɲ	xˈi ˈe↘ɲ	1	0	0	0
khyếnh	TONE_SAC	xiə↗ɲ	xˈi ˈe↗ɲ	1	0	0	0
khyê̂nh	TONE_HOI	xiə↓ɲ	xˈi ˈe ˌɛnˈeɪʧ	0	0	0	0
khyễnh	TONE_NGA	xiəʔ↗ɲ	xˈi ˈeʔ↗ɲ	1	0	0	0
khyệnh	TONE_NANG	xiəʔ↓ɲ	xˈi ˈeʔ↓ɲ	1	0	0	0
khyếc	TONE_SAC	xiə↗k	xˈi ˈe↗sˈe	0	0	0	0
khyệc	TONE_NANG	xiəʔ↓k	xˈi ˈeʔ↓sˈe	0	0	0	0
khyếch	TONE_SAC	xiə↗k	xˈi ˈe↗c	1	0	0	0
khyệch	TONE_NANG	xiəʔ↓k	xˈi ˈeʔ↓c	1	0	0	0
khia	TONE_NGANG	xiə→	xˈiə	0	0	0	0
khìa	TONE_HUYEN	xiə↘	xˈiə↘	1	0	0	0
khía	TONE_SAC	xiə↗	xˈiə↗	1	0	0	0
khîa	TONE_HOI	xiə↓	xˈiə	0	0	0	0
khĩa	TONE_NGA	xiəʔ↗	xˈiəʔ↗	1	0	0	0
khịa	TONE_NANG	xiəʔ↓	xˈiəʔ↓	1	0	0	0
khiao	TONE_NGANG	xiə→w	xˈiə ˈoʊ	0	0	0	0
khìao	TONE_HUYEN	xiə↘w	xˈiə↘ ˈɔ	1	0	0	0
khíao	TONE_SAC	xiə↗w	xˈiə↗ ˈɔ	1	0	0	0
khîao	TONE_HOI	xiə↓w	xˈiə ˈoʊ	0	0	0	0
khĩao	TONE_NGA	xiəʔ↗w	xˈiəʔ↗ ˈɔ	1	0	0	0
khịao	TONE_NANG	xiəʔ↓w	xˈiəʔ↓ ˈɔ	1	0	0	0
khiau	TONE_NGANG	xiə→w	xˈiə jˈuː	0	0	0	0
khìau	TONE_HUYEN	xiə↘w	xˈiə↘ ˈu	0	0	0	0
khíau	TONE_SAC	xiə↗w	xˈiə↗ ˈu	0	0	0	0
khîau	TONE_HOI	xiə↓w	xˈiə jˈuː	0	0	0	0
khĩau	TONE_NGA	xiəʔ↗w	xˈiəʔ↗ ˈu	0	0	0	0
khịau	TONE_NANG	xiəʔ↓w	xˈiəʔ↓ ˈu	0	0	0	0
khiam	TONE_NGANG	xiə→m	xˌi æm	0	0	0	0
khìam	TONE_HUYEN	xiə↘m	xˈi↘ ˈaːm	0	0	0	0
khíam	TONE_SAC	xiə↗m	xˈi↗ ˈaːm	0	0	0	0
khîam	TONE_HOI	xiə↓m	xˌi æm	0	0	0	0
khĩam	TONE_NGA	xiəʔ↗m	xˈiʔ↗ ˈaːm	0	0	0	0
khịam	TONE_NANG	xiəʔ↓m	xˈiʔ↓ ˈaːm	0	0	0	0
khian	TONE_NGANG	xiə→n	xˌi æn	0	0	0	0
khìan	TONE_HUYEN	xiə↘n	xˈi↘ ˈaːn	0	0	0	0
khían	TONE_SAC	xiə↗n	xˈi↗ ˈaːn	0	0	0	0
khîan	TONE_HOI	xiə↓n	xˌi æn	0	0	0	0
khĩan	TONE_NGA	xiəʔ↗n	xˈiʔ↗ ˈaːn	0	0	0	0
khịan	TONE_NANG	xiəʔ↓n	xˈiʔ↓ ˈaːn	0	0	0	0
khíap	TONE_SAC	xiə↗p	xˈi↗ ˈaː↗p	0	0	0	0
khịap	TONE_NANG	xiəʔ↓p	xˈiʔ↓ ˈaː↗p	0	0	0	0
khíat	TONE_SAC	xiə↗t	xˈi↗ ˈaː↗t	0	0	0	0
khịat	TONE_NANG	xiəʔ↓t	xˈiʔ↓ ˈaː↗t	0	0	0	0
khiang	TONE_NGANG	xiə→ŋ	kjˈæŋ	0	0	0	0
khìang	TONE_HUYEN	xiə↘ŋ	xˈi↘ ˈaːŋ	0	0	0	0
khíang	TONE_SAC	xiə↗ŋ	xˈi↗ ˈaːŋ	0	0	0	0
khîang	TONE_HOI	xiə↓ŋ	kjˈæŋ	0	0	0	0
khĩang	TONE_NGA	xiəʔ↗ŋ	xˈiʔ↗ ˈaːŋ	0	0	0	0
khịang	TONE_NANG	xiəʔ↓ŋ	xˈiʔ↓ ˈaːŋ	0	0	0	0
khianh	TONE_NGANG	xiə→ɲ	xˌi ˈæɲ	0	0	0	0
khìanh	TONE_HUYEN	xiə↘ɲ	xˈi↘ ˈæɲ	0	0	0	0
khíanh	TONE_SAC	xiə↗ɲ	xˈi↗ ˈæɲ	0	0	0	0
khîanh	TONE_HOI	xiə↓ɲ	xˌi ˈæɲ	0	0	0	0
khĩanh	TONE_NGA	xiəʔ↗ɲ	xˈiʔ↗ ˈæɲ	0	0	0	0
khịanh	TONE_NANG	xiəʔ↓ɲ	xˈiʔ↓ ˈæɲ	0	0	0	0
khíac	TONE_SAC	xiə↗k	xˈi↗ ˈaː↗c	0	0	0	0
khịac	TONE_NANG	xiəʔ↓k	xˈiʔ↓ ˈaː↗c	0	0	0	0
khíach	TONE_SAC	xiə↗k	xˈi↗ ˈæ↗c	0	0	0	0
khịach	TONE_NANG	xiəʔ↓k	xˈiʔ↓ ˈæ↗c	0	0	0	0
khya	TONE_NGANG	xiə→	kˈeɪ hˈaɪə	0	0	0	0
khỳa	TONE_HUYEN	xiə↘	xˈi↘ ˈaː	0	0	0	0
khýa	TONE_SAC	xiə↗	xˈi↗ ˈaː	0	0	0	0
khŷa	TONE_HOI	xiə↓	kˈeɪ hˈaɪə	0	0	0	0
khỹa	TONE_NGA	xiəʔ↗	xˈiʔ↗ ˈaː	0	0	0	0
khỵa	TONE_NANG	xiəʔ↓	xˈiʔ↓ ˈaː	0	0	0	0
khyao	TONE_NGANG	xiə→w	kˈeɪ hˈaɪaʊ	0	0	0	0
khỳao	TONE_HUYEN	xiə↘w	xˈi↘ ˈaːˈɔ	0	0	0	0
khýao	TONE_SAC	xiə↗w	xˈi↗ ˈaːˈɔ	0	0	0	0
khŷao	TONE_HOI	xiə↓w	kˈeɪ hˈaɪaʊ	0	0	0	0
khỹao	TONE_NGA	xiəʔ↗w	xˈiʔ↗ ˈaːˈɔ	0	0	0	0
khỵao	TONE_NANG	xiəʔ↓w	xˈiʔ↓ ˈaːˈɔ	0	0	0	0
khyau	TONE_NGANG	xiə→w	xˈi ˈeɪjˈuː	0	0	0	0
khỳau	TONE_HUYEN	xiə↘w	xˈi↘ ˈaːˈu	0	0	0	0
khýau	TONE_SAC	xiə↗w	xˈi↗ ˈaːˈu	0	0	0	0
khŷau	TONE_HOI	xiə↓w	xˈi ˈeɪjˈuː	0	0	0	0
khỹau	TONE_NGA	xiəʔ↗w	xˈiʔ↗ ˈaːˈu	0	0	0	0
khỵau	TONE_NANG	xiəʔ↓w	xˈiʔ↓ ˈaːˈu	0	0	0	0
khyam	TONE_NGANG	xiə→m	kˈaɪæm	0	0	0	0
khỳam	TONE_HUYEN	xiə↘m	xˈi↘ ˈaːm	0	0	0	0
khýam	TONE_SAC	xiə↗m	xˈi↗ ˈaːm	0	0	0	0
khŷam	TONE_HOI	xiə↓m	kˈaɪæm	0	0	0	0
khỹam	TONE_NGA	xiəʔ↗m	xˈiʔ↗ ˈaːm	0	0	0	0
khỵam	TONE_NANG	xiəʔ↓m	xˈiʔ↓ ˈaːm	0	0	0	0
khyan	TONE_NGANG	xiə→n	xˈi æn	0	0	0	0
khỳan	TONE_HUYEN	xiə↘n	xˈi↘ ˈaːn	0	0	0	0
khýan	TONE_SAC	xiə↗n	xˈi↗ ˈaːn	0	0	0	0
khŷan	TONE_HOI	xiə↓n	xˈi æn	0	0	0	0
khỹan	TONE_NGA	xiəʔ↗n	xˈiʔ↗ ˈaːn	0	0	0	0
khỵan	TONE_NANG	xiəʔ↓n	xˈiʔ↓ ˈaːn	0	0	0	0
khýap	TONE_SAC	xiə↗p	xˈi↗ ˈaː↗p	0	0	0	0
khỵap	TONE_NANG	xiəʔ↓p	xˈiʔ↓ ˈaː↗p	0	0	0	0
khýat	TONE_SAC	xiə↗t	xˈi↗ ˈaː↗t	0	0	0	0
khỵat	TONE_NANG	xiəʔ↓t	xˈiʔ↓ ˈaː↗t	0	0	0	0
khyang	TONE_NGANG	xiə→ŋ	kjˈɑːŋ	0	0	0	0
khỳang	TONE_HUYEN	xiə↘ŋ	xˈi↘ ˈaːŋ	0	0	0	0
khýang	TONE_SAC	xiə↗ŋ	xˈi↗ ˈaːŋ	0	0	0	0
khŷang	TONE_HOI	xiə↓ŋ	kjˈɑːŋ	0	0	0	0
khỹang	TONE_NGA	xiəʔ↗ŋ	xˈiʔ↗ ˈaːŋ	0	0	0	0
khỵang	TONE_NANG	xiəʔ↓ŋ	xˈiʔ↓ ˈaːŋ	0	0	0	0
khyanh	TONE_NGANG	xiə→ɲ	xˈi ˈæɲ	0	0	0	0
khỳanh	TONE_HUYEN	xiə↘ɲ	xˈi↘ ˈæɲ	0	0	0	0
khýanh	TONE_SAC	xiə↗ɲ	xˈi↗ ˈæɲ	0	0	0	0
khŷanh	TONE_HOI	xiə↓ɲ	xˈi ˈæɲ	0	0	0	0
khỹanh	TONE_NGA	xiəʔ↗ɲ	xˈiʔ↗ ˈæɲ	0	0	0	0
khỵanh	TONE_NANG	xiəʔ↓ɲ	xˈiʔ↓ ˈæɲ	0	0	0	0
khýac	TONE_SAC	xiə↗k	xˈi↗ ˈaː↗c	0	0	0	0
khỵac	TONE_NANG	xiəʔ↓k	xˈiʔ↓ ˈaː↗c	0	0	0	0
khýach	TONE_SAC	xiə↗k	xˈi↗ ˈæ↗c	0	0	0	0
khỵach	TONE_NANG	xiəʔ↓k	xˈiʔ↓ ˈæ↗c	0	0	0	0
khươ	TONE_NGANG	xɨə→	xˈy ˈəː	0	0	0	0
khườ	TONE_HUYEN	xɨə↘	xˈy ˈəː↘	1	0	0	0
khướ	TONE_SAC	xɨə↗	xˈy ˈəː↗	1	0	0	0
khươ̂	TONE_HOI	xɨə↓	xˈy ˈəː	0	0	0	0
khưỡ	TONE_NGA	xɨəʔ↗	xˈy ˈəːʔ↗	1	0	0	0
khượ	TONE_NANG	xɨəʔ↓	xˈy ˈəːʔ↓	1	0	0	0
khươi	TONE_NGANG	xɨə→j	xˈyəj	0	0	0	0
khười	TONE_HUYEN	xɨə↘j	xˈyə↘j	1	0	0	0
khưới	TONE_SAC	xɨə↗j	xˈyə↗j	1	0	0	0
khươ̂i	TONE_HOI	xɨə↓j	xˈy ˈəː ˈi	0	0	0	0
khưỡi	TONE_NGA	xɨəʔ↗j	xˈyəʔ↗j	1	0	0	0
khượi	TONE_NANG	xɨəʔ↓j	xˈyəʔ↓j	1	0	0	0
khươy	TONE_NGANG	xɨə→j	xˈy ˈəːˈi	0	0	0	0
khườy	TONE_HUYEN	xɨə↘j	xˈy ˈəː↘ˈi	0	0	0	0
khướy	TONE_SAC	xɨə↗j	xˈy ˈəː↗ˈi	0	0	0	0
khươ̂y	TONE_HOI	xɨə↓j	xˈy ˈəː ˈi	0	0	0	0
khưỡy	TONE_NGA	xɨəʔ↗j	xˈy ˈəːʔ↗ˈi	0	0	0	0
khượy	TONE_NANG	xɨəʔ↓j	xˈy ˈəːʔ↓ˈi	0	0	0	0
khươo	TONE_NGANG	xɨə→w	xˈy ˈəːˈɔ	0	0	0	0
khườo	TONE_HUYEN	xɨə↘w	xˈy ˈəː↘ˈɔ	1	0	0	0
khướo	TONE_SAC	xɨə↗w	xˈy ˈəː↗ˈɔ	1	0	0	0
khươ̂o	TONE_HOI	xɨə↓w	xˈy ˈəː ˈo	0	0	0	0
khưỡo	TONE_NGA	xɨəʔ↗w	xˈy ˈəːʔ↗ˈɔ	1	0	0	0
khượo	TONE_NANG	xɨəʔ↓w	xˈy ˈəːʔ↓ˈɔ	1	0	0	0
khươu	TONE_NGANG	xɨə→w	xˈyəw	0	0	0	0
khườu	TONE_HUYEN	xɨə↘w	xˈyə↘w	1	0	0	0
khướu	TONE_SAC	xɨə↗w	xˈyə↗w	1	0	0	0
khươ̂u	TONE_HOI	xɨə↓w	xˈy ˈəː ˈu	0	0	0	0
khưỡu	TONE_NGA	xɨəʔ↗w	xˈyəʔ↗w	1	0	0	0
khượu	TONE_NANG	xɨəʔ↓w	xˈyəʔ↓w	1	0	0	0
khươm	TONE_NGANG	xɨə→m	xˈyəm	0	0	0	0
khườm	TONE_HUYEN	xɨə↘m	xˈyə↘m	1	0	0	0
khướm	TONE_SAC	xɨə↗m	xˈyə↗m	1	0	0	0
khươ̂m	TONE_HOI	xɨə↓m	xˈy ˈəː mˈəː↘	0	0	0	0
khưỡm	TONE_NGA	xɨəʔ↗m	xˈyəʔ↗m	1	0	0	0
khượm	TONE_NANG	xɨəʔ↓m	xˈyəʔ↓m	1	0	0	0
khướp	TONE_SAC	xɨə↗p	xˈyə↗p	1	0	0	0
khượp	TONE_NANG	xɨəʔ↓p	xˈyəʔ↓p	1	0	0	0
khướt	TONE_SAC	xɨə↗t	xˈyə↗t	1	0	0	0
khượt	TONE_NANG	xɨəʔ↓t	xˈyəʔ↓t	1	0	0	0
khương	TONE_NGANG	xɨə→ŋ	xˈyəŋ	0	0	0	0
khường	TONE_HUYEN	xɨə↘ŋ	xˈyə↘ŋ	1	0	0	0
khướng	TONE_SAC	xɨə↗ŋ	xˈyə↗ŋ	1	0	0	0
khươ̂ng	TONE_HOI	xɨə↓ŋ	xˈy ˈəː ˌɛndʒˈiː	0	0	0	0
khưỡng	TONE_NGA	xɨəʔ↗ŋ	xˈyəʔ↗ŋ	1	0	0	0
khượng	TONE_NANG	xɨəʔ↓ŋ	xˈyəʔ↓ŋ	1	0	0	0
khước	TONE_SAC	xɨə↗k	xˈyə↗c	1	0	0	0
khược	TONE_NANG	xɨəʔ↓k	xˈyəʔ↓c	1	0	0	0
khướch	TONE_SAC	xɨə↗k	xˈyə↗c hˈa↗t	0	0	0	0
khượch	TONE_NANG	xɨəʔ↓k	xˈyəʔ↓c hˈa↗t	0	0	0	0
khưa	TONE_NGANG	xɨə→	xˈyə	0	0	0	0
khừa	TONE_HUYEN	xɨə↘	xˈyə↘	1	0	0	0
khứa	TONE_SAC	xɨə↗	xˈyə↗	1	0	0	0
khư̂a	TONE_HOI	xɨə↓	xˈy ˈaː	0	0	0	0
khữa	TONE_NGA	xɨəʔ↗	xˈyəʔ↗	1	0	0	0
khựa	TONE_NANG	xɨəʔ↓	xˈyəʔ↓	1	0	0	0
khưai	TONE_NGANG	xɨə→j	xˈyə ˈi	0	0	0	0
khừai	TONE_HUYEN	xɨə↘j	xˈyə↘ ˈi	0	0	0	0
khứai	TONE_SAC	xɨə↗j	xˈyə↗ ˈi	0	0	0	0
khư̂ai	TONE_HOI	xɨə↓j	xˈy ˈaːj	0	0	0	0
khữai	TONE_NGA	xɨəʔ↗j	xˈyəʔ↗ ˈi	0	0	0	0
khựai	TONE_NANG	xɨəʔ↓j	xˈyəʔ↓ ˈi	0	0	0	0
khưay	TONE_NGANG	xɨə→j	xˈyə ˈi	0	0	0	0
khừay	TONE_HUYEN	xɨə↘j	xˈyə↘ ˈi	0	0	0	0
khứay	TONE_SAC	xɨə↗j	xˈyə↗ ˈi	0	0	0	0
khư̂ay	TONE_HOI	xɨə↓j	xˈy ˈaj	0	0	0	0
khữay	TONE_NGA	xɨəʔ↗j	xˈyəʔ↗ ˈi	0	0	0	0
khựay	TONE_NANG	xɨəʔ↓j	xˈyəʔ↓ ˈi	0	0	0	0
khưao	TONE_NGANG	xɨə→w	xˈyə ˈɔ	0	0	0	0
khừao	TONE_HUYEN	xɨə↘w	xˈyə↘ ˈɔ	1	0	0	0
khứao	TONE_SAC	xɨə↗w	xˈyə↗ ˈɔ	1	0	0	0
khư̂ao	TONE_HOI	xɨə↓w	xˈy ˈaːw	0	0	0	0
khữao	TONE_NGA	xɨəʔ↗w	xˈyəʔ↗ ˈɔ	1	0	0	0
khựao	TONE_NANG	xɨəʔ↓w	xˈyəʔ↓ ˈɔ	1	0	0	0
khưau	TONE_NGANG	xɨə→w	xˈyə ˈu	0	0	0	0
khừau	TONE_HUYEN	xɨə↘w	xˈyə↘ ˈu	0	0	0	0
khứau	TONE_SAC	xɨə↗w	xˈyə↗ ˈu	0	0	0	0
khư̂au	TONE_HOI	xɨə↓w	xˈy ˈaw	0	0	0	0
khữau	TONE_NGA	xɨəʔ↗w	xˈyəʔ↗ ˈu	0	0	0	0
khựau	TONE_NANG	xɨəʔ↓w	xˈyəʔ↓ ˈu	0	0	0	0
khưam	TONE_NGANG	xɨə→m	xˈy ˈaːm	0	0	0	0
khừam	TONE_HUYEN	xɨə↘m	xˈy↘ ˈaːm	0	0	0	0
khứam	TONE_SAC	xɨə↗m	xˈy↗ ˈaːm	0	0	0	0
khư̂am	TONE_HOI	xɨə↓m	xˈy ˈaːm	0	0	0	0
khữam	TONE_NGA	xɨəʔ↗m	xˈyʔ↗ ˈaːm	0	0	0	0
khựam	TONE_NANG	xɨəʔ↓m	xˈyʔ↓ ˈaːm	0	0	0	0
khứap	TONE_SAC	xɨə↗p	xˈy↗ ˈaː↗p	0	0	0	0
khựap	TONE_NANG	xɨəʔ↓p	xˈyʔ↓ ˈaː↗p	0	0	0	0
khứat	TONE_SAC	xɨə↗t	xˈy↗ ˈaː↗t	0	0	0	0
khựat	TONE_NANG	xɨəʔ↓t	xˈyʔ↓ ˈaː↗t	0	0	0	0
khưang	TONE_NGANG	xɨə→ŋ	xˈy ˈaːŋ	0	0	0	0
khừang	TONE_HUYEN	xɨə↘ŋ	xˈy↘ ˈaːŋ	0	0	0	0
khứang	TONE_SAC	xɨə↗ŋ	xˈy↗ ˈaːŋ	0	0	0	0
khư̂ang	TONE_HOI	xɨə↓ŋ	xˈy ˈaːŋ	0	0	0	0
khữang	TONE_NGA	xɨəʔ↗ŋ	xˈyʔ↗ ˈaːŋ	0	0	0	0
khựang	TONE_NANG	xɨəʔ↓ŋ	xˈyʔ↓ ˈaːŋ	0	0	0	0
khứac	TONE_SAC	xɨə↗k	xˈy↗ ˈaː↗c	0	0	0	0
khựac	TONE_NANG	xɨəʔ↓k	xˈyʔ↓ ˈaː↗c	0	0	0	0
khứach	TONE_SAC	xɨə↗k	xˈy↗ ˈæ↗c	0	0	0	0
khựach	TONE_NANG	xɨəʔ↓k	xˈyʔ↓ ˈæ↗c	0	0	0	0
khuô	TONE_NGANG	xuə→	xˈu ˈo	0	0	0	0
khuồ	TONE_HUYEN	xuə↘	xˈu ˈo↘	1	0	0	0
khuố	TONE_SAC	xuə↗	xˈu ˈo↗	1	0	0	0
khuô̂	TONE_HOI	xuə↓	xˈu ˈo	0	0	0	0
khuỗ	TONE_NGA	xuəʔ↗	xˈu ˈoʔ↗	1	0	0	0
khuộ	TONE_NANG	xuəʔ↓	xˈu ˈoʔ↓	1	0	0	0
khuôi	TONE_NGANG	xuə→j	xˈuəj	0	0	0	0
khuồi	TONE_HUYEN	xuə↘j	xˈuə↘j	1	0	0	0
khuối	TONE_SAC	xuə↗j	xˈuə↗j	1	0	0	0
khuô̂i	TONE_HOI	xuə↓j	xˈu ˈo ˈi	0	0	0	0
khuỗi	TONE_NGA	xuəʔ↗j	xˈuəʔ↗j	1	0	0	0
khuội	TONE_NANG	xuəʔ↓j	xˈuəʔ↓j	1	0	0	0
khuôy	TONE_NGANG	xuə→j	xˈu ˈoˈi	0	0	0	0
khuồy	TONE_HUYEN	xuə↘j	xˈu ˈo↘ˈi	0	0	0	0
khuốy	TONE_SAC	xuə↗j	xˈu ˈo↗ˈi	0	0	0	0
khuô̂y	TONE_HOI	xuə↓j	xˈu ˈo ˈi	0	0	0	0
khuỗy	TONE_NGA	xuəʔ↗j	xˈu ˈoʔ↗ˈi	0	0	0	0
khuộy	TONE_NANG	xuəʔ↓j	xˈu ˈoʔ↓ˈi	0	0	0	0
khuôn	TONE_NGANG	xuə→n	xˈuən	0	0	0	0
khuồn	TONE_HUYEN	xuə↘n	xˈuə↘n	1	0	0	0
khuốn	TONE_SAC	xuə↗n	xˈuə↗n	1	0	0	0
khuô̂n	TONE_HOI	xuə↓n	xˈu ˈo nˈəː↘	0	0	0	0
khuỗn	TONE_NGA	xuəʔ↗n	xˈuəʔ↗n	1	0	0	0
khuộn	TONE_NANG	xuəʔ↓n	xˈuəʔ↓n	1	0	0	0
khuốp	TONE_SAC	xuə↗p	xˈuə↗p	1	0	0	0
khuộp	TONE_NANG	xuəʔ↓p	xˈuəʔ↓p	1	0	0	0
khuốt	TONE_SAC	xuə↗t	xˈuə↗t	1	0	0	0
khuột	TONE_NANG	xuəʔ↓t	xˈuəʔ↓t	1	0	0	0
khuông	TONE_NGANG	xuə→ŋ	xˈuəŋ	0	0	0	0
khuồng	TONE_HUYEN	xuə↘ŋ	xˈuə↘ŋ	1	0	0	0
khuống	TONE_SAC	xuə↗ŋ	xˈuə↗ŋ	1	0	0	0
khuô̂ng	TONE_HOI	xuə↓ŋ	xˈu ˈo ˌɛndʒˈiː	0	0	0	0
khuỗng	TONE_NGA	xuəʔ↗ŋ	xˈuəʔ↗ŋ	1	0	0	0
khuộng	TONE_NANG	xuəʔ↓ŋ	xˈuəʔ↓ŋ	1	0	0	0
khuốc	TONE_SAC	xuə↗k	xˈuə↗c	1	0	0	0
khuộc	TONE_NANG	xuəʔ↓k	xˈuəʔ↓c	1	0	0	0
khuốch	TONE_SAC	xuə↗k	xˈuə↗c hˈa↗t	0	0	0	0
khuộch	TONE_NANG	xuəʔ↓k	xˈuəʔ↓c hˈa↗t	0	0	0	0
khua	TONE_NGANG	xuə→	xˈuə	0	0	0	0
khùa	TONE_HUYEN	xuə↘	xˈuə↘	1	0	0	0
khúa	TONE_SAC	xuə↗	xˈuə↗	1	0	0	0
khûa	TONE_HOI	xuə↓	xˈuə	0	0	0	0
khũa	TONE_NGA	xuəʔ↗	xˈuəʔ↗	1	0	0	0
khụa	TONE_NANG	xuəʔ↓	xˈuəʔ↓	1	0	0	0
khuai	TONE_NGANG	xuə→j	kˈeɪ hjˈuːaɪ	0	0	0	0
khùai	TONE_HUYEN	xuə↘j	xˈuə↘ ˈi	0	0	0	0
khúai	TONE_SAC	xuə↗j	xˈuə↗ ˈi	0	0	0	0
khûai	TONE_HOI	xuə↓j	kˈeɪ hjˈuːaɪ	0	0	0	0
khũai	TONE_NGA	xuəʔ↗j	xˈuəʔ↗ ˈi	0	0	0	0
khụai	TONE_NANG	xuəʔ↓j	xˈuəʔ↓ ˈi	0	0	0	0
khuay	TONE_NGANG	xuə→j	xwˈəɪ	0	0	0	0
khùay	TONE_HUYEN	xuə↘j	xˈuə↘ ˈi	0	0	0	0
khúay	TONE_SAC	xuə↗j	xˈuə↗ ˈi	0	0	0	0
khûay	TONE_HOI	xuə↓j	xwˈəɪ	0	0	0	0
khũay	TONE_NGA	xuəʔ↗j	xˈuəʔ↗ ˈi	0	0	0	0
khụay	TONE_NANG	xuəʔ↓j	xˈuəʔ↓ ˈi	0	0	0	0
khao	TONE_NGANG	xaː→w	xˈaːw	0	0	0	0
khào	TONE_HUYEN	xaː↘w	xˈaː↘w	1	0	0	0
kháo	TONE_SAC	xaː↗w	xˈaː↗w	1	0	0	0
khâo	TONE_HOI	xaː↓w	kˈaː hˈa↗tˌeɪsˈ↗ːkəmflˌɛksˈɔ	0	0	0	0
khão	TONE_NGA	xaːʔ↗w	xˈaːʔ↗w	1	0	0	0
khạo	TONE_NANG	xaːʔ↓w	xˈaːʔ↓w	1	0	0	0
khau	TONE_NGANG	xa→w	xˈaw	0	0	0	0
khàu	TONE_HUYEN	xa↘w	xˈa↘w	1	0	0	0
kháu	TONE_SAC	xa↗w	xˈa↗w	1	0	0	0
khâu	TONE_HOI	xa↓w	xˈə→w	0	0	0	0
khãu	TONE_NGA	xaʔ↗w	xˈaʔ↗w	1	0	0	0
khạu	TONE_NANG	xaʔ↓w	xˈaʔ↓w	1	0	0	0
khuan	TONE_NGANG	xuə→n	xwˈən	0	0	0	0
khùan	TONE_HUYEN	xuə↘n	xˈu↘ ˈaːn	0	0	0	0
khúan	TONE_SAC	xuə↗n	xˈu↗ ˈaːn	0	0	0	0
khûan	TONE_HOI	xuə↓n	xwˈən	0	0	0	0
khũan	TONE_NGA	xuəʔ↗n	xˈuʔ↗ ˈaːn	0	0	0	0
khụan	TONE_NANG	xuəʔ↓n	xˈuʔ↓ ˈaːn	0	0	0	0
khúap	TONE_SAC	xuə↗p	xˈu↗ ˈaː↗p	0	0	0	0
khụap	TONE_NANG	xuəʔ↓p	xˈuʔ↓ ˈaː↗p	0	0	0	0
khúat	TONE_SAC	xuə↗t	xˈu↗ ˈaː↗t	0	0	0	0
khụat	TONE_NANG	xuəʔ↓t	xˈuʔ↓ ˈaː↗t	0	0	0	0
khuang	TONE_NGANG	xuə→ŋ	xˈu ˈaːŋ	0	0	0	0
khùang	TONE_HUYEN	xuə↘ŋ	xˈu↘ ˈaːŋ	0	0	0	0
khúang	TONE_SAC	xuə↗ŋ	xˈu↗ ˈaːŋ	0	0	0	0
khûang	TONE_HOI	xuə↓ŋ	xˈu ˈaːŋ	0	0	0	0
khũang	TONE_NGA	xuəʔ↗ŋ	xˈuʔ↗ ˈaːŋ	0	0	0	0
khụang	TONE_NANG	xuəʔ↓ŋ	xˈuʔ↓ ˈaːŋ	0	0	0	0
khanh	TONE_NGANG	xaː→ɲ	xˈæɲ	0	0	0	1
khành	TONE_HUYEN	xaː↘ɲ	xˈæ↘ɲ	1	0	0	1
khánh	TONE_SAC	xaː↗ɲ	xˈæ↗ɲ	1	0	0	1
khânh	TONE_HOI	xaː↓ɲ	xˈən hˈa↗t	0	0	0	1
khãnh	TONE_NGA	xaːʔ↗ɲ	xˈæʔ↗ɲ	1	0	0	1
khạnh	TONE_NANG	xaːʔ↓ɲ	xˈæʔ↓ɲ	1	0	0	1
khúac	TONE_SAC	xuə↗k	xˈu↗ ˈaː↗c	0	0	0	0
khụac	TONE_NANG	xuəʔ↓k	xˈuʔ↓ ˈaː↗c	0	0	0	0
khúach	TONE_SAC	xuə↗k	xˈu↗ ˈæ↗c	0	0	0	0
khụach	TONE_NANG	xuəʔ↓k	xˈuʔ↓ ˈæ↗c	0	0	0	0
kha	TONE_NGANG	xaː→	xˈaː	0	0	0	0
khà	TONE_HUYEN	xaː↘	xˈaː↘	1	0	0	0
khá	TONE_SAC	xaː↗	xˈaː↗	1	0	0	0
khâ	TONE_HOI	xaː↓	kˈaːhˈa↗tˌeɪsˈ↗ːkəmflˌɛks	0	0	0	0
khã	TONE_NGA	xaːʔ↗	xˈaːʔ↗	1	0	0	0
khạ	TONE_NANG	xaːʔ↓	xˈaːʔ↓	1	0	0	0
khai	TONE_NGANG	xaː→j	xˈaːj	0	0	0	0
khài	TONE_HUYEN	xaː↘j	xˈaː↘j	1	0	0	0
khái	TONE_SAC	xaː↗j	xˈaː↗j	1	0	0	0
khâi	TONE_HOI	xaː↓j	kˈaː hˈa↗tˌeɪsˈ↗ːkəmflˌɛksˈi	0	0	0	0
khãi	TONE_NGA	xaːʔ↗j	xˈaːʔ↗j	1	0	0	0
khại	TONE_NANG	xaːʔ↓j	xˈaːʔ↓j	1	0	0	0
khay	TONE_NGANG	xa→j	xˈaj	0	0	0	0
khày	TONE_HUYEN	xa↘j	xˈa↘j	1	0	0	0
kháy	TONE_SAC	xa↗j	xˈa↗j	1	0	0	0
khây	TONE_HOI	xa↓j	xˈəɪ	0	0	0	0
khãy	TONE_NGA	xaʔ↗j	xˈaʔ↗j	1	0	0	0
khạy	TONE_NANG	xaʔ↓j	xˈaʔ↓j	1	0	0	0
khao	TONE_NGANG	xaː→w	xˈaːw	0	0	0	0
khào	TONE_HUYEN	xaː↘w	xˈaː↘w	1	0	0	0
kháo	TONE_SAC	xaː↗w	xˈaː↗w	1	0	0	0
khâo	TONE_HOI	xaː↓w	kˈaː hˈa↗tˌeɪsˈ↗ːkəmflˌɛksˈɔ	0	0	0	0
khão	TONE_NGA	xaːʔ↗w	xˈaːʔ↗w	1	0	0	0
khạo	TONE_NANG	xaːʔ↓w	xˈaːʔ↓w	1	0	0	0
khau	TONE_NGANG	xa→w	xˈaw	0	0	0	0
khàu	TONE_HUYEN	xa↘w	xˈa↘w	1	0	0	0
kháu	TONE_SAC	xa↗w	xˈa↗w	1	0	0	0
khâu	TONE_HOI	xa↓w	xˈə→w	0	0	0	0
khãu	TONE_NGA	xaʔ↗w	xˈaʔ↗w	1	0	0	0
khạu	TONE_NANG	xaʔ↓w	xˈaʔ↓w	1	0	0	0
kham	TONE_NGANG	xaː→m	xˈaːm	0	0	0	0
khàm	TONE_HUYEN	xaː↘m	xˈaː↘m	1	0	0	0
khám	TONE_SAC	xaː↗m	xˈaː↗m	1	0	0	0
khâm	TONE_HOI	xaː↓m	xˈəm	0	0	0	0
khãm	TONE_NGA	xaːʔ↗m	xˈaːʔ↗m	1	0	0	0
khạm	TONE_NANG	xaːʔ↓m	xˈaːʔ↓m	1	0	0	0
khan	TONE_NGANG	xaː→n	xˈaːn	0	0	0	0
khàn	TONE_HUYEN	xaː↘n	xˈaː↘n	1	0	0	0
khán	TONE_SAC	xaː↗n	xˈaː↗n	1	0	0	0
khân	TONE_HOI	xaː↓n	xˈən	0	0	0	0
khãn	TONE_NGA	xaːʔ↗n	xˈaːʔ↗n	1	0	0	0
khạn	TONE_NANG	xaːʔ↓n	xˈaːʔ↓n	1	0	0	0
kháp	TONE_SAC	xaː↗p	xˈaː↗p	1	0	0	0
khạp	TONE_NANG	xaːʔ↓p	xˈaːʔ↓p	1	0	0	0
khát	TONE_SAC	xaː↗t	xˈaː↗t	1	0	0	0
khạt	TONE_NANG	xaːʔ↓t	xˈaːʔ↓t	1	0	0	0
khang	TONE_NGANG	xaː→ŋ	xˈaːŋ	0	0	0	0
khàng	TONE_HUYEN	xaː↘ŋ	xˈaː↘ŋ	1	0	0	0
kháng	TONE_SAC	xaː↗ŋ	xˈaː↗ŋ	1	0	0	0
khâng	TONE_HOI	xaː↓ŋ	xˈəŋ	0	0	0	0
khãng	TONE_NGA	xaːʔ↗ŋ	xˈaːʔ↗ŋ	1	0	0	0
khạng	TONE_NANG	xaːʔ↓ŋ	xˈaːʔ↓ŋ	1	0	0	0
khanh	TONE_NGANG	xaː→ɲ	xˈæɲ	0	0	0	1
khành	TONE_HUYEN	xaː↘ɲ	xˈæ↘ɲ	1	0	0	1
khánh	TONE_SAC	xaː↗ɲ	xˈæ↗ɲ	1	0	0	1
khânh	TONE_HOI	xaː↓ɲ	xˈən hˈa↗t	0	0	0	1
khãnh	TONE_NGA	xaːʔ↗ɲ	xˈæʔ↗ɲ	1	0	0	1
khạnh	TONE_NANG	xaːʔ↓ɲ	xˈæʔ↓ɲ	1	0	0	1
khác	TONE_SAC	xaː↗k	xˈaː↗c	1	0	0	0
khạc	TONE_NANG	xaːʔ↓k	xˈaːʔ↓c	1	0	0	0
khách	TONE_SAC	xa↗k	xˈæ↗c	1	0	0	0
khạch	TONE_NANG	xaʔ↓k	xˈæʔ↓c	1	0	0	0
khă	TONE_NGANG	xa→	kˈaːhˈa↗tă	0	1	0	0
khằ	TONE_HUYEN	xa↘	kˈaːhˈa↗tằ	0	1	0	0
khắ	TONE_SAC	xa↗	kˈaːhˈa↗tắ	1	1	0	0
khă̂	TONE_HOI	xa↓	kˈaːhˈa↗tă	0	1	0	0
khẵ	TONE_NGA	xaʔ↗	kˈaːhˈa↗tẵ	0	1	0	0
khặ	TONE_NANG	xaʔ↓	kˈaːhˈa↗tặ	0	1	0	0
khăm	TONE_NGANG	xa→m	xˈam	0	0	0	0
khằm	TONE_HUYEN	xa↘m	xˈa↘m	1	0	0	0
khắm	TONE_SAC	xa↗m	xˈa↗m	1	0	0	0
khă̂m	TONE_HOI	xa↓m	kˈaːhˈa↗tă mˈəː↘	0	1	0	0
khẵm	TONE_NGA	xaʔ↗m	xˈaʔ↗m	1	0	0	0
khặm	TONE_NANG	xaʔ↓m	xˈaʔ↓m	1	0	0	0
khăn	TONE_NGANG	xa→n	xˈan	0	0	0	0
khằn	TONE_HUYEN	xa↘n	xˈa↘n	1	0	0	0
khắn	TONE_SAC	xa↗n	xˈa↗n	1	0	0	0
khă̂n	TONE_HOI	xa↓n	kˈaːhˈa↗tă nˈəː↘	0	1	0	0
khẵn	TONE_NGA	xaʔ↗n	xˈaʔ↗n	1	0	0	0
khặn	TONE_NANG	xaʔ↓n	xˈaʔ↓n	1	0	0	0
khắp	TONE_SAC	xa↗p	xˈa↗p	1	0	0	0
khặp	TONE_NANG	xaʔ↓p	xˈaʔ↓p	1	0	0	0
khắt	TONE_SAC	xa↗t	xˈa↗t	1	0	0	0
khặt	TONE_NANG	xaʔ↓t	xˈaʔ↓t	1	0	0	0
khăng	TONE_NGANG	xa→ŋ	xˈaŋ	0	0	0	0
khằng	TONE_HUYEN	xa↘ŋ	xˈa↘ŋ	1	0	0	0
khắng	TONE_SAC	xa↗ŋ	xˈa↗ŋ	1	0	0	0
khă̂ng	TONE_HOI	xa↓ŋ	kˈaːhˈa↗tă ˌɛndʒˈiː	0	1	0	0
khẵng	TONE_NGA	xaʔ↗ŋ	xˈaʔ↗ŋ	1	0	0	0
khặng	TONE_NANG	xaʔ↓ŋ	xˈaʔ↓ŋ	1	0	0	0
khắc	TONE_SAC	xa↗k	xˈa↗c	1	0	0	0
khặc	TONE_NANG	xaʔ↓k	xˈaʔ↓c	1	0	0	0
khắch	TONE_SAC	xa↗k	xˈa↗c hˈa↗t	0	0	0	0
khặch	TONE_NANG	xaʔ↓k	xˈaʔ↓c hˈa↗t	0	0	0	0
khâ	TONE_NGANG	xə→	kˈaːhˈa↗tˌeɪsˈ↗ːkəmflˌɛks	0	0	0	0
khầ	TONE_HUYEN	xə↘	kˈaːhˈa↗tầ	0	1	0	0
khấ	TONE_SAC	xə↗	kˈaːhˈa↗tấ	1	1	0	0
khâ̂	TONE_HOI	xə↓	kˈaːhˈa↗tˌeɪsˈ↗ːkəmflˌɛks	0	0	0	0
khẫ	TONE_NGA	xəʔ↗	kˈaːhˈa↗tẫ	0	1	0	0
khậ	TONE_NANG	xəʔ↓	kˈaːhˈa↗tậ	0	1	0	0
khâi	TONE_NGANG	xə→j	kˈaː hˈa↗tˌeɪsˈ↗ːkəmflˌɛksˈi	0	0	0	0
khầi	TONE_HUYEN	xə↘j	kˈaː hˈa↗tầˈi	0	1	0	0
khấi	TONE_SAC	xə↗j	kˈaː hˈa↗tấˈi	0	1	0	0
khâ̂i	TONE_HOI	xə↓j	kˈaːhˈa↗tˌeɪsˈ↗ːkəmflˌɛks ˈi	0	0	0	0
khẫi	TONE_NGA	xəʔ↗j	kˈaː hˈa↗tẫˈi	0	1	0	0
khậi	TONE_NANG	xəʔ↓j	kˈaː hˈa↗tậˈi	0	1	0	0
khây	TONE_NGANG	xə→j	xˈəɪ	0	0	0	0
khầy	TONE_HUYEN	xə↘j	xˈəɪ↘	1	0	0	0
khấy	TONE_SAC	xə↗j	xˈəɪ↗	1	0	0	0
khâ̂y	TONE_HOI	xə↓j	kˈaːhˈa↗tˌeɪsˈ↗ːkəmflˌɛks ˈi	0	0	0	0
khẫy	TONE_NGA	xəʔ↗j	xˈəɪʔ↗	1	0	0	0
khậy	TONE_NANG	xəʔ↓j	xˈəɪʔ↓	1	0	0	0
khâo	TONE_NGANG	xə→w	kˈaː hˈa↗tˌeɪsˈ↗ːkəmflˌɛksˈɔ	0	0	0	0
khầo	TONE_HUYEN	xə↘w	kˈaː hˈa↗tầˈɔ	0	1	0	0
khấo	TONE_SAC	xə↗w	kˈaː hˈa↗tấˈɔ	1	1	0	0
khâ̂o	TONE_HOI	xə↓w	kˈaːhˈa↗tˌeɪsˈ↗ːkəmflˌɛks ˈo	0	0	0	0
khẫo	TONE_NGA	xəʔ↗w	kˈaː hˈa↗tẫˈɔ	0	1	0	0
khậo	TONE_NANG	xəʔ↓w	kˈaː hˈa↗tậˈɔ	0	1	0	0
khâu	TONE_NGANG	xə→w	xˈə→w	1	0	0	0
khầu	TONE_HUYEN	xə↘w	xˈə↘w	1	0	0	0
khấu	TONE_SAC	xə↗w	xˈə↗w	1	0	0	0
khâ̂u	TONE_HOI	xə↓w	kˈaːhˈa↗tˌeɪsˈ↗ːkəmflˌɛks ˈu	0	0	0	0
khẫu	TONE_NGA	xəʔ↗w	xˈəʔ↗w	1	0	0	0
khậu	TONE_NANG	xəʔ↓w	xˈəʔ↓w	1	0	0	0
khâm	TONE_NGANG	xə→m	xˈəm	0	0	0	0
khầm	TONE_HUYEN	xə↘m	xˈə↘m	1	0	0	0
khấm	TONE_SAC	xə↗m	xˈə↗m	1	0	0	0
khâ̂m	TONE_HOI	xə↓m	kˈaːhˈa↗tˌeɪsˈ↗ːkəmflˌɛks mˈəː↘	0	0	0	0
khẫm	TONE_NGA	xəʔ↗m	xˈəʔ↗m	1	0	0	0
khậm	TONE_NANG	xəʔ↓m	xˈəʔ↓m	1	0	0	0
khân	TONE_NGANG	xə→n	xˈən	0	0	0	0
khần	TONE_HUYEN	xə↘n	xˈə↘n	1	0	0	0
khấn	TONE_SAC	xə↗n	xˈə↗n	1	0	0	0
khâ̂n	TONE_HOI	xə↓n	kˈaːhˈa↗tˌeɪsˈ↗ːkəmflˌɛks nˈəː↘	0	0	0	0
khẫn	TONE_NGA	xəʔ↗n	xˈəʔ↗n	1	0	0	0
khận	TONE_NANG	xəʔ↓n	xˈəʔ↓n	1	0	0	0
khấp	TONE_SAC	xə↗p	xˈə↗p	1	0	0	0
khập	TONE_NANG	xəʔ↓p	xˈəʔ↓p	1	0	0	0
khất	TONE_SAC	xə↗t	xˈə↗t	1	0	0	0
khật	TONE_NANG	xəʔ↓t	xˈəʔ↓t	1	0	0	0
khâng	TONE_NGANG	xə→ŋ	xˈəŋ	0	0	0	0
khầng	TONE_HUYEN	xə↘ŋ	xˈə↘ŋ	1	0	0	0
khấng	TONE_SAC	xə↗ŋ	xˈə↗ŋ	1	0	0	0
khâ̂ng	TONE_HOI	xə↓ŋ	kˈaːhˈa↗tˌeɪsˈ↗ːkəmflˌɛks ˌɛndʒˈiː	0	0	0	0
khẫng	TONE_NGA	xəʔ↗ŋ	xˈəʔ↗ŋ	1	0	0	0
khậng	TONE_NANG	xəʔ↓ŋ	xˈəʔ↓ŋ	1	0	0	0
khấc	TONE_SAC	xə↗k	xˈə↗c	1	0	0	0
khậc	TONE_NANG	xəʔ↓k	xˈəʔ↓c	1	0	0	0
khấch	TONE_SAC	xə↗k	xˈə↗c hˈa↗t	0	0	0	0
khậch	TONE_NANG	xəʔ↓k	xˈəʔ↓c hˈa↗t	0	0	0	0
khe	TONE_NGANG	xɛ→	xˈɛ	0	0	0	0
khè	TONE_HUYEN	xɛ↘	xˈɛ↘	1	0	0	0
khé	TONE_SAC	xɛ↗	xˈɛ↗	1	0	0	0
khê	TONE_HOI	xɛ↓	xˈe	0	0	0	0
khẽ	TONE_NGA	xɛʔ↗	xˈɛʔ↗	1	0	0	0
khẹ	TONE_NANG	xɛʔ↓	xˈɛʔ↓	1	0	0	0
kheo	TONE_NGANG	xɛ→w	xˈɛw	0	0	0	0
khèo	TONE_HUYEN	xɛ↘w	xˈɛ↘w	1	0	0	0
khéo	TONE_SAC	xɛ↗w	xˈɛ↗w	1	0	0	0
khêo	TONE_HOI	xɛ↓w	xˈe ˈɔ	0	0	0	0
khẽo	TONE_NGA	xɛʔ↗w	xˈɛʔ↗w	1	0	0	0
khẹo	TONE_NANG	xɛʔ↓w	xˈɛʔ↓w	1	0	0	0
kheu	TONE_NGANG	xɛ→w	xˈe→w	1	0	0	0
khèu	TONE_HUYEN	xɛ↘w	xˈɛ↘ ˈu	0	0	0	0
khéu	TONE_SAC	xɛ↗w	xˈɛ↗ ˈu	0	0	0	0
khêu	TONE_HOI	xɛ↓w	xˈe→w	0	0	0	0
khẽu	TONE_NGA	xɛʔ↗w	xˈɛʔ↗ ˈu	0	0	0	0
khẹu	TONE_NANG	xɛʔ↓w	xˈɛʔ↓ ˈu	0	0	0	0
khem	TONE_NGANG	xɛ→m	xˈɛm	0	0	0	0
khèm	TONE_HUYEN	xɛ↘m	xˈɛ↘m	1	0	0	0
khém	TONE_SAC	xɛ↗m	xˈɛ↗m	1	0	0	0
khêm	TONE_HOI	xɛ↓m	xˈem	0	0	0	0
khẽm	TONE_NGA	xɛʔ↗m	xˈɛʔ↗m	1	0	0	0
khẹm	TONE_NANG	xɛʔ↓m	xˈɛʔ↓m	1	0	0	0
khen	TONE_NGANG	xɛ→n	xˈɛn	0	0	0	0
khèn	TONE_HUYEN	xɛ↘n	xˈɛ↘n	1	0	0	0
khén	TONE_SAC	xɛ↗n	xˈɛ↗n	1	0	0	0
khên	TONE_HOI	xɛ↓n	xˈen	0	0	0	0
khẽn	TONE_NGA	xɛʔ↗n	xˈɛʔ↗n	1	0	0	0
khẹn	TONE_NANG	xɛʔ↓n	xˈɛʔ↓n	1	0	0	0
khép	TONE_SAC	xɛ↗p	xˈɛ↗p	1	0	0	0
khẹp	TONE_NANG	xɛʔ↓p	xˈɛʔ↓p	1	0	0	0
khét	TONE_SAC	xɛ↗t	xˈɛ↗t	1	0	0	0
khẹt	TONE_NANG	xɛʔ↓t	xˈɛʔ↓t	1	0	0	0
kheng	TONE_NGANG	xɛ→ŋ	xˈɛŋ	0	0	0	0
khèng	TONE_HUYEN	xɛ↘ŋ	xˈɛ↘ŋ	1	0	0	0
khéng	TONE_SAC	xɛ↗ŋ	xˈɛ↗ŋ	1	0	0	0
khêng	TONE_HOI	xɛ↓ŋ	xˈen ðˈe→	0	0	0	0
khẽng	TONE_NGA	xɛʔ↗ŋ	xˈɛʔ↗ŋ	1	0	0	0
khẹng	TONE_NANG	xɛʔ↓ŋ	xˈɛʔ↓ŋ	1	0	0	0
khéc	TONE_SAC	xɛ↗k	xˈɛ↗c	1	0	0	0
khẹc	TONE_NANG	xɛʔ↓k	xˈɛʔ↓c	1	0	0	0
khéch	TONE_SAC	xɛ↗k	xˈɛ↗c hˈa↗t	0	0	0	0
khẹch	TONE_NANG	xɛʔ↓k	xˈɛʔ↓c hˈa↗t	0	0	0	0
khê	TONE_NGANG	xe→	xˈe	0	0	0	0
khề	TONE_HUYEN	xe↘	xˈe↘	1	0	0	0
khế	TONE_SAC	xe↗	xˈe↗	1	0	0	0
khê̂	TONE_HOI	xe↓	xˈe	0	0	0	0
khễ	TONE_NGA	xeʔ↗	xˈeʔ↗	1	0	0	0
khệ	TONE_NANG	xeʔ↓	xˈeʔ↓	1	0	0	0
khêo	TONE_NGANG	xe→w	xˈe ˈɔ	0	0	0	0
khềo	TONE_HUYEN	xe↘w	xˈe↘ ˈɔ	1	0	0	0
khếo	TONE_SAC	xe↗w	xˈe↗ ˈɔ	1	0	0	0
khê̂o	TONE_HOI	xe↓w	xˈe ˈo	0	0	0	0
khễo	TONE_NGA	xeʔ↗w	xˈeʔ↗ ˈɔ	1	0	0	0
khệo	TONE_NANG	xeʔ↓w	xˈeʔ↓ ˈɔ	1	0	0	0
khêu	TONE_NGANG	xe→w	xˈe→w	1	0	0	0
khều	TONE_HUYEN	xe↘w	xˈe↘w	1	0	0	0
khếu	TONE_SAC	xe↗w	xˈe↗w	1	0	0	0
khê̂u	TONE_HOI	xe↓w	xˈe ˈu	0	0	0	0
khễu	TONE_NGA	xeʔ↗w	xˈeʔ↗w	1	0	0	0
khệu	TONE_NANG	xeʔ↓w	xˈeʔ↓w	1	0	0	0
khêm	TONE_NGANG	xe→m	xˈem	0	0	0	0
khềm	TONE_HUYEN	xe↘m	xˈe↘m	1	0	0	0
khếm	TONE_SAC	xe↗m	xˈe↗m	1	0	0	0
khê̂m	TONE_HOI	xe↓m	xˈe mˈəː↘	0	0	0	0
khễm	TONE_NGA	xeʔ↗m	xˈeʔ↗m	1	0	0	0
khệm	TONE_NANG	xeʔ↓m	xˈeʔ↓m	1	0	0	0
khên	TONE_NGANG	xe→n	xˈen	0	0	0	0
khền	TONE_HUYEN	xe↘n	xˈe↘n	1	0	0	0
khến	TONE_SAC	xe↗n	xˈe↗n	1	0	0	0
khê̂n	TONE_HOI	xe↓n	xˈe nˈəː↘	0	0	0	0
khễn	TONE_NGA	xeʔ↗n	xˈeʔ↗n	1	0	0	0
khện	TONE_NANG	xeʔ↓n	xˈeʔ↓n	1	0	0	0
khếp	TONE_SAC	xe↗p	xˈe↗p	1	0	0	0
khệp	TONE_NANG	xeʔ↓p	xˈeʔ↓p	1	0	0	0
khết	TONE_SAC	xe↗t	xˈe↗t	1	0	0	0
khệt	TONE_NANG	xeʔ↓t	xˈeʔ↓t	1	0	0	0
khênh	TONE_NGANG	xe→ɲ	xˈeɲ	0	0	0	0
khềnh	TONE_HUYEN	xe↘ɲ	xˈe↘ɲ	1	0	0	0
khếnh	TONE_SAC	xe↗ɲ	xˈe↗ɲ	1	0	0	0
khê̂nh	TONE_HOI	xe↓ɲ	xˈe ˌɛnˈeɪʧ	0	0	0	0
khễnh	TONE_NGA	xeʔ↗ɲ	xˈeʔ↗ɲ	1	0	0	0
khệnh	TONE_NANG	xeʔ↓ɲ	xˈeʔ↓ɲ	1	0	0	0
khếc	TONE_SAC	xe↗k	xˈe↗ sˈe	0	0	0	0
khệc	TONE_NANG	xeʔ↓k	xˈeʔ↓ sˈe	0	0	0	0
khếch	TONE_SAC	xe↗k	xˈe↗c	1	0	0	0
khệch	TONE_NANG	xeʔ↓k	xˈeʔ↓c	1	0	0	0
khi	TONE_NGANG	xi→	xˌi	0	0	0	0
khì	TONE_HUYEN	xi↘	xˈi↘	1	0	0	0
khí	TONE_SAC	xi↗	xˈi↗	1	0	0	0
khî	TONE_HOI	xi↓	xˌi	0	0	0	0
khĩ	TONE_NGA	xiʔ↗	xˈiʔ↗	1	0	0	0
khị	TONE_NANG	xiʔ↓	xˈiʔ↓	1	0	0	0
khio	TONE_NGANG	xi→w	kˈeɪ hˈiːoʊ	0	0	0	0
khìo	TONE_HUYEN	xi↘w	xˈi↘ ˈɔ	1	0	0	0
khío	TONE_SAC	xi↗w	xˈi↗ ˈɔ	1	0	0	0
khîo	TONE_HOI	xi↓w	kˈeɪ hˈiːoʊ	0	0	0	0
khĩo	TONE_NGA	xiʔ↗w	xˈiʔ↗ ˈɔ	1	0	0	0
khịo	TONE_NANG	xiʔ↓w	xˈiʔ↓ ˈɔ	1	0	0	0
khiu	TONE_NGANG	xi→w	xˈiw	0	0	0	0
khìu	TONE_HUYEN	xi↘w	xˈi↘w	1	0	0	0
khíu	TONE_SAC	xi↗w	xˈi↗w	1	0	0	0
khîu	TONE_HOI	xi↓w	xˈiw	0	0	0	0
khĩu	TONE_NGA	xiʔ↗w	xˈiʔ↗w	1	0	0	0
khịu	TONE_NANG	xiʔ↓w	xˈiʔ↓w	1	0	0	0
khim	TONE_NGANG	xi→m	xˈim	0	0	0	0
khìm	TONE_HUYEN	xi↘m	xˈi↘m	1	0	0	0
khím	TONE_SAC	xi↗m	xˈi↗m	1	0	0	0
khîm	TONE_HOI	xi↓m	xˈim	0	0	0	0
khĩm	TONE_NGA	xiʔ↗m	xˈiʔ↗m	1	0	0	0
khịm	TONE_NANG	xiʔ↓m	xˈiʔ↓m	1	0	0	0
khin	TONE_NGANG	xi→n	xˈin	0	0	0	0
khìn	TONE_HUYEN	xi↘n	xˈi↘n	1	0	0	0
khín	TONE_SAC	xi↗n	xˈi↗n	1	0	0	0
khîn	TONE_HOI	xi↓n	xˈin	0	0	0	0
khĩn	TONE_NGA	xiʔ↗n	xˈiʔ↗n	1	0	0	0
khịn	TONE_NANG	xiʔ↓n	xˈiʔ↓n	1	0	0	0
khíp	TONE_SAC	xi↗p	xˈi↗p	1	0	0	0
khịp	TONE_NANG	xiʔ↓p	xˈiʔ↓p	1	0	0	0
khít	TONE_SAC	xi↗t	xˈi↗t	1	0	0	0
khịt	TONE_NANG	xiʔ↓t	xˈiʔ↓t	1	0	0	0
khinh	TONE_NGANG	xi→ɲ	xˈiɲ	0	0	0	1
khình	TONE_HUYEN	xi↘ɲ	xˈi↘ɲ	1	0	0	1
khính	TONE_SAC	xi↗ɲ	xˈi↗ɲ	1	0	0	1
khînh	TONE_HOI	xi↓ɲ	xˈiɲ	0	0	0	1
khĩnh	TONE_NGA	xiʔ↗ɲ	xˈiʔ↗ɲ	1	0	0	1
khịnh	TONE_NANG	xiʔ↓ɲ	xˈiʔ↓ɲ	1	0	0	1
khíc	TONE_SAC	xi↗k	xˈi↗ sˈe	0	0	0	0
khịc	TONE_NANG	xiʔ↓k	xˈiʔ↓ sˈe	0	0	0	0
khích	TONE_SAC	xi↗k	xˈi↗c	1	0	0	0
khịch	TONE_NANG	xiʔ↓k	xˈiʔ↓c	1	0	0	0
khy	TONE_NGANG	xi→	xˈi	0	0	0	0
khỳ	TONE_HUYEN	xi↘	xˈi↘	1	0	0	0
khý	TONE_SAC	xi↗	xˈi↗	1	0	0	0
khŷ	TONE_HOI	xi↓	xˈi	0	0	0	0
khỹ	TONE_NGA	xiʔ↗	xˈiʔ↗	1	0	0	0
khỵ	TONE_NANG	xiʔ↓	xˈiʔ↓	1	0	0	0
khyo	TONE_NGANG	xi→w	kˈeɪ hˈaɪoʊ	0	0	0	0
khỳo	TONE_HUYEN	xi↘w	xˈi↘ ˈɔ	1	0	0	0
khýo	TONE_SAC	xi↗w	xˈi↗ ˈɔ	1	0	0	0
khŷo	TONE_HOI	xi↓w	kˈeɪ hˈaɪoʊ	0	0	0	0
khỹo	TONE_NGA	xiʔ↗w	xˈiʔ↗ ˈɔ	1	0	0	0
khỵo	TONE_NANG	xiʔ↓w	xˈiʔ↓ ˈɔ	1	0	0	0
khyu	TONE_NGANG	xi→w	kˈeɪ hˈaɪuː	0	0	0	0
khỳu	TONE_HUYEN	xi↘w	xˈi↘ ˈu	0	0	0	0
khýu	TONE_SAC	xi↗w	xˈi↗ ˈu	0	0	0	0
khŷu	TONE_HOI	xi↓w	kˈeɪ hˈaɪuː	0	0	0	0
khỹu	TONE_NGA	xiʔ↗w	xˈiʔ↗ ˈu	0	0	0	0
khỵu	TONE_NANG	xiʔ↓w	xˈiʔ↓ ˈu	0	0	0	0
khym	TONE_NGANG	xi→m	kˈeɪ hˈɪm	0	0	0	0
khỳm	TONE_HUYEN	xi↘m	xˈi↘ ˈməː↘	0	0	0	0
khým	TONE_SAC	xi↗m	xˈi↗ ˈməː↘	0	0	0	0
khŷm	TONE_HOI	xi↓m	kˈeɪ hˈɪm	0	0	0	0
khỹm	TONE_NGA	xiʔ↗m	xˈiʔ↗ ˈməː↘	0	0	0	0
khỵm	TONE_NANG	xiʔ↓m	xˈiʔ↓ ˈməː↘	0	0	0	0
khyn	TONE_NGANG	xi→n	xˈi ˈɛn	0	0	0	0
khỳn	TONE_HUYEN	xi↘n	xˈi↘ ˈɛnəː↘	0	0	0	0
khýn	TONE_SAC	xi↗n	xˈi↗ ˈɛnəː↘	0	0	0	0
khŷn	TONE_HOI	xi↓n	xˈi ˈɛn	0	0	0	0
khỹn	TONE_NGA	xiʔ↗n	xˈiʔ↗ ˈɛnəː↘	0	0	0	0
khỵn	TONE_NANG	xiʔ↓n	xˈiʔ↓ ˈɛnəː↘	0	0	0	0
khýp	TONE_SAC	xi↗p	xˈi↗ pˈe	0	0	0	0
khỵp	TONE_NANG	xiʔ↓p	xˈiʔ↓ pˈe	0	0	0	0
khýt	TONE_SAC	xi↗t	xˈi↗ tˈe	0	0	0	0
khỵt	TONE_NANG	xiʔ↓t	xˈiʔ↓ tˈe	0	0	0	0
khynh	TONE_NGANG	xi→ɲ	xˈi ˈɛnˈeɪʧ	0	0	0	0
khỳnh	TONE_HUYEN	xi↘ɲ	xˈi↘ ˈɛnəː↘hˈa↗t	0	0	0	0
khýnh	TONE_SAC	xi↗ɲ	xˈi↗ ˈɛnəː↘hˈa↗t	0	0	0	0
khŷnh	TONE_HOI	xi↓ɲ	xˈi ˈɛnˈeɪʧ	0	0	0	0
khỹnh	TONE_NGA	xiʔ↗ɲ	xˈiʔ↗ ˈɛnəː↘hˈa↗t	0	0	0	0
khỵnh	TONE_NANG	xiʔ↓ɲ	xˈiʔ↓ ˈɛnəː↘hˈa↗t	0	0	0	0
khýc	TONE_SAC	xi↗k	xˈi↗ sˈe	0	0	0	0
khỵc	TONE_NANG	xiʔ↓k	xˈiʔ↓ sˈe	0	0	0	0
khých	TONE_SAC	xi↗k	xˈi↗ sˈehˈa↗t	0	0	0	0
khỵch	TONE_NANG	xiʔ↓k	xˈiʔ↓ sˈehˈa↗t	0	0	0	0
kho	TONE_NGANG	xɔ→	xˈɔ	0	0	0	0
khò	TONE_HUYEN	xɔ↘	xˈɔ↘	1	0	0	0
khó	TONE_SAC	xɔ↗	xˈɔ↗	1	0	0	0
khô	TONE_HOI	xɔ↓	xˈo	0	0	0	0
khõ	TONE_NGA	xɔʔ↗	xˈɔʔ↗	1	0	0	0
khọ	TONE_NANG	xɔʔ↓	xˈɔʔ↓	1	0	0	0
khoi	TONE_NGANG	xɔ→j	xˈɔj	0	0	0	0
khòi	TONE_HUYEN	xɔ↘j	xˈɔ↘j	1	0	0	0
khói	TONE_SAC	xɔ↗j	xˈɔ↗j	1	0	0	0
khôi	TONE_HOI	xɔ↓j	xˈoj	0	0	0	0
khõi	TONE_NGA	xɔʔ↗j	xˈɔʔ↗j	1	0	0	0
khọi	TONE_NANG	xɔʔ↓j	xˈɔʔ↓j	1	0	0	0
khoy	TONE_NGANG	xɔ→j	kˈɔɪ	0	0	0	0
khòy	TONE_HUYEN	xɔ↘j	xˈɔ↘ ˈi	0	0	0	0
khóy	TONE_SAC	xɔ↗j	xˈɔ↗ ˈi	0	0	0	0
khôy	TONE_HOI	xɔ↓j	xˈo ˈi	0	0	0	0
khõy	TONE_NGA	xɔʔ↗j	xˈɔʔ↗ ˈi	0	0	0	0
khọy	TONE_NANG	xɔʔ↓j	xˈɔʔ↓ ˈi	0	0	0	0
khom	TONE_NGANG	xɔ→m	xˈɔm	0	0	0	0
khòm	TONE_HUYEN	xɔ↘m	xˈɔ↘m	1	0	0	0
khóm	TONE_SAC	xɔ↗m	xˈɔ↗m	1	0	0	0
khôm	TONE_HOI	xɔ↓m	xˈom	0	0	0	0
khõm	TONE_NGA	xɔʔ↗m	xˈɔʔ↗m	1	0	0	0
khọm	TONE_NANG	xɔʔ↓m	xˈɔʔ↓m	1	0	0	0
khon	TONE_NGANG	xɔ→n	xˈɔn	0	0	0	0
khòn	TONE_HUYEN	xɔ↘n	xˈɔ↘n	1	0	0	0
khón	TONE_SAC	xɔ↗n	xˈɔ↗n	1	0	0	0
khôn	TONE_HOI	xɔ↓n	xˈon	0	0	0	0
khõn	TONE_NGA	xɔʔ↗n	xˈɔʔ↗n	1	0	0	0
khọn	TONE_NANG	xɔʔ↓n	xˈɔʔ↓n	1	0	0	0
khóp	TONE_SAC	xɔ↗p	xˈɔ↗p	1	0	0	0
khọp	TONE_NANG	xɔʔ↓p	xˈɔʔ↓p	1	0	0	0
khót	TONE_SAC	xɔ↗t	xˈɔ↗t	1	0	0	0
khọt	TONE_NANG	xɔʔ↓t	xˈɔʔ↓t	1	0	0	0
khong	TONE_NGANG	xɔ→ŋ	xˈɔŋ	0	0	0	0
khòng	TONE_HUYEN	xɔ↘ŋ	xˈɔ↘ŋ	1	0	0	0
khóng	TONE_SAC	xɔ↗ŋ	xˈɔ↗ŋ	1	0	0	0
không	TONE_HOI	xɔ↓ŋ	xˌoŋ	0	0	0	0
khõng	TONE_NGA	xɔʔ↗ŋ	xˈɔʔ↗ŋ	1	0	0	0
khọng	TONE_NANG	xɔʔ↓ŋ	xˈɔʔ↓ŋ	1	0	0	0
khóc	TONE_SAC	xɔ↗k	xˈɔ↗k	1	0	0	0
khọc	TONE_NANG	xɔʔ↓k	xˈɔʔ↓k	1	0	0	0
khóch	TONE_SAC	xɔ↗k	xˈɔ↗k hˈa↗t	0	0	0	0
khọch	TONE_NANG	xɔʔ↓k	xˈɔʔ↓k hˈa↗t	0	0	0	0
khô	TONE_NGANG	xo→	xˈo	0	0	0	0
khồ	TONE_HUYEN	xo↘	xˈo↘	1	0	0	0
khố	TONE_SAC	xo↗	xˈo↗	1	0	0	0
khô̂	TONE_HOI	xo↓	xˈo	0	0	0	0
khỗ	TONE_NGA	xoʔ↗	xˈoʔ↗	1	0	0	0
khộ	TONE_NANG	xoʔ↓	xˈoʔ↓	1	0	0	0
khôi	TONE_NGANG	xo→j	xˈoj	0	0	0	0
khồi	TONE_HUYEN	xo↘j	xˈo↘j	1	0	0	0
khối	TONE_SAC	xo↗j	xˈo↗j	1	0	0	0
khô̂i	TONE_HOI	xo↓j	xˈo ˈi	0	0	0	0
khỗi	TONE_NGA	xoʔ↗j	xˈoʔ↗j	1	0	0	0
khội	TONE_NANG	xoʔ↓j	xˈoʔ↓j	1	0	0	0
khôy	TONE_NGANG	xo→j	xˈo ˈi	0	0	0	0
khồy	TONE_HUYEN	xo↘j	xˈo↘ ˈi	0	0	0	0
khốy	TONE_SAC	xo↗j	xˈo↗ ˈi	0	0	0	0
khô̂y	TONE_HOI	xo↓j	xˈo ˈi	0	0	0	0
khỗy	TONE_NGA	xoʔ↗j	xˈoʔ↗ ˈi	0	0	0	0
khộy	TONE_NANG	xoʔ↓j	xˈoʔ↓ ˈi	0	0	0	0
khôm	TONE_NGANG	xo→m	xˈom	0	0	0	0
khồm	TONE_HUYEN	xo↘m	xˈo↘m	1	0	0	0
khốm	TONE_SAC	xo↗m	xˈo↗m	1	0	0	0
khô̂m	TONE_HOI	xo↓m	xˈo mˈəː↘	0	0	0	0
khỗm	TONE_NGA	xoʔ↗m	xˈoʔ↗m	1	0	0	0
khộm	TONE_NANG	xoʔ↓m	xˈoʔ↓m	1	0	0	0
khôn	TONE_NGANG	xo→n	xˈon	0	0	0	0
khồn	TONE_HUYEN	xo↘n	xˈo↘n	1	0	0	0
khốn	TONE_SAC	xo↗n	xˈo↗n	1	0	0	0
khô̂n	TONE_HOI	xo↓n	xˈo nˈəː↘	0	0	0	0
khỗn	TONE_NGA	xoʔ↗n	xˈoʔ↗n	1	0	0	0
khộn	TONE_NANG	xoʔ↓n	xˈoʔ↓n	1	0	0	0
khốp	TONE_SAC	xo↗p	xˈo↗p	1	0	0	0
khộp	TONE_NANG	xoʔ↓p	xˈoʔ↓p	1	0	0	0
khốt	TONE_SAC	xo↗t	xˈo↗t	1	0	0	0
khột	TONE_NANG	xoʔ↓t	xˈoʔ↓t	1	0	0	0
không	TONE_NGANG	xo→ŋ	xˌoŋ	0	0	0	0
khồng	TONE_HUYEN	xo↘ŋ	xˈo↘ŋ	1	0	0	0
khống	TONE_SAC	xo↗ŋ	xˈo↗ŋ	1	0	0	0
khô̂ng	TONE_HOI	xo↓ŋ	xˈo ˌɛndʒˈiː	0	0	0	0
khỗng	TONE_NGA	xoʔ↗ŋ	xˈoʔ↗ŋ	1	0	0	0
khộng	TONE_NANG	xoʔ↓ŋ	xˈoʔ↓ŋ	1	0	0	0
khốc	TONE_SAC	xo↗k	xˈo↗k	1	0	0	0
khộc	TONE_NANG	xoʔ↓k	xˈoʔ↓k	1	0	0	0
khốch	TONE_SAC	xo↗k	xˈo↗k hˈa↗t	0	0	0	0
khộch	TONE_NANG	xoʔ↓k	xˈoʔ↓k hˈa↗t	0	0	0	0
khơ	TONE_NGANG	xəː→	xˈəː	0	0	0	0
khờ	TONE_HUYEN	xəː↘	xˈəː↘	1	0	0	0
khớ	TONE_SAC	xəː↗	xˈəː↗	1	0	0	0
khơ̂	TONE_HOI	xəː↓	xˈəː	0	0	0	0
khỡ	TONE_NGA	xəːʔ↗	xˈəːʔ↗	1	0	0	0
khợ	TONE_NANG	xəːʔ↓	xˈəːʔ↓	1	0	0	0
khơi	TONE_NGANG	xəː→j	xˈəːj	0	0	0	0
khời	TONE_HUYEN	xəː↘j	xˈəː↘j	1	0	0	0
khới	TONE_SAC	xəː↗j	xˈəː↗j	1	0	0	0
khơ̂i	TONE_HOI	xəː↓j	xˈəː ˈi	0	0	0	0
khỡi	TONE_NGA	xəːʔ↗j	xˈəːʔ↗j	1	0	0	0
khợi	TONE_NANG	xəːʔ↓j	xˈəːʔ↓j	1	0	0	0
khơy	TONE_NGANG	xəː→j	xˈəː ˈi	0	0	0	0
khờy	TONE_HUYEN	xəː↘j	xˈəː↘ ˈi	0	0	0	0
khớy	TONE_SAC	xəː↗j	xˈəː↗ ˈi	0	0	0	0
khơ̂y	TONE_HOI	xəː↓j	xˈəː ˈi	0	0	0	0
khỡy	TONE_NGA	xəːʔ↗j	xˈəːʔ↗ ˈi	0	0	0	0
khợy	TONE_NANG	xəːʔ↓j	xˈəːʔ↓ ˈi	0	0	0	0
khơm	TONE_NGANG	xəː→m	xˈəːm	0	0	0	0
khờm	TONE_HUYEN	xəː↘m	xˈəː↘m	1	0	0	0
khớm	TONE_SAC	xəː↗m	xˈəː↗m	1	0	0	0
khơ̂m	TONE_HOI	xəː↓m	xˈəː mˈəː↘	0	0	0	0
khỡm	TONE_NGA	xəːʔ↗m	xˈəːʔ↗m	1	0	0	0
khợm	TONE_NANG	xəːʔ↓m	xˈəːʔ↓m	1	0	0	0
khơn	TONE_NGANG	xəː→n	xˈəːn	0	0	0	0
khờn	TONE_HUYEN	xəː↘n	xˈəː↘n	1	0	0	0
khớn	TONE_SAC	xəː↗n	xˈəː↗n	1	0	0	0
khơ̂n	TONE_HOI	xəː↓n	xˈəː nˈəː↘	0	0	0	0
khỡn	TONE_NGA	xəːʔ↗n	xˈəːʔ↗n	1	0	0	0
khợn	TONE_NANG	xəːʔ↓n	xˈəːʔ↓n	1	0	0	0
khớp	TONE_SAC	xəː↗p	xˈəː↗p	1	0	0	0
khợp	TONE_NANG	xəːʔ↓p	xˈəːʔ↓p	1	0	0	0
khớt	TONE_SAC	xəː↗t	xˈəː↗t	1	0	0	0
khợt	TONE_NANG	xəːʔ↓t	xˈəːʔ↓t	1	0	0	0
khớc	TONE_SAC	xəː↗k	xˈəː↗ sˈe	0	0	0	0
khợc	TONE_NANG	xəːʔ↓k	xˈəːʔ↓ sˈe	0	0	0	0
khớch	TONE_SAC	xəː↗k	xˈəː↗ sˈehˈa↗t	0	0	0	0
khợch	TONE_NANG	xəːʔ↓k	xˈəːʔ↓ sˈehˈa↗t	0	0	0	0
khu	TONE_NGANG	xu→	xˈu	0	0	0	0
khù	TONE_HUYEN	xu↘	xˈu↘	1	0	0	0
khú	TONE_SAC	xu↗	xˈu↗	1	0	0	0
khû	TONE_HOI	xu↓	xˈu	0	0	0	0
khũ	TONE_NGA	xuʔ↗	xˈuʔ↗	1	0	0	0
khụ	TONE_NANG	xuʔ↓	xˈuʔ↓	1	0	0	0
khui	TONE_NGANG	xu→j	xˈuj	0	0	0	0
khùi	TONE_HUYEN	xu↘j	xˈu↘j	1	0	0	0
khúi	TONE_SAC	xu↗j	xˈu↗j	1	0	0	0
khûi	TONE_HOI	xu↓j	xˈuj	0	0	0	0
khũi	TONE_NGA	xuʔ↗j	xˈuʔ↗j	1	0	0	0
khụi	TONE_NANG	xuʔ↓j	xˈuʔ↓j	1	0	0	0
khuy	TONE_NGANG	xu→j	xwˈi	0	0	0	0
khùy	TONE_HUYEN	xu↘j	xˈu↘ ˈi	0	0	0	0
khúy	TONE_SAC	xu↗j	kˈaː hwˈi↗	1	0	0	0
khûy	TONE_HOI	xu↓j	xwˈi	0	0	0	0
khũy	TONE_NGA	xuʔ↗j	xˈuʔ↗ ˈi	0	0	0	0
khụy	TONE_NANG	xuʔ↓j	xwˈiʔ↓	1	0	0	0
khum	TONE_NGANG	xu→m	xˈum	0	0	0	0
khùm	TONE_HUYEN	xu↘m	xˈu↘m	1	0	0	0
khúm	TONE_SAC	xu↗m	xˈu↗m	1	0	0	0
khûm	TONE_HOI	xu↓m	xˈum	0	0	0	0
khũm	TONE_NGA	xuʔ↗m	xˈuʔ↗m	1	0	0	0
khụm	TONE_NANG	xuʔ↓m	xˈuʔ↓m	1	0	0	0
khun	TONE_NGANG	xu→n	xˈun	0	0	0	0
khùn	TONE_HUYEN	xu↘n	xˈu↘n	1	0	0	0
khún	TONE_SAC	xu↗n	xˈu↗n	1	0	0	0
khûn	TONE_HOI	xu↓n	xˈun	0	0	0	0
khũn	TONE_NGA	xuʔ↗n	xˈuʔ↗n	1	0	0	0
khụn	TONE_NANG	xuʔ↓n	xˈuʔ↓n	1	0	0	0
khúp	TONE_SAC	xu↗p	xˈu↗p	1	0	0	0
khụp	TONE_NANG	xuʔ↓p	xˈuʔ↓p	1	0	0	0
khút	TONE_SAC	xu↗t	xˈu↗t	1	0	0	0
khụt	TONE_NANG	xuʔ↓t	xˈuʔ↓t	1	0	0	0
khung	TONE_NGANG	xu→ŋ	xˈuŋ	0	0	0	0
khùng	TONE_HUYEN	xu↘ŋ	xˈu↘ŋ	1	0	0	0
khúng	TONE_SAC	xu↗ŋ	xˈu↗ŋ	1	0	0	0
khûng	TONE_HOI	xu↓ŋ	xˈuŋ	0	0	0	0
khũng	TONE_NGA	xuʔ↗ŋ	xˈuʔ↗ŋ	1	0	0	0
khụng	TONE_NANG	xuʔ↓ŋ	xˈuʔ↓ŋ	1	0	0	0
khúc	TONE_SAC	xu↗k	xˈu↗c	1	0	0	0
khục	TONE_NANG	xuʔ↓k	xˈuʔ↓c	1	0	0	0
khúch	TONE_SAC	xu↗k	xˈu↗c hˈa↗t	0	0	0	0
khụch	TONE_NANG	xuʔ↓k	xˈuʔ↓c hˈa↗t	0	0	0	0
khư	TONE_NGANG	xɨ→	xˈy	0	0	0	0
khừ	TONE_HUYEN	xɨ↘	xˈy↘	1	0	0	0
khứ	TONE_SAC	xɨ↗	xˈy↗	1	0	0	0
khư̂	TONE_HOI	xɨ↓	xˈy	0	0	0	0
khữ	TONE_NGA	xɨʔ↗	xˈyʔ↗	1	0	0	0
khự	TONE_NANG	xɨʔ↓	xˈyʔ↓	1	0	0	0
khưi	TONE_NGANG	xɨ→j	xˈyj	0	0	0	0
khừi	TONE_HUYEN	xɨ↘j	xˈy↘j	1	0	0	0
khứi	TONE_SAC	xɨ↗j	xˈy↗j	1	0	0	0
khư̂i	TONE_HOI	xɨ↓j	xˈy ˈi	0	0	0	0
khữi	TONE_NGA	xɨʔ↗j	xˈyʔ↗j	1	0	0	0
khựi	TONE_NANG	xɨʔ↓j	xˈyʔ↓j	1	0	0	0
khưy	TONE_NGANG	xɨ→j	xˈy ˈi	0	0	0	0
khừy	TONE_HUYEN	xɨ↘j	xˈy↘ ˈi	0	0	0	0
khứy	TONE_SAC	xɨ↗j	xˈy↗ ˈi	0	0	0	0
khư̂y	TONE_HOI	xɨ↓j	xˈy ˈi	0	0	0	0
khữy	TONE_NGA	xɨʔ↗j	xˈyʔ↗ ˈi	0	0	0	0
khựy	TONE_NANG	xɨʔ↓j	xˈyʔ↓ ˈi	0	0	0	0
khưo	TONE_NGANG	xɨ→w	xˈy ˈɔ	0	0	0	0
khừo	TONE_HUYEN	xɨ↘w	xˈy↘ ˈɔ	1	0	0	0
khứo	TONE_SAC	xɨ↗w	xˈy↗ ˈɔ	1	0	0	0
khư̂o	TONE_HOI	xɨ↓w	xˈy ˈo	0	0	0	0
khữo	TONE_NGA	xɨʔ↗w	xˈyʔ↗ ˈɔ	1	0	0	0
khựo	TONE_NANG	xɨʔ↓w	xˈyʔ↓ ˈɔ	1	0	0	0
khưu	TONE_NGANG	xɨ→w	xˈiw	0	0	0	0
khừu	TONE_HUYEN	xɨ↘w	xˈi↘w	1	0	0	0
khứu	TONE_SAC	xɨ↗w	xˈi↗w	1	0	0	0
khư̂u	TONE_HOI	xɨ↓w	xˈy ˈu	0	0	0	0
khữu	TONE_NGA	xɨʔ↗w	xˈiʔ↗w	1	0	0	0
khựu	TONE_NANG	xɨʔ↓w	xˈiʔ↓w	1	0	0	0
khưm	TONE_NGANG	xɨ→m	xˈym	0	0	0	0
khừm	TONE_HUYEN	xɨ↘m	xˈy↘m	1	0	0	0
khứm	TONE_SAC	xɨ↗m	xˈy↗m	1	0	0	0
khư̂m	TONE_HOI	xɨ↓m	xˈy mˈəː↘	0	0	0	0
khữm	TONE_NGA	xɨʔ↗m	xˈyʔ↗m	1	0	0	0
khựm	TONE_NANG	xɨʔ↓m	xˈyʔ↓m	1	0	0	0
khưn	TONE_NGANG	xɨ→n	xˈyn	0	0	0	0
khừn	TONE_HUYEN	xɨ↘n	xˈy↘n	1	0	0	0
khứn	TONE_SAC	xɨ↗n	xˈy↗n	1	0	0	0
khư̂n	TONE_HOI	xɨ↓n	xˈy nˈəː↘	0	0	0	0
khữn	TONE_NGA	xɨʔ↗n	xˈyʔ↗n	1	0	0	0
khựn	TONE_NANG	xɨʔ↓n	xˈyʔ↓n	1	0	0	0
khứp	TONE_SAC	xɨ↗p	xˈy↗ pˈe	0	0	0	0
khựp	TONE_NANG	xɨʔ↓p	xˈyʔ↓ pˈe	0	0	0	0
khứt	TONE_SAC	xɨ↗t	xˈy↗t	1	0	0	0
khựt	TONE_NANG	xɨʔ↓t	xˈyʔ↓t	1	0	0	0
khưng	TONE_NGANG	xɨ→ŋ	xˈyŋ	0	0	0	0
khừng	TONE_HUYEN	xɨ↘ŋ	xˈy↘ŋ	1	0	0	0
khứng	TONE_SAC	xɨ↗ŋ	xˈy↗ŋ	1	0	0	0
khư̂ng	TONE_HOI	xɨ↓ŋ	xˈy ˌɛndʒˈiː	0	0	0	0
khững	TONE_NGA	xɨʔ↗ŋ	xˈyʔ↗ŋ	1	0	0	0
khựng	TONE_NANG	xɨʔ↓ŋ	xˈyʔ↓ŋ	1	0	0	0
khức	TONE_SAC	xɨ↗k	xˈy↗c	1	0	0	0
khực	TONE_NANG	xɨʔ↓k	xˈyʔ↓c	1	0	0	0
khứch	TONE_SAC	xɨ↗k	xˈy↗c hˈa↗t	0	0	0	0
khựch	TONE_NANG	xɨʔ↓k	xˈyʔ↓c hˈa↗t	0	0	0	0
ngiê	TONE_NGANG	ŋiə→	ˈɛnəː↘ zˈe	0	0	0	0
ngiề	TONE_HUYEN	ŋiə↘	ˈɛnəː↘ zˈe↘	0	0	0	0
ngiế	TONE_SAC	ŋiə↗	ˈɛnəː↘ zˈe↗	0	0	0	0
ngiê̂	TONE_HOI	ŋiə↓	ˈɛnəː↘ zˈe	0	0	0	0
ngiễ	TONE_NGA	ŋiəʔ↗	ˈɛnəː↘ zˈeʔ↗	0	0	0	0
ngiệ	TONE_NANG	ŋiəʔ↓	ˈɛnəː↘ zˈeʔ↓	0	0	0	0
ngiêo	TONE_NGANG	ŋiə→w	əŋdʒˈaɪ ˈeˈɔ	0	0	0	0
ngiềo	TONE_HUYEN	ŋiə↘w	əŋdʒˈaɪ ˈe↘ˈɔ	1	0	0	0
ngiếo	TONE_SAC	ŋiə↗w	əŋdʒˈaɪ ˈe↗ˈɔ	1	0	0	0
ngiê̂o	TONE_HOI	ŋiə↓w	ˈɛnəː↘ zˈe ˈo	0	0	0	0
ngiễo	TONE_NGA	ŋiəʔ↗w	əŋdʒˈaɪ ˈeʔ↗ˈɔ	1	0	0	0
ngiệo	TONE_NANG	ŋiəʔ↓w	əŋdʒˈaɪ ˈeʔ↓ˈɔ	1	0	0	0
ngiêu	TONE_NGANG	ŋiə→w	ˈɛnəː↘ zˈe→w	0	0	0	0
ngiều	TONE_HUYEN	ŋiə↘w	ˈɛnəː↘ zˈe↘w	0	0	0	0
ngiếu	TONE_SAC	ŋiə↗w	ˈɛnəː↘ zˈe↗w	0	0	0	0
ngiê̂u	TONE_HOI	ŋiə↓w	ˈɛnəː↘ zˈe ˈu	0	0	0	0
ngiễu	TONE_NGA	ŋiəʔ↗w	ˈɛnəː↘ zˈeʔ↗w	0	0	0	0
ngiệu	TONE_NANG	ŋiəʔ↓w	ˈɛnəː↘ zˈeʔ↓w	0	0	0	0
ngiêm	TONE_NGANG	ŋiə→m	əŋdʒˈaɪ ˈem	0	0	0	0
ngiềm	TONE_HUYEN	ŋiə↘m	əŋdʒˈaɪ ˈe↘m	1	0	0	0
ngiếm	TONE_SAC	ŋiə↗m	əŋdʒˈaɪ ˈe↗m	1	0	0	0
ngiê̂m	TONE_HOI	ŋiə↓m	ˈɛnəː↘ zˈe mˈəː↘	0	0	0	0
ngiễm	TONE_NGA	ŋiəʔ↗m	əŋdʒˈaɪ ˈeʔ↗m	1	0	0	0
ngiệm	TONE_NANG	ŋiəʔ↓m	əŋdʒˈaɪ ˈeʔ↓m	1	0	0	0
ngiên	TONE_NGANG	ŋiə→n	əŋdʒˈaɪ ˈen	0	0	0	0
ngiền	TONE_HUYEN	ŋiə↘n	əŋdʒˈaɪ ˈe↘n	1	0	0	0
ngiến	TONE_SAC	ŋiə↗n	əŋdʒˈaɪ ˈe↗n	1	0	0	0
ngiê̂n	TONE_HOI	ŋiə↓n	ˈɛnəː↘ zˈe nˈəː↘	0	0	0	0
ngiễn	TONE_NGA	ŋiəʔ↗n	əŋdʒˈaɪ ˈeʔ↗n	1	0	0	0
ngiện	TONE_NANG	ŋiəʔ↓n	əŋdʒˈaɪ ˈeʔ↓n	1	0	0	0
ngiếp	TONE_SAC	ŋiə↗p	əŋdʒˈaɪ ˈe↗p	1	0	0	0
ngiệp	TONE_NANG	ŋiəʔ↓p	əŋdʒˈaɪ ˈeʔ↓p	1	0	0	0
ngiết	TONE_SAC	ŋiə↗t	əŋdʒˈaɪ ˈe↗t	1	0	0	0
ngiệt	TONE_NANG	ŋiəʔ↓t	əŋdʒˈaɪ ˈeʔ↓t	1	0	0	0
ngiêng	TONE_NGANG	ŋiə→ŋ	ˈɛnəː↘ zˈiɛ→ŋ	0	0	0	0
ngiềng	TONE_HUYEN	ŋiə↘ŋ	ˈɛnəː↘ zˈiɛ↘ŋ	0	0	0	0
ngiếng	TONE_SAC	ŋiə↗ŋ	ˈɛnəː↘ zˈiɛ↗ŋ	0	0	0	0
ngiê̂ng	TONE_HOI	ŋiə↓ŋ	ˈɛnəː↘ zˈe ˌɛndʒˈiː	0	0	0	0
ngiễng	TONE_NGA	ŋiəʔ↗ŋ	ˈɛnəː↘ zˈiɛʔ↗ŋ	0	0	0	0
ngiệng	TONE_NANG	ŋiəʔ↓ŋ	ˈɛnəː↘ zˈiɛʔ↓ŋ	0	0	0	0
ngiênh	TONE_NGANG	ŋiə→ɲ	əŋdʒˈaɪ ˈeɲ	0	0	0	0
ngiềnh	TONE_HUYEN	ŋiə↘ɲ	əŋdʒˈaɪ ˈe↘ɲ	1	0	0	0
ngiếnh	TONE_SAC	ŋiə↗ɲ	əŋdʒˈaɪ ˈe↗ɲ	1	0	0	0
ngiê̂nh	TONE_HOI	ŋiə↓ɲ	ˈɛnəː↘ zˈe ˌɛnˈeɪʧ	0	0	0	0
ngiễnh	TONE_NGA	ŋiəʔ↗ɲ	əŋdʒˈaɪ ˈeʔ↗ɲ	1	0	0	0
ngiệnh	TONE_NANG	ŋiəʔ↓ɲ	əŋdʒˈaɪ ˈeʔ↓ɲ	1	0	0	0
ngiếc	TONE_SAC	ŋiə↗k	ˈɛnəː↘ zˈiɛ↗kh	0	0	0	0
ngiệc	TONE_NANG	ŋiəʔ↓k	ˈɛnəː↘ zˈiɛʔ↓kh	0	0	0	0
ngiếch	TONE_SAC	ŋiə↗k	əŋdʒˈaɪ ˈe↗c	1	0	0	0
ngiệch	TONE_NANG	ŋiəʔ↓k	əŋdʒˈaɪ ˈeʔ↓c	1	0	0	0
ngyê	TONE_NGANG	ŋiə→	ˈɛnəː↘ dʒˈaɪ ˈe	0	0	0	0
ngyề	TONE_HUYEN	ŋiə↘	ˈɛnəː↘ dʒˈaɪ ˈe↘	0	0	0	0
ngyế	TONE_SAC	ŋiə↗	ˈɛnəː↘ dʒˈaɪ ˈe↗	0	0	0	0
ngyê̂	TONE_HOI	ŋiə↓	ˈɛnəː↘ dʒˈaɪ ˈe	0	0	0	0
ngyễ	TONE_NGA	ŋiəʔ↗	ˈɛnəː↘ dʒˈaɪ ˈeʔ↗	0	0	0	0
ngyệ	TONE_NANG	ŋiəʔ↓	ˈɛnəː↘ dʒˈaɪ ˈeʔ↓	0	0	0	0
ngyêo	TONE_NGANG	ŋiə→w	ˈɛnəː↘ dʒˈaɪ ˈeˈɔ	0	0	0	0
ngyềo	TONE_HUYEN	ŋiə↘w	ˈɛnəː↘ dʒˈaɪ ˈe↘ˈɔ	0	0	0	0
ngyếo	TONE_SAC	ŋiə↗w	ˈɛnəː↘ dʒˈaɪ ˈe↗ˈɔ	0	0	0	0
ngyê̂o	TONE_HOI	ŋiə↓w	ˈɛnəː↘ dʒˈaɪ ˈe ˈo	0	0	0	0
ngyễo	TONE_NGA	ŋiəʔ↗w	ˈɛnəː↘ dʒˈaɪ ˈeʔ↗ˈɔ	0	0	0	0
ngyệo	TONE_NANG	ŋiəʔ↓w	ˈɛnəː↘ dʒˈaɪ ˈeʔ↓ˈɔ	0	0	0	0
ngyêu	TONE_NGANG	ŋiə→w	ˈɛnəː↘ dʒˈaɪ ˈeˈu	0	0	0	0
ngyều	TONE_HUYEN	ŋiə↘w	ˈɛnəː↘ dʒˈaɪ ˈe↘ˈu	0	0	0	0
ngyếu	TONE_SAC	ŋiə↗w	ˈɛnəː↘ dʒˈaɪ ˈe↗ˈu	0	0	0	0
ngyê̂u	TONE_HOI	ŋiə↓w	ˈɛnəː↘ dʒˈaɪ ˈe ˈu	0	0	0	0
ngyễu	TONE_NGA	ŋiəʔ↗w	ˈɛnəː↘ dʒˈaɪ ˈeʔ↗ˈu	0	0	0	0
ngyệu	TONE_NANG	ŋiəʔ↓w	ˈɛnəː↘ dʒˈaɪ ˈeʔ↓ˈu	0	0	0	0
ngyêm	TONE_NGANG	ŋiə→m	ˈɛnəː↘ðˈe→ ˈiɛm	0	0	0	0
ngyềm	TONE_HUYEN	ŋiə↘m	ˈɛnəː↘ðˈe→ ˈiɛ↘m	0	0	0	0
ngyếm	TONE_SAC	ŋiə↗m	ˈɛnəː↘ðˈe→ ˈiɛ↗m	0	0	0	0
ngyê̂m	TONE_HOI	ŋiə↓m	ˈɛnəː↘ dʒˈaɪ ˈe mˈəː↘	0	0	0	0
ngyễm	TONE_NGA	ŋiəʔ↗m	ˈɛnəː↘ðˈe→ ˈiɛʔ↗m	0	0	0	0
ngyệm	TONE_NANG	ŋiəʔ↓m	ˈɛnəː↘ðˈe→ ˈiɛʔ↓m	0	0	0	0
ngyên	TONE_NGANG	ŋiə→n	ˈɛnəː↘ðˈe→ ˈiɛn	0	0	0	0
ngyền	TONE_HUYEN	ŋiə↘n	ˈɛnəː↘ðˈe→ ˈiɛ↘n	0	0	0	0
ngyến	TONE_SAC	ŋiə↗n	ˈɛnəː↘ðˈe→ ˈiɛ↗n	0	0	0	0
ngyê̂n	TONE_HOI	ŋiə↓n	ˈɛnəː↘ dʒˈaɪ ˈe nˈəː↘	0	0	0	0
ngyễn	TONE_NGA	ŋiəʔ↗n	ˈɛnəː↘ðˈe→ ˈiɛʔ↗n	0	0	0	0
ngyện	TONE_NANG	ŋiəʔ↓n	ˈɛnəː↘ðˈe→ ˈiɛʔ↓n	0	0	0	0
ngyếp	TONE_SAC	ŋiə↗p	ˈɛnəː↘ dʒˈaɪ ˈe↗p	0	0	0	0
ngyệp	TONE_NANG	ŋiəʔ↓p	ˈɛnəː↘ dʒˈaɪ ˈeʔ↓p	0	0	0	0
ngyết	TONE_SAC	ŋiə↗t	ˈɛnəː↘ðˈe→ ˈiɛ↗t	0	0	0	0
ngyệt	TONE_NANG	ŋiəʔ↓t	ˈɛnəː↘ðˈe→ ˈiɛʔ↓t	0	0	0	0
ngyêng	TONE_NGANG	ŋiə→ŋ	ˈɛnəː↘ðˈe→ ˈiɛŋ	0	0	0	0
ngyềng	TONE_HUYEN	ŋiə↘ŋ	ˈɛnəː↘ðˈe→ ˈiɛ↘ŋ	0	0	0	0
ngyếng	TONE_SAC	ŋiə↗ŋ	ˈɛnəː↘ðˈe→ ˈiɛ↗ŋ	0	0	0	0
ngyê̂ng	TONE_HOI	ŋiə↓ŋ	ˈɛnəː↘ dʒˈaɪ ˈe ˌɛndʒˈiː	0	0	0	0
ngyễng	TONE_NGA	ŋiəʔ↗ŋ	ˈɛnəː↘ðˈe→ ˈiɛʔ↗ŋ	0	0	0	0
ngyệng	TONE_NANG	ŋiəʔ↓ŋ	ˈɛnəː↘ðˈe→ ˈiɛʔ↓ŋ	0	0	0	0
ngyênh	TONE_NGANG	ŋiə→ɲ	ˈɛnəː↘ dʒˈaɪ ˈeɲ	0	0	0	0
ngyềnh	TONE_HUYEN	ŋiə↘ɲ	ˈɛnəː↘ dʒˈaɪ ˈe↘ɲ	0	0	0	0
ngyếnh	TONE_SAC	ŋiə↗ɲ	ˈɛnəː↘ dʒˈaɪ ˈe↗ɲ	0	0	0	0
ngyê̂nh	TONE_HOI	ŋiə↓ɲ	ˈɛnəː↘ dʒˈaɪ ˈe ˌɛnˈeɪʧ	0	0	0	0
ngyễnh	TONE_NGA	ŋiəʔ↗ɲ	ˈɛnəː↘ dʒˈaɪ ˈeʔ↗ɲ	0	0	0	0
ngyệnh	TONE_NANG	ŋiəʔ↓ɲ	ˈɛnəː↘ dʒˈaɪ ˈeʔ↓ɲ	0	0	0	0
ngyếc	TONE_SAC	ŋiə↗k	ˈɛnəː↘ dʒˈaɪ ˈe↗sˈe	0	0	0	0
ngyệc	TONE_NANG	ŋiəʔ↓k	ˈɛnəː↘ dʒˈaɪ ˈeʔ↓sˈe	0	0	0	0
ngyếch	TONE_SAC	ŋiə↗k	ˈɛnəː↘ dʒˈaɪ ˈe↗c	0	0	0	0
ngyệch	TONE_NANG	ŋiəʔ↓k	ˈɛnəː↘ dʒˈaɪ ˈeʔ↓c	0	0	0	0
ngia	TONE_NGANG	ŋiə→	əŋdʒˈiə	0	0	0	0
ngìa	TONE_HUYEN	ŋiə↘	ˈɛnəː↘ zˈiə↘	0	0	0	0
ngía	TONE_SAC	ŋiə↗	ˈɛnəː↘ zˈiə↗	0	0	0	0
ngîa	TONE_HOI	ŋiə↓	əŋdʒˈiə	0	0	0	0
ngĩa	TONE_NGA	ŋiəʔ↗	ˈɛnəː↘ zˈiəʔ↗	0	0	0	0
ngịa	TONE_NANG	ŋiəʔ↓	ˈɛnəː↘ zˈiəʔ↓	0	0	0	0
ngiao	TONE_NGANG	ŋiə→w	ˈɛn zˈaːw	0	0	0	0
ngìao	TONE_HUYEN	ŋiə↘w	ˈɛnəː↘ zˈiə↘ ˈɔ	0	0	0	0
ngíao	TONE_SAC	ŋiə↗w	ˈɛnəː↘ zˈiə↗ ˈɔ	0	0	0	0
ngîao	TONE_HOI	ŋiə↓w	ˈɛn zˈaːw	0	0	0	0
ngĩao	TONE_NGA	ŋiəʔ↗w	ˈɛnəː↘ zˈiəʔ↗ ˈɔ	0	0	0	0
ngịao	TONE_NANG	ŋiəʔ↓w	ˈɛnəː↘ zˈiəʔ↓ ˈɔ	0	0	0	0
ngiau	TONE_NGANG	ŋiə→w	ˈɛn zˈaw	0	0	0	0
ngìau	TONE_HUYEN	ŋiə↘w	ˈɛnəː↘ zˈiə↘ ˈu	0	0	0	0
ngíau	TONE_SAC	ŋiə↗w	ˈɛnəː↘ zˈiə↗ ˈu	0	0	0	0
ngîau	TONE_HOI	ŋiə↓w	ˈɛn zˈaw	0	0	0	0
ngĩau	TONE_NGA	ŋiəʔ↗w	ˈɛnəː↘ zˈiəʔ↗ ˈu	0	0	0	0
ngịau	TONE_NANG	ŋiəʔ↓w	ˈɛnəː↘ zˈiəʔ↓ ˈu	0	0	0	0
ngiam	TONE_NGANG	ŋiə→m	əŋdʒˈaɪ æm	0	0	0	0
ngìam	TONE_HUYEN	ŋiə↘m	ˈɛnəː↘ zˈi↘ ˈaːm	0	0	0	0
ngíam	TONE_SAC	ŋiə↗m	ˈɛnəː↘ zˈi↗ ˈaːm	0	0	0	0
ngîam	TONE_HOI	ŋiə↓m	əŋdʒˈaɪ æm	0	0	0	0
ngĩam	TONE_NGA	ŋiəʔ↗m	ˈɛnəː↘ zˈiʔ↗ ˈaːm	0	0	0	0
ngịam	TONE_NANG	ŋiəʔ↓m	ˈɛnəː↘ zˈiʔ↓ ˈaːm	0	0	0	0
ngian	TONE_NGANG	ŋiə→n	əŋdʒˈaɪ æn	0	0	0	0
ngìan	TONE_HUYEN	ŋiə↘n	ˈɛnəː↘ zˈi↘ ˈaːn	0	0	0	0
ngían	TONE_SAC	ŋiə↗n	ˈɛnəː↘ zˈi↗ ˈaːn	0	0	0	0
ngîan	TONE_HOI	ŋiə↓n	əŋdʒˈaɪ æn	0	0	0	0
ngĩan	TONE_NGA	ŋiəʔ↗n	ˈɛnəː↘ zˈiʔ↗ ˈaːn	0	0	0	0
ngịan	TONE_NANG	ŋiəʔ↓n	ˈɛnəː↘ zˈiʔ↓ ˈaːn	0	0	0	0
ngíap	TONE_SAC	ŋiə↗p	ˈɛnəː↘ zˈi↗ ˈaː↗p	0	0	0	0
ngịap	TONE_NANG	ŋiəʔ↓p	ˈɛnəː↘ zˈiʔ↓ ˈaː↗p	0	0	0	0
ngíat	TONE_SAC	ŋiə↗t	ˈɛnəː↘ zˈi↗ ˈaː↗t	0	0	0	0
ngịat	TONE_NANG	ŋiəʔ↓t	ˈɛnəː↘ zˈiʔ↓ ˈaː↗t	0	0	0	0
ngiang	TONE_NGANG	ŋiə→ŋ	əŋdʒˈaɪ ˈaːŋ	0	0	0	0
ngìang	TONE_HUYEN	ŋiə↘ŋ	ˈɛnəː↘ zˈi↘ ˈaːŋ	0	0	0	0
ngíang	TONE_SAC	ŋiə↗ŋ	ˈɛnəː↘ zˈi↗ ˈaːŋ	0	0	0	0
ngîang	TONE_HOI	ŋiə↓ŋ	əŋdʒˈaɪ ˈaːŋ	0	0	0	0
ngĩang	TONE_NGA	ŋiəʔ↗ŋ	ˈɛnəː↘ zˈiʔ↗ ˈaːŋ	0	0	0	0
ngịang	TONE_NANG	ŋiəʔ↓ŋ	ˈɛnəː↘ zˈiʔ↓ ˈaːŋ	0	0	0	0
ngianh	TONE_NGANG	ŋiə→ɲ	əŋdʒˈaɪ ˈæɲ	0	0	0	0
ngìanh	TONE_HUYEN	ŋiə↘ɲ	ˈɛnəː↘ zˈi↘ ˈæɲ	0	0	0	0
ngíanh	TONE_SAC	ŋiə↗ɲ	ˈɛnəː↘ zˈi↗ ˈæɲ	0	0	0	0
ngîanh	TONE_HOI	ŋiə↓ɲ	əŋdʒˈaɪ ˈæɲ	0	0	0	0
ngĩanh	TONE_NGA	ŋiəʔ↗ɲ	ˈɛnəː↘ zˈiʔ↗ ˈæɲ	0	0	0	0
ngịanh	TONE_NANG	ŋiəʔ↓ɲ	ˈɛnəː↘ zˈiʔ↓ ˈæɲ	0	0	0	0
ngíac	TONE_SAC	ŋiə↗k	ˈɛnəː↘ zˈi↗ ˈaː↗c	0	0	0	0
ngịac	TONE_NANG	ŋiəʔ↓k	ˈɛnəː↘ zˈiʔ↓ ˈaː↗c	0	0	0	0
ngíach	TONE_SAC	ŋiə↗k	ˈɛnəː↘ zˈi↗ ˈæ↗c	0	0	0	0
ngịach	TONE_NANG	ŋiəʔ↓k	ˈɛnəː↘ zˈiʔ↓ ˈæ↗c	0	0	0	0
ngya	TONE_NGANG	ŋiə→	ˈɛn dʒˈaɪə	0	0	0	0
ngỳa	TONE_HUYEN	ŋiə↘	ˈɛnəː↘ðˈe→ ˈi↘ˈaː	0	0	0	0
ngýa	TONE_SAC	ŋiə↗	ˈɛnəː↘ðˈe→ ˈi↗ˈaː	0	0	0	0
ngŷa	TONE_HOI	ŋiə↓	ˈɛn dʒˈaɪə	0	0	0	0
ngỹa	TONE_NGA	ŋiəʔ↗	ˈɛnəː↘ðˈe→ ˈiʔ↗ˈaː	0	0	0	0
ngỵa	TONE_NANG	ŋiəʔ↓	ˈɛnəː↘ðˈe→ ˈiʔ↓ˈaː	0	0	0	0
ngyao	TONE_NGANG	ŋiə→w	ˈɛn dʒˈaɪə ˈoʊ	0	0	0	0
ngỳao	TONE_HUYEN	ŋiə↘w	ˈɛnəː↘ðˈe→ ˈi↘ˈaːˈɔ	0	0	0	0
ngýao	TONE_SAC	ŋiə↗w	ˈɛnəː↘ðˈe→ ˈi↗ˈaːˈɔ	0	0	0	0
ngŷao	TONE_HOI	ŋiə↓w	ˈɛn dʒˈaɪə ˈoʊ	0	0	0	0
ngỹao	TONE_NGA	ŋiəʔ↗w	ˈɛnəː↘ðˈe→ ˈiʔ↗ˈaːˈɔ	0	0	0	0
ngỵao	TONE_NANG	ŋiəʔ↓w	ˈɛnəː↘ðˈe→ ˈiʔ↓ˈaːˈɔ	0	0	0	0
ngyau	TONE_NGANG	ŋiə→w	ˈɛn dʒˈaɪə jˈuː	0	0	0	0
ngỳau	TONE_HUYEN	ŋiə↘w	ˈɛnəː↘ðˈe→ ˈi↘ˈaːˈu	0	0	0	0
ngýau	TONE_SAC	ŋiə↗w	ˈɛnəː↘ðˈe→ ˈi↗ˈaːˈu	0	0	0	0
ngŷau	TONE_HOI	ŋiə↓w	ˈɛn dʒˈaɪə jˈuː	0	0	0	0
ngỹau	TONE_NGA	ŋiəʔ↗w	ˈɛnəː↘ðˈe→ ˈiʔ↗ˈaːˈu	0	0	0	0
ngỵau	TONE_NANG	ŋiəʔ↓w	ˈɛnəː↘ðˈe→ ˈiʔ↓ˈaːˈu	0	0	0	0
ngyam	TONE_NGANG	ŋiə→m	ˈɛndʒˈiː jˈæm	0	0	0	0
ngỳam	TONE_HUYEN	ŋiə↘m	ˈɛnəː↘ðˈe→ˈi↘ ˈaːm	0	0	0	0
ngýam	TONE_SAC	ŋiə↗m	ˈɛnəː↘ðˈe→ˈi↗ ˈaːm	0	0	0	0
ngŷam	TONE_HOI	ŋiə↓m	ˈɛndʒˈiː jˈæm	0	0	0	0
ngỹam	TONE_NGA	ŋiəʔ↗m	ˈɛnəː↘ðˈe→ˈiʔ↗ ˈaːm	0	0	0	0
ngỵam	TONE_NANG	ŋiəʔ↓m	ˈɛnəː↘ðˈe→ˈiʔ↓ ˈaːm	0	0	0	0
ngyan	TONE_NGANG	ŋiə→n	ˈɛn dʒˈaɪən	0	0	0	0
ngỳan	TONE_HUYEN	ŋiə↘n	ˈɛnəː↘ðˈe→ˈi↘ ˈaːn	0	0	0	0
ngýan	TONE_SAC	ŋiə↗n	ˈɛnəː↘ðˈe→ˈi↗ ˈaːn	0	0	0	0
ngŷan	TONE_HOI	ŋiə↓n	ˈɛn dʒˈaɪən	0	0	0	0
ngỹan	TONE_NGA	ŋiəʔ↗n	ˈɛnəː↘ðˈe→ˈiʔ↗ ˈaːn	0	0	0	0
ngỵan	TONE_NANG	ŋiəʔ↓n	ˈɛnəː↘ðˈe→ˈiʔ↓ ˈaːn	0	0	0	0
ngýap	TONE_SAC	ŋiə↗p	ˈɛnəː↘ðˈe→ˈi↗ ˈaː↗p	0	0	0	0
ngỵap	TONE_NANG	ŋiəʔ↓p	ˈɛnəː↘ðˈe→ˈiʔ↓ ˈaː↗p	0	0	0	0
ngýat	TONE_SAC	ŋiə↗t	ˈɛnəː↘ðˈe→ˈi↗ ˈaː↗t	0	0	0	0
ngỵat	TONE_NANG	ŋiəʔ↓t	ˈɛnəː↘ðˈe→ˈiʔ↓ ˈaː↗t	0	0	0	0
ngyang	TONE_NGANG	ŋiə→ŋ	ˈɛndʒˈiː jˈɑːŋ	0	0	0	0
ngỳang	TONE_HUYEN	ŋiə↘ŋ	ˈɛnəː↘ðˈe→ˈi↘ ˈaːŋ	0	0	0	0
ngýang	TONE_SAC	ŋiə↗ŋ	ˈɛnəː↘ðˈe→ˈi↗ ˈaːŋ	0	0	0	0
ngŷang	TONE_HOI	ŋiə↓ŋ	ˈɛndʒˈiː jˈɑːŋ	0	0	0	0
ngỹang	TONE_NGA	ŋiəʔ↗ŋ	ˈɛnəː↘ðˈe→ˈiʔ↗ ˈaːŋ	0	0	0	0
ngỵang	TONE_NANG	ŋiəʔ↓ŋ	ˈɛnəː↘ðˈe→ˈiʔ↓ ˈaːŋ	0	0	0	0
ngyanh	TONE_NGANG	ŋiə→ɲ	ˈɛn dʒˈaɪ ˈæɲ	0	0	0	0
ngỳanh	TONE_HUYEN	ŋiə↘ɲ	ˈɛnəː↘ðˈe→ˈi↘ ˈæɲ	0	0	0	0
ngýanh	TONE_SAC	ŋiə↗ɲ	ˈɛnəː↘ðˈe→ˈi↗ ˈæɲ	0	0	0	0
ngŷanh	TONE_HOI	ŋiə↓ɲ	ˈɛn dʒˈaɪ ˈæɲ	0	0	0	0
ngỹanh	TONE_NGA	ŋiəʔ↗ɲ	ˈɛnəː↘ðˈe→ˈiʔ↗ ˈæɲ	0	0	0	0
ngỵanh	TONE_NANG	ŋiəʔ↓ɲ	ˈɛnəː↘ðˈe→ˈiʔ↓ ˈæɲ	0	0	0	0
ngýac	TONE_SAC	ŋiə↗k	ˈɛnəː↘ðˈe→ˈi↗ ˈaː↗c	0	0	0	0
ngỵac	TONE_NANG	ŋiəʔ↓k	ˈɛnəː↘ðˈe→ˈiʔ↓ ˈaː↗c	0	0	0	0
ngýach	TONE_SAC	ŋiə↗k	ˈɛnəː↘ðˈe→ˈi↗ ˈæ↗c	0	0	0	0
ngỵach	TONE_NANG	ŋiəʔ↓k	ˈɛnəː↘ðˈe→ˈiʔ↓ ˈæ↗c	0	0	0	0
ngươ	TONE_NGANG	ŋɨə→	ŋˈy ˈəː	0	0	0	0
ngườ	TONE_HUYEN	ŋɨə↘	ŋˈy ˈəː↘	1	0	0	0
ngướ	TONE_SAC	ŋɨə↗	ŋˈy ˈəː↗	1	0	0	0
ngươ̂	TONE_HOI	ŋɨə↓	ŋˈy ˈəː	0	0	0	0
ngưỡ	TONE_NGA	ŋɨəʔ↗	ŋˈy ˈəːʔ↗	1	0	0	0
ngượ	TONE_NANG	ŋɨəʔ↓	ŋˈy ˈəːʔ↓	1	0	0	0
ngươi	TONE_NGANG	ŋɨə→j	ŋˈyəj	0	0	0	0
người	TONE_HUYEN	ŋɨə↘j	ŋˈyə↘j	1	0	0	0
ngưới	TONE_SAC	ŋɨə↗j	ŋˈyə↗j	1	0	0	0
ngươ̂i	TONE_HOI	ŋɨə↓j	ŋˈy ˈəː ˈi	0	0	0	0
ngưỡi	TONE_NGA	ŋɨəʔ↗j	ŋˈyəʔ↗j	1	0	0	0
ngượi	TONE_NANG	ŋɨəʔ↓j	ŋˈyəʔ↓j	1	0	0	0
ngươy	TONE_NGANG	ŋɨə→j	ŋˈy ˈəːˈi	0	0	0	0
ngườy	TONE_HUYEN	ŋɨə↘j	ŋˈy ˈəː↘ˈi	0	0	0	0
ngướy	TONE_SAC	ŋɨə↗j	ŋˈy ˈəː↗ˈi	0	0	0	0
ngươ̂y	TONE_HOI	ŋɨə↓j	ŋˈy ˈəː ˈi	0	0	0	0
ngưỡy	TONE_NGA	ŋɨəʔ↗j	ŋˈy ˈəːʔ↗ˈi	0	0	0	0
ngượy	TONE_NANG	ŋɨəʔ↓j	ŋˈy ˈəːʔ↓ˈi	0	0	0	0
ngươo	TONE_NGANG	ŋɨə→w	ŋˈy ˈəːˈɔ	0	0	0	0
ngườo	TONE_HUYEN	ŋɨə↘w	ŋˈy ˈəː↘ˈɔ	1	0	0	0
ngướo	TONE_SAC	ŋɨə↗w	ŋˈy ˈəː↗ˈɔ	1	0	0	0
ngươ̂o	TONE_HOI	ŋɨə↓w	ŋˈy ˈəː ˈo	0	0	0	0
ngưỡo	TONE_NGA	ŋɨəʔ↗w	ŋˈy ˈəːʔ↗ˈɔ	1	0	0	0
ngượo	TONE_NANG	ŋɨəʔ↓w	ŋˈy ˈəːʔ↓ˈɔ	1	0	0	0
ngươu	TONE_NGANG	ŋɨə→w	ŋˈyəw	0	0	0	0
ngườu	TONE_HUYEN	ŋɨə↘w	ŋˈyə↘w	1	0	0	0
ngướu	TONE_SAC	ŋɨə↗w	ŋˈyə↗w	1	0	0	0
ngươ̂u	TONE_HOI	ŋɨə↓w	ŋˈy ˈəː ˈu	0	0	0	0
ngưỡu	TONE_NGA	ŋɨəʔ↗w	ŋˈyəʔ↗w	1	0	0	0
ngượu	TONE_NANG	ŋɨəʔ↓w	ŋˈyəʔ↓w	1	0	0	0
ngươm	TONE_NGANG	ŋɨə→m	ŋˈyəm	0	0	0	0
ngườm	TONE_HUYEN	ŋɨə↘m	ŋˈyə↘m	1	0	0	0
ngướm	TONE_SAC	ŋɨə↗m	ŋˈyə↗m	1	0	0	0
ngươ̂m	TONE_HOI	ŋɨə↓m	ŋˈy ˈəː mˈəː↘	0	0	0	0
ngưỡm	TONE_NGA	ŋɨəʔ↗m	ŋˈyəʔ↗m	1	0	0	0
ngượm	TONE_NANG	ŋɨəʔ↓m	ŋˈyəʔ↓m	1	0	0	0
ngướp	TONE_SAC	ŋɨə↗p	ŋˈyə↗p	1	0	0	0
ngượp	TONE_NANG	ŋɨəʔ↓p	ŋˈyəʔ↓p	1	0	0	0
ngướt	TONE_SAC	ŋɨə↗t	ŋˈyə↗t	1	0	0	0
ngượt	TONE_NANG	ŋɨəʔ↓t	ŋˈyəʔ↓t	1	0	0	0
ngương	TONE_NGANG	ŋɨə→ŋ	ŋˈyəŋ	0	0	0	0
ngường	TONE_HUYEN	ŋɨə↘ŋ	ŋˈyə↘ŋ	1	0	0	0
ngướng	TONE_SAC	ŋɨə↗ŋ	ŋˈyə↗ŋ	1	0	0	0
ngươ̂ng	TONE_HOI	ŋɨə↓ŋ	ŋˈy ˈəː ˌɛndʒˈiː	0	0	0	0
ngưỡng	TONE_NGA	ŋɨəʔ↗ŋ	ŋˈyəʔ↗ŋ	1	0	0	0
ngượng	TONE_NANG	ŋɨəʔ↓ŋ	ŋˈyəʔ↓ŋ	1	0	0	0
ngước	TONE_SAC	ŋɨə↗k	ŋˈyə↗c	1	0	0	0
ngược	TONE_NANG	ŋɨəʔ↓k	ŋˈyəʔ↓c	1	0	0	0
ngướch	TONE_SAC	ŋɨə↗k	ŋˈyə↗c hˈa↗t	0	0	0	0
ngượch	TONE_NANG	ŋɨəʔ↓k	ŋˈyəʔ↓c hˈa↗t	0	0	0	0
ngưa	TONE_NGANG	ŋɨə→	ŋˈyə	0	0	0	0
ngừa	TONE_HUYEN	ŋɨə↘	ŋˈyə↘	1	0	0	0
ngứa	TONE_SAC	ŋɨə↗	ŋˈyə↗	1	0	0	0
ngư̂a	TONE_HOI	ŋɨə↓	ŋˈy ˈaː	0	0	0	0
ngữa	TONE_NGA	ŋɨəʔ↗	ŋˈyəʔ↗	1	0	0	0
ngựa	TONE_NANG	ŋɨəʔ↓	ŋˈyəʔ↓	1	0	0	0
ngưai	TONE_NGANG	ŋɨə→j	ŋˈyə ˈi	0	0	0	0
ngừai	TONE_HUYEN	ŋɨə↘j	ŋˈyə↘ ˈi	0	0	0	0
ngứai	TONE_SAC	ŋɨə↗j	ŋˈyə↗ ˈi	0	0	0	0
ngư̂ai	TONE_HOI	ŋɨə↓j	ŋˈy ˈaːj	0	0	0	0
ngữai	TONE_NGA	ŋɨəʔ↗j	ŋˈyəʔ↗ ˈi	0	0	0	0
ngựai	TONE_NANG	ŋɨəʔ↓j	ŋˈyəʔ↓ ˈi	0	0	0	0
ngưay	TONE_NGANG	ŋɨə→j	ŋˈyə ˈi	0	0	0	0
ngừay	TONE_HUYEN	ŋɨə↘j	ŋˈyə↘ ˈi	0	0	0	0
ngứay	TONE_SAC	ŋɨə↗j	ŋˈyə↗ ˈi	0	0	0	0
ngư̂ay	TONE_HOI	ŋɨə↓j	ŋˈy ˈaj	0	0	0	0
ngữay	TONE_NGA	ŋɨəʔ↗j	ŋˈyəʔ↗ ˈi	0	0	0	0
ngựay	TONE_NANG	ŋɨəʔ↓j	ŋˈyəʔ↓ ˈi	0	0	0	0
ngưao	TONE_NGANG	ŋɨə→w	ŋˈyə ˈɔ	0	0	0	0
ngừao	TONE_HUYEN	ŋɨə↘w	ŋˈyə↘ ˈɔ	1	0	0	0
ngứao	TONE_SAC	ŋɨə↗w	ŋˈyə↗ ˈɔ	1	0	0	0
ngư̂ao	TONE_HOI	ŋɨə↓w	ŋˈy ˈaːw	0	0	0	0
ngữao	TONE_NGA	ŋɨəʔ↗w	ŋˈyəʔ↗ ˈɔ	1	0	0	0
ngựao	TONE_NANG	ŋɨəʔ↓w	ŋˈyəʔ↓ ˈɔ	1	0	0	0
ngưau	TONE_NGANG	ŋɨə→w	ŋˈyə ˈu	0	0	0	0
ngừau	TONE_HUYEN	ŋɨə↘w	ŋˈyə↘ ˈu	0	0	0	0
ngứau	TONE_SAC	ŋɨə↗w	ŋˈyə↗ ˈu	0	0	0	0
ngư̂au	TONE_HOI	ŋɨə↓w	ŋˈy ˈaw	0	0	0	0
ngữau	TONE_NGA	ŋɨəʔ↗w	ŋˈyəʔ↗ ˈu	0	0	0	0
ngựau	TONE_NANG	ŋɨəʔ↓w	ŋˈyəʔ↓ ˈu	0	0	0	0
ngưam	TONE_NGANG	ŋɨə→m	ŋˈy ˈaːm	0	0	0	0
ngừam	TONE_HUYEN	ŋɨə↘m	ŋˈy↘ ˈaːm	0	0	0	0
ngứam	TONE_SAC	ŋɨə↗m	ŋˈy↗ ˈaːm	0	0	0	0
ngư̂am	TONE_HOI	ŋɨə↓m	ŋˈy ˈaːm	0	0	0	0
ngữam	TONE_NGA	ŋɨəʔ↗m	ŋˈyʔ↗ ˈaːm	0	0	0	0
ngựam	TONE_NANG	ŋɨəʔ↓m	ŋˈyʔ↓ ˈaːm	0	0	0	0
ngứap	TONE_SAC	ŋɨə↗p	ŋˈy↗ ˈaː↗p	0	0	0	0
ngựap	TONE_NANG	ŋɨəʔ↓p	ŋˈyʔ↓ ˈaː↗p	0	0	0	0
ngứat	TONE_SAC	ŋɨə↗t	ŋˈy↗ ˈaː↗t	0	0	0	0
ngựat	TONE_NANG	ŋɨəʔ↓t	ŋˈyʔ↓ ˈaː↗t	0	0	0	0
ngưang	TONE_NGANG	ŋɨə→ŋ	ŋˈy ˈaːŋ	0	0	0	0
ngừang	TONE_HUYEN	ŋɨə↘ŋ	ŋˈy↘ ˈaːŋ	0	0	0	0
ngứang	TONE_SAC	ŋɨə↗ŋ	ŋˈy↗ ˈaːŋ	0	0	0	0
ngư̂ang	TONE_HOI	ŋɨə↓ŋ	ŋˈy ˈaːŋ	0	0	0	0
ngữang	TONE_NGA	ŋɨəʔ↗ŋ	ŋˈyʔ↗ ˈaːŋ	0	0	0	0
ngựang	TONE_NANG	ŋɨəʔ↓ŋ	ŋˈyʔ↓ ˈaːŋ	0	0	0	0
ngứac	TONE_SAC	ŋɨə↗k	ŋˈy↗ ˈaː↗c	0	0	0	0
ngựac	TONE_NANG	ŋɨəʔ↓k	ŋˈyʔ↓ ˈaː↗c	0	0	0	0
ngứach	TONE_SAC	ŋɨə↗k	ŋˈy↗ ˈæ↗c	0	0	0	0
ngựach	TONE_NANG	ŋɨəʔ↓k	ŋˈyʔ↓ ˈæ↗c	0	0	0	0
nguô	TONE_NGANG	ŋuə→	ŋˈu ˈo	0	0	0	0
nguồ	TONE_HUYEN	ŋuə↘	ŋˈu ˈo↘	1	0	0	0
nguố	TONE_SAC	ŋuə↗	ŋˈu ˈo↗	1	0	0	0
nguô̂	TONE_HOI	ŋuə↓	ŋˈu ˈo	0	0	0	0
nguỗ	TONE_NGA	ŋuəʔ↗	ŋˈu ˈoʔ↗	1	0	0	0
nguộ	TONE_NANG	ŋuəʔ↓	ŋˈu ˈoʔ↓	1	0	0	0
nguôi	TONE_NGANG	ŋuə→j	ŋˈuəj	0	0	0	0
nguồi	TONE_HUYEN	ŋuə↘j	ŋˈuə↘j	1	0	0	0
nguối	TONE_SAC	ŋuə↗j	ŋˈuə↗j	1	0	0	0
nguô̂i	TONE_HOI	ŋuə↓j	ŋˈu ˈo ˈi	0	0	0	0
nguỗi	TONE_NGA	ŋuəʔ↗j	ŋˈuəʔ↗j	1	0	0	0
nguội	TONE_NANG	ŋuəʔ↓j	ŋˈuəʔ↓j	1	0	0	0
nguôy	TONE_NGANG	ŋuə→j	ŋˈu ˈoˈi	0	0	0	0
nguồy	TONE_HUYEN	ŋuə↘j	ŋˈu ˈo↘ˈi	0	0	0	0
nguốy	TONE_SAC	ŋuə↗j	ŋˈu ˈo↗ˈi	0	0	0	0
nguô̂y	TONE_HOI	ŋuə↓j	ŋˈu ˈo ˈi	0	0	0	0
nguỗy	TONE_NGA	ŋuəʔ↗j	ŋˈu ˈoʔ↗ˈi	0	0	0	0
nguộy	TONE_NANG	ŋuəʔ↓j	ŋˈu ˈoʔ↓ˈi	0	0	0	0
nguôn	TONE_NGANG	ŋuə→n	ŋˈuən	0	0	0	0
nguồn	TONE_HUYEN	ŋuə↘n	ŋˈuə↘n	1	0	0	0
nguốn	TONE_SAC	ŋuə↗n	ŋˈuə↗n	1	0	0	0
nguô̂n	TONE_HOI	ŋuə↓n	ŋˈu ˈo nˈəː↘	0	0	0	0
nguỗn	TONE_NGA	ŋuəʔ↗n	ŋˈuəʔ↗n	1	0	0	0
nguộn	TONE_NANG	ŋuəʔ↓n	ŋˈuəʔ↓n	1	0	0	0
nguốp	TONE_SAC	ŋuə↗p	ŋˈuə↗p	1	0	0	0
nguộp	TONE_NANG	ŋuəʔ↓p	ŋˈuəʔ↓p	1	0	0	0
nguốt	TONE_SAC	ŋuə↗t	ŋˈuə↗t	1	0	0	0
nguột	TONE_NANG	ŋuəʔ↓t	ŋˈuəʔ↓t	1	0	0	0
nguông	TONE_NGANG	ŋuə→ŋ	ŋˈuəŋ	0	0	0	0
nguồng	TONE_HUYEN	ŋuə↘ŋ	ŋˈuə↘ŋ	1	0	0	0
nguống	TONE_SAC	ŋuə↗ŋ	ŋˈuə↗ŋ	1	0	0	0
nguô̂ng	TONE_HOI	ŋuə↓ŋ	ŋˈu ˈo ˌɛndʒˈiː	0	0	0	0
nguỗng	TONE_NGA	ŋuəʔ↗ŋ	ŋˈuəʔ↗ŋ	1	0	0	0
nguộng	TONE_NANG	ŋuəʔ↓ŋ	ŋˈuəʔ↓ŋ	1	0	0	0
nguốc	TONE_SAC	ŋuə↗k	ŋˈuə↗c	1	0	0	0
nguộc	TONE_NANG	ŋuəʔ↓k	ŋˈuəʔ↓c	1	0	0	0
nguốch	TONE_SAC	ŋuə↗k	ŋˈuə↗c hˈa↗t	0	0	0	0
nguộch	TONE_NANG	ŋuəʔ↓k	ŋˈuəʔ↓c hˈa↗t	0	0	0	0
ngua	TONE_NGANG	ŋuə→	ŋˈuə	0	0	0	0
ngùa	TONE_HUYEN	ŋuə↘	ŋˈuə↘	1	0	0	0
ngúa	TONE_SAC	ŋuə↗	ŋˈuə↗	1	0	0	0
ngûa	TONE_HOI	ŋuə↓	ŋˈuə	0	0	0	0
ngũa	TONE_NGA	ŋuəʔ↗	ŋˈuəʔ↗	1	0	0	0
ngụa	TONE_NANG	ŋuəʔ↓	ŋˈuəʔ↓	1	0	0	0
nguai	TONE_NGANG	ŋuə→j	ˈɛn ɡwˈɑːi	0	0	0	0
ngùai	TONE_HUYEN	ŋuə↘j	ŋˈuə↘ ˈi	0	0	0	0
ngúai	TONE_SAC	ŋuə↗j	ŋˈuə↗ ˈi	0	0	0	0
ngûai	TONE_HOI	ŋuə↓j	ˈɛn ɡwˈɑːi	0	0	0	0
ngũai	TONE_NGA	ŋuəʔ↗j	ŋˈuəʔ↗ ˈi	0	0	0	0
ngụai	TONE_NANG	ŋuəʔ↓j	ŋˈuəʔ↓ ˈi	0	0	0	0
nguay	TONE_NGANG	ŋuə→j	ŋwˈəɪ	0	0	0	0
ngùay	TONE_HUYEN	ŋuə↘j	ŋˈuə↘ ˈi	0	0	0	0
ngúay	TONE_SAC	ŋuə↗j	ŋˈuə↗ ˈi	0	0	0	0
ngûay	TONE_HOI	ŋuə↓j	ŋwˈəɪ	0	0	0	0
ngũay	TONE_NGA	ŋuəʔ↗j	ŋˈuəʔ↗ ˈi	0	0	0	0
ngụay	TONE_NANG	ŋuəʔ↓j	ŋˈuəʔ↓ ˈi	0	0	0	0
ngao	TONE_NGANG	ŋaː→w	ŋˈaːw	0	0	0	0
ngào	TONE_HUYEN	ŋaː↘w	ŋˈaː↘w	1	0	0	0
ngáo	TONE_SAC	ŋaː↗w	ŋˈaː↗w	1	0	0	0
ngâo	TONE_HOI	ŋaː↓w	ˈɛnəː↘ðˈe→ ˌeɪsˈ↗ːkəmflˌɛksˈɔ	0	0	0	0
ngão	TONE_NGA	ŋaːʔ↗w	ŋˈaːʔ↗w	1	0	0	0
ngạo	TONE_NANG	ŋaːʔ↓w	ŋˈaːʔ↓w	1	0	0	0
ngau	TONE_NGANG	ŋa→w	ŋˈaw	0	0	0	0
ngàu	TONE_HUYEN	ŋa↘w	ŋˈa↘w	1	0	0	0
ngáu	TONE_SAC	ŋa↗w	ŋˈa↗w	1	0	0	0
ngâu	TONE_HOI	ŋa↓w	ŋˈə→w	0	0	0	0
ngãu	TONE_NGA	ŋaʔ↗w	ŋˈaʔ↗w	1	0	0	0
ngạu	TONE_NANG	ŋaʔ↓w	ŋˈaʔ↓w	1	0	0	0
nguan	TONE_NGANG	ŋuə→n	əŋɡjˈuːæn	0	0	0	0
ngùan	TONE_HUYEN	ŋuə↘n	ŋˈu↘ ˈaːn	0	0	0	0
ngúan	TONE_SAC	ŋuə↗n	ŋˈu↗ ˈaːn	0	0	0	0
ngûan	TONE_HOI	ŋuə↓n	əŋɡjˈuːæn	0	0	0	0
ngũan	TONE_NGA	ŋuəʔ↗n	ŋˈuʔ↗ ˈaːn	0	0	0	0
ngụan	TONE_NANG	ŋuəʔ↓n	ŋˈuʔ↓ ˈaːn	0	0	0	0
ngúap	TONE_SAC	ŋuə↗p	ŋˈu↗ ˈaː↗p	0	0	0	0
ngụap	TONE_NANG	ŋuəʔ↓p	ŋˈuʔ↓ ˈaː↗p	0	0	0	0
ngúat	TONE_SAC	ŋuə↗t	ŋˈu↗ ˈaː↗t	0	0	0	0
ngụat	TONE_NANG	ŋuəʔ↓t	ŋˈuʔ↓ ˈaː↗t	0	0	0	0
nguang	TONE_NGANG	ŋuə→ŋ	əŋɡwˈɑːŋ	0	0	0	0
ngùang	TONE_HUYEN	ŋuə↘ŋ	ŋˈu↘ ˈaːŋ	0	0	0	0
ngúang	TONE_SAC	ŋuə↗ŋ	ŋˈu↗ ˈaːŋ	0	0	0	0
ngûang	TONE_HOI	ŋuə↓ŋ	əŋɡwˈɑːŋ	0	0	0	0
ngũang	TONE_NGA	ŋuəʔ↗ŋ	ŋˈuʔ↗ ˈaːŋ	0	0	0	0
ngụang	TONE_NANG	ŋuəʔ↓ŋ	ŋˈuʔ↓ ˈaːŋ	0	0	0	0
nganh	TONE_NGANG	ŋaː→ɲ	ŋˈæɲ	0	0	0	1
ngành	TONE_HUYEN	ŋaː↘ɲ	ŋˈæ↘ɲ	1	0	0	1
ngánh	TONE_SAC	ŋaː↗ɲ	ŋˈæ↗ɲ	1	0	0	1
ngânh	TONE_HOI	ŋaː↓ɲ	ŋˈən hˈa↗t	0	0	0	1
ngãnh	TONE_NGA	ŋaːʔ↗ɲ	ŋˈæʔ↗ɲ	1	0	0	1
ngạnh	TONE_NANG	ŋaːʔ↓ɲ	ŋˈæʔ↓ɲ	1	0	0	1
ngúac	TONE_SAC	ŋuə↗k	ŋˈu↗ ˈaː↗c	0	0	0	0
ngụac	TONE_NANG	ŋuəʔ↓k	ŋˈuʔ↓ ˈaː↗c	0	0	0	0
ngúach	TONE_SAC	ŋuə↗k	ŋˈu↗ ˈæ↗c	0	0	0	0
ngụach	TONE_NANG	ŋuəʔ↓k	ŋˈuʔ↓ ˈæ↗c	0	0	0	0
nga	TONE_NGANG	ŋaː→	ŋˈaː	0	0	0	0
ngà	TONE_HUYEN	ŋaː↘	ŋˈaː↘	1	0	0	0
ngá	TONE_SAC	ŋaː↗	ŋˈaː↗	1	0	0	0
ngâ	TONE_HOI	ŋaː↓	ˈɛnəː↘ðˈe→ˌeɪsˈ↗ːkəmflˌɛks	0	0	0	0
ngã	TONE_NGA	ŋaːʔ↗	ŋˈaːʔ↗	1	0	0	0
ngạ	TONE_NANG	ŋaːʔ↓	ŋˈaːʔ↓	1	0	0	0
ngai	TONE_NGANG	ŋaː→j	ŋˈaːj	0	0	0	0
ngài	TONE_HUYEN	ŋaː↘j	ŋˈaː↘j	1	0	0	0
ngái	TONE_SAC	ŋaː↗j	ŋˈaː↗j	1	0	0	0
ngâi	TONE_HOI	ŋaː↓j	ˈɛnəː↘ðˈe→ ˌeɪsˈ↗ːkəmflˌɛksˈi	0	0	0	0
ngãi	TONE_NGA	ŋaːʔ↗j	ŋˈaːʔ↗j	1	0	0	0
ngại	TONE_NANG	ŋaːʔ↓j	ŋˈaːʔ↓j	1	0	0	0
ngay	TONE_NGANG	ŋa→j	ŋˈaj	0	0	0	0
ngày	TONE_HUYEN	ŋa↘j	ŋˈa↘j	1	0	0	0
ngáy	TONE_SAC	ŋa↗j	ŋˈa↗j	1	0	0	0
ngây	TONE_HOI	ŋa↓j	ŋˈəɪ	0	0	0	0
ngãy	TONE_NGA	ŋaʔ↗j	ŋˈaʔ↗j	1	0	0	0
ngạy	TONE_NANG	ŋaʔ↓j	ŋˈaʔ↓j	1	0	0	0
ngao	TONE_NGANG	ŋaː→w	ŋˈaːw	0	0	0	0
ngào	TONE_HUYEN	ŋaː↘w	ŋˈaː↘w	1	0	0	0
ngáo	TONE_SAC	ŋaː↗w	ŋˈaː↗w	1	0	0	0
ngâo	TONE_HOI	ŋaː↓w	ˈɛnəː↘ðˈe→ ˌeɪsˈ↗ːkəmflˌɛksˈɔ	0	0	0	0
ngão	TONE_NGA	ŋaːʔ↗w	ŋˈaːʔ↗w	1	0	0	0
ngạo	TONE_NANG	ŋaːʔ↓w	ŋˈaːʔ↓w	1	0	0	0
ngau	TONE_NGANG	ŋa→w	ŋˈaw	0	0	0	0
ngàu	TONE_HUYEN	ŋa↘w	ŋˈa↘w	1	0	0	0
ngáu	TONE_SAC	ŋa↗w	ŋˈa↗w	1	0	0	0
ngâu	TONE_HOI	ŋa↓w	ŋˈə→w	0	0	0	0
ngãu	TONE_NGA	ŋaʔ↗w	ŋˈaʔ↗w	1	0	0	0
ngạu	TONE_NANG	ŋaʔ↓w	ŋˈaʔ↓w	1	0	0	0
ngam	TONE_NGANG	ŋaː→m	ŋˈaːm	0	0	0	0
ngàm	TONE_HUYEN	ŋaː↘m	ŋˈaː↘m	1	0	0	0
ngám	TONE_SAC	ŋaː↗m	ŋˈaː↗m	1	0	0	0
ngâm	TONE_HOI	ŋaː↓m	ŋˈəm	0	0	0	0
ngãm	TONE_NGA	ŋaːʔ↗m	ŋˈaːʔ↗m	1	0	0	0
ngạm	TONE_NANG	ŋaːʔ↓m	ŋˈaːʔ↓m	1	0	0	0
ngan	TONE_NGANG	ŋaː→n	ŋˈaːn	0	0	0	0
ngàn	TONE_HUYEN	ŋaː↘n	ŋˈaː↘n	1	0	0	0
ngán	TONE_SAC	ŋaː↗n	ŋˈaː↗n	1	0	0	0
ngân	TONE_HOI	ŋaː↓n	ŋˈən	0	0	0	0
ngãn	TONE_NGA	ŋaːʔ↗n	ŋˈaːʔ↗n	1	0	0	0
ngạn	TONE_NANG	ŋaːʔ↓n	ŋˈaːʔ↓n	1	0	0	0
ngáp	TONE_SAC	ŋaː↗p	ŋˈaː↗p	1	0	0	0
ngạp	TONE_NANG	ŋaːʔ↓p	ŋˈaːʔ↓p	1	0	0	0
ngát	TONE_SAC	ŋaː↗t	ŋˈaː↗t	1	0	0	0
ngạt	TONE_NANG	ŋaːʔ↓t	ŋˈaːʔ↓t	1	0	0	0
ngang	TONE_NGANG	ŋaː→ŋ	ŋˈaːŋ	0	0	0	0
ngàng	TONE_HUYEN	ŋaː↘ŋ	ŋˈaː↘ŋ	1	0	0	0
ngáng	TONE_SAC	ŋaː↗ŋ	ŋˈaː↗ŋ	1	0	0	0
ngâng	TONE_HOI	ŋaː↓ŋ	ŋˈəŋ	0	0	0	0
ngãng	TONE_NGA	ŋaːʔ↗ŋ	ŋˈaːʔ↗ŋ	1	0	0	0
ngạng	TONE_NANG	ŋaːʔ↓ŋ	ŋˈaːʔ↓ŋ	1	0	0	0
nganh	TONE_NGANG	ŋaː→ɲ	ŋˈæɲ	0	0	0	1
ngành	TONE_HUYEN	ŋaː↘ɲ	ŋˈæ↘ɲ	1	0	0	1
ngánh	TONE_SAC	ŋaː↗ɲ	ŋˈæ↗ɲ	1	0	0	1
ngânh	TONE_HOI	ŋaː↓ɲ	ŋˈən hˈa↗t	0	0	0	1
ngãnh	TONE_NGA	ŋaːʔ↗ɲ	ŋˈæʔ↗ɲ	1	0	0	1
ngạnh	TONE_NANG	ŋaːʔ↓ɲ	ŋˈæʔ↓ɲ	1	0	0	1
ngác	TONE_SAC	ŋaː↗k	ŋˈaː↗c	1	0	0	0
ngạc	TONE_NANG	ŋaːʔ↓k	ŋˈaːʔ↓c	1	0	0	0
ngách	TONE_SAC	ŋa↗k	ŋˈæ↗c	1	0	0	0
ngạch	TONE_NANG	ŋaʔ↓k	ŋˈæʔ↓c	1	0	0	0
ngă	TONE_NGANG	ŋa→	ˈɛnəː↘ðˈe→ă	0	1	0	0
ngằ	TONE_HUYEN	ŋa↘	ˈɛnəː↘ðˈe→ằ	0	1	0	0
ngắ	TONE_SAC	ŋa↗	ˈɛnəː↘ðˈe→ắ	0	1	0	0
ngă̂	TONE_HOI	ŋa↓	ˈɛnəː↘ðˈe→ă	0	1	0	0
ngẵ	TONE_NGA	ŋaʔ↗	ˈɛnəː↘ðˈe→ẵ	0	1	0	0
ngặ	TONE_NANG	ŋaʔ↓	ˈɛnəː↘ðˈe→ặ	0	1	0	0
ngăm	TONE_NGANG	ŋa→m	ŋˈam	0	0	0	0
ngằm	TONE_HUYEN	ŋa↘m	ŋˈa↘m	1	0	0	0
ngắm	TONE_SAC	ŋa↗m	ŋˈa↗m	1	0	0	0
ngă̂m	TONE_HOI	ŋa↓m	ˈɛnəː↘ðˈe→ă mˈəː↘	0	1	0	0
ngẵm	TONE_NGA	ŋaʔ↗m	ŋˈaʔ↗m	1	0	0	0
ngặm	TONE_NANG	ŋaʔ↓m	ŋˈaʔ↓m	1	0	0	0
ngăn	TONE_NGANG	ŋa→n	ŋˈan	0	0	0	0
ngằn	TONE_HUYEN	ŋa↘n	ŋˈa↘n	1	0	0	0
ngắn	TONE_SAC	ŋa↗n	ŋˈa↗n	1	0	0	0
ngă̂n	TONE_HOI	ŋa↓n	ˈɛnəː↘ðˈe→ă nˈəː↘	0	1	0	0
ngẵn	TONE_NGA	ŋaʔ↗n	ŋˈaʔ↗n	1	0	0	0
ngặn	TONE_NANG	ŋaʔ↓n	ŋˈaʔ↓n	1	0	0	0
ngắp	TONE_SAC	ŋa↗p	ŋˈa↗p	1	0	0	0
ngặp	TONE_NANG	ŋaʔ↓p	ŋˈaʔ↓p	1	0	0	0
ngắt	TONE_SAC	ŋa↗t	ŋˈa↗t	1	0	0	0
ngặt	TONE_NANG	ŋaʔ↓t	ŋˈaʔ↓t	1	0	0	0
ngăng	TONE_NGANG	ŋa→ŋ	ŋˈaŋ	0	0	0	0
ngằng	TONE_HUYEN	ŋa↘ŋ	ŋˈa↘ŋ	1	0	0	0
ngắng	TONE_SAC	ŋa↗ŋ	ŋˈa↗ŋ	1	0	0	0
ngă̂ng	TONE_HOI	ŋa↓ŋ	ˈɛnəː↘ðˈe→ă ˌɛndʒˈiː	0	1	0	0
ngẵng	TONE_NGA	ŋaʔ↗ŋ	ŋˈaʔ↗ŋ	1	0	0	0
ngặng	TONE_NANG	ŋaʔ↓ŋ	ŋˈaʔ↓ŋ	1	0	0	0
ngắc	TONE_SAC	ŋa↗k	ŋˈa↗c	1	0	0	0
ngặc	TONE_NANG	ŋaʔ↓k	ŋˈaʔ↓c	1	0	0	0
ngắch	TONE_SAC	ŋa↗k	ŋˈa↗c hˈa↗t	0	0	0	0
ngặch	TONE_NANG	ŋaʔ↓k	ŋˈaʔ↓c hˈa↗t	0	0	0	0
ngâ	TONE_NGANG	ŋə→	ˈɛnəː↘ðˈe→ˌeɪsˈ↗ːkəmflˌɛks	0	0	0	0
ngầ	TONE_HUYEN	ŋə↘	ˈɛnəː↘ðˈe→ầ	0	1	0	0
ngấ	TONE_SAC	ŋə↗	ˈɛnəː↘ðˈe→ấ	0	1	0	0
ngâ̂	TONE_HOI	ŋə↓	ˈɛnəː↘ðˈe→ˌeɪsˈ↗ːkəmflˌɛks	0	0	0	0
ngẫ	TONE_NGA	ŋəʔ↗	ˈɛnəː↘ðˈe→ẫ	0	1	0	0
ngậ	TONE_NANG	ŋəʔ↓	ˈɛnəː↘ðˈe→ậ	0	1	0	0
ngâi	TONE_NGANG	ŋə→j	ˈɛnəː↘ðˈe→ ˌeɪsˈ↗ːkəmflˌɛksˈi	0	0	0	0
ngầi	TONE_HUYEN	ŋə↘j	ˈɛnəː↘ðˈe→ ầˈi	0	1	0	0
ngấi	TONE_SAC	ŋə↗j	ˈɛnəː↘ðˈe→ ấˈi	0	1	0	0
ngâ̂i	TONE_HOI	ŋə↓j	ˈɛnəː↘ðˈe→ˌeɪsˈ↗ːkəmflˌɛks ˈi	0	0	0	0
ngẫi	TONE_NGA	ŋəʔ↗j	ˈɛnəː↘ðˈe→ ẫˈi	0	1	0	0
ngậi	TONE_NANG	ŋəʔ↓j	ˈɛnəː↘ðˈe→ ậˈi	0	1	0	0
ngây	TONE_NGANG	ŋə→j	ŋˈəɪ	0	0	0	0
ngầy	TONE_HUYEN	ŋə↘j	ŋˈəɪ↘	1	0	0	0
ngấy	TONE_SAC	ŋə↗j	ŋˈəɪ↗	1	0	0	0
ngâ̂y	TONE_HOI	ŋə↓j	ˈɛnəː↘ðˈe→ˌeɪsˈ↗ːkəmflˌɛks ˈi	0	0	0	0
ngẫy	TONE_NGA	ŋəʔ↗j	ŋˈəɪʔ↗	1	0	0	0
ngậy	TONE_NANG	ŋəʔ↓j	ŋˈəɪʔ↓	1	0	0	0
ngâo	TONE_NGANG	ŋə→w	ˈɛnəː↘ðˈe→ ˌeɪsˈ↗ːkəmflˌɛksˈɔ	0	0	0	0
ngầo	TONE_HUYEN	ŋə↘w	ˈɛnəː↘ðˈe→ ầˈɔ	0	1	0	0
ngấo	TONE_SAC	ŋə↗w	ˈɛnəː↘ðˈe→ ấˈɔ	0	1	0	0
ngâ̂o	TONE_HOI	ŋə↓w	ˈɛnəː↘ðˈe→ˌeɪsˈ↗ːkəmflˌɛks ˈo	0	0	0	0
ngẫo	TONE_NGA	ŋəʔ↗w	ˈɛnəː↘ðˈe→ ẫˈɔ	0	1	0	0
ngậo	TONE_NANG	ŋəʔ↓w	ˈɛnəː↘ðˈe→ ậˈɔ	0	1	0	0
ngâu	TONE_NGANG	ŋə→w	ŋˈə→w	1	0	0	0
ngầu	TONE_HUYEN	ŋə↘w	ŋˈə↘w	1	0	0	0
ngấu	TONE_SAC	ŋə↗w	ŋˈə↗w	1	0	0	0
ngâ̂u	TONE_HOI	ŋə↓w	ˈɛnəː↘ðˈe→ˌeɪsˈ↗ːkəmflˌɛks ˈu	0	0	0	0
ngẫu	TONE_NGA	ŋəʔ↗w	ŋˈəʔ↗w	1	0	0	0
ngậu	TONE_NANG	ŋəʔ↓w	ŋˈəʔ↓w	1	0	0	0
ngâm	TONE_NGANG	ŋə→m	ŋˈəm	0	0	0	0
ngầm	TONE_HUYEN	ŋə↘m	ŋˈə↘m	1	0	0	0
ngấm	TONE_SAC	ŋə↗m	ŋˈə↗m	1	0	0	0
ngâ̂m	TONE_HOI	ŋə↓m	ˈɛnəː↘ðˈe→ˌeɪsˈ↗ːkəmflˌɛks mˈəː↘	0	0	0	0
ngẫm	TONE_NGA	ŋəʔ↗m	ŋˈəʔ↗m	1	0	0	0
ngậm	TONE_NANG	ŋəʔ↓m	ŋˈəʔ↓m	1	0	0	0
ngân	TONE_NGANG	ŋə→n	ŋˈən	0	0	0	0
ngần	TONE_HUYEN	ŋə↘n	ŋˈə↘n	1	0	0	0
ngấn	TONE_SAC	ŋə↗n	ŋˈə↗n	1	0	0	0
ngâ̂n	TONE_HOI	ŋə↓n	ˈɛnəː↘ðˈe→ˌeɪsˈ↗ːkəmflˌɛks nˈəː↘	0	0	0	0
ngẫn	TONE_NGA	ŋəʔ↗n	ŋˈəʔ↗n	1	0	0	0
ngận	TONE_NANG	ŋəʔ↓n	ŋˈəʔ↓n	1	0	0	0
ngấp	TONE_SAC	ŋə↗p	ŋˈə↗p	1	0	0	0
ngập	TONE_NANG	ŋəʔ↓p	ŋˈəʔ↓p	1	0	0	0
ngất	TONE_SAC	ŋə↗t	ŋˈə↗t	1	0	0	0
ngật	TONE_NANG	ŋəʔ↓t	ŋˈəʔ↓t	1	0	0	0
ngâng	TONE_NGANG	ŋə→ŋ	ŋˈəŋ	0	0	0	0
ngầng	TONE_HUYEN	ŋə↘ŋ	ŋˈə↘ŋ	1	0	0	0
ngấng	TONE_SAC	ŋə↗ŋ	ŋˈə↗ŋ	1	0	0	0
ngâ̂ng	TONE_HOI	ŋə↓ŋ	ˈɛnəː↘ðˈe→ˌeɪsˈ↗ːkəmflˌɛks ˌɛndʒˈiː	0	0	0	0
ngẫng	TONE_NGA	ŋəʔ↗ŋ	ŋˈəʔ↗ŋ	1	0	0	0
ngậng	TONE_NANG	ŋəʔ↓ŋ	ŋˈəʔ↓ŋ	1	0	0	0
ngấc	TONE_SAC	ŋə↗k	ŋˈə↗c	1	0	0	0
ngậc	TONE_NANG	ŋəʔ↓k	ŋˈəʔ↓c	1	0	0	0
ngấch	TONE_SAC	ŋə↗k	ŋˈə↗c hˈa↗t	0	0	0	0
ngậch	TONE_NANG	ŋəʔ↓k	ŋˈəʔ↓c hˈa↗t	0	0	0	0
nge	TONE_NGANG	ŋɛ→	əŋdʒˈiː	0	0	0	0
ngè	TONE_HUYEN	ŋɛ↘	ˈɛnəː↘ðˈe→ˈɛ↘	0	0	0	0
ngé	TONE_SAC	ŋɛ↗	ˈɛnəː↘ ɡˈeɪ	0	0	0	0
ngê	TONE_HOI	ŋɛ↓	əŋɡˈɛɹ	0	0	0	0
ngẽ	TONE_NGA	ŋɛʔ↗	ˈɛnəː↘ðˈe→ˈɛʔ↗	0	0	0	0
ngẹ	TONE_NANG	ŋɛʔ↓	ˈɛnəː↘ðˈe→ˈɛʔ↓	0	0	0	0
ngeo	TONE_NGANG	ŋɛ→w	əŋdʒˈiːoʊ	0	0	0	0
ngèo	TONE_HUYEN	ŋɛ↘w	ˈɛnəː↘ðˈe→ ˈɛ↘ˈɔ	0	0	0	0
ngéo	TONE_SAC	ŋɛ↗w	ˈɛnəː↘ ɡˈeɪ ˈɔ	0	0	0	0
ngêo	TONE_HOI	ŋɛ↓w	əŋɡˈɛɹ ˈɔ	0	0	0	0
ngẽo	TONE_NGA	ŋɛʔ↗w	ˈɛnəː↘ðˈe→ ˈɛʔ↗ˈɔ	0	0	0	0
ngẹo	TONE_NANG	ŋɛʔ↓w	ˈɛnəː↘ðˈe→ ˈɛʔ↓ˈɔ	0	0	0	0
ngeu	TONE_NGANG	ŋɛ→w	ˈɛn dʒˈuː	0	0	0	0
ngèu	TONE_HUYEN	ŋɛ↘w	ˈɛnəː↘ðˈe→ ˈɛ↘ˈu	0	0	0	0
ngéu	TONE_SAC	ŋɛ↗w	ˈɛnəː↘ ɡˈeɪ ˈu	0	0	0	0
ngêu	TONE_HOI	ŋɛ↓w	əŋɡˈɛɹ ˈu	0	0	0	0
ngẽu	TONE_NGA	ŋɛʔ↗w	ˈɛnəː↘ðˈe→ ˈɛʔ↗ˈu	0	0	0	0
ngẹu	TONE_NANG	ŋɛʔ↓w	ˈɛnəː↘ðˈe→ ˈɛʔ↓ˈu	0	0	0	0
ngem	TONE_NGANG	ŋɛ→m	ˈɛn dʒˈɛm	0	0	0	0
ngèm	TONE_HUYEN	ŋɛ↘m	ˈɛnəː↘ðˈe→ ˈɛ↘m	0	0	0	0
ngém	TONE_SAC	ŋɛ↗m	ˈɛnəː↘ðˈe→ ˈɛ↗m	0	0	0	0
ngêm	TONE_HOI	ŋɛ↓m	əŋɡˈɛɹ ˈməː↘	0	0	0	0
ngẽm	TONE_NGA	ŋɛʔ↗m	ˈɛnəː↘ðˈe→ ˈɛʔ↗m	0	0	0	0
ngẹm	TONE_NANG	ŋɛʔ↓m	ˈɛnəː↘ðˈe→ ˈɛʔ↓m	0	0	0	0
ngen	TONE_NGANG	ŋɛ→n	əŋdʒˈɛn	0	0	0	0
ngèn	TONE_HUYEN	ŋɛ↘n	ˈɛnəː↘ðˈe→ ˈɛ↘n	0	0	0	0
ngén	TONE_SAC	ŋɛ↗n	ˈɛnəː↘ðˈe→ ˈɛ↗n	0	0	0	0
ngên	TONE_HOI	ŋɛ↓n	əŋɡˈɛɹ ˈɛnəː↘	0	0	0	0
ngẽn	TONE_NGA	ŋɛʔ↗n	ˈɛnəː↘ðˈe→ ˈɛʔ↗n	0	0	0	0
ngẹn	TONE_NANG	ŋɛʔ↓n	ˈɛnəː↘ðˈe→ ˈɛʔ↓n	0	0	0	0
ngép	TONE_SAC	ŋɛ↗p	ˈɛnəː↘ðˈe→ ˈɛ↗p	0	0	0	0
ngẹp	TONE_NANG	ŋɛʔ↓p	ˈɛnəː↘ðˈe→ ˈɛʔ↓p	0	0	0	0
ngét	TONE_SAC	ŋɛ↗t	ˈɛnəː↘ðˈe→ ˈɛ↗t	0	0	0	0
ngẹt	TONE_NANG	ŋɛʔ↓t	ˈɛnəː↘ðˈe→ ˈɛʔ↓t	0	0	0	0
ngeng	TONE_NGANG	ŋɛ→ŋ	ˈɛn dʒˈɛŋ	0	0	0	0
ngèng	TONE_HUYEN	ŋɛ↘ŋ	ˈɛnəː↘ðˈe→ ˈɛ↘ŋ	0	0	0	0
ngéng	TONE_SAC	ŋɛ↗ŋ	ˈɛnəː↘ðˈe→ ˈɛ↗ŋ	0	0	0	0
ngêng	TONE_HOI	ŋɛ↓ŋ	əŋɡˈɛɹ ˈɛnəː↘ðˈe→	0	0	0	0
ngẽng	TONE_NGA	ŋɛʔ↗ŋ	ˈɛnəː↘ðˈe→ ˈɛʔ↗ŋ	0	0	0	0
ngẹng	TONE_NANG	ŋɛʔ↓ŋ	ˈɛnəː↘ðˈe→ ˈɛʔ↓ŋ	0	0	0	0
ngéc	TONE_SAC	ŋɛ↗k	ˈɛnəː↘ðˈe→ ˈɛ↗c	0	0	0	0
ngẹc	TONE_NANG	ŋɛʔ↓k	ˈɛnəː↘ðˈe→ ˈɛʔ↓c	0	0	0	0
ngéch	TONE_SAC	ŋɛ↗k	ˈɛnəː↘ ɡˈeɪ sˈehˈa↗t	0	0	0	0
ngẹch	TONE_NANG	ŋɛʔ↓k	ˈɛnəː↘ðˈe→ ˈɛʔ↓c hˈa↗t	0	0	0	0
ngê	TONE_NGANG	ŋe→	əŋɡˈɛɹ	0	0	0	0
ngề	TONE_HUYEN	ŋe↘	ˈɛnəː↘ðˈe→ˈe↘	0	0	0	0
ngế	TONE_SAC	ŋe↗	ˈɛnəː↘ðˈe→ˈe↗	0	0	0	0
ngê̂	TONE_HOI	ŋe↓	əŋɡˈɛɹ	0	0	0	0
ngễ	TONE_NGA	ŋeʔ↗	ˈɛnəː↘ðˈe→ˈeʔ↗	0	0	0	0
ngệ	TONE_NANG	ŋeʔ↓	ˈɛnəː↘ðˈe→ˈeʔ↓	0	0	0	0
ngêo	TONE_NGANG	ŋe→w	əŋɡˈɛɹ ˈɔ	0	0	0	0
ngềo	TONE_HUYEN	ŋe↘w	ˈɛnəː↘ðˈe→ ˈe↘ˈɔ	0	0	0	0
ngếo	TONE_SAC	ŋe↗w	ˈɛnəː↘ðˈe→ ˈe↗ˈɔ	0	0	0	0
ngê̂o	TONE_HOI	ŋe↓w	əŋɡˈɛɹ ˈo	0	0	0	0
ngễo	TONE_NGA	ŋeʔ↗w	ˈɛnəː↘ðˈe→ ˈeʔ↗ˈɔ	0	0	0	0
ngệo	TONE_NANG	ŋeʔ↓w	ˈɛnəː↘ðˈe→ ˈeʔ↓ˈɔ	0	0	0	0
ngêu	TONE_NGANG	ŋe→w	əŋɡˈɛɹ ˈu	0	0	0	0
ngều	TONE_HUYEN	ŋe↘w	ˈɛnəː↘ðˈe→ ˈe↘ˈu	0	0	0	0
ngếu	TONE_SAC	ŋe↗w	ˈɛnəː↘ðˈe→ ˈe↗ˈu	0	0	0	0
ngê̂u	TONE_HOI	ŋe↓w	əŋɡˈɛɹ jˈuː	0	0	0	0
ngễu	TONE_NGA	ŋeʔ↗w	ˈɛnəː↘ðˈe→ ˈeʔ↗ˈu	0	0	0	0
ngệu	TONE_NANG	ŋeʔ↓w	ˈɛnəː↘ðˈe→ ˈeʔ↓ˈu	0	0	0	0
ngêm	TONE_NGANG	ŋe→m	əŋɡˈɛɹ ˈməː↘	0	0	0	0
ngềm	TONE_HUYEN	ŋe↘m	ˈɛnəː↘ðˈe→ ˈe↘m	0	0	0	0
ngếm	TONE_SAC	ŋe↗m	ˈɛnəː↘ðˈe→ ˈe↗m	0	0	0	0
ngê̂m	TONE_HOI	ŋe↓m	əŋɡˈɛɹ mˈəː↘	0	0	0	0
ngễm	TONE_NGA	ŋeʔ↗m	ˈɛnəː↘ðˈe→ ˈeʔ↗m	0	0	0	0
ngệm	TONE_NANG	ŋeʔ↓m	ˈɛnəː↘ðˈe→ ˈeʔ↓m	0	0	0	0
ngên	TONE_NGANG	ŋe→n	əŋɡˈɛɹ ˈɛnəː↘	0	0	0	0
ngền	TONE_HUYEN	ŋe↘n	ˈɛnəː↘ðˈe→ ˈe↘n	0	0	0	0
ngến	TONE_SAC	ŋe↗n	ˈɛnəː↘ðˈe→ ˈe↗n	0	0	0	0
ngê̂n	TONE_HOI	ŋe↓n	əŋɡˈɛɹ nˈəː↘	0	0	0	0
ngễn	TONE_NGA	ŋeʔ↗n	ˈɛnəː↘ðˈe→ ˈeʔ↗n	0	0	0	0
ngện	TONE_NANG	ŋeʔ↓n	ˈɛnəː↘ðˈe→ ˈeʔ↓n	0	0	0	0
ngếp	TONE_SAC	ŋe↗p	ˈɛnəː↘ðˈe→ ˈe↗p	0	0	0	0
ngệp	TONE_NANG	ŋeʔ↓p	ˈɛnəː↘ðˈe→ ˈeʔ↓p	0	0	0	0
ngết	TONE_SAC	ŋe↗t	ˈɛnəː↘ðˈe→ ˈe↗t	0	0	0	0
ngệt	TONE_NANG	ŋeʔ↓t	ˈɛnəː↘ðˈe→ ˈeʔ↓t	0	0	0	0
ngênh	TONE_NGANG	ŋe→ɲ	ˈɛnəː↘ðˈe→ ˈeɲ	0	0	0	0
ngềnh	TONE_HUYEN	ŋe↘ɲ	ˈɛnəː↘ðˈe→ ˈe↘ɲ	0	0	0	0
ngếnh	TONE_SAC	ŋe↗ɲ	ˈɛnəː↘ðˈe→ ˈe↗ɲ	0	0	0	0
ngê̂nh	TONE_HOI	ŋe↓ɲ	əŋɡˈɛɹ ˌɛnˈeɪʧ	0	0	0	0
ngễnh	TONE_NGA	ŋeʔ↗ɲ	ˈɛnəː↘ðˈe→ ˈeʔ↗ɲ	0	0	0	0
ngệnh	TONE_NANG	ŋeʔ↓ɲ	ˈɛnəː↘ðˈe→ ˈeʔ↓ɲ	0	0	0	0
ngếc	TONE_SAC	ŋe↗k	ˈɛnəː↘ðˈe→ ˈe↗sˈe	0	0	0	0
ngệc	TONE_NANG	ŋeʔ↓k	ˈɛnəː↘ðˈe→ ˈeʔ↓sˈe	0	0	0	0
ngếch	TONE_SAC	ŋe↗k	ˈɛnəː↘ðˈe→ ˈe↗c	0	0	0	0
ngệch	TONE_NANG	ŋeʔ↓k	ˈɛnəː↘ðˈe→ ˈeʔ↓c	0	0	0	0
ngi	TONE_NGANG	ŋi→	əŋdʒˈaɪ	0	0	0	0
ngì	TONE_HUYEN	ŋi↘	ˈɛnəː↘ zˈi↘	0	0	0	0
ngí	TONE_SAC	ŋi↗	ˈɛnəː↘ zˈi↗	0	0	0	0
ngî	TONE_HOI	ŋi↓	əŋdʒˈaɪ	0	0	0	0
ngĩ	TONE_NGA	ŋiʔ↗	ˈɛnəː↘ zˈiʔ↗	0	0	0	0
ngị	TONE_NANG	ŋiʔ↓	ˈɛnəː↘ zˈiʔ↓	0	0	0	0
ngio	TONE_NGANG	ŋi→w	ˈɛn zˈɔ	0	0	0	0
ngìo	TONE_HUYEN	ŋi↘w	ˈɛnəː↘ zˈi↘ ˈɔ	0	0	0	0
ngío	TONE_SAC	ŋi↗w	ˈɛnəː↘ zˈi↗ ˈɔ	0	0	0	0
ngîo	TONE_HOI	ŋi↓w	ˈɛn zˈɔ	0	0	0	0
ngĩo	TONE_NGA	ŋiʔ↗w	ˈɛnəː↘ zˈiʔ↗ ˈɔ	0	0	0	0
ngịo	TONE_NANG	ŋiʔ↓w	ˈɛnəː↘ zˈiʔ↓ ˈɔ	0	0	0	0
ngiu	TONE_NGANG	ŋi→w	ˈɛn zˈu	0	0	0	0
ngìu	TONE_HUYEN	ŋi↘w	ˈɛnəː↘ zˈi↘w	0	0	0	0
ngíu	TONE_SAC	ŋi↗w	ˈɛnəː↘ zˈi↗w	0	0	0	0
ngîu	TONE_HOI	ŋi↓w	ˈɛn zˈu	0	0	0	0
ngĩu	TONE_NGA	ŋiʔ↗w	ˈɛnəː↘ zˈiʔ↗w	0	0	0	0
ngịu	TONE_NANG	ŋiʔ↓w	ˈɛnəː↘ zˈiʔ↓w	0	0	0	0
ngim	TONE_NGANG	ŋi→m	ˈɛn zm	0	0	0	0
ngìm	TONE_HUYEN	ŋi↘m	ˈɛnəː↘ zˈi↘m	0	0	0	0
ngím	TONE_SAC	ŋi↗m	ˈɛnəː↘ zˈi↗m	0	0	0	0
ngîm	TONE_HOI	ŋi↓m	ˈɛn zm	0	0	0	0
ngĩm	TONE_NGA	ŋiʔ↗m	ˈɛnəː↘ zˈiʔ↗m	0	0	0	0
ngịm	TONE_NANG	ŋiʔ↓m	ˈɛnəː↘ zˈiʔ↓m	0	0	0	0
ngin	TONE_NGANG	ŋi→n	əŋdʒˈɪn	0	0	0	0
ngìn	TONE_HUYEN	ŋi↘n	ˈɛnəː↘ zˈi↘n	0	0	0	0
ngín	TONE_SAC	ŋi↗n	ˈɛnəː↘ zˈi↗n	0	0	0	0
ngîn	TONE_HOI	ŋi↓n	əŋdʒˈɪn	0	0	0	0
ngĩn	TONE_NGA	ŋiʔ↗n	ˈɛnəː↘ zˈiʔ↗n	0	0	0	0
ngịn	TONE_NANG	ŋiʔ↓n	ˈɛnəː↘ zˈiʔ↓n	0	0	0	0
ngíp	TONE_SAC	ŋi↗p	ˈɛnəː↘ zˈi↗p	0	0	0	0
ngịp	TONE_NANG	ŋiʔ↓p	ˈɛnəː↘ zˈiʔ↓p	0	0	0	0
ngít	TONE_SAC	ŋi↗t	ˈɛnəː↘ zˈi↗t	0	0	0	0
ngịt	TONE_NANG	ŋiʔ↓t	ˈɛnəː↘ zˈiʔ↓t	0	0	0	0
nginh	TONE_NGANG	ŋi→ɲ	ˈɛn zɲ	0	0	0	1
ngình	TONE_HUYEN	ŋi↘ɲ	ˈɛnəː↘ zˈi↘ɲ	0	0	0	1
ngính	TONE_SAC	ŋi↗ɲ	ˈɛnəː↘ zˈi↗ɲ	0	0	0	1
ngînh	TONE_HOI	ŋi↓ɲ	ˈɛn zɲ	0	0	0	1
ngĩnh	TONE_NGA	ŋiʔ↗ɲ	ˈɛnəː↘ zˈiʔ↗ɲ	0	0	0	1
ngịnh	TONE_NANG	ŋiʔ↓ɲ	ˈɛnəː↘ zˈiʔ↓ɲ	0	0	0	1
ngíc	TONE_SAC	ŋi↗k	ˈɛnəː↘ zˈi↗ sˈe	0	0	0	0
ngịc	TONE_NANG	ŋiʔ↓k	ˈɛnəː↘ zˈiʔ↓ sˈe	0	0	0	0
ngích	TONE_SAC	ŋi↗k	ˈɛnəː↘ zˈi↗c	0	0	0	0
ngịch	TONE_NANG	ŋiʔ↓k	ˈɛnəː↘ zˈiʔ↓c	0	0	0	0
ngy	TONE_NGANG	ŋi→	ˈɛn dʒˈaɪ	0	0	0	0
ngỳ	TONE_HUYEN	ŋi↘	ˈɛnəː↘ðˈe→ˈi↘	0	0	0	0
ngý	TONE_SAC	ŋi↗	ˈɛnəː↘ðˈe→ˈi↗	0	0	0	0
ngŷ	TONE_HOI	ŋi↓	ˈɛn dʒˈaɪ	0	0	0	0
ngỹ	TONE_NGA	ŋiʔ↗	ˈɛnəː↘ðˈe→ˈiʔ↗	0	0	0	0
ngỵ	TONE_NANG	ŋiʔ↓	ˈɛnəː↘ðˈe→ˈiʔ↓	0	0	0	0
ngyo	TONE_NGANG	ŋi→w	ˈɛn dʒˈaɪoʊ	0	0	0	0
ngỳo	TONE_HUYEN	ŋi↘w	ˈɛnəː↘ðˈe→ ˈi↘ˈɔ	0	0	0	0
ngýo	TONE_SAC	ŋi↗w	ˈɛnəː↘ðˈe→ ˈi↗ˈɔ	0	0	0	0
ngŷo	TONE_HOI	ŋi↓w	ˈɛn dʒˈaɪoʊ	0	0	0	0
ngỹo	TONE_NGA	ŋiʔ↗w	ˈɛnəː↘ðˈe→ ˈiʔ↗ˈɔ	0	0	0	0
ngỵo	TONE_NANG	ŋiʔ↓w	ˈɛnəː↘ðˈe→ ˈiʔ↓ˈɔ	0	0	0	0
ngyu	TONE_NGANG	ŋi→w	ˈɛn dʒˈaɪuː	0	0	0	0
ngỳu	TONE_HUYEN	ŋi↘w	ˈɛnəː↘ðˈe→ ˈi↘ˈu	0	0	0	0
ngýu	TONE_SAC	ŋi↗w	ˈɛnəː↘ðˈe→ ˈi↗ˈu	0	0	0	0
ngŷu	TONE_HOI	ŋi↓w	ˈɛn dʒˈaɪuː	0	0	0	0
ngỹu	TONE_NGA	ŋiʔ↗w	ˈɛnəː↘ðˈe→ ˈiʔ↗ˈu	0	0	0	0
ngỵu	TONE_NANG	ŋiʔ↓w	ˈɛnəː↘ðˈe→ ˈiʔ↓ˈu	0	0	0	0
ngym	TONE_NGANG	ŋi→m	ˈɛn dʒˈɪm	0	0	0	0
ngỳm	TONE_HUYEN	ŋi↘m	ˈɛnəː↘ðˈe→ ˈi↘ˈməː↘	0	0	0	0
ngým	TONE_SAC	ŋi↗m	ˈɛnəː↘ðˈe→ ˈi↗ˈməː↘	0	0	0	0
ngŷm	TONE_HOI	ŋi↓m	ˈɛn dʒˈɪm	0	0	0	0
ngỹm	TONE_NGA	ŋiʔ↗m	ˈɛnəː↘ðˈe→ ˈiʔ↗ˈməː↘	0	0	0	0
ngỵm	TONE_NANG	ŋiʔ↓m	ˈɛnəː↘ðˈe→ ˈiʔ↓ˈməː↘	0	0	0	0
ngyn	TONE_NGANG	ŋi→n	ˈɛn ɡˈɪn	0	0	0	0
ngỳn	TONE_HUYEN	ŋi↘n	ˈɛnəː↘ðˈe→ ˈi↘ˈɛnəː↘	0	0	0	0
ngýn	TONE_SAC	ŋi↗n	ˈɛnəː↘ðˈe→ ˈi↗ˈɛnəː↘	0	0	0	0
ngŷn	TONE_HOI	ŋi↓n	ˈɛn ɡˈɪn	0	0	0	0
ngỹn	TONE_NGA	ŋiʔ↗n	ˈɛnəː↘ðˈe→ ˈiʔ↗ˈɛnəː↘	0	0	0	0
ngỵn	TONE_NANG	ŋiʔ↓n	ˈɛnəː↘ðˈe→ ˈiʔ↓ˈɛnəː↘	0	0	0	0
ngýp	TONE_SAC	ŋi↗p	ˈɛnəː↘ðˈe→ ˈi↗pˈe	0	0	0	0
ngỵp	TONE_NANG	ŋiʔ↓p	ˈɛnəː↘ðˈe→ ˈiʔ↓pˈe	0	0	0	0
ngýt	TONE_SAC	ŋi↗t	ˈɛnəː↘ðˈe→ ˈi↗tˈe	0	0	0	0
ngỵt	TONE_NANG	ŋiʔ↓t	ˈɛnəː↘ðˈe→ ˈiʔ↓tˈe	0	0	0	0
ngynh	TONE_NGANG	ŋi→ɲ	ˈɛndʒˈiː ˈɪn	0	0	0	0
ngỳnh	TONE_HUYEN	ŋi↘ɲ	ˈɛnəː↘ðˈe→ ˈi↘ˈɛnəː↘hˈa↗t	0	0	0	0
ngýnh	TONE_SAC	ŋi↗ɲ	ˈɛnəː↘ðˈe→ ˈi↗ˈɛnəː↘hˈa↗t	0	0	0	0
ngŷnh	TONE_HOI	ŋi↓ɲ	ˈɛndʒˈiː ˈɪn	0	0	0	0
ngỹnh	TONE_NGA	ŋiʔ↗ɲ	ˈɛnəː↘ðˈe→ ˈiʔ↗ˈɛnəː↘hˈa↗t	0	0	0	0
ngỵnh	TONE_NANG	ŋiʔ↓ɲ	ˈɛnəː↘ðˈe→ ˈiʔ↓ˈɛnəː↘hˈa↗t	0	0	0	0
ngýc	TONE_SAC	ŋi↗k	ˈɛnəː↘ðˈe→ ˈi↗sˈe	0	0	0	0
ngỵc	TONE_NANG	ŋiʔ↓k	ˈɛnəː↘ðˈe→ ˈiʔ↓sˈe	0	0	0	0
ngých	TONE_SAC	ŋi↗k	ˈɛnəː↘ðˈe→ ˈi↗sˈehˈa↗t	0	0	0	0
ngỵch	TONE_NANG	ŋiʔ↓k	ˈɛnəː↘ðˈe→ ˈiʔ↓sˈehˈa↗t	0	0	0	0
ngo	TONE_NGANG	ŋɔ→	ŋˈɔ	0	0	0	0
ngò	TONE_HUYEN	ŋɔ↘	ŋˈɔ↘	1	0	0	0
ngó	TONE_SAC	ŋɔ↗	ŋˈɔ↗	1	0	0	0
ngô	TONE_HOI	ŋɔ↓	ŋˈo	0	0	0	0
ngõ	TONE_NGA	ŋɔʔ↗	ŋˈɔʔ↗	1	0	0	0
ngọ	TONE_NANG	ŋɔʔ↓	ŋˈɔʔ↓	1	0	0	0
ngoi	TONE_NGANG	ŋɔ→j	ŋˈɔj	0	0	0	0
ngòi	TONE_HUYEN	ŋɔ↘j	ŋˈɔ↘j	1	0	0	0
ngói	TONE_SAC	ŋɔ↗j	ŋˈɔ↗j	1	0	0	0
ngôi	TONE_HOI	ŋɔ↓j	ŋˈoj	0	0	0	0
ngõi	TONE_NGA	ŋɔʔ↗j	ŋˈɔʔ↗j	1	0	0	0
ngọi	TONE_NANG	ŋɔʔ↓j	ŋˈɔʔ↓j	1	0	0	0
ngoy	TONE_NGANG	ŋɔ→j	ˈɛn ɡˈɔɪ	0	0	0	0
ngòy	TONE_HUYEN	ŋɔ↘j	ŋˈɔ↘ ˈi	0	0	0	0
ngóy	TONE_SAC	ŋɔ↗j	ŋˈɔ↗ ˈi	0	0	0	0
ngôy	TONE_HOI	ŋɔ↓j	ŋˈo ˈi	0	0	0	0
ngõy	TONE_NGA	ŋɔʔ↗j	ŋˈɔʔ↗ ˈi	0	0	0	0
ngọy	TONE_NANG	ŋɔʔ↓j	ŋˈɔʔ↓ ˈi	0	0	0	0
ngom	TONE_NGANG	ŋɔ→m	ŋˈɔm	0	0	0	0
ngòm	TONE_HUYEN	ŋɔ↘m	ŋˈɔ↘m	1	0	0	0
ngóm	TONE_SAC	ŋɔ↗m	ŋˈɔ↗m	1	0	0	0
ngôm	TONE_HOI	ŋɔ↓m	ŋˈom	0	0	0	0
ngõm	TONE_NGA	ŋɔʔ↗m	ŋˈɔʔ↗m	1	0	0	0
ngọm	TONE_NANG	ŋɔʔ↓m	ŋˈɔʔ↓m	1	0	0	0
ngon	TONE_NGANG	ŋɔ→n	ŋˈɔn	0	0	0	0
ngòn	TONE_HUYEN	ŋɔ↘n	ŋˈɔ↘n	1	0	0	0
ngón	TONE_SAC	ŋɔ↗n	ŋˈɔ↗n	1	0	0	0
ngôn	TONE_HOI	ŋɔ↓n	ŋˈon	0	0	0	0
ngõn	TONE_NGA	ŋɔʔ↗n	ŋˈɔʔ↗n	1	0	0	0
ngọn	TONE_NANG	ŋɔʔ↓n	ŋˈɔʔ↓n	1	0	0	0
ngóp	TONE_SAC	ŋɔ↗p	ŋˈɔ↗p	1	0	0	0
ngọp	TONE_NANG	ŋɔʔ↓p	ŋˈɔʔ↓p	1	0	0	0
ngót	TONE_SAC	ŋɔ↗t	ŋˈɔ↗t	1	0	0	0
ngọt	TONE_NANG	ŋɔʔ↓t	ŋˈɔʔ↓t	1	0	0	0
ngong	TONE_NGANG	ŋɔ→ŋ	ŋˈɔŋ	0	0	0	0
ngòng	TONE_HUYEN	ŋɔ↘ŋ	ŋˈɔ↘ŋ	1	0	0	0
ngóng	TONE_SAC	ŋɔ↗ŋ	ŋˈɔ↗ŋ	1	0	0	0
ngông	TONE_HOI	ŋɔ↓ŋ	ŋˈoŋ	0	0	0	0
ngõng	TONE_NGA	ŋɔʔ↗ŋ	ŋˈɔʔ↗ŋ	1	0	0	0
ngọng	TONE_NANG	ŋɔʔ↓ŋ	ŋˈɔʔ↓ŋ	1	0	0	0
ngóc	TONE_SAC	ŋɔ↗k	ŋˈɔ↗k	1	0	0	0
ngọc	TONE_NANG	ŋɔʔ↓k	ŋˈɔʔ↓k	1	0	0	0
ngóch	TONE_SAC	ŋɔ↗k	ŋˈɔ↗k hˈa↗t	0	0	0	0
ngọch	TONE_NANG	ŋɔʔ↓k	ŋˈɔʔ↓k hˈa↗t	0	0	0	0
ngô	TONE_NGANG	ŋo→	ŋˈo	0	0	0	0
ngồ	TONE_HUYEN	ŋo↘	ŋˈo↘	1	0	0	0
ngố	TONE_SAC	ŋo↗	ŋˈo↗	1	0	0	0
ngô̂	TONE_HOI	ŋo↓	ŋˈo	0	0	0	0
ngỗ	TONE_NGA	ŋoʔ↗	ŋˈoʔ↗	1	0	0	0
ngộ	TONE_NANG	ŋoʔ↓	ŋˈoʔ↓	1	0	0	0
ngôi	TONE_NGANG	ŋo→j	ŋˈoj	0	0	0	0
ngồi	TONE_HUYEN	ŋo↘j	ŋˈo↘j	1	0	0	0
ngối	TONE_SAC	ŋo↗j	ŋˈo↗j	1	0	0	0
ngô̂i	TONE_HOI	ŋo↓j	ŋˈo ˈi	0	0	0	0
ngỗi	TONE_NGA	ŋoʔ↗j	ŋˈoʔ↗j	1	0	0	0
ngội	TONE_NANG	ŋoʔ↓j	ŋˈoʔ↓j	1	0	0	0
ngôy	TONE_NGANG	ŋo→j	ŋˈo ˈi	0	0	0	0
ngồy	TONE_HUYEN	ŋo↘j	ŋˈo↘ ˈi	0	0	0	0
ngốy	TONE_SAC	ŋo↗j	ŋˈo↗ ˈi	0	0	0	0
ngô̂y	TONE_HOI	ŋo↓j	ŋˈo ˈi	0	0	0	0
ngỗy	TONE_NGA	ŋoʔ↗j	ŋˈoʔ↗ ˈi	0	0	0	0
ngộy	TONE_NANG	ŋoʔ↓j	ŋˈoʔ↓ ˈi	0	0	0	0
ngôm	TONE_NGANG	ŋo→m	ŋˈom	0	0	0	0
ngồm	TONE_HUYEN	ŋo↘m	ŋˈo↘m	1	0	0	0
ngốm	TONE_SAC	ŋo↗m	ŋˈo↗m	1	0	0	0
ngô̂m	TONE_HOI	ŋo↓m	ŋˈo mˈəː↘	0	0	0	0
ngỗm	TONE_NGA	ŋoʔ↗m	ŋˈoʔ↗m	1	0	0	0
ngộm	TONE_NANG	ŋoʔ↓m	ŋˈoʔ↓m	1	0	0	0
ngôn	TONE_NGANG	ŋo→n	ŋˈon	0	0	0	0
ngồn	TONE_HUYEN	ŋo↘n	ŋˈo↘n	1	0	0	0
ngốn	TONE_SAC	ŋo↗n	ŋˈo↗n	1	0	0	0
ngô̂n	TONE_HOI	ŋo↓n	ŋˈo nˈəː↘	0	0	0	0
ngỗn	TONE_NGA	ŋoʔ↗n	ŋˈoʔ↗n	1	0	0	0
ngộn	TONE_NANG	ŋoʔ↓n	ŋˈoʔ↓n	1	0	0	0
ngốp	TONE_SAC	ŋo↗p	ŋˈo↗p	1	0	0	0
ngộp	TONE_NANG	ŋoʔ↓p	ŋˈoʔ↓p	1	0	0	0
ngốt	TONE_SAC	ŋo↗t	ŋˈo↗t	1	0	0	0
ngột	TONE_NANG	ŋoʔ↓t	ŋˈoʔ↓t	1	0	0	0
ngông	TONE_NGANG	ŋo→ŋ	ŋˈoŋ	0	0	0	0
ngồng	TONE_HUYEN	ŋo↘ŋ	ŋˈo↘ŋ	1	0	0	0
ngống	TONE_SAC	ŋo↗ŋ	ŋˈo↗ŋ	1	0	0	0
ngô̂ng	TONE_HOI	ŋo↓ŋ	ŋˈo ˌɛndʒˈiː	0	0	0	0
ngỗng	TONE_NGA	ŋoʔ↗ŋ	ŋˈoʔ↗ŋ	1	0	0	0
ngộng	TONE_NANG	ŋoʔ↓ŋ	ŋˈoʔ↓ŋ	1	0	0	0
ngốc	TONE_SAC	ŋo↗k	ŋˈo↗k	1	0	0	0
ngộc	TONE_NANG	ŋoʔ↓k	ŋˈoʔ↓k	1	0	0	0
ngốch	TONE_SAC	ŋo↗k	ŋˈo↗k hˈa↗t	0	0	0	0
ngộch	TONE_NANG	ŋoʔ↓k	ŋˈoʔ↓k hˈa↗t	0	0	0	0
ngơ	TONE_NGANG	ŋəː→	ŋˈəː	0	0	0	0
ngờ	TONE_HUYEN	ŋəː↘	ŋˈəː↘	1	0	0	0
ngớ	TONE_SAC	ŋəː↗	ŋˈəː↗	1	0	0	0
ngơ̂	TONE_HOI	ŋəː↓	ŋˈəː	0	0	0	0
ngỡ	TONE_NGA	ŋəːʔ↗	ŋˈəːʔ↗	1	0	0	0
ngợ	TONE_NANG	ŋəːʔ↓	ŋˈəːʔ↓	1	0	0	0
ngơi	TONE_NGANG	ŋəː→j	ŋˈəːj	0	0	0	0
ngời	TONE_HUYEN	ŋəː↘j	ŋˈəː↘j	1	0	0	0
ngới	TONE_SAC	ŋəː↗j	ŋˈəː↗j	1	0	0	0
ngơ̂i	TONE_HOI	ŋəː↓j	ŋˈəː ˈi	0	0	0	0
ngỡi	TONE_NGA	ŋəːʔ↗j	ŋˈəːʔ↗j	1	0	0	0
ngợi	TONE_NANG	ŋəːʔ↓j	ŋˈəːʔ↓j	1	0	0	0
ngơy	TONE_NGANG	ŋəː→j	ŋˈəː ˈi	0	0	0	0
ngờy	TONE_HUYEN	ŋəː↘j	ŋˈəː↘ ˈi	0	0	0	0
ngớy	TONE_SAC	ŋəː↗j	ŋˈəː↗ ˈi	0	0	0	0
ngơ̂y	TONE_HOI	ŋəː↓j	ŋˈəː ˈi	0	0	0	0
ngỡy	TONE_NGA	ŋəːʔ↗j	ŋˈəːʔ↗ ˈi	0	0	0	0
ngợy	TONE_NANG	ŋəːʔ↓j	ŋˈəːʔ↓ ˈi	0	0	0	0
ngơm	TONE_NGANG	ŋəː→m	ŋˈəːm	0	0	0	0
ngờm	TONE_HUYEN	ŋəː↘m	ŋˈəː↘m	1	0	0	0
ngớm	TONE_SAC	ŋəː↗m	ŋˈəː↗m	1	0	0	0
ngơ̂m	TONE_HOI	ŋəː↓m	ŋˈəː mˈəː↘	0	0	0	0
ngỡm	TONE_NGA	ŋəːʔ↗m	ŋˈəːʔ↗m	1	0	0	0
ngợm	TONE_NANG	ŋəːʔ↓m	ŋˈəːʔ↓m	1	0	0	0
ngơn	TONE_NGANG	ŋəː→n	ŋˈəːn	0	0	0	0
ngờn	TONE_HUYEN	ŋəː↘n	ŋˈəː↘n	1	0	0	0
ngớn	TONE_SAC	ŋəː↗n	ŋˈəː↗n	1	0	0	0
ngơ̂n	TONE_HOI	ŋəː↓n	ŋˈəː nˈəː↘	0	0	0	0
ngỡn	TONE_NGA	ŋəːʔ↗n	ŋˈəːʔ↗n	1	0	0	0
ngợn	TONE_NANG	ŋəːʔ↓n	ŋˈəːʔ↓n	1	0	0	0
ngớp	TONE_SAC	ŋəː↗p	ŋˈəː↗p	1	0	0	0
ngợp	TONE_NANG	ŋəːʔ↓p	ŋˈəːʔ↓p	1	0	0	0
ngớt	TONE_SAC	ŋəː↗t	ŋˈəː↗t	1	0	0	0
ngợt	TONE_NANG	ŋəːʔ↓t	ŋˈəːʔ↓t	1	0	0	0
ngớc	TONE_SAC	ŋəː↗k	ŋˈəː↗ sˈe	0	0	0	0
ngợc	TONE_NANG	ŋəːʔ↓k	ŋˈəːʔ↓ sˈe	0	0	0	0
ngớch	TONE_SAC	ŋəː↗k	ŋˈəː↗ sˈehˈa↗t	0	0	0	0
ngợch	TONE_NANG	ŋəːʔ↓k	ŋˈəːʔ↓ sˈehˈa↗t	0	0	0	0
ngu	TONE_NGANG	ŋu→	ŋˈu	0	0	0	0
ngù	TONE_HUYEN	ŋu↘	ŋˈu↘	1	0	0	0
ngú	TONE_SAC	ŋu↗	ŋˈu↗	1	0	0	0
ngû	TONE_HOI	ŋu↓	ŋˈu	0	0	0	0
ngũ	TONE_NGA	ŋuʔ↗	ŋˈuʔ↗	1	0	0	0
ngụ	TONE_NANG	ŋuʔ↓	ŋˈuʔ↓	1	0	0	0
ngui	TONE_NGANG	ŋu→j	ŋˈuj	0	0	0	0
ngùi	TONE_HUYEN	ŋu↘j	ŋˈu↘j	1	0	0	0
ngúi	TONE_SAC	ŋu↗j	ŋˈu↗j	1	0	0	0
ngûi	TONE_HOI	ŋu↓j	ŋˈuj	0	0	0	0
ngũi	TONE_NGA	ŋuʔ↗j	ŋˈuʔ↗j	1	0	0	0
ngụi	TONE_NANG	ŋuʔ↓j	ŋˈuʔ↓j	1	0	0	0
nguy	TONE_NGANG	ŋu→j	ŋwˈi	0	0	0	0
ngùy	TONE_HUYEN	ŋu↘j	ŋˈu↘ ˈi	0	0	0	0
ngúy	TONE_SAC	ŋu↗j	ŋˈu↗ ˈi	0	0	0	0
ngûy	TONE_HOI	ŋu↓j	ŋwˈi	0	0	0	0
ngũy	TONE_NGA	ŋuʔ↗j	ŋˈuʔ↗ ˈi	0	0	0	0
ngụy	TONE_NANG	ŋuʔ↓j	ŋwˈiʔ↓	1	0	0	0
ngum	TONE_NGANG	ŋu→m	ŋˈum	0	0	0	0
ngùm	TONE_HUYEN	ŋu↘m	ŋˈu↘m	1	0	0	0
ngúm	TONE_SAC	ŋu↗m	ŋˈu↗m	1	0	0	0
ngûm	TONE_HOI	ŋu↓m	ŋˈum	0	0	0	0
ngũm	TONE_NGA	ŋuʔ↗m	ŋˈuʔ↗m	1	0	0	0
ngụm	TONE_NANG	ŋuʔ↓m	ŋˈuʔ↓m	1	0	0	0
ngun	TONE_NGANG	ŋu→n	ŋˈun	0	0	0	0
ngùn	TONE_HUYEN	ŋu↘n	ŋˈu↘n	1	0	0	0
ngún	TONE_SAC	ŋu↗n	ŋˈu↗n	1	0	0	0
ngûn	TONE_HOI	ŋu↓n	ŋˈun	0	0	0	0
ngũn	TONE_NGA	ŋuʔ↗n	ŋˈuʔ↗n	1	0	0	0
ngụn	TONE_NANG	ŋuʔ↓n	ŋˈuʔ↓n	1	0	0	0
ngúp	TONE_SAC	ŋu↗p	ŋˈu↗p	1	0	0	0
ngụp	TONE_NANG	ŋuʔ↓p	ŋˈuʔ↓p	1	0	0	0
ngút	TONE_SAC	ŋu↗t	ŋˈu↗t	1	0	0	0
ngụt	TONE_NANG	ŋuʔ↓t	ŋˈuʔ↓t	1	0	0	0
ngung	TONE_NGANG	ŋu→ŋ	ŋˈuŋ	0	0	0	0
ngùng	TONE_HUYEN	ŋu↘ŋ	ŋˈu↘ŋ	1	0	0	0
ngúng	TONE_SAC	ŋu↗ŋ	ŋˈu↗ŋ	1	0	0	0
ngûng	TONE_HOI	ŋu↓ŋ	ŋˈuŋ	0	0	0	0
ngũng	TONE_NGA	ŋuʔ↗ŋ	ŋˈuʔ↗ŋ	1	0	0	0
ngụng	TONE_NANG	ŋuʔ↓ŋ	ŋˈuʔ↓ŋ	1	0	0	0
ngúc	TONE_SAC	ŋu↗k	ŋˈu↗c	1	0	0	0
ngục	TONE_NANG	ŋuʔ↓k	ŋˈuʔ↓c	1	0	0	0
ngúch	TONE_SAC	ŋu↗k	ŋˈu↗c hˈa↗t	0	0	0	0
ngụch	TONE_NANG	ŋuʔ↓k	ŋˈuʔ↓c hˈa↗t	0	0	0	0
ngư	TONE_NGANG	ŋɨ→	ŋˈy	0	0	0	0
ngừ	TONE_HUYEN	ŋɨ↘	ŋˈy↘	1	0	0	0
ngứ	TONE_SAC	ŋɨ↗	ŋˈy↗	1	0	0	0
ngư̂	TONE_HOI	ŋɨ↓	ŋˈy	0	0	0	0
ngữ	TONE_NGA	ŋɨʔ↗	ŋˈyʔ↗	1	0	0	0
ngự	TONE_NANG	ŋɨʔ↓	ŋˈyʔ↓	1	0	0	0
ngưi	TONE_NGANG	ŋɨ→j	ŋˈyj	0	0	0	0
ngừi	TONE_HUYEN	ŋɨ↘j	ŋˈy↘j	1	0	0	0
ngứi	TONE_SAC	ŋɨ↗j	ŋˈy↗j	1	0	0	0
ngư̂i	TONE_HOI	ŋɨ↓j	ŋˈy ˈi	0	0	0	0
ngữi	TONE_NGA	ŋɨʔ↗j	ŋˈyʔ↗j	1	0	0	0
ngựi	TONE_NANG	ŋɨʔ↓j	ŋˈyʔ↓j	1	0	0	0
ngưy	TONE_NGANG	ŋɨ→j	ŋˈy ˈi	0	0	0	0
ngừy	TONE_HUYEN	ŋɨ↘j	ŋˈy↘ ˈi	0	0	0	0
ngứy	TONE_SAC	ŋɨ↗j	ŋˈy↗ ˈi	0	0	0	0
ngư̂y	TONE_HOI	ŋɨ↓j	ŋˈy ˈi	0	0	0	0
ngữy	TONE_NGA	ŋɨʔ↗j	ŋˈyʔ↗ ˈi	0	0	0	0
ngựy	TONE_NANG	ŋɨʔ↓j	ŋˈyʔ↓ ˈi	0	0	0	0
ngưo	TONE_NGANG	ŋɨ→w	ŋˈy ˈɔ	0	0	0	0
ngừo	TONE_HUYEN	ŋɨ↘w	ŋˈy↘ ˈɔ	1	0	0	0
ngứo	TONE_SAC	ŋɨ↗w	ŋˈy↗ ˈɔ	1	0	0	0
ngư̂o	TONE_HOI	ŋɨ↓w	ŋˈy ˈo	0	0	0	0
ngữo	TONE_NGA	ŋɨʔ↗w	ŋˈyʔ↗ ˈɔ	1	0	0	0
ngựo	TONE_NANG	ŋɨʔ↓w	ŋˈyʔ↓ ˈɔ	1	0	0	0
ngưu	TONE_NGANG	ŋɨ→w	ŋˈiw	0	0	0	0
ngừu	TONE_HUYEN	ŋɨ↘w	ŋˈi↘w	1	0	0	0
ngứu	TONE_SAC	ŋɨ↗w	ŋˈi↗w	1	0	0	0
ngư̂u	TONE_HOI	ŋɨ↓w	ŋˈy ˈu	0	0	0	0
ngữu	TONE_NGA	ŋɨʔ↗w	ŋˈiʔ↗w	1	0	0	0
ngựu	TONE_NANG	ŋɨʔ↓w	ŋˈiʔ↓w	1	0	0	0
ngưm	TONE_NGANG	ŋɨ→m	ŋˈym	0	0	0	0
ngừm	TONE_HUYEN	ŋɨ↘m	ŋˈy↘m	1	0	0	0
ngứm	TONE_SAC	ŋɨ↗m	ŋˈy↗m	1	0	0	0
ngư̂m	TONE_HOI	ŋɨ↓m	ŋˈy mˈəː↘	0	0	0	0
ngữm	TONE_NGA	ŋɨʔ↗m	ŋˈyʔ↗m	1	0	0	0
ngựm	TONE_NANG	ŋɨʔ↓m	ŋˈyʔ↓m	1	0	0	0
ngưn	TONE_NGANG	ŋɨ→n	ŋˈyn	0	0	0	0
ngừn	TONE_HUYEN	ŋɨ↘n	ŋˈy↘n	1	0	0	0
ngứn	TONE_SAC	ŋɨ↗n	ŋˈy↗n	1	0	0	0
ngư̂n	TONE_HOI	ŋɨ↓n	ŋˈy nˈəː↘	0	0	0	0
ngữn	TONE_NGA	ŋɨʔ↗n	ŋˈyʔ↗n	1	0	0	0
ngựn	TONE_NANG	ŋɨʔ↓n	ŋˈyʔ↓n	1	0	0	0
ngứp	TONE_SAC	ŋɨ↗p	ŋˈy↗ pˈe	0	0	0	0
ngựp	TONE_NANG	ŋɨʔ↓p	ŋˈyʔ↓ pˈe	0	0	0	0
ngứt	TONE_SAC	ŋɨ↗t	ŋˈy↗t	1	0	0	0
ngựt	TONE_NANG	ŋɨʔ↓t	ŋˈyʔ↓t	1	0	0	0
ngưng	TONE_NGANG	ŋɨ→ŋ	ŋˈyŋ	0	0	0	0
ngừng	TONE_HUYEN	ŋɨ↘ŋ	ŋˈy↘ŋ	1	0	0	0
ngứng	TONE_SAC	ŋɨ↗ŋ	ŋˈy↗ŋ	1	0	0	0
ngư̂ng	TONE_HOI	ŋɨ↓ŋ	ŋˈy ˌɛndʒˈiː	0	0	0	0
ngững	TONE_NGA	ŋɨʔ↗ŋ	ŋˈyʔ↗ŋ	1	0	0	0
ngựng	TONE_NANG	ŋɨʔ↓ŋ	ŋˈyʔ↓ŋ	1	0	0	0
ngức	TONE_SAC	ŋɨ↗k	ŋˈy↗c	1	0	0	0
ngực	TONE_NANG	ŋɨʔ↓k	ŋˈyʔ↓c	1	0	0	0
ngứch	TONE_SAC	ŋɨ↗k	ŋˈy↗c hˈa↗t	0	0	0	0
ngựch	TONE_NANG	ŋɨʔ↓k	ŋˈyʔ↓c hˈa↗t	0	0	0	0
nhiê	TONE_NGANG	ɲiə→	ɲˈi ˈe	0	0	0	0
nhiề	TONE_HUYEN	ɲiə↘	ɲˈi ˈe↘	1	0	0	0
nhiế	TONE_SAC	ɲiə↗	ɲˈi ˈe↗	1	0	0	0
nhiê̂	TONE_HOI	ɲiə↓	ɲˈi ˈe	0	0	0	0
nhiễ	TONE_NGA	ɲiəʔ↗	ɲˈi ˈeʔ↗	1	0	0	0
nhiệ	TONE_NANG	ɲiəʔ↓	ɲˈi ˈeʔ↓	1	0	0	0
nhiêo	TONE_NGANG	ɲiə→w	ɲˈi ˈeˈɔ	0	0	0	0
nhiềo	TONE_HUYEN	ɲiə↘w	ɲˈi ˈe↘ˈɔ	1	0	0	0
nhiếo	TONE_SAC	ɲiə↗w	ɲˈi ˈe↗ˈɔ	1	0	0	0
nhiê̂o	TONE_HOI	ɲiə↓w	ɲˈi ˈe ˈo	0	0	0	0
nhiễo	TONE_NGA	ɲiəʔ↗w	ɲˈi ˈeʔ↗ˈɔ	1	0	0	0
nhiệo	TONE_NANG	ɲiəʔ↓w	ɲˈi ˈeʔ↓ˈɔ	1	0	0	0
nhiêu	TONE_NGANG	ɲiə→w	ɲˈiɛw	0	0	0	0
nhiều	TONE_HUYEN	ɲiə↘w	ɲˈiɛ↘w	1	0	0	0
nhiếu	TONE_SAC	ɲiə↗w	ɲˈiɛ↗w	1	0	0	0
nhiê̂u	TONE_HOI	ɲiə↓w	ɲˈi ˈe ˈu	0	0	0	0
nhiễu	TONE_NGA	ɲiəʔ↗w	ɲˈiɛʔ↗w	1	0	0	0
nhiệu	TONE_NANG	ɲiəʔ↓w	ɲˈiɛʔ↓w	1	0	0	0
nhiêm	TONE_NGANG	ɲiə→m	ɲˈiɛm	0	0	0	0
nhiềm	TONE_HUYEN	ɲiə↘m	ɲˈiɛ↘m	1	0	0	0
nhiếm	TONE_SAC	ɲiə↗m	ɲˈiɛ↗m	1	0	0	0
nhiê̂m	TONE_HOI	ɲiə↓m	ɲˈi ˈe mˈəː↘	0	0	0	0
nhiễm	TONE_NGA	ɲiəʔ↗m	ɲˈiɛʔ↗m	1	0	0	0
nhiệm	TONE_NANG	ɲiəʔ↓m	ɲˈiɛʔ↓m	1	0	0	0
nhiên	TONE_NGANG	ɲiə→n	ɲˈiɛn	0	0	0	0
nhiền	TONE_HUYEN	ɲiə↘n	ɲˈiɛ↘n	1	0	0	0
nhiến	TONE_SAC	ɲiə↗n	ɲˈiɛ↗n	1	0	0	0
nhiê̂n	TONE_HOI	ɲiə↓n	ɲˈi ˈe nˈəː↘	0	0	0	0
nhiễn	TONE_NGA	ɲiəʔ↗n	ɲˈiɛʔ↗n	1	0	0	0
nhiện	TONE_NANG	ɲiəʔ↓n	ɲˈiɛʔ↓n	1	0	0	0
nhiếp	TONE_SAC	ɲiə↗p	ɲˈiɛ↗p	1	0	0	0
nhiệp	TONE_NANG	ɲiəʔ↓p	ɲˈiɛʔ↓p	1	0	0	0
nhiết	TONE_SAC	ɲiə↗t	ɲˈiɛ↗t	1	0	0	0
nhiệt	TONE_NANG	ɲiəʔ↓t	ɲˈiɛʔ↓t	1	0	0	0
nhiêng	TONE_NGANG	ɲiə→ŋ	ɲˈiɛŋ	0	0	0	0
nhiềng	TONE_HUYEN	ɲiə↘ŋ	ɲˈiɛ↘ŋ	1	0	0	0
nhiếng	TONE_SAC	ɲiə↗ŋ	ɲˈiɛ↗ŋ	1	0	0	0
nhiê̂ng	TONE_HOI	ɲiə↓ŋ	ɲˈi ˈe ˌɛndʒˈiː	0	0	0	0
nhiễng	TONE_NGA	ɲiəʔ↗ŋ	ɲˈiɛʔ↗ŋ	1	0	0	0
nhiệng	TONE_NANG	ɲiəʔ↓ŋ	ɲˈiɛʔ↓ŋ	1	0	0	0
nhiênh	TONE_NGANG	ɲiə→ɲ	ɲˈi ˈeɲ	0	0	0	0
nhiềnh	TONE_HUYEN	ɲiə↘ɲ	ɲˈi ˈe↘ɲ	1	0	0	0
nhiếnh	TONE_SAC	ɲiə↗ɲ	ɲˈi ˈe↗ɲ	1	0	0	0
nhiê̂nh	TONE_HOI	ɲiə↓ɲ	ɲˈi ˈe ˌɛnˈeɪʧ	0	0	0	0
nhiễnh	TONE_NGA	ɲiəʔ↗ɲ	ɲˈi ˈeʔ↗ɲ	1	0	0	0
nhiệnh	TONE_NANG	ɲiəʔ↓ɲ	ɲˈi ˈeʔ↓ɲ	1	0	0	0
nhiếc	TONE_SAC	ɲiə↗k	ɲˈiɛ↗c	1	0	0	0
nhiệc	TONE_NANG	ɲiəʔ↓k	ɲˈiɛʔ↓c	1	0	0	0
nhiếch	TONE_SAC	ɲiə↗k	ɲˈi ˈe↗c	1	0	0	0
nhiệch	TONE_NANG	ɲiəʔ↓k	ɲˈi ˈeʔ↓c	1	0	0	0
nhyê	TONE_NGANG	ɲiə→	ɲˈi ˈe	0	0	0	0
nhyề	TONE_HUYEN	ɲiə↘	ɲˈi ˈe↘	1	0	0	0
nhyế	TONE_SAC	ɲiə↗	ɲˈi ˈe↗	1	0	0	0
nhyê̂	TONE_HOI	ɲiə↓	ɲˈi ˈe	0	0	0	0
nhyễ	TONE_NGA	ɲiəʔ↗	ɲˈi ˈeʔ↗	1	0	0	0
nhyệ	TONE_NANG	ɲiəʔ↓	ɲˈi ˈeʔ↓	1	0	0	0
nhyêo	TONE_NGANG	ɲiə→w	ɲˈi ˈeˈɔ	0	0	0	0
nhyềo	TONE_HUYEN	ɲiə↘w	ɲˈi ˈe↘ˈɔ	1	0	0	0
nhyếo	TONE_SAC	ɲiə↗w	ɲˈi ˈe↗ˈɔ	1	0	0	0
nhyê̂o	TONE_HOI	ɲiə↓w	ɲˈi ˈe ˈo	0	0	0	0
nhyễo	TONE_NGA	ɲiəʔ↗w	ɲˈi ˈeʔ↗ˈɔ	1	0	0	0
nhyệo	TONE_NANG	ɲiəʔ↓w	ɲˈi ˈeʔ↓ˈɔ	1	0	0	0
nhyêu	TONE_NGANG	ɲiə→w	ɲˈi ˈeˈu	0	0	0	0
nhyều	TONE_HUYEN	ɲiə↘w	ɲˈi ˈe↘ˈu	0	0	0	0
nhyếu	TONE_SAC	ɲiə↗w	ɲˈi ˈe↗ˈu	0	0	0	0
nhyê̂u	TONE_HOI	ɲiə↓w	ɲˈi ˈe ˈu	0	0	0	0
nhyễu	TONE_NGA	ɲiəʔ↗w	ɲˈi ˈeʔ↗ˈu	0	0	0	0
nhyệu	TONE_NANG	ɲiəʔ↓w	ɲˈi ˈeʔ↓ˈu	0	0	0	0
nhyêm	TONE_NGANG	ɲiə→m	ɲˈi ˈem	0	0	0	0
nhyềm	TONE_HUYEN	ɲiə↘m	ɲˈi ˈe↘m	1	0	0	0
nhyếm	TONE_SAC	ɲiə↗m	ɲˈi ˈe↗m	1	0	0	0
nhyê̂m	TONE_HOI	ɲiə↓m	ɲˈi ˈe mˈəː↘	0	0	0	0
nhyễm	TONE_NGA	ɲiəʔ↗m	ɲˈi ˈeʔ↗m	1	0	0	0
nhyệm	TONE_NANG	ɲiəʔ↓m	ɲˈi ˈeʔ↓m	1	0	0	0
nhyên	TONE_NGANG	ɲiə→n	ɲˈi ˈen	0	0	0	0
nhyền	TONE_HUYEN	ɲiə↘n	ɲˈi ˈe↘n	1	0	0	0
nhyến	TONE_SAC	ɲiə↗n	ɲˈi ˈe↗n	1	0	0	0
nhyê̂n	TONE_HOI	ɲiə↓n	ɲˈi ˈe nˈəː↘	0	0	0	0
nhyễn	TONE_NGA	ɲiəʔ↗n	ɲˈi ˈeʔ↗n	1	0	0	0
nhyện	TONE_NANG	ɲiəʔ↓n	ɲˈi ˈeʔ↓n	1	0	0	0
nhyếp	TONE_SAC	ɲiə↗p	ɲˈi ˈe↗p	1	0	0	0
nhyệp	TONE_NANG	ɲiəʔ↓p	ɲˈi ˈeʔ↓p	1	0	0	0
nhyết	TONE_SAC	ɲiə↗t	ɲˈi ˈe↗t	1	0	0	0
nhyệt	TONE_NANG	ɲiəʔ↓t	ɲˈi ˈeʔ↓t	1	0	0	0
nhyêng	TONE_NGANG	ɲiə→ŋ	ˈɛnəː↘hˈa↗t ˈiɛŋ	0	0	0	0
nhyềng	TONE_HUYEN	ɲiə↘ŋ	ˈɛnəː↘hˈa↗t ˈiɛ↘ŋ	0	0	0	0
nhyếng	TONE_SAC	ɲiə↗ŋ	ˈɛnəː↘hˈa↗t ˈiɛ↗ŋ	0	0	0	0
nhyê̂ng	TONE_HOI	ɲiə↓ŋ	ɲˈi ˈe ˌɛndʒˈiː	0	0	0	0
nhyễng	TONE_NGA	ɲiəʔ↗ŋ	ˈɛnəː↘hˈa↗t ˈiɛʔ↗ŋ	0	0	0	0
nhyệng	TONE_NANG	ɲiəʔ↓ŋ	ˈɛnəː↘hˈa↗t ˈiɛʔ↓ŋ	0	0	0	0
nhyênh	TONE_NGANG	ɲiə→ɲ	ɲˈi ˈeɲ	0	0	0	0
nhyềnh	TONE_HUYEN	ɲiə↘ɲ	ɲˈi ˈe↘ɲ	1	0	0	0
nhyếnh	TONE_SAC	ɲiə↗ɲ	ɲˈi ˈe↗ɲ	1	0	0	0
nhyê̂nh	TONE_HOI	ɲiə↓ɲ	ɲˈi ˈe ˌɛnˈeɪʧ	0	0	0	0
nhyễnh	TONE_NGA	ɲiəʔ↗ɲ	ɲˈi ˈeʔ↗ɲ	1	0	0	0
nhyệnh	TONE_NANG	ɲiəʔ↓ɲ	ɲˈi ˈeʔ↓ɲ	1	0	0	0
nhyếc	TONE_SAC	ɲiə↗k	ɲˈi ˈe↗sˈe	0	0	0	0
nhyệc	TONE_NANG	ɲiəʔ↓k	ɲˈi ˈeʔ↓sˈe	0	0	0	0
nhyếch	TONE_SAC	ɲiə↗k	ɲˈi ˈe↗c	1	0	0	0
nhyệch	TONE_NANG	ɲiəʔ↓k	ɲˈi ˈeʔ↓c	1	0	0	0
nhia	TONE_NGANG	ɲiə→	ɲˈiə	0	0	0	0
nhìa	TONE_HUYEN	ɲiə↘	ɲˈiə↘	1	0	0	0
nhía	TONE_SAC	ɲiə↗	ɲˈiə↗	1	0	0	0
nhîa	TONE_HOI	ɲiə↓	ɲˈiə	0	0	0	0
nhĩa	TONE_NGA	ɲiəʔ↗	ɲˈiəʔ↗	1	0	0	0
nhịa	TONE_NANG	ɲiəʔ↓	ɲˈiəʔ↓	1	0	0	0
nhiao	TONE_NGANG	ɲiə→w	ɲˈiə ˈoʊ	0	0	0	0
nhìao	TONE_HUYEN	ɲiə↘w	ɲˈiə↘ ˈɔ	1	0	0	0
nhíao	TONE_SAC	ɲiə↗w	ɲˈiə↗ ˈɔ	1	0	0	0
nhîao	TONE_HOI	ɲiə↓w	ɲˈiə ˈoʊ	0	0	0	0
nhĩao	TONE_NGA	ɲiəʔ↗w	ɲˈiəʔ↗ ˈɔ	1	0	0	0
nhịao	TONE_NANG	ɲiəʔ↓w	ɲˈiəʔ↓ ˈɔ	1	0	0	0
nhiau	TONE_NGANG	ɲiə→w	ɲˈiə jˈuː	0	0	0	0
nhìau	TONE_HUYEN	ɲiə↘w	ɲˈiə↘ ˈu	0	0	0	0
nhíau	TONE_SAC	ɲiə↗w	ɲˈiə↗ ˈu	0	0	0	0
nhîau	TONE_HOI	ɲiə↓w	ɲˈiə jˈuː	0	0	0	0
nhĩau	TONE_NGA	ɲiəʔ↗w	ɲˈiəʔ↗ ˈu	0	0	0	0
nhịau	TONE_NANG	ɲiəʔ↓w	ɲˈiəʔ↓ ˈu	0	0	0	0
nhiam	TONE_NGANG	ɲiə→m	ɲˈi æm	0	0	0	0
nhìam	TONE_HUYEN	ɲiə↘m	ɲˈi↘ ˈaːm	0	0	0	0
nhíam	TONE_SAC	ɲiə↗m	ɲˈi↗ ˈaːm	0	0	0	0
nhîam	TONE_HOI	ɲiə↓m	ɲˈi æm	0	0	0	0
nhĩam	TONE_NGA	ɲiəʔ↗m	ɲˈiʔ↗ ˈaːm	0	0	0	0
nhịam	TONE_NANG	ɲiəʔ↓m	ɲˈiʔ↓ ˈaːm	0	0	0	0
nhian	TONE_NGANG	ɲiə→n	ɲˈi æn	0	0	0	0
nhìan	TONE_HUYEN	ɲiə↘n	ɲˈi↘ ˈaːn	0	0	0	0
nhían	TONE_SAC	ɲiə↗n	ɲˈi↗ ˈaːn	0	0	0	0
nhîan	TONE_HOI	ɲiə↓n	ɲˈi æn	0	0	0	0
nhĩan	TONE_NGA	ɲiəʔ↗n	ɲˈiʔ↗ ˈaːn	0	0	0	0
nhịan	TONE_NANG	ɲiəʔ↓n	ɲˈiʔ↓ ˈaːn	0	0	0	0
nhíap	TONE_SAC	ɲiə↗p	ɲˈi↗ ˈaː↗p	0	0	0	0
nhịap	TONE_NANG	ɲiəʔ↓p	ɲˈiʔ↓ ˈaː↗p	0	0	0	0
nhíat	TONE_SAC	ɲiə↗t	ɲˈi↗ ˈaː↗t	0	0	0	0
nhịat	TONE_NANG	ɲiəʔ↓t	ɲˈiʔ↓ ˈaː↗t	0	0	0	0
nhiang	TONE_NGANG	ɲiə→ŋ	ɲˈi ˈaːŋ	0	0	0	0
nhìang	TONE_HUYEN	ɲiə↘ŋ	ɲˈi↘ ˈaːŋ	0	0	0	0
nhíang	TONE_SAC	ɲiə↗ŋ	ɲˈi↗ ˈaːŋ	0	0	0	0
nhîang	TONE_HOI	ɲiə↓ŋ	ɲˈi ˈaːŋ	0	0	0	0
nhĩang	TONE_NGA	ɲiəʔ↗ŋ	ɲˈiʔ↗ ˈaːŋ	0	0	0	0
nhịang	TONE_NANG	ɲiəʔ↓ŋ	ɲˈiʔ↓ ˈaːŋ	0	0	0	0
nhianh	TONE_NGANG	ɲiə→ɲ	ɲˈi ˈæɲ	0	0	0	0
nhìanh	TONE_HUYEN	ɲiə↘ɲ	ɲˈi↘ ˈæɲ	0	0	0	0
nhíanh	TONE_SAC	ɲiə↗ɲ	ɲˈi↗ ˈæɲ	0	0	0	0
nhîanh	TONE_HOI	ɲiə↓ɲ	ɲˈi ˈæɲ	0	0	0	0
nhĩanh	TONE_NGA	ɲiəʔ↗ɲ	ɲˈiʔ↗ ˈæɲ	0	0	0	0
nhịanh	TONE_NANG	ɲiəʔ↓ɲ	ɲˈiʔ↓ ˈæɲ	0	0	0	0
nhíac	TONE_SAC	ɲiə↗k	ɲˈi↗ ˈaː↗c	0	0	0	0
nhịac	TONE_NANG	ɲiəʔ↓k	ɲˈiʔ↓ ˈaː↗c	0	0	0	0
nhíach	TONE_SAC	ɲiə↗k	ɲˈi↗ ˈæ↗c	0	0	0	0
nhịach	TONE_NANG	ɲiəʔ↓k	ɲˈiʔ↓ ˈæ↗c	0	0	0	0
nhya	TONE_NGANG	ɲiə→	ˈɛn hˈaɪə	0	0	0	0
nhỳa	TONE_HUYEN	ɲiə↘	ɲˈi↘ ˈaː	0	0	0	0
nhýa	TONE_SAC	ɲiə↗	ɲˈi↗ ˈaː	0	0	0	0
nhŷa	TONE_HOI	ɲiə↓	ˈɛn hˈaɪə	0	0	0	0
nhỹa	TONE_NGA	ɲiəʔ↗	ɲˈiʔ↗ ˈaː	0	0	0	0
nhỵa	TONE_NANG	ɲiəʔ↓	ɲˈiʔ↓ ˈaː	0	0	0	0
nhyao	TONE_NGANG	ɲiə→w	ˈɛn hˈaɪaʊ	0	0	0	0
nhỳao	TONE_HUYEN	ɲiə↘w	ɲˈi↘ ˈaːˈɔ	0	0	0	0
nhýao	TONE_SAC	ɲiə↗w	ɲˈi↗ ˈaːˈɔ	0	0	0	0
nhŷao	TONE_HOI	ɲiə↓w	ˈɛn hˈaɪaʊ	0	0	0	0
nhỹao	TONE_NGA	ɲiəʔ↗w	ɲˈiʔ↗ ˈaːˈɔ	0	0	0	0
nhỵao	TONE_NANG	ɲiəʔ↓w	ɲˈiʔ↓ ˈaːˈɔ	0	0	0	0
nhyau	TONE_NGANG	ɲiə→w	ɲˈi ˈeɪjˈuː	0	0	0	0
nhỳau	TONE_HUYEN	ɲiə↘w	ɲˈi↘ ˈaːˈu	0	0	0	0
nhýau	TONE_SAC	ɲiə↗w	ɲˈi↗ ˈaːˈu	0	0	0	0
nhŷau	TONE_HOI	ɲiə↓w	ɲˈi ˈeɪjˈuː	0	0	0	0
nhỹau	TONE_NGA	ɲiəʔ↗w	ɲˈiʔ↗ ˈaːˈu	0	0	0	0
nhỵau	TONE_NANG	ɲiəʔ↓w	ɲˈiʔ↓ ˈaːˈu	0	0	0	0
nhyam	TONE_NGANG	ɲiə→m	ɲˈi æm	0	0	0	0
nhỳam	TONE_HUYEN	ɲiə↘m	ɲˈi↘ ˈaːm	0	0	0	0
nhýam	TONE_SAC	ɲiə↗m	ɲˈi↗ ˈaːm	0	0	0	0
nhŷam	TONE_HOI	ɲiə↓m	ɲˈi æm	0	0	0	0
nhỹam	TONE_NGA	ɲiəʔ↗m	ɲˈiʔ↗ ˈaːm	0	0	0	0
nhỵam	TONE_NANG	ɲiəʔ↓m	ɲˈiʔ↓ ˈaːm	0	0	0	0
nhyan	TONE_NGANG	ɲiə→n	ɲˈi æn	0	0	0	0
nhỳan	TONE_HUYEN	ɲiə↘n	ɲˈi↘ ˈaːn	0	0	0	0
nhýan	TONE_SAC	ɲiə↗n	ɲˈi↗ ˈaːn	0	0	0	0
nhŷan	TONE_HOI	ɲiə↓n	ɲˈi æn	0	0	0	0
nhỹan	TONE_NGA	ɲiəʔ↗n	ɲˈiʔ↗ ˈaːn	0	0	0	0
nhỵan	TONE_NANG	ɲiəʔ↓n	ɲˈiʔ↓ ˈaːn	0	0	0	0
nhýap	TONE_SAC	ɲiə↗p	ɲˈi↗ ˈaː↗p	0	0	0	0
nhỵap	TONE_NANG	ɲiəʔ↓p	ɲˈiʔ↓ ˈaː↗p	0	0	0	0
nhýat	TONE_SAC	ɲiə↗t	ɲˈi↗ ˈaː↗t	0	0	0	0
nhỵat	TONE_NANG	ɲiəʔ↓t	ɲˈiʔ↓ ˈaː↗t	0	0	0	0
nhyang	TONE_NGANG	ɲiə→ŋ	ɲˈi ˈaːŋ	0	0	0	0
nhỳang	TONE_HUYEN	ɲiə↘ŋ	ɲˈi↘ ˈaːŋ	0	0	0	0
nhýang	TONE_SAC	ɲiə↗ŋ	ɲˈi↗ ˈaːŋ	0	0	0	0
nhŷang	TONE_HOI	ɲiə↓ŋ	ɲˈi ˈaːŋ	0	0	0	0
nhỹang	TONE_NGA	ɲiəʔ↗ŋ	ɲˈiʔ↗ ˈaːŋ	0	0	0	0
nhỵang	TONE_NANG	ɲiəʔ↓ŋ	ɲˈiʔ↓ ˈaːŋ	0	0	0	0
nhyanh	TONE_NGANG	ɲiə→ɲ	ɲˈi ˈæɲ	0	0	0	0
nhỳanh	TONE_HUYEN	ɲiə↘ɲ	ɲˈi↘ ˈæɲ	0	0	0	0
nhýanh	TONE_SAC	ɲiə↗ɲ	ɲˈi↗ ˈæɲ	0	0	0	0
nhŷanh	TONE_HOI	ɲiə↓ɲ	ɲˈi ˈæɲ	0	0	0	0
nhỹanh	TONE_NGA	ɲiəʔ↗ɲ	ɲˈiʔ↗ ˈæɲ	0	0	0	0
nhỵanh	TONE_NANG	ɲiəʔ↓ɲ	ɲˈiʔ↓ ˈæɲ	0	0	0	0
nhýac	TONE_SAC	ɲiə↗k	ɲˈi↗ ˈaː↗c	0	0	0	0
nhỵac	TONE_NANG	ɲiəʔ↓k	ɲˈiʔ↓ ˈaː↗c	0	0	0	0
nhýach	TONE_SAC	ɲiə↗k	ɲˈi↗ ˈæ↗c	0	0	0	0
nhỵach	TONE_NANG	ɲiəʔ↓k	ɲˈiʔ↓ ˈæ↗c	0	0	0	0
nhươ	TONE_NGANG	ɲɨə→	ɲˌy ˈəː	0	0	0	0
nhườ	TONE_HUYEN	ɲɨə↘	ɲˌy ˈəː↘	1	0	0	0
nhướ	TONE_SAC	ɲɨə↗	ɲˌy ˈəː↗	1	0	0	0
nhươ̂	TONE_HOI	ɲɨə↓	ɲˌy ˈəː	0	0	0	0
nhưỡ	TONE_NGA	ɲɨəʔ↗	ɲˌy ˈəːʔ↗	1	0	0	0
nhượ	TONE_NANG	ɲɨəʔ↓	ɲˌy ˈəːʔ↓	1	0	0	0
nhươi	TONE_NGANG	ɲɨə→j	ɲˈyəj	0	0	0	0
nhười	TONE_HUYEN	ɲɨə↘j	ɲˈyə↘j	1	0	0	0
nhưới	TONE_SAC	ɲɨə↗j	ɲˈyə↗j	1	0	0	0
nhươ̂i	TONE_HOI	ɲɨə↓j	ɲˌy ˈəː ˈi	0	0	0	0
nhưỡi	TONE_NGA	ɲɨəʔ↗j	ɲˈyəʔ↗j	1	0	0	0
nhượi	TONE_NANG	ɲɨəʔ↓j	ɲˈyəʔ↓j	1	0	0	0
nhươy	TONE_NGANG	ɲɨə→j	ɲˌy ˈəːˈi	0	0	0	0
nhườy	TONE_HUYEN	ɲɨə↘j	ɲˌy ˈəː↘ˈi	0	0	0	0
nhướy	TONE_SAC	ɲɨə↗j	ɲˌy ˈəː↗ˈi	0	0	0	0
nhươ̂y	TONE_HOI	ɲɨə↓j	ɲˌy ˈəː ˈi	0	0	0	0
nhưỡy	TONE_NGA	ɲɨəʔ↗j	ɲˌy ˈəːʔ↗ˈi	0	0	0	0
nhượy	TONE_NANG	ɲɨəʔ↓j	ɲˌy ˈəːʔ↓ˈi	0	0	0	0
nhươo	TONE_NGANG	ɲɨə→w	ɲˌy ˈəːˈɔ	0	0	0	0
nhườo	TONE_HUYEN	ɲɨə↘w	ɲˌy ˈəː↘ˈɔ	1	0	0	0
nhướo	TONE_SAC	ɲɨə↗w	ɲˌy ˈəː↗ˈɔ	1	0	0	0
nhươ̂o	TONE_HOI	ɲɨə↓w	ɲˌy ˈəː ˈo	0	0	0	0
nhưỡo	TONE_NGA	ɲɨəʔ↗w	ɲˌy ˈəːʔ↗ˈɔ	1	0	0	0
nhượo	TONE_NANG	ɲɨəʔ↓w	ɲˌy ˈəːʔ↓ˈɔ	1	0	0	0
nhươu	TONE_NGANG	ɲɨə→w	ɲˈyəw	0	0	0	0
nhườu	TONE_HUYEN	ɲɨə↘w	ɲˈyə↘w	1	0	0	0
nhướu	TONE_SAC	ɲɨə↗w	ɲˈyə↗w	1	0	0	0
nhươ̂u	TONE_HOI	ɲɨə↓w	ɲˌy ˈəː ˈu	0	0	0	0
nhưỡu	TONE_NGA	ɲɨəʔ↗w	ɲˈyəʔ↗w	1	0	0	0
nhượu	TONE_NANG	ɲɨəʔ↓w	ɲˈyəʔ↓w	1	0	0	0
nhươm	TONE_NGANG	ɲɨə→m	ɲˈyəm	0	0	0	0
nhườm	TONE_HUYEN	ɲɨə↘m	ɲˈyə↘m	1	0	0	0
nhướm	TONE_SAC	ɲɨə↗m	ɲˈyə↗m	1	0	0	0
nhươ̂m	TONE_HOI	ɲɨə↓m	ɲˌy ˈəː mˈəː↘	0	0	0	0
nhưỡm	TONE_NGA	ɲɨəʔ↗m	ɲˈyəʔ↗m	1	0	0	0
nhượm	TONE_NANG	ɲɨəʔ↓m	ɲˈyəʔ↓m	1	0	0	0
nhướp	TONE_SAC	ɲɨə↗p	ɲˈyə↗p	1	0	0	0
nhượp	TONE_NANG	ɲɨəʔ↓p	ɲˈyəʔ↓p	1	0	0	0
nhướt	TONE_SAC	ɲɨə↗t	ɲˈyə↗t	1	0	0	0
nhượt	TONE_NANG	ɲɨəʔ↓t	ɲˈyəʔ↓t	1	0	0	0
nhương	TONE_NGANG	ɲɨə→ŋ	ɲˈyəŋ	0	0	0	0
nhường	TONE_HUYEN	ɲɨə↘ŋ	ɲˈyə↘ŋ	1	0	0	0
nhướng	TONE_SAC	ɲɨə↗ŋ	ɲˈyə↗ŋ	1	0	0	0
nhươ̂ng	TONE_HOI	ɲɨə↓ŋ	ɲˌy ˈəː ˌɛndʒˈiː	0	0	0	0
nhưỡng	TONE_NGA	ɲɨəʔ↗ŋ	ɲˈyəʔ↗ŋ	1	0	0	0
nhượng	TONE_NANG	ɲɨəʔ↓ŋ	ɲˈyəʔ↓ŋ	1	0	0	0
nhước	TONE_SAC	ɲɨə↗k	ɲˈyə↗c	1	0	0	0
nhược	TONE_NANG	ɲɨəʔ↓k	ɲˈyəʔ↓c	1	0	0	0
nhướch	TONE_SAC	ɲɨə↗k	ɲˈyə↗c hˈa↗t	0	0	0	0
nhượch	TONE_NANG	ɲɨəʔ↓k	ɲˈyəʔ↓c hˈa↗t	0	0	0	0
nhưa	TONE_NGANG	ɲɨə→	ɲˈyə	0	0	0	0
nhừa	TONE_HUYEN	ɲɨə↘	ɲˈyə↘	1	0	0	0
nhứa	TONE_SAC	ɲɨə↗	ɲˈyə↗	1	0	0	0
như̂a	TONE_HOI	ɲɨə↓	ɲˌy ˈaː	0	0	0	0
nhữa	TONE_NGA	ɲɨəʔ↗	ɲˈyəʔ↗	1	0	0	0
nhựa	TONE_NANG	ɲɨəʔ↓	ɲˈyəʔ↓	1	0	0	0
nhưai	TONE_NGANG	ɲɨə→j	ɲˈyə ˈi	0	0	0	0
nhừai	TONE_HUYEN	ɲɨə↘j	ɲˈyə↘ ˈi	0	0	0	0
nhứai	TONE_SAC	ɲɨə↗j	ɲˈyə↗ ˈi	0	0	0	0
như̂ai	TONE_HOI	ɲɨə↓j	ɲˌy ˈaːj	0	0	0	0
nhữai	TONE_NGA	ɲɨəʔ↗j	ɲˈyəʔ↗ ˈi	0	0	0	0
nhựai	TONE_NANG	ɲɨəʔ↓j	ɲˈyəʔ↓ ˈi	0	0	0	0
nhưay	TONE_NGANG	ɲɨə→j	ɲˈyə ˈi	0	0	0	0
nhừay	TONE_HUYEN	ɲɨə↘j	ɲˈyə↘ ˈi	0	0	0	0
nhứay	TONE_SAC	ɲɨə↗j	ɲˈyə↗ ˈi	0	0	0	0
như̂ay	TONE_HOI	ɲɨə↓j	ɲˌy ˈaj	0	0	0	0
nhữay	TONE_NGA	ɲɨəʔ↗j	ɲˈyəʔ↗ ˈi	0	0	0	0
nhựay	TONE_NANG	ɲɨəʔ↓j	ɲˈyəʔ↓ ˈi	0	0	0	0
nhưao	TONE_NGANG	ɲɨə→w	ɲˈyə ˈɔ	0	0	0	0
nhừao	TONE_HUYEN	ɲɨə↘w	ɲˈyə↘ ˈɔ	1	0	0	0
nhứao	TONE_SAC	ɲɨə↗w	ɲˈyə↗ ˈɔ	1	0	0	0
như̂ao	TONE_HOI	ɲɨə↓w	ɲˌy ˈaːw	0	0	0	0
nhữao	TONE_NGA	ɲɨəʔ↗w	ɲˈyəʔ↗ ˈɔ	1	0	0	0
nhựao	TONE_NANG	ɲɨəʔ↓w	ɲˈyəʔ↓ ˈɔ	1	0	0	0
nhưau	TONE_NGANG	ɲɨə→w	ɲˈyə ˈu	0	0	0	0
nhừau	TONE_HUYEN	ɲɨə↘w	ɲˈyə↘ ˈu	0	0	0	0
nhứau	TONE_SAC	ɲɨə↗w	ɲˈyə↗ ˈu	0	0	0	0
như̂au	TONE_HOI	ɲɨə↓w	ɲˌy ˈaw	0	0	0	0
nhữau	TONE_NGA	ɲɨəʔ↗w	ɲˈyəʔ↗ ˈu	0	0	0	0
nhựau	TONE_NANG	ɲɨəʔ↓w	ɲˈyəʔ↓ ˈu	0	0	0	0
nhưam	TONE_NGANG	ɲɨə→m	ɲˌy ˈaːm	0	0	0	0
nhừam	TONE_HUYEN	ɲɨə↘m	ɲˈy↘ ˈaːm	0	0	0	0
nhứam	TONE_SAC	ɲɨə↗m	ɲˈy↗ ˈaːm	0	0	0	0
như̂am	TONE_HOI	ɲɨə↓m	ɲˌy ˈaːm	0	0	0	0
nhữam	TONE_NGA	ɲɨəʔ↗m	ɲˈyʔ↗ ˈaːm	0	0	0	0
nhựam	TONE_NANG	ɲɨəʔ↓m	ɲˈyʔ↓ ˈaːm	0	0	0	0
nhứap	TONE_SAC	ɲɨə↗p	ɲˈy↗ ˈaː↗p	0	0	0	0
nhựap	TONE_NANG	ɲɨəʔ↓p	ɲˈyʔ↓ ˈaː↗p	0	0	0	0
nhứat	TONE_SAC	ɲɨə↗t	ɲˈy↗ ˈaː↗t	0	0	0	0
nhựat	TONE_NANG	ɲɨəʔ↓t	ɲˈyʔ↓ ˈaː↗t	0	0	0	0
nhưang	TONE_NGANG	ɲɨə→ŋ	ɲˌy ˈaːŋ	0	0	0	0
nhừang	TONE_HUYEN	ɲɨə↘ŋ	ɲˈy↘ ˈaːŋ	0	0	0	0
nhứang	TONE_SAC	ɲɨə↗ŋ	ɲˈy↗ ˈaːŋ	0	0	0	0
như̂ang	TONE_HOI	ɲɨə↓ŋ	ɲˌy ˈaːŋ	0	0	0	0
nhữang	TONE_NGA	ɲɨəʔ↗ŋ	ɲˈyʔ↗ ˈaːŋ	0	0	0	0
nhựang	TONE_NANG	ɲɨəʔ↓ŋ	ɲˈyʔ↓ ˈaːŋ	0	0	0	0
nhứac	TONE_SAC	ɲɨə↗k	ɲˈy↗ ˈaː↗c	0	0	0	0
nhựac	TONE_NANG	ɲɨəʔ↓k	ɲˈyʔ↓ ˈaː↗c	0	0	0	0
nhứach	TONE_SAC	ɲɨə↗k	ɲˈy↗ ˈæ↗c	0	0	0	0
nhựach	TONE_NANG	ɲɨəʔ↓k	ɲˈyʔ↓ ˈæ↗c	0	0	0	0
nhuô	TONE_NGANG	ɲuə→	ɲˈu ˈo	0	0	0	0
nhuồ	TONE_HUYEN	ɲuə↘	ɲˈu ˈo↘	1	0	0	0
nhuố	TONE_SAC	ɲuə↗	ɲˈu ˈo↗	1	0	0	0
nhuô̂	TONE_HOI	ɲuə↓	ɲˈu ˈo	0	0	0	0
nhuỗ	TONE_NGA	ɲuəʔ↗	ɲˈu ˈoʔ↗	1	0	0	0
nhuộ	TONE_NANG	ɲuəʔ↓	ɲˈu ˈoʔ↓	1	0	0	0
nhuôi	TONE_NGANG	ɲuə→j	ɲˈuəj	0	0	0	0
nhuồi	TONE_HUYEN	ɲuə↘j	ɲˈuə↘j	1	0	0	0
nhuối	TONE_SAC	ɲuə↗j	ɲˈuə↗j	1	0	0	0
nhuô̂i	TONE_HOI	ɲuə↓j	ɲˈu ˈo ˈi	0	0	0	0
nhuỗi	TONE_NGA	ɲuəʔ↗j	ɲˈuəʔ↗j	1	0	0	0
nhuội	TONE_NANG	ɲuəʔ↓j	ɲˈuəʔ↓j	1	0	0	0
nhuôy	TONE_NGANG	ɲuə→j	ɲˈu ˈoˈi	0	0	0	0
nhuồy	TONE_HUYEN	ɲuə↘j	ɲˈu ˈo↘ˈi	0	0	0	0
nhuốy	TONE_SAC	ɲuə↗j	ɲˈu ˈo↗ˈi	0	0	0	0
nhuô̂y	TONE_HOI	ɲuə↓j	ɲˈu ˈo ˈi	0	0	0	0
nhuỗy	TONE_NGA	ɲuəʔ↗j	ɲˈu ˈoʔ↗ˈi	0	0	0	0
nhuộy	TONE_NANG	ɲuəʔ↓j	ɲˈu ˈoʔ↓ˈi	0	0	0	0
nhuôn	TONE_NGANG	ɲuə→n	ɲˈuən	0	0	0	0
nhuồn	TONE_HUYEN	ɲuə↘n	ɲˈuə↘n	1	0	0	0
nhuốn	TONE_SAC	ɲuə↗n	ɲˈuə↗n	1	0	0	0
nhuô̂n	TONE_HOI	ɲuə↓n	ɲˈu ˈo nˈəː↘	0	0	0	0
nhuỗn	TONE_NGA	ɲuəʔ↗n	ɲˈuəʔ↗n	1	0	0	0
nhuộn	TONE_NANG	ɲuəʔ↓n	ɲˈuəʔ↓n	1	0	0	0
nhuốp	TONE_SAC	ɲuə↗p	ɲˈuə↗p	1	0	0	0
nhuộp	TONE_NANG	ɲuəʔ↓p	ɲˈuəʔ↓p	1	0	0	0
nhuốt	TONE_SAC	ɲuə↗t	ɲˈuə↗t	1	0	0	0
nhuột	TONE_NANG	ɲuəʔ↓t	ɲˈuəʔ↓t	1	0	0	0
nhuông	TONE_NGANG	ɲuə→ŋ	ɲˈuəŋ	0	0	0	0
nhuồng	TONE_HUYEN	ɲuə↘ŋ	ɲˈuə↘ŋ	1	0	0	0
nhuống	TONE_SAC	ɲuə↗ŋ	ɲˈuə↗ŋ	1	0	0	0
nhuô̂ng	TONE_HOI	ɲuə↓ŋ	ɲˈu ˈo ˌɛndʒˈiː	0	0	0	0
nhuỗng	TONE_NGA	ɲuəʔ↗ŋ	ɲˈuəʔ↗ŋ	1	0	0	0
nhuộng	TONE_NANG	ɲuəʔ↓ŋ	ɲˈuəʔ↓ŋ	1	0	0	0
nhuốc	TONE_SAC	ɲuə↗k	ɲˈuə↗c	1	0	0	0
nhuộc	TONE_NANG	ɲuəʔ↓k	ɲˈuəʔ↓c	1	0	0	0
nhuốch	TONE_SAC	ɲuə↗k	ɲˈuə↗c hˈa↗t	0	0	0	0
nhuộch	TONE_NANG	ɲuəʔ↓k	ɲˈuəʔ↓c hˈa↗t	0	0	0	0
nhua	TONE_NGANG	ɲuə→	ɲˈuə	0	0	0	0
nhùa	TONE_HUYEN	ɲuə↘	ɲˈuə↘	1	0	0	0
nhúa	TONE_SAC	ɲuə↗	ɲˈuə↗	1	0	0	0
nhûa	TONE_HOI	ɲuə↓	ɲˈuə	0	0	0	0
nhũa	TONE_NGA	ɲuəʔ↗	ɲˈuəʔ↗	1	0	0	0
nhụa	TONE_NANG	ɲuəʔ↓	ɲˈuəʔ↓	1	0	0	0
nhuai	TONE_NGANG	ɲuə→j	ˈɛn hjˈuːaɪ	0	0	0	0
nhùai	TONE_HUYEN	ɲuə↘j	ɲˈuə↘ ˈi	0	0	0	0
nhúai	TONE_SAC	ɲuə↗j	ɲˈuə↗ ˈi	0	0	0	0
nhûai	TONE_HOI	ɲuə↓j	ˈɛn hjˈuːaɪ	0	0	0	0
nhũai	TONE_NGA	ɲuəʔ↗j	ɲˈuəʔ↗ ˈi	0	0	0	0
nhụai	TONE_NANG	ɲuəʔ↓j	ɲˈuəʔ↓ ˈi	0	0	0	0
nhuay	TONE_NGANG	ɲuə→j	ˈɛn hwˈəɪ↘	0	0	0	0
nhùay	TONE_HUYEN	ɲuə↘j	ɲˈuə↘ ˈi	0	0	0	0
nhúay	TONE_SAC	ɲuə↗j	ɲˈuə↗ ˈi	0	0	0	0
nhûay	TONE_HOI	ɲuə↓j	ˈɛn hwˈəɪ↘	0	0	0	0
nhũay	TONE_NGA	ɲuəʔ↗j	ɲˈuəʔ↗ ˈi	0	0	0	0
nhụay	TONE_NANG	ɲuəʔ↓j	ɲˈuəʔ↓ ˈi	0	0	0	0
nhao	TONE_NGANG	ɲaː→w	ɲˈaːw	0	0	0	0
nhào	TONE_HUYEN	ɲaː↘w	ɲˈaː↘w	1	0	0	0
nháo	TONE_SAC	ɲaː↗w	ɲˈaː↗w	1	0	0	0
nhâo	TONE_HOI	ɲaː↓w	ˈɛnəː↘hˈa↗t ˌeɪsˈ↗ːkəmflˌɛksˈɔ	0	0	0	0
nhão	TONE_NGA	ɲaːʔ↗w	ɲˈaːʔ↗w	1	0	0	0
nhạo	TONE_NANG	ɲaːʔ↓w	ɲˈaːʔ↓w	1	0	0	0
nhau	TONE_NGANG	ɲa→w	ɲˈaw	0	0	0	0
nhàu	TONE_HUYEN	ɲa↘w	ɲˈa↘w	1	0	0	0
nháu	TONE_SAC	ɲa↗w	ɲˈa↗w	1	0	0	0
nhâu	TONE_HOI	ɲa↓w	ɲˈə→w	0	0	0	0
nhãu	TONE_NGA	ɲaʔ↗w	ɲˈaʔ↗w	1	0	0	0
nhạu	TONE_NANG	ɲaʔ↓w	ɲˈaʔ↓w	1	0	0	0
nhuan	TONE_NGANG	ɲuə→n	ɲwˈəʔ↓n	0	0	0	0
nhùan	TONE_HUYEN	ɲuə↘n	ɲˈu↘ ˈaːn	0	0	0	0
nhúan	TONE_SAC	ɲuə↗n	ɲˈu↗ ˈaːn	0	0	0	0
nhûan	TONE_HOI	ɲuə↓n	ɲwˈəʔ↓n	0	0	0	0
nhũan	TONE_NGA	ɲuəʔ↗n	ɲˈuʔ↗ ˈaːn	0	0	0	0
nhụan	TONE_NANG	ɲuəʔ↓n	ɲˈuʔ↓ ˈaːn	0	0	0	0
nhúap	TONE_SAC	ɲuə↗p	ɲˈu↗ ˈaː↗p	0	0	0	0
nhụap	TONE_NANG	ɲuəʔ↓p	ɲˈuʔ↓ ˈaː↗p	0	0	0	0
nhúat	TONE_SAC	ɲuə↗t	ɲˈu↗ ˈaː↗t	0	0	0	0
nhụat	TONE_NANG	ɲuəʔ↓t	ɲˈuʔ↓ ˈaː↗t	0	0	0	0
nhuang	TONE_NGANG	ɲuə→ŋ	ˈɛnhwˈɑːŋ	0	0	0	0
nhùang	TONE_HUYEN	ɲuə↘ŋ	ɲˈu↘ ˈaːŋ	0	0	0	0
nhúang	TONE_SAC	ɲuə↗ŋ	ɲˈu↗ ˈaːŋ	0	0	0	0
nhûang	TONE_HOI	ɲuə↓ŋ	ˈɛnhwˈɑːŋ	0	0	0	0
nhũang	TONE_NGA	ɲuəʔ↗ŋ	ɲˈuʔ↗ ˈaːŋ	0	0	0	0
nhụang	TONE_NANG	ɲuəʔ↓ŋ	ɲˈuʔ↓ ˈaːŋ	0	0	0	0
nhanh	TONE_NGANG	ɲaː→ɲ	ɲˈæɲ	0	0	0	1
nhành	TONE_HUYEN	ɲaː↘ɲ	ɲˈæ↘ɲ	1	0	0	1
nhánh	TONE_SAC	ɲaː↗ɲ	ɲˈæ↗ɲ	1	0	0	1
nhânh	TONE_HOI	ɲaː↓ɲ	ɲˈən hˈa↗t	0	0	0	1
nhãnh	TONE_NGA	ɲaːʔ↗ɲ	ɲˈæʔ↗ɲ	1	0	0	1
nhạnh	TONE_NANG	ɲaːʔ↓ɲ	ɲˈæʔ↓ɲ	1	0	0	1
nhúac	TONE_SAC	ɲuə↗k	ɲˈu↗ ˈaː↗c	0	0	0	0
nhụac	TONE_NANG	ɲuəʔ↓k	ɲˈuʔ↓ ˈaː↗c	0	0	0	0
nhúach	TONE_SAC	ɲuə↗k	ɲˈu↗ ˈæ↗c	0	0	0	0
nhụach	TONE_NANG	ɲuəʔ↓k	ɲˈuʔ↓ ˈæ↗c	0	0	0	0
nha	TONE_NGANG	ɲaː→	ɲˈaː	0	0	0	0
nhà	TONE_HUYEN	ɲaː↘	ɲˈaː↘	1	0	0	0
nhá	TONE_SAC	ɲaː↗	ɲˈaː↗	1	0	0	0
nhâ	TONE_HOI	ɲaː↓	ˈɛnəː↘hˈa↗tˌeɪsˈ↗ːkəmflˌɛks	0	0	0	0
nhã	TONE_NGA	ɲaːʔ↗	ɲˈaːʔ↗	1	0	0	0
nhạ	TONE_NANG	ɲaːʔ↓	ɲˈaːʔ↓	1	0	0	0
nhai	TONE_NGANG	ɲaː→j	ɲˈaːj	0	0	0	0
nhài	TONE_HUYEN	ɲaː↘j	ɲˈaː↘j	1	0	0	0
nhái	TONE_SAC	ɲaː↗j	ɲˈaː↗j	1	0	0	0
nhâi	TONE_HOI	ɲaː↓j	ˈɛnəː↘hˈa↗t ˌeɪsˈ↗ːkəmflˌɛksˈi	0	0	0	0
nhãi	TONE_NGA	ɲaːʔ↗j	ɲˈaːʔ↗j	1	0	0	0
nhại	TONE_NANG	ɲaːʔ↓j	ɲˈaːʔ↓j	1	0	0	0
nhay	TONE_NGANG	ɲa→j	ɲˈaj	0	0	0	0
nhày	TONE_HUYEN	ɲa↘j	ɲˈa↘j	1	0	0	0
nháy	TONE_SAC	ɲa↗j	ɲˈa↗j	1	0	0	0
nhây	TONE_HOI	ɲa↓j	ɲˈəɪ	0	0	0	0
nhãy	TONE_NGA	ɲaʔ↗j	ɲˈaʔ↗j	1	0	0	0
nhạy	TONE_NANG	ɲaʔ↓j	ɲˈaʔ↓j	1	0	0	0
nhao	TONE_NGANG	ɲaː→w	ɲˈaːw	0	0	0	0
nhào	TONE_HUYEN	ɲaː↘w	ɲˈaː↘w	1	0	0	0
nháo	TONE_SAC	ɲaː↗w	ɲˈaː↗w	1	0	0	0
nhâo	TONE_HOI	ɲaː↓w	ˈɛnəː↘hˈa↗t ˌeɪsˈ↗ːkəmflˌɛksˈɔ	0	0	0	0
nhão	TONE_NGA	ɲaːʔ↗w	ɲˈaːʔ↗w	1	0	0	0
nhạo	TONE_NANG	ɲaːʔ↓w	ɲˈaːʔ↓w	1	0	0	0
nhau	TONE_NGANG	ɲa→w	ɲˈaw	0	0	0	0
nhàu	TONE_HUYEN	ɲa↘w	ɲˈa↘w	1	0	0	0
nháu	TONE_SAC	ɲa↗w	ɲˈa↗w	1	0	0	0
nhâu	TONE_HOI	ɲa↓w	ɲˈə→w	0	0	0	0
nhãu	TONE_NGA	ɲaʔ↗w	ɲˈaʔ↗w	1	0	0	0
nhạu	TONE_NANG	ɲaʔ↓w	ɲˈaʔ↓w	1	0	0	0
nham	TONE_NGANG	ɲaː→m	ɲˈaːm	0	0	0	0
nhàm	TONE_HUYEN	ɲaː↘m	ɲˈaː↘m	1	0	0	0
nhám	TONE_SAC	ɲaː↗m	ɲˈaː↗m	1	0	0	0
nhâm	TONE_HOI	ɲaː↓m	ɲˈəm	0	0	0	0
nhãm	TONE_NGA	ɲaːʔ↗m	ɲˈaːʔ↗m	1	0	0	0
nhạm	TONE_NANG	ɲaːʔ↓m	ɲˈaːʔ↓m	1	0	0	0
nhan	TONE_NGANG	ɲaː→n	ɲˈaːn	0	0	0	0
nhàn	TONE_HUYEN	ɲaː↘n	ɲˈaː↘n	1	0	0	0
nhán	TONE_SAC	ɲaː↗n	ɲˈaː↗n	1	0	0	0
nhân	TONE_HOI	ɲaː↓n	ɲˈən	0	0	0	0
nhãn	TONE_NGA	ɲaːʔ↗n	ɲˈaːʔ↗n	1	0	0	0
nhạn	TONE_NANG	ɲaːʔ↓n	ɲˈaːʔ↓n	1	0	0	0
nháp	TONE_SAC	ɲaː↗p	ɲˈaː↗p	1	0	0	0
nhạp	TONE_NANG	ɲaːʔ↓p	ɲˈaːʔ↓p	1	0	0	0
nhát	TONE_SAC	ɲaː↗t	ɲˈaː↗t	1	0	0	0
nhạt	TONE_NANG	ɲaːʔ↓t	ɲˈaːʔ↓t	1	0	0	0
nhang	TONE_NGANG	ɲaː→ŋ	ɲˈaːŋ	0	0	0	0
nhàng	TONE_HUYEN	ɲaː↘ŋ	ɲˈaː↘ŋ	1	0	0	0
nháng	TONE_SAC	ɲaː↗ŋ	ɲˈaː↗ŋ	1	0	0	0
nhâng	TONE_HOI	ɲaː↓ŋ	ɲˈəŋ	0	0	0	0
nhãng	TONE_NGA	ɲaːʔ↗ŋ	ɲˈaːʔ↗ŋ	1	0	0	0
nhạng	TONE_NANG	ɲaːʔ↓ŋ	ɲˈaːʔ↓ŋ	1	0	0	0
nhanh	TONE_NGANG	ɲaː→ɲ	ɲˈæɲ	0	0	0	1
nhành	TONE_HUYEN	ɲaː↘ɲ	ɲˈæ↘ɲ	1	0	0	1
nhánh	TONE_SAC	ɲaː↗ɲ	ɲˈæ↗ɲ	1	0	0	1
nhânh	TONE_HOI	ɲaː↓ɲ	ɲˈən hˈa↗t	0	0	0	1
nhãnh	TONE_NGA	ɲaːʔ↗ɲ	ɲˈæʔ↗ɲ	1	0	0	1
nhạnh	TONE_NANG	ɲaːʔ↓ɲ	ɲˈæʔ↓ɲ	1	0	0	1
nhác	TONE_SAC	ɲaː↗k	ɲˈaː↗c	1	0	0	0
nhạc	TONE_NANG	ɲaːʔ↓k	ɲˈaːʔ↓c	1	0	0	0
nhách	TONE_SAC	ɲa↗k	ɲˈæ↗c	1	0	0	0
nhạch	TONE_NANG	ɲaʔ↓k	ɲˈæʔ↓c	1	0	0	0
nhă	TONE_NGANG	ɲa→	ˈɛnəː↘hˈa↗tă	0	1	0	0
nhằ	TONE_HUYEN	ɲa↘	ˈɛnəː↘hˈa↗tằ	0	1	0	0
nhắ	TONE_SAC	ɲa↗	ˈɛnəː↘hˈa↗tắ	0	1	0	0
nhă̂	TONE_HOI	ɲa↓	ˈɛnəː↘hˈa↗tă	0	1	0	0
nhẵ	TONE_NGA	ɲaʔ↗	ˈɛnəː↘hˈa↗tẵ	0	1	0	0
nhặ	TONE_NANG	ɲaʔ↓	ˈɛnəː↘hˈa↗tặ	0	1	0	0
nhăm	TONE_NGANG	ɲa→m	ɲˈam	0	0	0	0
nhằm	TONE_HUYEN	ɲa↘m	ɲˈa↘m	1	0	0	0
nhắm	TONE_SAC	ɲa↗m	ɲˈa↗m	1	0	0	0
nhă̂m	TONE_HOI	ɲa↓m	ˈɛnəː↘hˈa↗tă mˈəː↘	0	1	0	0
nhẵm	TONE_NGA	ɲaʔ↗m	ɲˈaʔ↗m	1	0	0	0
nhặm	TONE_NANG	ɲaʔ↓m	ɲˈaʔ↓m	1	0	0	0
nhăn	TONE_NGANG	ɲa→n	ɲˈan	0	0	0	0
nhằn	TONE_HUYEN	ɲa↘n	ɲˈa↘n	1	0	0	0
nhắn	TONE_SAC	ɲa↗n	ɲˈa↗n	1	0	0	0
nhă̂n	TONE_HOI	ɲa↓n	ˈɛnəː↘hˈa↗tă nˈəː↘	0	1	0	0
nhẵn	TONE_NGA	ɲaʔ↗n	ɲˈaʔ↗n	1	0	0	0
nhặn	TONE_NANG	ɲaʔ↓n	ɲˈaʔ↓n	1	0	0	0
nhắp	TONE_SAC	ɲa↗p	ɲˈa↗p	1	0	0	0
nhặp	TONE_NANG	ɲaʔ↓p	ɲˈaʔ↓p	1	0	0	0
nhắt	TONE_SAC	ɲa↗t	ɲˈa↗t	1	0	0	0
nhặt	TONE_NANG	ɲaʔ↓t	ɲˈaʔ↓t	1	0	0	0
nhăng	TONE_NGANG	ɲa→ŋ	ɲˈaŋ	0	0	0	0
nhằng	TONE_HUYEN	ɲa↘ŋ	ɲˈa↘ŋ	1	0	0	0
nhắng	TONE_SAC	ɲa↗ŋ	ɲˈa↗ŋ	1	0	0	0
nhă̂ng	TONE_HOI	ɲa↓ŋ	ˈɛnəː↘hˈa↗tă ˌɛndʒˈiː	0	1	0	0
nhẵng	TONE_NGA	ɲaʔ↗ŋ	ɲˈaʔ↗ŋ	1	0	0	0
nhặng	TONE_NANG	ɲaʔ↓ŋ	ɲˈaʔ↓ŋ	1	0	0	0
nhắc	TONE_SAC	ɲa↗k	ɲˈa↗c	1	0	0	0
nhặc	TONE_NANG	ɲaʔ↓k	ɲˈaʔ↓c	1	0	0	0
nhắch	TONE_SAC	ɲa↗k	ɲˈa↗c hˈa↗t	0	0	0	0
nhặch	TONE_NANG	ɲaʔ↓k	ɲˈaʔ↓c hˈa↗t	0	0	0	0
nhâ	TONE_NGANG	ɲə→	ˈɛnəː↘hˈa↗tˌeɪsˈ↗ːkəmflˌɛks	0	0	0	0
nhầ	TONE_HUYEN	ɲə↘	ˈɛnəː↘hˈa↗tầ	0	1	0	0
nhấ	TONE_SAC	ɲə↗	ˈɛnəː↘hˈa↗tấ	0	1	0	0
nhâ̂	TONE_HOI	ɲə↓	ˈɛnəː↘hˈa↗tˌeɪsˈ↗ːkəmflˌɛks	0	0	0	0
nhẫ	TONE_NGA	ɲəʔ↗	ˈɛnəː↘hˈa↗tẫ	0	1	0	0
nhậ	TONE_NANG	ɲəʔ↓	ˈɛnəː↘hˈa↗tậ	0	1	0	0
nhâi	TONE_NGANG	ɲə→j	ˈɛnəː↘hˈa↗t ˌeɪsˈ↗ːkəmflˌɛksˈi	0	0	0	0
nhầi	TONE_HUYEN	ɲə↘j	ˈɛnəː↘hˈa↗t ầˈi	0	1	0	0
nhấi	TONE_SAC	ɲə↗j	ˈɛnəː↘hˈa↗t ấˈi	0	1	0	0
nhâ̂i	TONE_HOI	ɲə↓j	ˈɛnəː↘hˈa↗tˌeɪsˈ↗ːkəmflˌɛks ˈi	0	0	0	0
nhẫi	TONE_NGA	ɲəʔ↗j	ˈɛnəː↘hˈa↗t ẫˈi	0	1	0	0
nhậi	TONE_NANG	ɲəʔ↓j	ˈɛnəː↘hˈa↗t ậˈi	0	1	0	0
nhây	TONE_NGANG	ɲə→j	ɲˈəɪ	0	0	0	0
nhầy	TONE_HUYEN	ɲə↘j	ɲˈəɪ↘	1	0	0	0
nhấy	TONE_SAC	ɲə↗j	ɲˈəɪ↗	1	0	0	0
nhâ̂y	TONE_HOI	ɲə↓j	ˈɛnəː↘hˈa↗tˌeɪsˈ↗ːkəmflˌɛks ˈi	0	0	0	0
nhẫy	TONE_NGA	ɲəʔ↗j	ɲˈəɪʔ↗	1	0	0	0
nhậy	TONE_NANG	ɲəʔ↓j	ɲˈəɪʔ↓	1	0	0	0
nhâo	TONE_NGANG	ɲə→w	ˈɛnəː↘hˈa↗t ˌeɪsˈ↗ːkəmflˌɛksˈɔ	0	0	0	0
nhầo	TONE_HUYEN	ɲə↘w	ˈɛnəː↘hˈa↗t ầˈɔ	0	1	0	0
nhấo	TONE_SAC	ɲə↗w	ˈɛnəː↘hˈa↗t ấˈɔ	0	1	0	0
nhâ̂o	TONE_HOI	ɲə↓w	ˈɛnəː↘hˈa↗tˌeɪsˈ↗ːkəmflˌɛks ˈo	0	0	0	0
nhẫo	TONE_NGA	ɲəʔ↗w	ˈɛnəː↘hˈa↗t ẫˈɔ	0	1	0	0
nhậo	TONE_NANG	ɲəʔ↓w	ˈɛnəː↘hˈa↗t ậˈɔ	0	1	0	0
nhâu	TONE_NGANG	ɲə→w	ɲˈə→w	1	0	0	0
nhầu	TONE_HUYEN	ɲə↘w	ɲˈə↘w	1	0	0	0
nhấu	TONE_SAC	ɲə↗w	ɲˈə↗w	1	0	0	0
nhâ̂u	TONE_HOI	ɲə↓w	ˈɛnəː↘hˈa↗tˌeɪsˈ↗ːkəmflˌɛks ˈu	0	0	0	0
nhẫu	TONE_NGA	ɲəʔ↗w	ɲˈəʔ↗w	1	0	0	0
nhậu	TONE_NANG	ɲəʔ↓w	ɲˈəʔ↓w	1	0	0	0
nhâm	TONE_NGANG	ɲə→m	ɲˈəm	0	0	0	0
nhầm	TONE_HUYEN	ɲə↘m	ɲˈə↘m	1	0	0	0
nhấm	TONE_SAC	ɲə↗m	ɲˈə↗m	1	0	0	0
nhâ̂m	TONE_HOI	ɲə↓m	ˈɛnəː↘hˈa↗tˌeɪsˈ↗ːkəmflˌɛks mˈəː↘	0	0	0	0
nhẫm	TONE_NGA	ɲəʔ↗m	ɲˈəʔ↗m	1	0	0	0
nhậm	TONE_NANG	ɲəʔ↓m	ɲˈəʔ↓m	1	0	0	0
nhân	TONE_NGANG	ɲə→n	ɲˈən	0	0	0	0
nhần	TONE_HUYEN	ɲə↘n	ɲˈə↘n	1	0	0	0
nhấn	TONE_SAC	ɲə↗n	ɲˈə↗n	1	0	0	0
nhâ̂n	TONE_HOI	ɲə↓n	ˈɛnəː↘hˈa↗tˌeɪsˈ↗ːkəmflˌɛks nˈəː↘	0	0	0	0
nhẫn	TONE_NGA	ɲəʔ↗n	ɲˈəʔ↗n	1	0	0	0
nhận	TONE_NANG	ɲəʔ↓n	ɲˈəʔ↓n	1	0	0	0
nhấp	TONE_SAC	ɲə↗p	ɲˈə↗p	1	0	0	0
nhập	TONE_NANG	ɲəʔ↓p	ɲˈəʔ↓p	1	0	0	0
nhất	TONE_SAC	ɲə↗t	ɲˈə↗t	1	0	0	0
nhật	TONE_NANG	ɲəʔ↓t	ɲˈəʔ↓t	1	0	0	0
nhâng	TONE_NGANG	ɲə→ŋ	ɲˈəŋ	0	0	0	0
nhầng	TONE_HUYEN	ɲə↘ŋ	ɲˈə↘ŋ	1	0	0	0
nhấng	TONE_SAC	ɲə↗ŋ	ɲˈə↗ŋ	1	0	0	0
nhâ̂ng	TONE_HOI	ɲə↓ŋ	ˈɛnəː↘hˈa↗tˌeɪsˈ↗ːkəmflˌɛks ˌɛndʒˈiː	0	0	0	0
nhẫng	TONE_NGA	ɲəʔ↗ŋ	ɲˈəʔ↗ŋ	1	0	0	0
nhậng	TONE_NANG	ɲəʔ↓ŋ	ɲˈəʔ↓ŋ	1	0	0	0
nhấc	TONE_SAC	ɲə↗k	ɲˈə↗c	1	0	0	0
nhậc	TONE_NANG	ɲəʔ↓k	ɲˈəʔ↓c	1	0	0	0
nhấch	TONE_SAC	ɲə↗k	ɲˈə↗c hˈa↗t	0	0	0	0
nhậch	TONE_NANG	ɲəʔ↓k	ɲˈəʔ↓c hˈa↗t	0	0	0	0
nhe	TONE_NGANG	ɲɛ→	ɲˈɛ	0	0	0	0
nhè	TONE_HUYEN	ɲɛ↘	ɲˈɛ↘	1	0	0	0
nhé	TONE_SAC	ɲɛ↗	ɲˈɛ↗	1	0	0	0
nhê	TONE_HOI	ɲɛ↓	ɲˈe	0	0	0	0
nhẽ	TONE_NGA	ɲɛʔ↗	ɲˈɛʔ↗	1	0	0	0
nhẹ	TONE_NANG	ɲɛʔ↓	ɲˈɛʔ↓	1	0	0	0
nheo	TONE_NGANG	ɲɛ→w	ɲˈɛw	0	0	0	0
nhèo	TONE_HUYEN	ɲɛ↘w	ɲˈɛ↘w	1	0	0	0
nhéo	TONE_SAC	ɲɛ↗w	ɲˈɛ↗w	1	0	0	0
nhêo	TONE_HOI	ɲɛ↓w	ɲˈe ˈɔ	0	0	0	0
nhẽo	TONE_NGA	ɲɛʔ↗w	ɲˈɛʔ↗w	1	0	0	0
nhẹo	TONE_NANG	ɲɛʔ↓w	ɲˈɛʔ↓w	1	0	0	0
nheu	TONE_NGANG	ɲɛ→w	ɲˈe↘w	0	0	0	0
nhèu	TONE_HUYEN	ɲɛ↘w	ɲˈɛ↘ ˈu	0	0	0	0
nhéu	TONE_SAC	ɲɛ↗w	ɲˈɛ↗ ˈu	0	0	0	0
nhêu	TONE_HOI	ɲɛ↓w	ɲˈe→w	0	0	0	0
nhẽu	TONE_NGA	ɲɛʔ↗w	ɲˈɛʔ↗ ˈu	0	0	0	0
nhẹu	TONE_NANG	ɲɛʔ↓w	ɲˈɛʔ↓ ˈu	0	0	0	0
nhem	TONE_NGANG	ɲɛ→m	ɲˈɛm	0	0	0	0
nhèm	TONE_HUYEN	ɲɛ↘m	ɲˈɛ↘m	1	0	0	0
nhém	TONE_SAC	ɲɛ↗m	ɲˈɛ↗m	1	0	0	0
nhêm	TONE_HOI	ɲɛ↓m	ɲˈem	0	0	0	0
nhẽm	TONE_NGA	ɲɛʔ↗m	ɲˈɛʔ↗m	1	0	0	0
nhẹm	TONE_NANG	ɲɛʔ↓m	ɲˈɛʔ↓m	1	0	0	0
nhen	TONE_NGANG	ɲɛ→n	ɲˈɛn	0	0	0	0
nhèn	TONE_HUYEN	ɲɛ↘n	ɲˈɛ↘n	1	0	0	0
nhén	TONE_SAC	ɲɛ↗n	ɲˈɛ↗n	1	0	0	0
nhên	TONE_HOI	ɲɛ↓n	ɲˈen	0	0	0	0
nhẽn	TONE_NGA	ɲɛʔ↗n	ɲˈɛʔ↗n	1	0	0	0
nhẹn	TONE_NANG	ɲɛʔ↓n	ɲˈɛʔ↓n	1	0	0	0
nhép	TONE_SAC	ɲɛ↗p	ɲˈɛ↗p	1	0	0	0
nhẹp	TONE_NANG	ɲɛʔ↓p	ɲˈɛʔ↓p	1	0	0	0
nhét	TONE_SAC	ɲɛ↗t	ɲˈɛ↗t	1	0	0	0
nhẹt	TONE_NANG	ɲɛʔ↓t	ɲˈɛʔ↓t	1	0	0	0
nheng	TONE_NGANG	ɲɛ→ŋ	ɲˈɛŋ	0	0	0	0
nhèng	TONE_HUYEN	ɲɛ↘ŋ	ɲˈɛ↘ŋ	1	0	0	0
nhéng	TONE_SAC	ɲɛ↗ŋ	ɲˈɛ↗ŋ	1	0	0	0
nhêng	TONE_HOI	ɲɛ↓ŋ	ɲˈen ðˈe→	0	0	0	0
nhẽng	TONE_NGA	ɲɛʔ↗ŋ	ɲˈɛʔ↗ŋ	1	0	0	0
nhẹng	TONE_NANG	ɲɛʔ↓ŋ	ɲˈɛʔ↓ŋ	1	0	0	0
nhéc	TONE_SAC	ɲɛ↗k	ɲˈɛ↗c	1	0	0	0
nhẹc	TONE_NANG	ɲɛʔ↓k	ɲˈɛʔ↓c	1	0	0	0
nhéch	TONE_SAC	ɲɛ↗k	ɲˈɛ↗c hˈa↗t	0	0	0	0
nhẹch	TONE_NANG	ɲɛʔ↓k	ɲˈɛʔ↓c hˈa↗t	0	0	0	0
nhê	TONE_NGANG	ɲe→	ɲˈe	0	0	0	0
nhề	TONE_HUYEN	ɲe↘	ɲˈe↘	1	0	0	0
nhế	TONE_SAC	ɲe↗	ɲˈe↗	1	0	0	0
nhê̂	TONE_HOI	ɲe↓	ɲˈe	0	0	0	0
nhễ	TONE_NGA	ɲeʔ↗	ɲˈeʔ↗	1	0	0	0
nhệ	TONE_NANG	ɲeʔ↓	ɲˈeʔ↓	1	0	0	0
nhêo	TONE_NGANG	ɲe→w	ɲˈe ˈɔ	0	0	0	0
nhềo	TONE_HUYEN	ɲe↘w	ɲˈe↘ ˈɔ	1	0	0	0
nhếo	TONE_SAC	ɲe↗w	ɲˈe↗ ˈɔ	1	0	0	0
nhê̂o	TONE_HOI	ɲe↓w	ɲˈe ˈo	0	0	0	0
nhễo	TONE_NGA	ɲeʔ↗w	ɲˈeʔ↗ ˈɔ	1	0	0	0
nhệo	TONE_NANG	ɲeʔ↓w	ɲˈeʔ↓ ˈɔ	1	0	0	0
nhêu	TONE_NGANG	ɲe→w	ɲˈe→w	1	0	0	0
nhều	TONE_HUYEN	ɲe↘w	ɲˈe↘w	1	0	0	0
nhếu	TONE_SAC	ɲe↗w	ɲˈe↗w	1	0	0	0
nhê̂u	TONE_HOI	ɲe↓w	ɲˈe ˈu	0	0	0	0
nhễu	TONE_NGA	ɲeʔ↗w	ɲˈeʔ↗w	1	0	0	0
nhệu	TONE_NANG	ɲeʔ↓w	ɲˈeʔ↓w	1	0	0	0
nhêm	TONE_NGANG	ɲe→m	ɲˈem	0	0	0	0
nhềm	TONE_HUYEN	ɲe↘m	ɲˈe↘m	1	0	0	0
nhếm	TONE_SAC	ɲe↗m	ɲˈe↗m	1	0	0	0
nhê̂m	TONE_HOI	ɲe↓m	ɲˈe mˈəː↘	0	0	0	0
nhễm	TONE_NGA	ɲeʔ↗m	ɲˈeʔ↗m	1	0	0	0
nhệm	TONE_NANG	ɲeʔ↓m	ɲˈeʔ↓m	1	0	0	0
nhên	TONE_NGANG	ɲe→n	ɲˈen	0	0	0	0
nhền	TONE_HUYEN	ɲe↘n	ɲˈe↘n	1	0	0	0
nhến	TONE_SAC	ɲe↗n	ɲˈe↗n	1	0	0	0
nhê̂n	TONE_HOI	ɲe↓n	ɲˈe nˈəː↘	0	0	0	0
nhễn	TONE_NGA	ɲeʔ↗n	ɲˈeʔ↗n	1	0	0	0
nhện	TONE_NANG	ɲeʔ↓n	ɲˈeʔ↓n	1	0	0	0
nhếp	TONE_SAC	ɲe↗p	ɲˈe↗p	1	0	0	0
nhệp	TONE_NANG	ɲeʔ↓p	ɲˈeʔ↓p	1	0	0	0
nhết	TONE_SAC	ɲe↗t	ɲˈe↗t	1	0	0	0
nhệt	TONE_NANG	ɲeʔ↓t	ɲˈeʔ↓t	1	0	0	0
nhênh	TONE_NGANG	ɲe→ɲ	ɲˈeɲ	0	0	0	0
nhềnh	TONE_HUYEN	ɲe↘ɲ	ɲˈe↘ɲ	1	0	0	0
nhếnh	TONE_SAC	ɲe↗ɲ	ɲˈe↗ɲ	1	0	0	0
nhê̂nh	TONE_HOI	ɲe↓ɲ	ɲˈe ˌɛnˈeɪʧ	0	0	0	0
nhễnh	TONE_NGA	ɲeʔ↗ɲ	ɲˈeʔ↗ɲ	1	0	0	0
nhệnh	TONE_NANG	ɲeʔ↓ɲ	ɲˈeʔ↓ɲ	1	0	0	0
nhếc	TONE_SAC	ɲe↗k	ɲˈe↗ sˈe	0	0	0	0
nhệc	TONE_NANG	ɲeʔ↓k	ɲˈeʔ↓ sˈe	0	0	0	0
nhếch	TONE_SAC	ɲe↗k	ɲˈe↗c	1	0	0	0
nhệch	TONE_NANG	ɲeʔ↓k	ɲˈeʔ↓c	1	0	0	0
nhi	TONE_NGANG	ɲi→	ɲˈi	0	0	0	0
nhì	TONE_HUYEN	ɲi↘	ɲˈi↘	1	0	0	0
nhí	TONE_SAC	ɲi↗	ɲˈi↗	1	0	0	0
nhî	TONE_HOI	ɲi↓	ɲˈi	0	0	0	0
nhĩ	TONE_NGA	ɲiʔ↗	ɲˈiʔ↗	1	0	0	0
nhị	TONE_NANG	ɲiʔ↓	ɲˈiʔ↓	1	0	0	0
nhio	TONE_NGANG	ɲi→w	ˈɛn hˈiːoʊ	0	0	0	0
nhìo	TONE_HUYEN	ɲi↘w	ɲˈi↘ ˈɔ	1	0	0	0
nhío	TONE_SAC	ɲi↗w	ɲˈi↗ ˈɔ	1	0	0	0
nhîo	TONE_HOI	ɲi↓w	ˈɛn hˈiːoʊ	0	0	0	0
nhĩo	TONE_NGA	ɲiʔ↗w	ɲˈiʔ↗ ˈɔ	1	0	0	0
nhịo	TONE_NANG	ɲiʔ↓w	ɲˈiʔ↓ ˈɔ	1	0	0	0
nhiu	TONE_NGANG	ɲi→w	ɲˈiw	0	0	0	0
nhìu	TONE_HUYEN	ɲi↘w	ɲˈi↘w	1	0	0	0
nhíu	TONE_SAC	ɲi↗w	ɲˈi↗w	1	0	0	0
nhîu	TONE_HOI	ɲi↓w	ɲˈiw	0	0	0	0
nhĩu	TONE_NGA	ɲiʔ↗w	ɲˈiʔ↗w	1	0	0	0
nhịu	TONE_NANG	ɲiʔ↓w	ɲˈiʔ↓w	1	0	0	0
nhim	TONE_NGANG	ɲi→m	ɲˈim	0	0	0	0
nhìm	TONE_HUYEN	ɲi↘m	ɲˈi↘m	1	0	0	0
nhím	TONE_SAC	ɲi↗m	ɲˈi↗m	1	0	0	0
nhîm	TONE_HOI	ɲi↓m	ɲˈim	0	0	0	0
nhĩm	TONE_NGA	ɲiʔ↗m	ɲˈiʔ↗m	1	0	0	0
nhịm	TONE_NANG	ɲiʔ↓m	ɲˈiʔ↓m	1	0	0	0
nhin	TONE_NGANG	ɲi→n	ɲˈin	0	0	0	0
nhìn	TONE_HUYEN	ɲi↘n	ɲˈi↘n	1	0	0	0
nhín	TONE_SAC	ɲi↗n	ɲˈi↗n	1	0	0	0
nhîn	TONE_HOI	ɲi↓n	ɲˈin	0	0	0	0
nhĩn	TONE_NGA	ɲiʔ↗n	ɲˈiʔ↗n	1	0	0	0
nhịn	TONE_NANG	ɲiʔ↓n	ɲˈiʔ↓n	1	0	0	0
nhíp	TONE_SAC	ɲi↗p	ɲˈi↗p	1	0	0	0
nhịp	TONE_NANG	ɲiʔ↓p	ɲˈiʔ↓p	1	0	0	0
nhít	TONE_SAC	ɲi↗t	ɲˈi↗t	1	0	0	0
nhịt	TONE_NANG	ɲiʔ↓t	ɲˈiʔ↓t	1	0	0	0
nhinh	TONE_NGANG	ɲi→ɲ	ɲˈiɲ	0	0	0	1
nhình	TONE_HUYEN	ɲi↘ɲ	ɲˈi↘ɲ	1	0	0	1
nhính	TONE_SAC	ɲi↗ɲ	ɲˈi↗ɲ	1	0	0	1
nhînh	TONE_HOI	ɲi↓ɲ	ɲˈiɲ	0	0	0	1
nhĩnh	TONE_NGA	ɲiʔ↗ɲ	ɲˈiʔ↗ɲ	1	0	0	1
nhịnh	TONE_NANG	ɲiʔ↓ɲ	ɲˈiʔ↓ɲ	1	0	0	1
nhíc	TONE_SAC	ɲi↗k	ɲˈi↗ sˈe	0	0	0	0
nhịc	TONE_NANG	ɲiʔ↓k	ɲˈiʔ↓ sˈe	0	0	0	0
nhích	TONE_SAC	ɲi↗k	ɲˈi↗c	1	0	0	0
nhịch	TONE_NANG	ɲiʔ↓k	ɲˈiʔ↓c	1	0	0	0
nhy	TONE_NGANG	ɲi→	ɲˈi	0	0	0	0
nhỳ	TONE_HUYEN	ɲi↘	ɲˈi↘	1	0	0	0
nhý	TONE_SAC	ɲi↗	ɲˈi↗	1	0	0	0
nhŷ	TONE_HOI	ɲi↓	ɲˈi	0	0	0	0
nhỹ	TONE_NGA	ɲiʔ↗	ɲˈiʔ↗	1	0	0	0
nhỵ	TONE_NANG	ɲiʔ↓	ɲˈiʔ↓	1	0	0	0
nhyo	TONE_NGANG	ɲi→w	ˈɛn hˈaɪoʊ	0	0	0	0
nhỳo	TONE_HUYEN	ɲi↘w	ɲˈi↘ ˈɔ	1	0	0	0
nhýo	TONE_SAC	ɲi↗w	ɲˈi↗ ˈɔ	1	0	0	0
nhŷo	TONE_HOI	ɲi↓w	ˈɛn hˈaɪoʊ	0	0	0	0
nhỹo	TONE_NGA	ɲiʔ↗w	ɲˈiʔ↗ ˈɔ	1	0	0	0
nhỵo	TONE_NANG	ɲiʔ↓w	ɲˈiʔ↓ ˈɔ	1	0	0	0
nhyu	TONE_NGANG	ɲi→w	ˈɛn hˈaɪuː	0	0	0	0
nhỳu	TONE_HUYEN	ɲi↘w	ɲˈi↘ ˈu	0	0	0	0
nhýu	TONE_SAC	ɲi↗w	ɲˈi↗ ˈu	0	0	0	0
nhŷu	TONE_HOI	ɲi↓w	ˈɛn hˈaɪuː	0	0	0	0
nhỹu	TONE_NGA	ɲiʔ↗w	ɲˈiʔ↗ ˈu	0	0	0	0
nhỵu	TONE_NANG	ɲiʔ↓w	ɲˈiʔ↓ ˈu	0	0	0	0
nhym	TONE_NGANG	ɲi→m	ˈɛn hˈɪm	0	0	0	0
nhỳm	TONE_HUYEN	ɲi↘m	ɲˈi↘ ˈməː↘	0	0	0	0
nhým	TONE_SAC	ɲi↗m	ɲˈi↗ ˈməː↘	0	0	0	0
nhŷm	TONE_HOI	ɲi↓m	ˈɛn hˈɪm	0	0	0	0
nhỹm	TONE_NGA	ɲiʔ↗m	ɲˈiʔ↗ ˈməː↘	0	0	0	0
nhỵm	TONE_NANG	ɲiʔ↓m	ɲˈiʔ↓ ˈməː↘	0	0	0	0
nhyn	TONE_NGANG	ɲi→n	ɲˈi ˈɛn	0	0	0	0
nhỳn	TONE_HUYEN	ɲi↘n	ɲˈi↘ ˈɛnəː↘	0	0	0	0
nhýn	TONE_SAC	ɲi↗n	ɲˈi↗ ˈɛnəː↘	0	0	0	0
nhŷn	TONE_HOI	ɲi↓n	ɲˈi ˈɛn	0	0	0	0
nhỹn	TONE_NGA	ɲiʔ↗n	ɲˈiʔ↗ ˈɛnəː↘	0	0	0	0
nhỵn	TONE_NANG	ɲiʔ↓n	ɲˈiʔ↓ ˈɛnəː↘	0	0	0	0
nhýp	TONE_SAC	ɲi↗p	ɲˈi↗ pˈe	0	0	0	0
nhỵp	TONE_NANG	ɲiʔ↓p	ɲˈiʔ↓ pˈe	0	0	0	0
nhýt	TONE_SAC	ɲi↗t	ɲˈi↗ tˈe	0	0	0	0
nhỵt	TONE_NANG	ɲiʔ↓t	ɲˈiʔ↓ tˈe	0	0	0	0
nhynh	TONE_NGANG	ɲi→ɲ	ˈɛnˈeɪʧ ˈɪn	0	0	0	0
nhỳnh	TONE_HUYEN	ɲi↘ɲ	ɲˈi↘ ˈɛnəː↘hˈa↗t	0	0	0	0
nhýnh	TONE_SAC	ɲi↗ɲ	ɲˈi↗ ˈɛnəː↘hˈa↗t	0	0	0	0
nhŷnh	TONE_HOI	ɲi↓ɲ	ˈɛnˈeɪʧ ˈɪn	0	0	0	0
nhỹnh	TONE_NGA	ɲiʔ↗ɲ	ɲˈiʔ↗ ˈɛnəː↘hˈa↗t	0	0	0	0
nhỵnh	TONE_NANG	ɲiʔ↓ɲ	ɲˈiʔ↓ ˈɛnəː↘hˈa↗t	0	0	0	0
nhýc	TONE_SAC	ɲi↗k	ɲˈi↗ sˈe	0	0	0	0
nhỵc	TONE_NANG	ɲiʔ↓k	ɲˈiʔ↓ sˈe	0	0	0	0
nhých	TONE_SAC	ɲi↗k	ɲˈi↗ sˈehˈa↗t	0	0	0	0
nhỵch	TONE_NANG	ɲiʔ↓k	ɲˈiʔ↓ sˈehˈa↗t	0	0	0	0
nho	TONE_NGANG	ɲɔ→	ɲˈɔ	0	0	0	0
nhò	TONE_HUYEN	ɲɔ↘	ɲˈɔ↘	1	0	0	0
nhó	TONE_SAC	ɲɔ↗	ɲˈɔ↗	1	0	0	0
nhô	TONE_HOI	ɲɔ↓	ɲˈo	0	0	0	0
nhõ	TONE_NGA	ɲɔʔ↗	ɲˈɔʔ↗	1	0	0	0
nhọ	TONE_NANG	ɲɔʔ↓	ɲˈɔʔ↓	1	0	0	0
nhoi	TONE_NGANG	ɲɔ→j	ɲˈɔj	0	0	0	0
nhòi	TONE_HUYEN	ɲɔ↘j	ɲˈɔ↘j	1	0	0	0
nhói	TONE_SAC	ɲɔ↗j	ɲˈɔ↗j	1	0	0	0
nhôi	TONE_HOI	ɲɔ↓j	ɲˈoj	0	0	0	0
nhõi	TONE_NGA	ɲɔʔ↗j	ɲˈɔʔ↗j	1	0	0	0
nhọi	TONE_NANG	ɲɔʔ↓j	ɲˈɔʔ↓j	1	0	0	0
nhoy	TONE_NGANG	ɲɔ→j	ˈɛn hˈɔɪ	0	0	0	0
nhòy	TONE_HUYEN	ɲɔ↘j	ɲˈɔ↘ ˈi	0	0	0	0
nhóy	TONE_SAC	ɲɔ↗j	ɲˈɔ↗ ˈi	0	0	0	0
nhôy	TONE_HOI	ɲɔ↓j	ɲˈo ˈi	0	0	0	0
nhõy	TONE_NGA	ɲɔʔ↗j	ɲˈɔʔ↗ ˈi	0	0	0	0
nhọy	TONE_NANG	ɲɔʔ↓j	ɲˈɔʔ↓ ˈi	0	0	0	0
nhom	TONE_NGANG	ɲɔ→m	ɲˈɔm	0	0	0	0
nhòm	TONE_HUYEN	ɲɔ↘m	ɲˈɔ↘m	1	0	0	0
nhóm	TONE_SAC	ɲɔ↗m	ɲˈɔ↗m	1	0	0	0
nhôm	TONE_HOI	ɲɔ↓m	ɲˈom	0	0	0	0
nhõm	TONE_NGA	ɲɔʔ↗m	ɲˈɔʔ↗m	1	0	0	0
nhọm	TONE_NANG	ɲɔʔ↓m	ɲˈɔʔ↓m	1	0	0	0
nhon	TONE_NGANG	ɲɔ→n	ɲˈɔn	0	0	0	0
nhòn	TONE_HUYEN	ɲɔ↘n	ɲˈɔ↘n	1	0	0	0
nhón	TONE_SAC	ɲɔ↗n	ɲˈɔ↗n	1	0	0	0
nhôn	TONE_HOI	ɲɔ↓n	ɲˈon	0	0	0	0
nhõn	TONE_NGA	ɲɔʔ↗n	ɲˈɔʔ↗n	1	0	0	0
nhọn	TONE_NANG	ɲɔʔ↓n	ɲˈɔʔ↓n	1	0	0	0
nhóp	TONE_SAC	ɲɔ↗p	ɲˈɔ↗p	1	0	0	0
nhọp	TONE_NANG	ɲɔʔ↓p	ɲˈɔʔ↓p	1	0	0	0
nhót	TONE_SAC	ɲɔ↗t	ɲˈɔ↗t	1	0	0	0
nhọt	TONE_NANG	ɲɔʔ↓t	ɲˈɔʔ↓t	1	0	0	0
nhong	TONE_NGANG	ɲɔ→ŋ	ɲˈɔŋ	0	0	0	0
nhòng	TONE_HUYEN	ɲɔ↘ŋ	ɲˈɔ↘ŋ	1	0	0	0
nhóng	TONE_SAC	ɲɔ↗ŋ	ɲˈɔ↗ŋ	1	0	0	0
nhông	TONE_HOI	ɲɔ↓ŋ	ɲˈoŋ	0	0	0	0
nhõng	TONE_NGA	ɲɔʔ↗ŋ	ɲˈɔʔ↗ŋ	1	0	0	0
nhọng	TONE_NANG	ɲɔʔ↓ŋ	ɲˈɔʔ↓ŋ	1	0	0	0
nhóc	TONE_SAC	ɲɔ↗k	ɲˈɔ↗k	1	0	0	0
nhọc	TONE_NANG	ɲɔʔ↓k	ɲˈɔʔ↓k	1	0	0	0
nhóch	TONE_SAC	ɲɔ↗k	ɲˈɔ↗k hˈa↗t	0	0	0	0
nhọch	TONE_NANG	ɲɔʔ↓k	ɲˈɔʔ↓k hˈa↗t	0	0	0	0
nhô	TONE_NGANG	ɲo→	ɲˈo	0	0	0	0
nhồ	TONE_HUYEN	ɲo↘	ɲˈo↘	1	0	0	0
nhố	TONE_SAC	ɲo↗	ɲˈo↗	1	0	0	0
nhô̂	TONE_HOI	ɲo↓	ɲˈo	0	0	0	0
nhỗ	TONE_NGA	ɲoʔ↗	ɲˈoʔ↗	1	0	0	0
nhộ	TONE_NANG	ɲoʔ↓	ɲˈoʔ↓	1	0	0	0
nhôi	TONE_NGANG	ɲo→j	ɲˈoj	0	0	0	0
nhồi	TONE_HUYEN	ɲo↘j	ɲˈo↘j	1	0	0	0
nhối	TONE_SAC	ɲo↗j	ɲˈo↗j	1	0	0	0
nhô̂i	TONE_HOI	ɲo↓j	ɲˈo ˈi	0	0	0	0
nhỗi	TONE_NGA	ɲoʔ↗j	ɲˈoʔ↗j	1	0	0	0
nhội	TONE_NANG	ɲoʔ↓j	ɲˈoʔ↓j	1	0	0	0
nhôy	TONE_NGANG	ɲo→j	ɲˈo ˈi	0	0	0	0
nhồy	TONE_HUYEN	ɲo↘j	ɲˈo↘ ˈi	0	0	0	0
nhốy	TONE_SAC	ɲo↗j	ɲˈo↗ ˈi	0	0	0	0
nhô̂y	TONE_HOI	ɲo↓j	ɲˈo ˈi	0	0	0	0
nhỗy	TONE_NGA	ɲoʔ↗j	ɲˈoʔ↗ ˈi	0	0	0	0
nhộy	TONE_NANG	ɲoʔ↓j	ɲˈoʔ↓ ˈi	0	0	0	0
nhôm	TONE_NGANG	ɲo→m	ɲˈom	0	0	0	0
nhồm	TONE_HUYEN	ɲo↘m	ɲˈo↘m	1	0	0	0
nhốm	TONE_SAC	ɲo↗m	ɲˈo↗m	1	0	0	0
nhô̂m	TONE_HOI	ɲo↓m	ɲˈo mˈəː↘	0	0	0	0
nhỗm	TONE_NGA	ɲoʔ↗m	ɲˈoʔ↗m	1	0	0	0
nhộm	TONE_NANG	ɲoʔ↓m	ɲˈoʔ↓m	1	0	0	0
nhôn	TONE_NGANG	ɲo→n	ɲˈon	0	0	0	0
nhồn	TONE_HUYEN	ɲo↘n	ɲˈo↘n	1	0	0	0
nhốn	TONE_SAC	ɲo↗n	ɲˈo↗n	1	0	0	0
nhô̂n	TONE_HOI	ɲo↓n	ɲˈo nˈəː↘	0	0	0	0
nhỗn	TONE_NGA	ɲoʔ↗n	ɲˈoʔ↗n	1	0	0	0
nhộn	TONE_NANG	ɲoʔ↓n	ɲˈoʔ↓n	1	0	0	0
nhốp	TONE_SAC	ɲo↗p	ɲˈo↗p	1	0	0	0
nhộp	TONE_NANG	ɲoʔ↓p	ɲˈoʔ↓p	1	0	0	0
nhốt	TONE_SAC	ɲo↗t	ɲˈo↗t	1	0	0	0
nhột	TONE_NANG	ɲoʔ↓t	ɲˈoʔ↓t	1	0	0	0
nhông	TONE_NGANG	ɲo→ŋ	ɲˈoŋ	0	0	0	0
nhồng	TONE_HUYEN	ɲo↘ŋ	ɲˈo↘ŋ	1	0	0	0
nhống	TONE_SAC	ɲo↗ŋ	ɲˈo↗ŋ	1	0	0	0
nhô̂ng	TONE_HOI	ɲo↓ŋ	ɲˈo ˌɛndʒˈiː	0	0	0	0
nhỗng	TONE_NGA	ɲoʔ↗ŋ	ɲˈoʔ↗ŋ	1	0	0	0
nhộng	TONE_NANG	ɲoʔ↓ŋ	ɲˈoʔ↓ŋ	1	0	0	0
nhốc	TONE_SAC	ɲo↗k	ɲˈo↗k	1	0	0	0
nhộc	TONE_NANG	ɲoʔ↓k	ɲˈoʔ↓k	1	0	0	0
nhốch	TONE_SAC	ɲo↗k	ɲˈo↗k hˈa↗t	0	0	0	0
nhộch	TONE_NANG	ɲoʔ↓k	ɲˈoʔ↓k hˈa↗t	0	0	0	0
nhơ	TONE_NGANG	ɲəː→	ɲˈəː	0	0	0	0
nhờ	TONE_HUYEN	ɲəː↘	ɲˈəː↘	1	0	0	0
nhớ	TONE_SAC	ɲəː↗	ɲˈəː↗	1	0	0	0
nhơ̂	TONE_HOI	ɲəː↓	ɲˈəː	0	0	0	0
nhỡ	TONE_NGA	ɲəːʔ↗	ɲˈəːʔ↗	1	0	0	0
nhợ	TONE_NANG	ɲəːʔ↓	ɲˈəːʔ↓	1	0	0	0
nhơi	TONE_NGANG	ɲəː→j	ɲˈəːj	0	0	0	0
nhời	TONE_HUYEN	ɲəː↘j	ɲˈəː↘j	1	0	0	0
nhới	TONE_SAC	ɲəː↗j	ɲˈəː↗j	1	0	0	0
nhơ̂i	TONE_HOI	ɲəː↓j	ɲˈəː ˈi	0	0	0	0
nhỡi	TONE_NGA	ɲəːʔ↗j	ɲˈəːʔ↗j	1	0	0	0
nhợi	TONE_NANG	ɲəːʔ↓j	ɲˈəːʔ↓j	1	0	0	0
nhơy	TONE_NGANG	ɲəː→j	ɲˈəː ˈi	0	0	0	0
nhờy	TONE_HUYEN	ɲəː↘j	ɲˈəː↘ ˈi	0	0	0	0
nhớy	TONE_SAC	ɲəː↗j	ɲˈəː↗ ˈi	0	0	0	0
nhơ̂y	TONE_HOI	ɲəː↓j	ɲˈəː ˈi	0	0	0	0
nhỡy	TONE_NGA	ɲəːʔ↗j	ɲˈəːʔ↗ ˈi	0	0	0	0
nhợy	TONE_NANG	ɲəːʔ↓j	ɲˈəːʔ↓ ˈi	0	0	0	0
nhơm	TONE_NGANG	ɲəː→m	ɲˈəːm	0	0	0	0
nhờm	TONE_HUYEN	ɲəː↘m	ɲˈəː↘m	1	0	0	0
nhớm	TONE_SAC	ɲəː↗m	ɲˈəː↗m	1	0	0	0
nhơ̂m	TONE_HOI	ɲəː↓m	ɲˈəː mˈəː↘	0	0	0	0
nhỡm	TONE_NGA	ɲəːʔ↗m	ɲˈəːʔ↗m	1	0	0	0
nhợm	TONE_NANG	ɲəːʔ↓m	ɲˈəːʔ↓m	1	0	0	0
nhơn	TONE_NGANG	ɲəː→n	ɲˈəːn	0	0	0	0
nhờn	TONE_HUYEN	ɲəː↘n	ɲˈəː↘n	1	0	0	0
nhớn	TONE_SAC	ɲəː↗n	ɲˈəː↗n	1	0	0	0
nhơ̂n	TONE_HOI	ɲəː↓n	ɲˈəː nˈəː↘	0	0	0	0
nhỡn	TONE_NGA	ɲəːʔ↗n	ɲˈəːʔ↗n	1	0	0	0
nhợn	TONE_NANG	ɲəːʔ↓n	ɲˈəːʔ↓n	1	0	0	0
nhớp	TONE_SAC	ɲəː↗p	ɲˈəː↗p	1	0	0	0
nhợp	TONE_NANG	ɲəːʔ↓p	ɲˈəːʔ↓p	1	0	0	0
nhớt	TONE_SAC	ɲəː↗t	ɲˈəː↗t	1	0	0	0
nhợt	TONE_NANG	ɲəːʔ↓t	ɲˈəːʔ↓t	1	0	0	0
nhớc	TONE_SAC	ɲəː↗k	ɲˈəː↗ sˈe	0	0	0	0
nhợc	TONE_NANG	ɲəːʔ↓k	ɲˈəːʔ↓ sˈe	0	0	0	0
nhớch	TONE_SAC	ɲəː↗k	ɲˈəː↗ sˈehˈa↗t	0	0	0	0
nhợch	TONE_NANG	ɲəːʔ↓k	ɲˈəːʔ↓ sˈehˈa↗t	0	0	0	0
nhu	TONE_NGANG	ɲu→	ɲˈu	0	0	0	0
nhù	TONE_HUYEN	ɲu↘	ɲˈu↘	1	0	0	0
nhú	TONE_SAC	ɲu↗	ɲˈu↗	1	0	0	0
nhû	TONE_HOI	ɲu↓	ɲˈu	0	0	0	0
nhũ	TONE_NGA	ɲuʔ↗	ɲˈuʔ↗	1	0	0	0
nhụ	TONE_NANG	ɲuʔ↓	ɲˈuʔ↓	1	0	0	0
nhui	TONE_NGANG	ɲu→j	ɲˈuj	0	0	0	0
nhùi	TONE_HUYEN	ɲu↘j	ɲˈu↘j	1	0	0	0
nhúi	TONE_SAC	ɲu↗j	ɲˈu↗j	1	0	0	0
nhûi	TONE_HOI	ɲu↓j	ɲˈuj	0	0	0	0
nhũi	TONE_NGA	ɲuʔ↗j	ɲˈuʔ↗j	1	0	0	0
nhụi	TONE_NANG	ɲuʔ↓j	ɲˈuʔ↓j	1	0	0	0
nhuy	TONE_NGANG	ɲu→j	ɲwˈi	0	0	0	0
nhùy	TONE_HUYEN	ɲu↘j	ɲˈu↘ ˈi	0	0	0	0
nhúy	TONE_SAC	ɲu↗j	ˈɛnəː↘ hwˈi↗	0	0	0	0
nhûy	TONE_HOI	ɲu↓j	ɲwˈi	0	0	0	0
nhũy	TONE_NGA	ɲuʔ↗j	ɲˈuʔ↗ ˈi	0	0	0	0
nhụy	TONE_NANG	ɲuʔ↓j	ɲwˈiʔ↓	1	0	0	0
nhum	TONE_NGANG	ɲu→m	ɲˈum	0	0	0	0
nhùm	TONE_HUYEN	ɲu↘m	ɲˈu↘m	1	0	0	0
nhúm	TONE_SAC	ɲu↗m	ɲˈu↗m	1	0	0	0
nhûm	TONE_HOI	ɲu↓m	ɲˈum	0	0	0	0
nhũm	TONE_NGA	ɲuʔ↗m	ɲˈuʔ↗m	1	0	0	0
nhụm	TONE_NANG	ɲuʔ↓m	ɲˈuʔ↓m	1	0	0	0
nhun	TONE_NGANG	ɲu→n	ɲˈun	0	0	0	0
nhùn	TONE_HUYEN	ɲu↘n	ɲˈu↘n	1	0	0	0
nhún	TONE_SAC	ɲu↗n	ɲˈu↗n	1	0	0	0
nhûn	TONE_HOI	ɲu↓n	ɲˈun	0	0	0	0
nhũn	TONE_NGA	ɲuʔ↗n	ɲˈuʔ↗n	1	0	0	0
nhụn	TONE_NANG	ɲuʔ↓n	ɲˈuʔ↓n	1	0	0	0
nhúp	TONE_SAC	ɲu↗p	ɲˈu↗p	1	0	0	0
nhụp	TONE_NANG	ɲuʔ↓p	ɲˈuʔ↓p	1	0	0	0
nhút	TONE_SAC	ɲu↗t	ɲˈu↗t	1	0	0	0
nhụt	TONE_NANG	ɲuʔ↓t	ɲˈuʔ↓t	1	0	0	0
nhung	TONE_NGANG	ɲu→ŋ	ɲˈuŋ	0	0	0	0
nhùng	TONE_HUYEN	ɲu↘ŋ	ɲˈu↘ŋ	1	0	0	0
nhúng	TONE_SAC	ɲu↗ŋ	ɲˈu↗ŋ	1	0	0	0
nhûng	TONE_HOI	ɲu↓ŋ	ɲˈuŋ	0	0	0	0
nhũng	TONE_NGA	ɲuʔ↗ŋ	ɲˈuʔ↗ŋ	1	0	0	0
nhụng	TONE_NANG	ɲuʔ↓ŋ	ɲˈuʔ↓ŋ	1	0	0	0
nhúc	TONE_SAC	ɲu↗k	ɲˈu↗c	1	0	0	0
nhục	TONE_NANG	ɲuʔ↓k	ɲˈuʔ↓c	1	0	0	0
nhúch	TONE_SAC	ɲu↗k	ɲˈu↗c hˈa↗t	0	0	0	0
nhụch	TONE_NANG	ɲuʔ↓k	ɲˈuʔ↓c hˈa↗t	0	0	0	0
như	TONE_NGANG	ɲɨ→	ɲˌy	0	0	0	0
nhừ	TONE_HUYEN	ɲɨ↘	ɲˈy↘	1	0	0	0
nhứ	TONE_SAC	ɲɨ↗	ɲˈy↗	1	0	0	0
như̂	TONE_HOI	ɲɨ↓	ɲˌy	0	0	0	0
nhữ	TONE_NGA	ɲɨʔ↗	ɲˈyʔ↗	1	0	0	0
nhự	TONE_NANG	ɲɨʔ↓	ɲˈyʔ↓	1	0	0	0
nhưi	TONE_NGANG	ɲɨ→j	ɲˈyj	0	0	0	0
nhừi	TONE_HUYEN	ɲɨ↘j	ɲˈy↘j	1	0	0	0
nhứi	TONE_SAC	ɲɨ↗j	ɲˈy↗j	1	0	0	0
như̂i	TONE_HOI	ɲɨ↓j	ɲˌy ˈi	0	0	0	0
nhữi	TONE_NGA	ɲɨʔ↗j	ɲˈyʔ↗j	1	0	0	0
nhựi	TONE_NANG	ɲɨʔ↓j	ɲˈyʔ↓j	1	0	0	0
nhưy	TONE_NGANG	ɲɨ→j	ɲˌy ˈi	0	0	0	0
nhừy	TONE_HUYEN	ɲɨ↘j	ɲˈy↘ ˈi	0	0	0	0
nhứy	TONE_SAC	ɲɨ↗j	ɲˈy↗ ˈi	0	0	0	0
như̂y	TONE_HOI	ɲɨ↓j	ɲˌy ˈi	0	0	0	0
nhữy	TONE_NGA	ɲɨʔ↗j	ɲˈyʔ↗ ˈi	0	0	0	0
nhựy	TONE_NANG	ɲɨʔ↓j	ɲˈyʔ↓ ˈi	0	0	0	0
nhưo	TONE_NGANG	ɲɨ→w	ɲˌy ˈɔ	0	0	0	0
nhừo	TONE_HUYEN	ɲɨ↘w	ɲˈy↘ ˈɔ	1	0	0	0
nhứo	TONE_SAC	ɲɨ↗w	ɲˈy↗ ˈɔ	1	0	0	0
như̂o	TONE_HOI	ɲɨ↓w	ɲˌy ˈo	0	0	0	0
nhữo	TONE_NGA	ɲɨʔ↗w	ɲˈyʔ↗ ˈɔ	1	0	0	0
nhựo	TONE_NANG	ɲɨʔ↓w	ɲˈyʔ↓ ˈɔ	1	0	0	0
nhưu	TONE_NGANG	ɲɨ→w	ɲˈiw	0	0	0	0
nhừu	TONE_HUYEN	ɲɨ↘w	ɲˈi↘w	1	0	0	0
nhứu	TONE_SAC	ɲɨ↗w	ɲˈi↗w	1	0	0	0
như̂u	TONE_HOI	ɲɨ↓w	ɲˌy ˈu	0	0	0	0
nhữu	TONE_NGA	ɲɨʔ↗w	ɲˈiʔ↗w	1	0	0	0
nhựu	TONE_NANG	ɲɨʔ↓w	ɲˈiʔ↓w	1	0	0	0
nhưm	TONE_NGANG	ɲɨ→m	ɲˈym	0	0	0	0
nhừm	TONE_HUYEN	ɲɨ↘m	ɲˈy↘m	1	0	0	0
nhứm	TONE_SAC	ɲɨ↗m	ɲˈy↗m	1	0	0	0
như̂m	TONE_HOI	ɲɨ↓m	ɲˌy mˈəː↘	0	0	0	0
nhữm	TONE_NGA	ɲɨʔ↗m	ɲˈyʔ↗m	1	0	0	0
nhựm	TONE_NANG	ɲɨʔ↓m	ɲˈyʔ↓m	1	0	0	0
nhưn	TONE_NGANG	ɲɨ→n	ɲˈyn	0	0	0	0
nhừn	TONE_HUYEN	ɲɨ↘n	ɲˈy↘n	1	0	0	0
nhứn	TONE_SAC	ɲɨ↗n	ɲˈy↗n	1	0	0	0
như̂n	TONE_HOI	ɲɨ↓n	ɲˌy nˈəː↘	0	0	0	0
nhữn	TONE_NGA	ɲɨʔ↗n	ɲˈyʔ↗n	1	0	0	0
nhựn	TONE_NANG	ɲɨʔ↓n	ɲˈyʔ↓n	1	0	0	0
nhứp	TONE_SAC	ɲɨ↗p	ɲˈy↗ pˈe	0	0	0	0
nhựp	TONE_NANG	ɲɨʔ↓p	ɲˈyʔ↓ pˈe	0	0	0	0
nhứt	TONE_SAC	ɲɨ↗t	ɲˈy↗t	1	0	0	0
nhựt	TONE_NANG	ɲɨʔ↓t	ɲˈyʔ↓t	1	0	0	0
nhưng	TONE_NGANG	ɲɨ→ŋ	ɲˌyŋ	0	0	0	0
nhừng	TONE_HUYEN	ɲɨ↘ŋ	ɲˈy↘ŋ	1	0	0	0
nhứng	TONE_SAC	ɲɨ↗ŋ	ɲˈy↗ŋ	1	0	0	0
như̂ng	TONE_HOI	ɲɨ↓ŋ	ɲˌy ˌɛndʒˈiː	0	0	0	0
những	TONE_NGA	ɲɨʔ↗ŋ	ɲˌyʔ↗ŋ	1	0	0	0
nhựng	TONE_NANG	ɲɨʔ↓ŋ	ɲˈyʔ↓ŋ	1	0	0	0
nhức	TONE_SAC	ɲɨ↗k	ɲˈy↗c	1	0	0	0
nhực	TONE_NANG	ɲɨʔ↓k	ɲˈyʔ↓c	1	0	0	0
nhứch	TONE_SAC	ɲɨ↗k	ɲˈy↗c hˈa↗t	0	0	0	0
nhựch	TONE_NANG	ɲɨʔ↓k	ɲˈyʔ↓c hˈa↗t	0	0	0	0
phiê	TONE_NGANG	fiə→	fˈi ˈe	0	0	0	0
phiề	TONE_HUYEN	fiə↘	fˈi ˈe↘	1	0	0	0
phiế	TONE_SAC	fiə↗	fˈi ˈe↗	1	0	0	0
phiê̂	TONE_HOI	fiə↓	fˈi ˈe	0	0	0	0
phiễ	TONE_NGA	fiəʔ↗	fˈi ˈeʔ↗	1	0	0	0
phiệ	TONE_NANG	fiəʔ↓	fˈi ˈeʔ↓	1	0	0	0
phiêo	TONE_NGANG	fiə→w	fˈi ˈeˈɔ	0	0	0	0
phiềo	TONE_HUYEN	fiə↘w	fˈi ˈe↘ˈɔ	1	0	0	0
phiếo	TONE_SAC	fiə↗w	fˈi ˈe↗ˈɔ	1	0	0	0
phiê̂o	TONE_HOI	fiə↓w	fˈi ˈe ˈo	0	0	0	0
phiễo	TONE_NGA	fiəʔ↗w	fˈi ˈeʔ↗ˈɔ	1	0	0	0
phiệo	TONE_NANG	fiəʔ↓w	fˈi ˈeʔ↓ˈɔ	1	0	0	0
phiêu	TONE_NGANG	fiə→w	fˈiɛw	0	0	0	0
phiều	TONE_HUYEN	fiə↘w	fˈiɛ↘w	1	0	0	0
phiếu	TONE_SAC	fiə↗w	fˈiɛ↗w	1	0	0	0
phiê̂u	TONE_HOI	fiə↓w	fˈi ˈe ˈu	0	0	0	0
phiễu	TONE_NGA	fiəʔ↗w	fˈiɛʔ↗w	1	0	0	0
phiệu	TONE_NANG	fiəʔ↓w	fˈiɛʔ↓w	1	0	0	0
phiêm	TONE_NGANG	fiə→m	fˈiɛm	0	0	0	0
phiềm	TONE_HUYEN	fiə↘m	fˈiɛ↘m	1	0	0	0
phiếm	TONE_SAC	fiə↗m	fˈiɛ↗m	1	0	0	0
phiê̂m	TONE_HOI	fiə↓m	fˈi ˈe mˈəː↘	0	0	0	0
phiễm	TONE_NGA	fiəʔ↗m	fˈiɛʔ↗m	1	0	0	0
phiệm	TONE_NANG	fiəʔ↓m	fˈiɛʔ↓m	1	0	0	0
phiên	TONE_NGANG	fiə→n	fˈiɛn	0	0	0	0
phiền	TONE_HUYEN	fiə↘n	fˈiɛ↘n	1	0	0	0
phiến	TONE_SAC	fiə↗n	fˈiɛ↗n	1	0	0	0
phiê̂n	TONE_HOI	fiə↓n	fˈi ˈe nˈəː↘	0	0	0	0
phiễn	TONE_NGA	fiəʔ↗n	fˈiɛʔ↗n	1	0	0	0
phiện	TONE_NANG	fiəʔ↓n	fˈiɛʔ↓n	1	0	0	0
phiếp	TONE_SAC	fiə↗p	fˈiɛ↗p	1	0	0	0
phiệp	TONE_NANG	fiəʔ↓p	fˈiɛʔ↓p	1	0	0	0
phiết	TONE_SAC	fiə↗t	fˈiɛ↗t	1	0	0	0
phiệt	TONE_NANG	fiəʔ↓t	fˈiɛʔ↓t	1	0	0	0
phiêng	TONE_NGANG	fiə→ŋ	fˈiɛŋ	0	0	0	0
phiềng	TONE_HUYEN	fiə↘ŋ	fˈiɛ↘ŋ	1	0	0	0
phiếng	TONE_SAC	fiə↗ŋ	fˈiɛ↗ŋ	1	0	0	0
phiê̂ng	TONE_HOI	fiə↓ŋ	fˈi ˈe ˌɛndʒˈiː	0	0	0	0
phiễng	TONE_NGA	fiəʔ↗ŋ	fˈiɛʔ↗ŋ	1	0	0	0
phiệng	TONE_NANG	fiəʔ↓ŋ	fˈiɛʔ↓ŋ	1	0	0	0
phiênh	TONE_NGANG	fiə→ɲ	fˈi ˈeɲ	0	0	0	0
phiềnh	TONE_HUYEN	fiə↘ɲ	fˈi ˈe↘ɲ	1	0	0	0
phiếnh	TONE_SAC	fiə↗ɲ	fˈi ˈe↗ɲ	1	0	0	0
phiê̂nh	TONE_HOI	fiə↓ɲ	fˈi ˈe ˌɛnˈeɪʧ	0	0	0	0
phiễnh	TONE_NGA	fiəʔ↗ɲ	fˈi ˈeʔ↗ɲ	1	0	0	0
phiệnh	TONE_NANG	fiəʔ↓ɲ	fˈi ˈeʔ↓ɲ	1	0	0	0
phiếc	TONE_SAC	fiə↗k	fˈiɛ↗c	1	0	0	0
phiệc	TONE_NANG	fiəʔ↓k	fˈiɛʔ↓c	1	0	0	0
phiếch	TONE_SAC	fiə↗k	fˈi ˈe↗c	1	0	0	0
phiệch	TONE_NANG	fiəʔ↓k	fˈi ˈeʔ↓c	1	0	0	0
phyê	TONE_NGANG	fiə→	fˈi ˈe	0	0	0	0
phyề	TONE_HUYEN	fiə↘	fˈi ˈe↘	1	0	0	0
phyế	TONE_SAC	fiə↗	fˈi ˈe↗	1	0	0	0
phyê̂	TONE_HOI	fiə↓	fˈi ˈe	0	0	0	0
phyễ	TONE_NGA	fiəʔ↗	fˈi ˈeʔ↗	1	0	0	0
phyệ	TONE_NANG	fiəʔ↓	fˈi ˈeʔ↓	1	0	0	0
phyêo	TONE_NGANG	fiə→w	fˈi ˈeˈɔ	0	0	0	0
phyềo	TONE_HUYEN	fiə↘w	fˈi ˈe↘ˈɔ	1	0	0	0
phyếo	TONE_SAC	fiə↗w	fˈi ˈe↗ˈɔ	1	0	0	0
phyê̂o	TONE_HOI	fiə↓w	fˈi ˈe ˈo	0	0	0	0
phyễo	TONE_NGA	fiəʔ↗w	fˈi ˈeʔ↗ˈɔ	1	0	0	0
phyệo	TONE_NANG	fiəʔ↓w	fˈi ˈeʔ↓ˈɔ	1	0	0	0
phyêu	TONE_NGANG	fiə→w	fˈi ˈeˈu	0	0	0	0
phyều	TONE_HUYEN	fiə↘w	fˈi ˈe↘ˈu	0	0	0	0
phyếu	TONE_SAC	fiə↗w	fˈi ˈe↗ˈu	0	0	0	0
phyê̂u	TONE_HOI	fiə↓w	fˈi ˈe ˈu	0	0	0	0
phyễu	TONE_NGA	fiəʔ↗w	fˈi ˈeʔ↗ˈu	0	0	0	0
phyệu	TONE_NANG	fiəʔ↓w	fˈi ˈeʔ↓ˈu	0	0	0	0
phyêm	TONE_NGANG	fiə→m	fˈi ˈem	0	0	0	0
phyềm	TONE_HUYEN	fiə↘m	fˈi ˈe↘m	1	0	0	0
phyếm	TONE_SAC	fiə↗m	fˈi ˈe↗m	1	0	0	0
phyê̂m	TONE_HOI	fiə↓m	fˈi ˈe mˈəː↘	0	0	0	0
phyễm	TONE_NGA	fiəʔ↗m	fˈi ˈeʔ↗m	1	0	0	0
phyệm	TONE_NANG	fiəʔ↓m	fˈi ˈeʔ↓m	1	0	0	0
phyên	TONE_NGANG	fiə→n	fˈi ˈen	0	0	0	0
phyền	TONE_HUYEN	fiə↘n	fˈi ˈe↘n	1	0	0	0
phyến	TONE_SAC	fiə↗n	fˈi ˈe↗n	1	0	0	0
phyê̂n	TONE_HOI	fiə↓n	fˈi ˈe nˈəː↘	0	0	0	0
phyễn	TONE_NGA	fiəʔ↗n	fˈi ˈeʔ↗n	1	0	0	0
phyện	TONE_NANG	fiəʔ↓n	fˈi ˈeʔ↓n	1	0	0	0
phyếp	TONE_SAC	fiə↗p	fˈi ˈe↗p	1	0	0	0
phyệp	TONE_NANG	fiəʔ↓p	fˈi ˈeʔ↓p	1	0	0	0
phyết	TONE_SAC	fiə↗t	fˈi ˈe↗t	1	0	0	0
phyệt	TONE_NANG	fiəʔ↓t	fˈi ˈeʔ↓t	1	0	0	0
phyêng	TONE_NGANG	fiə→ŋ	pˈehˈa↗t ˈiɛŋ	0	0	0	0
phyềng	TONE_HUYEN	fiə↘ŋ	pˈehˈa↗t ˈiɛ↘ŋ	0	0	0	0
phyếng	TONE_SAC	fiə↗ŋ	pˈehˈa↗t ˈiɛ↗ŋ	0	0	0	0
phyê̂ng	TONE_HOI	fiə↓ŋ	fˈi ˈe ˌɛndʒˈiː	0	0	0	0
phyễng	TONE_NGA	fiəʔ↗ŋ	pˈehˈa↗t ˈiɛʔ↗ŋ	0	0	0	0
phyệng	TONE_NANG	fiəʔ↓ŋ	pˈehˈa↗t ˈiɛʔ↓ŋ	0	0	0	0
phyênh	TONE_NGANG	fiə→ɲ	fˈi ˈeɲ	0	0	0	0
phyềnh	TONE_HUYEN	fiə↘ɲ	fˈi ˈe↘ɲ	1	0	0	0
phyếnh	TONE_SAC	fiə↗ɲ	fˈi ˈe↗ɲ	1	0	0	0
phyê̂nh	TONE_HOI	fiə↓ɲ	fˈi ˈe ˌɛnˈeɪʧ	0	0	0	0
phyễnh	TONE_NGA	fiəʔ↗ɲ	fˈi ˈeʔ↗ɲ	1	0	0	0
phyệnh	TONE_NANG	fiəʔ↓ɲ	fˈi ˈeʔ↓ɲ	1	0	0	0
phyếc	TONE_SAC	fiə↗k	fˈi ˈe↗sˈe	0	0	0	0
phyệc	TONE_NANG	fiəʔ↓k	fˈi ˈeʔ↓sˈe	0	0	0	0
phyếch	TONE_SAC	fiə↗k	fˈi ˈe↗c	1	0	0	0
phyệch	TONE_NANG	fiəʔ↓k	fˈi ˈeʔ↓c	1	0	0	0
phia	TONE_NGANG	fiə→	fˈiə	0	0	0	0
phìa	TONE_HUYEN	fiə↘	fˈiə↘	1	0	0	0
phía	TONE_SAC	fiə↗	fˈiə↗	1	0	0	0
phîa	TONE_HOI	fiə↓	fˈiə	0	0	0	0
phĩa	TONE_NGA	fiəʔ↗	fˈiəʔ↗	1	0	0	0
phịa	TONE_NANG	fiəʔ↓	fˈiəʔ↓	1	0	0	0
phiao	TONE_NGANG	fiə→w	fˈiə ˈoʊ	0	0	0	0
phìao	TONE_HUYEN	fiə↘w	fˈiə↘ ˈɔ	1	0	0	0
phíao	TONE_SAC	fiə↗w	fˈiə↗ ˈɔ	1	0	0	0
phîao	TONE_HOI	fiə↓w	fˈiə ˈoʊ	0	0	0	0
phĩao	TONE_NGA	fiəʔ↗w	fˈiəʔ↗ ˈɔ	1	0	0	0
phịao	TONE_NANG	fiəʔ↓w	fˈiəʔ↓ ˈɔ	1	0	0	0
phiau	TONE_NGANG	fiə→w	fˈiə jˈuː	0	0	0	0
phìau	TONE_HUYEN	fiə↘w	fˈiə↘ ˈu	0	0	0	0
phíau	TONE_SAC	fiə↗w	fˈiə↗ ˈu	0	0	0	0
phîau	TONE_HOI	fiə↓w	fˈiə jˈuː	0	0	0	0
phĩau	TONE_NGA	fiəʔ↗w	fˈiəʔ↗ ˈu	0	0	0	0
phịau	TONE_NANG	fiəʔ↓w	fˈiəʔ↓ ˈu	0	0	0	0
phiam	TONE_NGANG	fiə→m	fˈi æm	0	0	0	0
phìam	TONE_HUYEN	fiə↘m	fˈi↘ ˈaːm	0	0	0	0
phíam	TONE_SAC	fiə↗m	fˈi↗ ˈaːm	0	0	0	0
phîam	TONE_HOI	fiə↓m	fˈi æm	0	0	0	0
phĩam	TONE_NGA	fiəʔ↗m	fˈiʔ↗ ˈaːm	0	0	0	0
phịam	TONE_NANG	fiəʔ↓m	fˈiʔ↓ ˈaːm	0	0	0	0
phian	TONE_NGANG	fiə→n	fˈi æn	0	0	0	0
phìan	TONE_HUYEN	fiə↘n	fˈi↘ ˈaːn	0	0	0	0
phían	TONE_SAC	fiə↗n	fˈi↗ ˈaːn	0	0	0	0
phîan	TONE_HOI	fiə↓n	fˈi æn	0	0	0	0
phĩan	TONE_NGA	fiəʔ↗n	fˈiʔ↗ ˈaːn	0	0	0	0
phịan	TONE_NANG	fiəʔ↓n	fˈiʔ↓ ˈaːn	0	0	0	0
phíap	TONE_SAC	fiə↗p	fˈi↗ ˈaː↗p	0	0	0	0
phịap	TONE_NANG	fiəʔ↓p	fˈiʔ↓ ˈaː↗p	0	0	0	0
phíat	TONE_SAC	fiə↗t	fˈi↗ ˈaː↗t	0	0	0	0
phịat	TONE_NANG	fiəʔ↓t	fˈiʔ↓ ˈaː↗t	0	0	0	0
phiang	TONE_NGANG	fiə→ŋ	fˈi ˈaːŋ	0	0	0	0
phìang	TONE_HUYEN	fiə↘ŋ	fˈi↘ ˈaːŋ	0	0	0	0
phíang	TONE_SAC	fiə↗ŋ	fˈi↗ ˈaːŋ	0	0	0	0
phîang	TONE_HOI	fiə↓ŋ	fˈi ˈaːŋ	0	0	0	0
phĩang	TONE_NGA	fiəʔ↗ŋ	fˈiʔ↗ ˈaːŋ	0	0	0	0
phịang	TONE_NANG	fiəʔ↓ŋ	fˈiʔ↓ ˈaːŋ	0	0	0	0
phianh	TONE_NGANG	fiə→ɲ	fˈi ˈæɲ	0	0	0	0
phìanh	TONE_HUYEN	fiə↘ɲ	fˈi↘ ˈæɲ	0	0	0	0
phíanh	TONE_SAC	fiə↗ɲ	fˈi↗ ˈæɲ	0	0	0	0
phîanh	TONE_HOI	fiə↓ɲ	fˈi ˈæɲ	0	0	0	0
phĩanh	TONE_NGA	fiəʔ↗ɲ	fˈiʔ↗ ˈæɲ	0	0	0	0
phịanh	TONE_NANG	fiəʔ↓ɲ	fˈiʔ↓ ˈæɲ	0	0	0	0
phíac	TONE_SAC	fiə↗k	fˈi↗ ˈaː↗c	0	0	0	0
phịac	TONE_NANG	fiəʔ↓k	fˈiʔ↓ ˈaː↗c	0	0	0	0
phíach	TONE_SAC	fiə↗k	fˈi↗ ˈæ↗c	0	0	0	0
phịach	TONE_NANG	fiəʔ↓k	fˈiʔ↓ ˈæ↗c	0	0	0	0
phya	TONE_NGANG	fiə→	fˈaɪə	0	0	0	0
phỳa	TONE_HUYEN	fiə↘	fˈi↘ ˈaː	0	0	0	0
phýa	TONE_SAC	fiə↗	fˈi↗ ˈaː	0	0	0	0
phŷa	TONE_HOI	fiə↓	fˈaɪə	0	0	0	0
phỹa	TONE_NGA	fiəʔ↗	fˈiʔ↗ ˈaː	0	0	0	0
phỵa	TONE_NANG	fiəʔ↓	fˈiʔ↓ ˈaː	0	0	0	0
phyao	TONE_NGANG	fiə→w	pˈiː hˈaɪaʊ	0	0	0	0
phỳao	TONE_HUYEN	fiə↘w	fˈi↘ ˈaːˈɔ	0	0	0	0
phýao	TONE_SAC	fiə↗w	fˈi↗ ˈaːˈɔ	0	0	0	0
phŷao	TONE_HOI	fiə↓w	pˈiː hˈaɪaʊ	0	0	0	0
phỹao	TONE_NGA	fiəʔ↗w	fˈiʔ↗ ˈaːˈɔ	0	0	0	0
phỵao	TONE_NANG	fiəʔ↓w	fˈiʔ↓ ˈaːˈɔ	0	0	0	0
phyau	TONE_NGANG	fiə→w	fˈaɪə jˈuː	0	0	0	0
phỳau	TONE_HUYEN	fiə↘w	fˈi↘ ˈaːˈu	0	0	0	0
phýau	TONE_SAC	fiə↗w	fˈi↗ ˈaːˈu	0	0	0	0
phŷau	TONE_HOI	fiə↓w	fˈaɪə jˈuː	0	0	0	0
phỹau	TONE_NGA	fiəʔ↗w	fˈiʔ↗ ˈaːˈu	0	0	0	0
phỵau	TONE_NANG	fiəʔ↓w	fˈiʔ↓ ˈaːˈu	0	0	0	0
phyam	TONE_NGANG	fiə→m	fˈaɪæm	0	0	0	0
phỳam	TONE_HUYEN	fiə↘m	fˈi↘ ˈaːm	0	0	0	0
phýam	TONE_SAC	fiə↗m	fˈi↗ ˈaːm	0	0	0	0
phŷam	TONE_HOI	fiə↓m	fˈaɪæm	0	0	0	0
phỹam	TONE_NGA	fiəʔ↗m	fˈiʔ↗ ˈaːm	0	0	0	0
phỵam	TONE_NANG	fiəʔ↓m	fˈiʔ↓ ˈaːm	0	0	0	0
phyan	TONE_NGANG	fiə→n	fˈaɪən	0	0	0	0
phỳan	TONE_HUYEN	fiə↘n	fˈi↘ ˈaːn	0	0	0	0
phýan	TONE_SAC	fiə↗n	fˈi↗ ˈaːn	0	0	0	0
phŷan	TONE_HOI	fiə↓n	fˈaɪən	0	0	0	0
phỹan	TONE_NGA	fiəʔ↗n	fˈiʔ↗ ˈaːn	0	0	0	0
phỵan	TONE_NANG	fiəʔ↓n	fˈiʔ↓ ˈaːn	0	0	0	0
phýap	TONE_SAC	fiə↗p	fˈi↗ ˈaː↗p	0	0	0	0
phỵap	TONE_NANG	fiəʔ↓p	fˈiʔ↓ ˈaː↗p	0	0	0	0
phýat	TONE_SAC	fiə↗t	fˈi↗ ˈaː↗t	0	0	0	0
phỵat	TONE_NANG	fiəʔ↓t	fˈiʔ↓ ˈaː↗t	0	0	0	0
phyang	TONE_NGANG	fiə→ŋ	fˈi ˈaːŋ	0	0	0	0
phỳang	TONE_HUYEN	fiə↘ŋ	fˈi↘ ˈaːŋ	0	0	0	0
phýang	TONE_SAC	fiə↗ŋ	fˈi↗ ˈaːŋ	0	0	0	0
phŷang	TONE_HOI	fiə↓ŋ	fˈi ˈaːŋ	0	0	0	0
phỹang	TONE_NGA	fiəʔ↗ŋ	fˈiʔ↗ ˈaːŋ	0	0	0	0
phỵang	TONE_NANG	fiəʔ↓ŋ	fˈiʔ↓ ˈaːŋ	0	0	0	0
phyanh	TONE_NGANG	fiə→ɲ	fˈi ˈæɲ	0	0	0	0
phỳanh	TONE_HUYEN	fiə↘ɲ	fˈi↘ ˈæɲ	0	0	0	0
phýanh	TONE_SAC	fiə↗ɲ	fˈi↗ ˈæɲ	0	0	0	0
phŷanh	TONE_HOI	fiə↓ɲ	fˈi ˈæɲ	0	0	0	0
phỹanh	TONE_NGA	fiəʔ↗ɲ	fˈiʔ↗ ˈæɲ	0	0	0	0
phỵanh	TONE_NANG	fiəʔ↓ɲ	fˈiʔ↓ ˈæɲ	0	0	0	0
phýac	TONE_SAC	fiə↗k	fˈi↗ ˈaː↗c	0	0	0	0
phỵac	TONE_NANG	fiəʔ↓k	fˈiʔ↓ ˈaː↗c	0	0	0	0
phýach	TONE_SAC	fiə↗k	fˈi↗ ˈæ↗c	0	0	0	0
phỵach	TONE_NANG	fiəʔ↓k	fˈiʔ↓ ˈæ↗c	0	0	0	0
phươ	TONE_NGANG	fɨə→	fˈy ˈəː	0	0	0	0
phườ	TONE_HUYEN	fɨə↘	fˈy ˈəː↘	1	0	0	0
phướ	TONE_SAC	fɨə↗	fˈy ˈəː↗	1	0	0	0
phươ̂	TONE_HOI	fɨə↓	fˈy ˈəː	0	0	0	0
phưỡ	TONE_NGA	fɨəʔ↗	fˈy ˈəːʔ↗	1	0	0	0
phượ	TONE_NANG	fɨəʔ↓	fˈy ˈəːʔ↓	1	0	0	0
phươi	TONE_NGANG	fɨə→j	fˈyəj	0	0	0	0
phười	TONE_HUYEN	fɨə↘j	fˈyə↘j	1	0	0	0
phưới	TONE_SAC	fɨə↗j	fˈyə↗j	1	0	0	0
phươ̂i	TONE_HOI	fɨə↓j	fˈy ˈəː ˈi	0	0	0	0
phưỡi	TONE_NGA	fɨəʔ↗j	fˈyəʔ↗j	1	0	0	0
phượi	TONE_NANG	fɨəʔ↓j	fˈyəʔ↓j	1	0	0	0
phươy	TONE_NGANG	fɨə→j	fˈy ˈəːˈi	0	0	0	0
phườy	TONE_HUYEN	fɨə↘j	fˈy ˈəː↘ˈi	0	0	0	0
phướy	TONE_SAC	fɨə↗j	fˈy ˈəː↗ˈi	0	0	0	0
phươ̂y	TONE_HOI	fɨə↓j	fˈy ˈəː ˈi	0	0	0	0
phưỡy	TONE_NGA	fɨəʔ↗j	fˈy ˈəːʔ↗ˈi	0	0	0	0
phượy	TONE_NANG	fɨəʔ↓j	fˈy ˈəːʔ↓ˈi	0	0	0	0
phươo	TONE_NGANG	fɨə→w	fˈy ˈəːˈɔ	0	0	0	0
phườo	TONE_HUYEN	fɨə↘w	fˈy ˈəː↘ˈɔ	1	0	0	0
phướo	TONE_SAC	fɨə↗w	fˈy ˈəː↗ˈɔ	1	0	0	0
phươ̂o	TONE_HOI	fɨə↓w	fˈy ˈəː ˈo	0	0	0	0
phưỡo	TONE_NGA	fɨəʔ↗w	fˈy ˈəːʔ↗ˈɔ	1	0	0	0
phượo	TONE_NANG	fɨəʔ↓w	fˈy ˈəːʔ↓ˈɔ	1	0	0	0
phươu	TONE_NGANG	fɨə→w	fˈyəw	0	0	0	0
phườu	TONE_HUYEN	fɨə↘w	fˈyə↘w	1	0	0	0
phướu	TONE_SAC	fɨə↗w	fˈyə↗w	1	0	0	0
phươ̂u	TONE_HOI	fɨə↓w	fˈy ˈəː ˈu	0	0	0	0
phưỡu	TONE_NGA	fɨəʔ↗w	fˈyəʔ↗w	1	0	0	0
phượu	TONE_NANG	fɨəʔ↓w	fˈyəʔ↓w	1	0	0	0
phươm	TONE_NGANG	fɨə→m	fˈyəm	0	0	0	0
phườm	TONE_HUYEN	fɨə↘m	fˈyə↘m	1	0	0	0
phướm	TONE_SAC	fɨə↗m	fˈyə↗m	1	0	0	0
phươ̂m	TONE_HOI	fɨə↓m	fˈy ˈəː mˈəː↘	0	0	0	0
phưỡm	TONE_NGA	fɨəʔ↗m	fˈyəʔ↗m	1	0	0	0
phượm	TONE_NANG	fɨəʔ↓m	fˈyəʔ↓m	1	0	0	0
phướp	TONE_SAC	fɨə↗p	fˈyə↗p	1	0	0	0
phượp	TONE_NANG	fɨəʔ↓p	fˈyəʔ↓p	1	0	0	0
phướt	TONE_SAC	fɨə↗t	fˈyə↗t	1	0	0	0
phượt	TONE_NANG	fɨəʔ↓t	fˈyəʔ↓t	1	0	0	0
phương	TONE_NGANG	fɨə→ŋ	fˈyəŋ	0	0	0	0
phường	TONE_HUYEN	fɨə↘ŋ	fˈyə↘ŋ	1	0	0	0
phướng	TONE_SAC	fɨə↗ŋ	fˈyə↗ŋ	1	0	0	0
phươ̂ng	TONE_HOI	fɨə↓ŋ	fˈy ˈəː ˌɛndʒˈiː	0	0	0	0
phưỡng	TONE_NGA	fɨəʔ↗ŋ	fˈyəʔ↗ŋ	1	0	0	0
phượng	TONE_NANG	fɨəʔ↓ŋ	fˈyəʔ↓ŋ	1	0	0	0
phước	TONE_SAC	fɨə↗k	fˈyə↗c	1	0	0	0
phược	TONE_NANG	fɨəʔ↓k	fˈyəʔ↓c	1	0	0	0
phướch	TONE_SAC	fɨə↗k	fˈyə↗c hˈa↗t	0	0	0	0
phượch	TONE_NANG	fɨəʔ↓k	fˈyəʔ↓c hˈa↗t	0	0	0	0
phưa	TONE_NGANG	fɨə→	fˈyə	0	0	0	0
phừa	TONE_HUYEN	fɨə↘	fˈyə↘	1	0	0	0
phứa	TONE_SAC	fɨə↗	fˈyə↗	1	0	0	0
phư̂a	TONE_HOI	fɨə↓	fˈy ˈaː	0	0	0	0
phữa	TONE_NGA	fɨəʔ↗	fˈyəʔ↗	1	0	0	0
phựa	TONE_NANG	fɨəʔ↓	fˈyəʔ↓	1	0	0	0
phưai	TONE_NGANG	fɨə→j	fˈyə ˈi	0	0	0	0
phừai	TONE_HUYEN	fɨə↘j	fˈyə↘ ˈi	0	0	0	0
phứai	TONE_SAC	fɨə↗j	fˈyə↗ ˈi	0	0	0	0
phư̂ai	TONE_HOI	fɨə↓j	fˈy ˈaːj	0	0	0	0
phữai	TONE_NGA	fɨəʔ↗j	fˈyəʔ↗ ˈi	0	0	0	0
phựai	TONE_NANG	fɨəʔ↓j	fˈyəʔ↓ ˈi	0	0	0	0
phưay	TONE_NGANG	fɨə→j	fˈyə ˈi	0	0	0	0
phừay	TONE_HUYEN	fɨə↘j	fˈyə↘ ˈi	0	0	0	0
phứay	TONE_SAC	fɨə↗j	fˈyə↗ ˈi	0	0	0	0
phư̂ay	TONE_HOI	fɨə↓j	fˈy ˈaj	0	0	0	0
phữay	TONE_NGA	fɨəʔ↗j	fˈyəʔ↗ ˈi	0	0	0	0
phựay	TONE_NANG	fɨəʔ↓j	fˈyəʔ↓ ˈi	0	0	0	0
phưao	TONE_NGANG	fɨə→w	fˈyə ˈɔ	0	0	0	0
phừao	TONE_HUYEN	fɨə↘w	fˈyə↘ ˈɔ	1	0	0	0
phứao	TONE_SAC	fɨə↗w	fˈyə↗ ˈɔ	1	0	0	0
phư̂ao	TONE_HOI	fɨə↓w	fˈy ˈaːw	0	0	0	0
phữao	TONE_NGA	fɨəʔ↗w	fˈyəʔ↗ ˈɔ	1	0	0	0
phựao	TONE_NANG	fɨəʔ↓w	fˈyəʔ↓ ˈɔ	1	0	0	0
phưau	TONE_NGANG	fɨə→w	fˈyə ˈu	0	0	0	0
phừau	TONE_HUYEN	fɨə↘w	fˈyə↘ ˈu	0	0	0	0
phứau	TONE_SAC	fɨə↗w	fˈyə↗ ˈu	0	0	0	0
phư̂au	TONE_HOI	fɨə↓w	fˈy ˈaw	0	0	0	0
phữau	TONE_NGA	fɨəʔ↗w	fˈyəʔ↗ ˈu	0	0	0	0
phựau	TONE_NANG	fɨəʔ↓w	fˈyəʔ↓ ˈu	0	0	0	0
phưam	TONE_NGANG	fɨə→m	fˈy ˈaːm	0	0	0	0
phừam	TONE_HUYEN	fɨə↘m	fˈy↘ ˈaːm	0	0	0	0
phứam	TONE_SAC	fɨə↗m	fˈy↗ ˈaːm	0	0	0	0
phư̂am	TONE_HOI	fɨə↓m	fˈy ˈaːm	0	0	0	0
phữam	TONE_NGA	fɨəʔ↗m	fˈyʔ↗ ˈaːm	0	0	0	0
phựam	TONE_NANG	fɨəʔ↓m	fˈyʔ↓ ˈaːm	0	0	0	0
phứap	TONE_SAC	fɨə↗p	fˈy↗ ˈaː↗p	0	0	0	0
phựap	TONE_NANG	fɨəʔ↓p	fˈyʔ↓ ˈaː↗p	0	0	0	0
phứat	TONE_SAC	fɨə↗t	fˈy↗ ˈaː↗t	0	0	0	0
phựat	TONE_NANG	fɨəʔ↓t	fˈyʔ↓ ˈaː↗t	0	0	0	0
phưang	TONE_NGANG	fɨə→ŋ	fˈy ˈaːŋ	0	0	0	0
phừang	TONE_HUYEN	fɨə↘ŋ	fˈy↘ ˈaːŋ	0	0	0	0
phứang	TONE_SAC	fɨə↗ŋ	fˈy↗ ˈaːŋ	0	0	0	0
phư̂ang	TONE_HOI	fɨə↓ŋ	fˈy ˈaːŋ	0	0	0	0
phữang	TONE_NGA	fɨəʔ↗ŋ	fˈyʔ↗ ˈaːŋ	0	0	0	0
phựang	TONE_NANG	fɨəʔ↓ŋ	fˈyʔ↓ ˈaːŋ	0	0	0	0
phứac	TONE_SAC	fɨə↗k	fˈy↗ ˈaː↗c	0	0	0	0
phựac	TONE_NANG	fɨəʔ↓k	fˈyʔ↓ ˈaː↗c	0	0	0	0
phứach	TONE_SAC	fɨə↗k	fˈy↗ ˈæ↗c	0	0	0	0
phựach	TONE_NANG	fɨəʔ↓k	fˈyʔ↓ ˈæ↗c	0	0	0	0
phuô	TONE_NGANG	fuə→	fˈu ˈo	0	0	0	0
phuồ	TONE_HUYEN	fuə↘	fˈu ˈo↘	1	0	0	0
phuố	TONE_SAC	fuə↗	fˈu ˈo↗	1	0	0	0
phuô̂	TONE_HOI	fuə↓	fˈu ˈo	0	0	0	0
phuỗ	TONE_NGA	fuəʔ↗	fˈu ˈoʔ↗	1	0	0	0
phuộ	TONE_NANG	fuəʔ↓	fˈu ˈoʔ↓	1	0	0	0
phuôi	TONE_NGANG	fuə→j	fˈuəj	0	0	0	0
phuồi	TONE_HUYEN	fuə↘j	fˈuə↘j	1	0	0	0
phuối	TONE_SAC	fuə↗j	fˈuə↗j	1	0	0	0
phuô̂i	TONE_HOI	fuə↓j	fˈu ˈo ˈi	0	0	0	0
phuỗi	TONE_NGA	fuəʔ↗j	fˈuəʔ↗j	1	0	0	0
phuội	TONE_NANG	fuəʔ↓j	fˈuəʔ↓j	1	0	0	0
phuôy	TONE_NGANG	fuə→j	fˈu ˈoˈi	0	0	0	0
phuồy	TONE_HUYEN	fuə↘j	fˈu ˈo↘ˈi	0	0	0	0
phuốy	TONE_SAC	fuə↗j	fˈu ˈo↗ˈi	0	0	0	0
phuô̂y	TONE_HOI	fuə↓j	fˈu ˈo ˈi	0	0	0	0
phuỗy	TONE_NGA	fuəʔ↗j	fˈu ˈoʔ↗ˈi	0	0	0	0
phuộy	TONE_NANG	fuəʔ↓j	fˈu ˈoʔ↓ˈi	0	0	0	0
phuôn	TONE_NGANG	fuə→n	fˈuən	0	0	0	0
phuồn	TONE_HUYEN	fuə↘n	fˈuə↘n	1	0	0	0
phuốn	TONE_SAC	fuə↗n	fˈuə↗n	1	0	0	0
phuô̂n	TONE_HOI	fuə↓n	fˈu ˈo nˈəː↘	0	0	0	0
phuỗn	TONE_NGA	fuəʔ↗n	fˈuəʔ↗n	1	0	0	0
phuộn	TONE_NANG	fuəʔ↓n	fˈuəʔ↓n	1	0	0	0
phuốp	TONE_SAC	fuə↗p	fˈuə↗p	1	0	0	0
phuộp	TONE_NANG	fuəʔ↓p	fˈuəʔ↓p	1	0	0	0
phuốt	TONE_SAC	fuə↗t	fˈuə↗t	1	0	0	0
phuột	TONE_NANG	fuəʔ↓t	fˈuəʔ↓t	1	0	0	0
phuông	TONE_NGANG	fuə→ŋ	fˈuəŋ	0	0	0	0
phuồng	TONE_HUYEN	fuə↘ŋ	fˈuə↘ŋ	1	0	0	0
phuống	TONE_SAC	fuə↗ŋ	fˈuə↗ŋ	1	0	0	0
phuô̂ng	TONE_HOI	fuə↓ŋ	fˈu ˈo ˌɛndʒˈiː	0	0	0	0
phuỗng	TONE_NGA	fuəʔ↗ŋ	fˈuəʔ↗ŋ	1	0	0	0
phuộng	TONE_NANG	fuəʔ↓ŋ	fˈuəʔ↓ŋ	1	0	0	0
phuốc	TONE_SAC	fuə↗k	fˈuə↗c	1	0	0	0
phuộc	TONE_NANG	fuəʔ↓k	fˈuəʔ↓c	1	0	0	0
phuốch	TONE_SAC	fuə↗k	fˈuə↗c hˈa↗t	0	0	0	0
phuộch	TONE_NANG	fuəʔ↓k	fˈuəʔ↓c hˈa↗t	0	0	0	0
phua	TONE_NGANG	fuə→	fˈuə	0	0	0	0
phùa	TONE_HUYEN	fuə↘	fˈuə↘	1	0	0	0
phúa	TONE_SAC	fuə↗	fˈuə↗	1	0	0	0
phûa	TONE_HOI	fuə↓	fˈuə	0	0	0	0
phũa	TONE_NGA	fuəʔ↗	fˈuəʔ↗	1	0	0	0
phụa	TONE_NANG	fuəʔ↓	fˈuəʔ↓	1	0	0	0
phuai	TONE_NGANG	fuə→j	pˈiː hjˈuːaɪ	0	0	0	0
phùai	TONE_HUYEN	fuə↘j	fˈuə↘ ˈi	0	0	0	0
phúai	TONE_SAC	fuə↗j	fˈuə↗ ˈi	0	0	0	0
phûai	TONE_HOI	fuə↓j	pˈiː hjˈuːaɪ	0	0	0	0
phũai	TONE_NGA	fuəʔ↗j	fˈuəʔ↗ ˈi	0	0	0	0
phụai	TONE_NANG	fuəʔ↓j	fˈuəʔ↓ ˈi	0	0	0	0
phuay	TONE_NGANG	fuə→j	pˈiː hwˈəɪ↘	0	0	0	0
phùay	TONE_HUYEN	fuə↘j	fˈuə↘ ˈi	0	0	0	0
phúay	TONE_SAC	fuə↗j	fˈuə↗ ˈi	0	0	0	0
phûay	TONE_HOI	fuə↓j	pˈiː hwˈəɪ↘	0	0	0	0
phũay	TONE_NGA	fuəʔ↗j	fˈuəʔ↗ ˈi	0	0	0	0
phụay	TONE_NANG	fuəʔ↓j	fˈuəʔ↓ ˈi	0	0	0	0
phao	TONE_NGANG	faː→w	fˈaːw	0	0	0	0
phào	TONE_HUYEN	faː↘w	fˈaː↘w	1	0	0	0
pháo	TONE_SAC	faː↗w	fˈaː↗w	1	0	0	0
phâo	TONE_HOI	faː↓w	pˈehˈa↗t ˌeɪsˈ↗ːkəmflˌɛksˈɔ	0	0	0	0
phão	TONE_NGA	faːʔ↗w	fˈaːʔ↗w	1	0	0	0
phạo	TONE_NANG	faːʔ↓w	fˈaːʔ↓w	1	0	0	0
phau	TONE_NGANG	fa→w	fˈaw	0	0	0	0
phàu	TONE_HUYEN	fa↘w	fˈa↘w	1	0	0	0
pháu	TONE_SAC	fa↗w	fˈa↗w	1	0	0	0
phâu	TONE_HOI	fa↓w	fˈə→w	0	0	0	0
phãu	TONE_NGA	faʔ↗w	fˈaʔ↗w	1	0	0	0
phạu	TONE_NANG	faʔ↓w	fˈaʔ↓w	1	0	0	0
phuan	TONE_NGANG	fuə→n	fjˈuːæn	0	0	0	0
phùan	TONE_HUYEN	fuə↘n	fˈu↘ ˈaːn	0	0	0	0
phúan	TONE_SAC	fuə↗n	fˈu↗ ˈaːn	0	0	0	0
phûan	TONE_HOI	fuə↓n	fjˈuːæn	0	0	0	0
phũan	TONE_NGA	fuəʔ↗n	fˈuʔ↗ ˈaːn	0	0	0	0
phụan	TONE_NANG	fuəʔ↓n	fˈuʔ↓ ˈaːn	0	0	0	0
phúap	TONE_SAC	fuə↗p	fˈu↗ ˈaː↗p	0	0	0	0
phụap	TONE_NANG	fuəʔ↓p	fˈuʔ↓ ˈaː↗p	0	0	0	0
phúat	TONE_SAC	fuə↗t	fˈu↗ ˈaː↗t	0	0	0	0
phụat	TONE_NANG	fuəʔ↓t	fˈuʔ↓ ˈaː↗t	0	0	0	0
phuang	TONE_NGANG	fuə→ŋ	fˈu ˈaːŋ	0	0	0	0
phùang	TONE_HUYEN	fuə↘ŋ	fˈu↘ ˈaːŋ	0	0	0	0
phúang	TONE_SAC	fuə↗ŋ	fˈu↗ ˈaːŋ	0	0	0	0
phûang	TONE_HOI	fuə↓ŋ	fˈu ˈaːŋ	0	0	0	0
phũang	TONE_NGA	fuəʔ↗ŋ	fˈuʔ↗ ˈaːŋ	0	0	0	0
phụang	TONE_NANG	fuəʔ↓ŋ	fˈuʔ↓ ˈaːŋ	0	0	0	0
phanh	TONE_NGANG	faː→ɲ	fˈæɲ	0	0	0	1
phành	TONE_HUYEN	faː↘ɲ	fˈæ↘ɲ	1	0	0	1
phánh	TONE_SAC	faː↗ɲ	fˈæ↗ɲ	1	0	0	1
phânh	TONE_HOI	faː↓ɲ	fˈən hˈa↗t	0	0	0	1
phãnh	TONE_NGA	faːʔ↗ɲ	fˈæʔ↗ɲ	1	0	0	1
phạnh	TONE_NANG	faːʔ↓ɲ	fˈæʔ↓ɲ	1	0	0	1
phúac	TONE_SAC	fuə↗k	fˈu↗ ˈaː↗c	0	0	0	0
phụac	TONE_NANG	fuəʔ↓k	fˈuʔ↓ ˈaː↗c	0	0	0	0
phúach	TONE_SAC	fuə↗k	fˈu↗ ˈæ↗c	0	0	0	0
phụach	TONE_NANG	fuəʔ↓k	fˈuʔ↓ ˈæ↗c	0	0	0	0
pha	TONE_NGANG	faː→	fˈaː	0	0	0	0
phà	TONE_HUYEN	faː↘	fˈaː↘	1	0	0	0
phá	TONE_SAC	faː↗	fˈaː↗	1	0	0	0
phâ	TONE_HOI	faː↓	pˈehˈa↗tˌeɪsˈ↗ːkəmflˌɛks	0	0	0	0
phã	TONE_NGA	faːʔ↗	fˈaːʔ↗	1	0	0	0
phạ	TONE_NANG	faːʔ↓	fˈaːʔ↓	1	0	0	0
phai	TONE_NGANG	faː→j	fˈaːj	0	0	0	0
phài	TONE_HUYEN	faː↘j	fˈaː↘j	1	0	0	0
phái	TONE_SAC	faː↗j	fˈaː↗j	1	0	0	0
phâi	TONE_HOI	faː↓j	pˈehˈa↗t ˌeɪsˈ↗ːkəmflˌɛksˈi	0	0	0	0
phãi	TONE_NGA	faːʔ↗j	fˈaːʔ↗j	1	0	0	0
phại	TONE_NANG	faːʔ↓j	fˈaːʔ↓j	1	0	0	0
phay	TONE_NGANG	fa→j	fˈaj	0	0	0	0
phày	TONE_HUYEN	fa↘j	fˈa↘j	1	0	0	0
pháy	TONE_SAC	fa↗j	fˈa↗j	1	0	0	0
phây	TONE_HOI	fa↓j	fˈəɪ	0	0	0	0
phãy	TONE_NGA	faʔ↗j	fˈaʔ↗j	1	0	0	0
phạy	TONE_NANG	faʔ↓j	fˈaʔ↓j	1	0	0	0
phao	TONE_NGANG	faː→w	fˈaːw	0	0	0	0
phào	TONE_HUYEN	faː↘w	fˈaː↘w	1	0	0	0
pháo	TONE_SAC	faː↗w	fˈaː↗w	1	0	0	0
phâo	TONE_HOI	faː↓w	pˈehˈa↗t ˌeɪsˈ↗ːkəmflˌɛksˈɔ	0	0	0	0
phão	TONE_NGA	faːʔ↗w	fˈaːʔ↗w	1	0	0	0
phạo	TONE_NANG	faːʔ↓w	fˈaːʔ↓w	1	0	0	0
phau	TONE_NGANG	fa→w	fˈaw	0	0	0	0
phàu	TONE_HUYEN	fa↘w	fˈa↘w	1	0	0	0
pháu	TONE_SAC	fa↗w	fˈa↗w	1	0	0	0
phâu	TONE_HOI	fa↓w	fˈə→w	0	0	0	0
phãu	TONE_NGA	faʔ↗w	fˈaʔ↗w	1	0	0	0
phạu	TONE_NANG	faʔ↓w	fˈaʔ↓w	1	0	0	0
pham	TONE_NGANG	faː→m	fˈaːm	0	0	0	0
phàm	TONE_HUYEN	faː↘m	fˈaː↘m	1	0	0	0
phám	TONE_SAC	faː↗m	fˈaː↗m	1	0	0	0
phâm	TONE_HOI	faː↓m	fˈəm	0	0	0	0
phãm	TONE_NGA	faːʔ↗m	fˈaːʔ↗m	1	0	0	0
phạm	TONE_NANG	faːʔ↓m	fˈaːʔ↓m	1	0	0	0
phan	TONE_NGANG	faː→n	fˈaːn	0	0	0	0
phàn	TONE_HUYEN	faː↘n	fˈaː↘n	1	0	0	0
phán	TONE_SAC	faː↗n	fˈaː↗n	1	0	0	0
phân	TONE_HOI	faː↓n	fˈən	0	0	0	0
phãn	TONE_NGA	faːʔ↗n	fˈaːʔ↗n	1	0	0	0
phạn	TONE_NANG	faːʔ↓n	fˈaːʔ↓n	1	0	0	0
pháp	TONE_SAC	faː↗p	fˈaː↗p	1	0	0	0
phạp	TONE_NANG	faːʔ↓p	fˈaːʔ↓p	1	0	0	0
phát	TONE_SAC	faː↗t	fˈaː↗t	1	0	0	0
phạt	TONE_NANG	faːʔ↓t	fˈaːʔ↓t	1	0	0	0
phang	TONE_NGANG	faː→ŋ	fˈaːŋ	0	0	0	0
phàng	TONE_HUYEN	faː↘ŋ	fˈaː↘ŋ	1	0	0	0
pháng	TONE_SAC	faː↗ŋ	fˈaː↗ŋ	1	0	0	0
phâng	TONE_HOI	faː↓ŋ	fˈəŋ	0	0	0	0
phãng	TONE_NGA	faːʔ↗ŋ	fˈaːʔ↗ŋ	1	0	0	0
phạng	TONE_NANG	faːʔ↓ŋ	fˈaːʔ↓ŋ	1	0	0	0
phanh	TONE_NGANG	faː→ɲ	fˈæɲ	0	0	0	1
phành	TONE_HUYEN	faː↘ɲ	fˈæ↘ɲ	1	0	0	1
phánh	TONE_SAC	faː↗ɲ	fˈæ↗ɲ	1	0	0	1
phânh	TONE_HOI	faː↓ɲ	fˈən hˈa↗t	0	0	0	1
phãnh	TONE_NGA	faːʔ↗ɲ	fˈæʔ↗ɲ	1	0	0	1
phạnh	TONE_NANG	faːʔ↓ɲ	fˈæʔ↓ɲ	1	0	0	1
phác	TONE_SAC	faː↗k	fˈaː↗c	1	0	0	0
phạc	TONE_NANG	faːʔ↓k	fˈaːʔ↓c	1	0	0	0
phách	TONE_SAC	fa↗k	fˈæ↗c	1	0	0	0
phạch	TONE_NANG	faʔ↓k	fˈæʔ↓c	1	0	0	0
phă	TONE_NGANG	fa→	pˈehˈa↗tă	0	1	0	0
phằ	TONE_HUYEN	fa↘	pˈehˈa↗tằ	0	1	0	0
phắ	TONE_SAC	fa↗	pˈehˈa↗tắ	1	1	0	0
phă̂	TONE_HOI	fa↓	pˈehˈa↗tă	0	1	0	0
phẵ	TONE_NGA	faʔ↗	pˈehˈa↗tẵ	0	1	0	0
phặ	TONE_NANG	faʔ↓	pˈehˈa↗tặ	0	1	0	0
phăm	TONE_NGANG	fa→m	fˈam	0	0	0	0
phằm	TONE_HUYEN	fa↘m	fˈa↘m	1	0	0	0
phắm	TONE_SAC	fa↗m	fˈa↗m	1	0	0	0
phă̂m	TONE_HOI	fa↓m	pˈehˈa↗tă mˈəː↘	0	1	0	0
phẵm	TONE_NGA	faʔ↗m	fˈaʔ↗m	1	0	0	0
phặm	TONE_NANG	faʔ↓m	fˈaʔ↓m	1	0	0	0
phăn	TONE_NGANG	fa→n	fˈan	0	0	0	0
phằn	TONE_HUYEN	fa↘n	fˈa↘n	1	0	0	0
phắn	TONE_SAC	fa↗n	fˈa↗n	1	0	0	0
phă̂n	TONE_HOI	fa↓n	pˈehˈa↗tă nˈəː↘	0	1	0	0
phẵn	TONE_NGA	faʔ↗n	fˈaʔ↗n	1	0	0	0
phặn	TONE_NANG	faʔ↓n	fˈaʔ↓n	1	0	0	0
phắp	TONE_SAC	fa↗p	fˈa↗p	1	0	0	0
phặp	TONE_NANG	faʔ↓p	fˈaʔ↓p	1	0	0	0
phắt	TONE_SAC	fa↗t	fˈa↗t	1	0	0	0
phặt	TONE_NANG	faʔ↓t	fˈaʔ↓t	1	0	0	0
phăng	TONE_NGANG	fa→ŋ	fˈaŋ	0	0	0	0
phằng	TONE_HUYEN	fa↘ŋ	fˈa↘ŋ	1	0	0	0
phắng	TONE_SAC	fa↗ŋ	fˈa↗ŋ	1	0	0	0
phă̂ng	TONE_HOI	fa↓ŋ	pˈehˈa↗tă ˌɛndʒˈiː	0	1	0	0
phẵng	TONE_NGA	faʔ↗ŋ	fˈaʔ↗ŋ	1	0	0	0
phặng	TONE_NANG	faʔ↓ŋ	fˈaʔ↓ŋ	1	0	0	0
phắc	TONE_SAC	fa↗k	fˈa↗c	1	0	0	0
phặc	TONE_NANG	faʔ↓k	fˈaʔ↓c	1	0	0	0
phắch	TONE_SAC	fa↗k	fˈa↗c hˈa↗t	0	0	0	0
phặch	TONE_NANG	faʔ↓k	fˈaʔ↓c hˈa↗t	0	0	0	0
phâ	TONE_NGANG	fə→	pˈehˈa↗tˌeɪsˈ↗ːkəmflˌɛks	0	0	0	0
phầ	TONE_HUYEN	fə↘	pˈehˈa↗tầ	0	1	0	0
phấ	TONE_SAC	fə↗	pˈehˈa↗tấ	1	1	0	0
phâ̂	TONE_HOI	fə↓	pˈehˈa↗tˌeɪsˈ↗ːkəmflˌɛks	0	0	0	0
phẫ	TONE_NGA	fəʔ↗	pˈehˈa↗tẫ	0	1	0	0
phậ	TONE_NANG	fəʔ↓	pˈehˈa↗tậ	0	1	0	0
phâi	TONE_NGANG	fə→j	pˈehˈa↗t ˌeɪsˈ↗ːkəmflˌɛksˈi	0	0	0	0
phầi	TONE_HUYEN	fə↘j	pˈehˈa↗t ầˈi	0	1	0	0
phấi	TONE_SAC	fə↗j	pˈehˈa↗t ấˈi	0	1	0	0
phâ̂i	TONE_HOI	fə↓j	pˈehˈa↗tˌeɪsˈ↗ːkəmflˌɛks ˈi	0	0	0	0
phẫi	TONE_NGA	fəʔ↗j	pˈehˈa↗t ẫˈi	0	1	0	0
phậi	TONE_NANG	fəʔ↓j	pˈehˈa↗t ậˈi	0	1	0	0
phây	TONE_NGANG	fə→j	fˈəɪ	0	0	0	0
phầy	TONE_HUYEN	fə↘j	fˈəɪ↘	1	0	0	0
phấy	TONE_SAC	fə↗j	fˈəɪ↗	1	0	0	0
phâ̂y	TONE_HOI	fə↓j	pˈehˈa↗tˌeɪsˈ↗ːkəmflˌɛks ˈi	0	0	0	0
phẫy	TONE_NGA	fəʔ↗j	fˈəɪʔ↗	1	0	0	0
phậy	TONE_NANG	fəʔ↓j	fˈəɪʔ↓	1	0	0	0
phâo	TONE_NGANG	fə→w	pˈehˈa↗t ˌeɪsˈ↗ːkəmflˌɛksˈɔ	0	0	0	0
phầo	TONE_HUYEN	fə↘w	pˈehˈa↗t ầˈɔ	0	1	0	0
phấo	TONE_SAC	fə↗w	pˈehˈa↗t ấˈɔ	1	1	0	0
phâ̂o	TONE_HOI	fə↓w	pˈehˈa↗tˌeɪsˈ↗ːkəmflˌɛks ˈo	0	0	0	0
phẫo	TONE_NGA	fəʔ↗w	pˈehˈa↗t ẫˈɔ	0	1	0	0
phậo	TONE_NANG	fəʔ↓w	pˈehˈa↗t ậˈɔ	0	1	0	0
phâu	TONE_NGANG	fə→w	fˈə→w	1	0	0	0
phầu	TONE_HUYEN	fə↘w	fˈə↘w	1	0	0	0
phấu	TONE_SAC	fə↗w	fˈə↗w	1	0	0	0
phâ̂u	TONE_HOI	fə↓w	pˈehˈa↗tˌeɪsˈ↗ːkəmflˌɛks ˈu	0	0	0	0
phẫu	TONE_NGA	fəʔ↗w	fˈəʔ↗w	1	0	0	0
phậu	TONE_NANG	fəʔ↓w	fˈəʔ↓w	1	0	0	0
phâm	TONE_NGANG	fə→m	fˈəm	0	0	0	0
phầm	TONE_HUYEN	fə↘m	fˈə↘m	1	0	0	0
phấm	TONE_SAC	fə↗m	fˈə↗m	1	0	0	0
phâ̂m	TONE_HOI	fə↓m	pˈehˈa↗tˌeɪsˈ↗ːkəmflˌɛks mˈəː↘	0	0	0	0
phẫm	TONE_NGA	fəʔ↗m	fˈəʔ↗m	1	0	0	0
phậm	TONE_NANG	fəʔ↓m	fˈəʔ↓m	1	0	0	0
phân	TONE_NGANG	fə→n	fˈən	0	0	0	0
phần	TONE_HUYEN	fə↘n	fˈə↘n	1	0	0	0
phấn	TONE_SAC	fə↗n	fˈə↗n	1	0	0	0
phâ̂n	TONE_HOI	fə↓n	pˈehˈa↗tˌeɪsˈ↗ːkəmflˌɛks nˈəː↘	0	0	0	0
phẫn	TONE_NGA	fəʔ↗n	fˈəʔ↗n	1	0	0	0
phận	TONE_NANG	fəʔ↓n	fˈəʔ↓n	1	0	0	0
phấp	TONE_SAC	fə↗p	fˈə↗p	1	0	0	0
phập	TONE_NANG	fəʔ↓p	fˈəʔ↓p	1	0	0	0
phất	TONE_SAC	fə↗t	fˈə↗t	1	0	0	0
phật	TONE_NANG	fəʔ↓t	fˈəʔ↓t	1	0	0	0
phâng	TONE_NGANG	fə→ŋ	fˈəŋ	0	0	0	0
phầng	TONE_HUYEN	fə↘ŋ	fˈə↘ŋ	1	0	0	0
phấng	TONE_SAC	fə↗ŋ	fˈə↗ŋ	1	0	0	0
phâ̂ng	TONE_HOI	fə↓ŋ	pˈehˈa↗tˌeɪsˈ↗ːkəmflˌɛks ˌɛndʒˈiː	0	0	0	0
phẫng	TONE_NGA	fəʔ↗ŋ	fˈəʔ↗ŋ	1	0	0	0
phậng	TONE_NANG	fəʔ↓ŋ	fˈəʔ↓ŋ	1	0	0	0
phấc	TONE_SAC	fə↗k	fˈə↗c	1	0	0	0
phậc	TONE_NANG	fəʔ↓k	fˈəʔ↓c	1	0	0	0
phấch	TONE_SAC	fə↗k	fˈə↗c hˈa↗t	0	0	0	0
phậch	TONE_NANG	fəʔ↓k	fˈəʔ↓c hˈa↗t	0	0	0	0
phe	TONE_NGANG	fɛ→	fˈɛ	0	0	0	0
phè	TONE_HUYEN	fɛ↘	fˈɛ↘	1	0	0	0
phé	TONE_SAC	fɛ↗	fˈɛ↗	1	0	0	0
phê	TONE_HOI	fɛ↓	fˈe	0	0	0	0
phẽ	TONE_NGA	fɛʔ↗	fˈɛʔ↗	1	0	0	0
phẹ	TONE_NANG	fɛʔ↓	fˈɛʔ↓	1	0	0	0
pheo	TONE_NGANG	fɛ→w	fˈɛw	0	0	0	0
phèo	TONE_HUYEN	fɛ↘w	fˈɛ↘w	1	0	0	0
phéo	TONE_SAC	fɛ↗w	fˈɛ↗w	1	0	0	0
phêo	TONE_HOI	fɛ↓w	fˈe ˈɔ	0	0	0	0
phẽo	TONE_NGA	fɛʔ↗w	fˈɛʔ↗w	1	0	0	0
phẹo	TONE_NANG	fɛʔ↓w	fˈɛʔ↓w	1	0	0	0
pheu	TONE_NGANG	fɛ→w	fˈe→w	1	0	0	0
phèu	TONE_HUYEN	fɛ↘w	fˈɛ↘ ˈu	0	0	0	0
phéu	TONE_SAC	fɛ↗w	fˈɛ↗ ˈu	0	0	0	0
phêu	TONE_HOI	fɛ↓w	fˈe→w	0	0	0	0
phẽu	TONE_NGA	fɛʔ↗w	fˈɛʔ↗ ˈu	0	0	0	0
phẹu	TONE_NANG	fɛʔ↓w	fˈɛʔ↓ ˈu	0	0	0	0
phem	TONE_NGANG	fɛ→m	fˈɛm	0	0	0	0
phèm	TONE_HUYEN	fɛ↘m	fˈɛ↘m	1	0	0	0
phém	TONE_SAC	fɛ↗m	fˈɛ↗m	1	0	0	0
phêm	TONE_HOI	fɛ↓m	fˈem	0	0	0	0
phẽm	TONE_NGA	fɛʔ↗m	fˈɛʔ↗m	1	0	0	0
phẹm	TONE_NANG	fɛʔ↓m	fˈɛʔ↓m	1	0	0	0
phen	TONE_NGANG	fɛ→n	fˈɛn	0	0	0	0
phèn	TONE_HUYEN	fɛ↘n	fˈɛ↘n	1	0	0	0
phén	TONE_SAC	fɛ↗n	fˈɛ↗n	1	0	0	0
phên	TONE_HOI	fɛ↓n	fˈen	0	0	0	0
phẽn	TONE_NGA	fɛʔ↗n	fˈɛʔ↗n	1	0	0	0
phẹn	TONE_NANG	fɛʔ↓n	fˈɛʔ↓n	1	0	0	0
phép	TONE_SAC	fɛ↗p	fˈɛ↗p	1	0	0	0
phẹp	TONE_NANG	fɛʔ↓p	fˈɛʔ↓p	1	0	0	0
phét	TONE_SAC	fɛ↗t	fˈɛ↗t	1	0	0	0
phẹt	TONE_NANG	fɛʔ↓t	fˈɛʔ↓t	1	0	0	0
pheng	TONE_NGANG	fɛ→ŋ	fˈɛŋ	0	0	0	0
phèng	TONE_HUYEN	fɛ↘ŋ	fˈɛ↘ŋ	1	0	0	0
phéng	TONE_SAC	fɛ↗ŋ	fˈɛ↗ŋ	1	0	0	0
phêng	TONE_HOI	fɛ↓ŋ	fˈen ðˈe→	0	0	0	0
phẽng	TONE_NGA	fɛʔ↗ŋ	fˈɛʔ↗ŋ	1	0	0	0
phẹng	TONE_NANG	fɛʔ↓ŋ	fˈɛʔ↓ŋ	1	0	0	0
phéc	TONE_SAC	fɛ↗k	fˈɛ↗c	1	0	0	0
phẹc	TONE_NANG	fɛʔ↓k	fˈɛʔ↓c	1	0	0	0
phéch	TONE_SAC	fɛ↗k	fˈɛ↗c hˈa↗t	0	0	0	0
phẹch	TONE_NANG	fɛʔ↓k	fˈɛʔ↓c hˈa↗t	0	0	0	0
phê	TONE_NGANG	fe→	fˈe	0	0	0	0
phề	TONE_HUYEN	fe↘	fˈe↘	1	0	0	0
phế	TONE_SAC	fe↗	fˈe↗	1	0	0	0
phê̂	TONE_HOI	fe↓	fˈe	0	0	0	0
phễ	TONE_NGA	feʔ↗	fˈeʔ↗	1	0	0	0
phệ	TONE_NANG	feʔ↓	fˈeʔ↓	1	0	0	0
phêo	TONE_NGANG	fe→w	fˈe ˈɔ	0	0	0	0
phềo	TONE_HUYEN	fe↘w	fˈe↘ ˈɔ	1	0	0	0
phếo	TONE_SAC	fe↗w	fˈe↗ ˈɔ	1	0	0	0
phê̂o	TONE_HOI	fe↓w	fˈe ˈo	0	0	0	0
phễo	TONE_NGA	feʔ↗w	fˈeʔ↗ ˈɔ	1	0	0	0
phệo	TONE_NANG	feʔ↓w	fˈeʔ↓ ˈɔ	1	0	0	0
phêu	TONE_NGANG	fe→w	fˈe→w	1	0	0	0
phều	TONE_HUYEN	fe↘w	fˈe↘w	1	0	0	0
phếu	TONE_SAC	fe↗w	fˈe↗w	1	0	0	0
phê̂u	TONE_HOI	fe↓w	fˈe ˈu	0	0	0	0
phễu	TONE_NGA	feʔ↗w	fˈeʔ↗w	1	0	0	0
phệu	TONE_NANG	feʔ↓w	fˈeʔ↓w	1	0	0	0
phêm	TONE_NGANG	fe→m	fˈem	0	0	0	0
phềm	TONE_HUYEN	fe↘m	fˈe↘m	1	0	0	0
phếm	TONE_SAC	fe↗m	fˈe↗m	1	0	0	0
phê̂m	TONE_HOI	fe↓m	fˈe mˈəː↘	0	0	0	0
phễm	TONE_NGA	feʔ↗m	fˈeʔ↗m	1	0	0	0
phệm	TONE_NANG	feʔ↓m	fˈeʔ↓m	1	0	0	0
phên	TONE_NGANG	fe→n	fˈen	0	0	0	0
phền	TONE_HUYEN	fe↘n	fˈe↘n	1	0	0	0
phến	TONE_SAC	fe↗n	fˈe↗n	1	0	0	0
phê̂n	TONE_HOI	fe↓n	fˈe nˈəː↘	0	0	0	0
phễn	TONE_NGA	feʔ↗n	fˈeʔ↗n	1	0	0	0
phện	TONE_NANG	feʔ↓n	fˈeʔ↓n	1	0	0	0
phếp	TONE_SAC	fe↗p	fˈe↗p	1	0	0	0
phệp	TONE_NANG	feʔ↓p	fˈeʔ↓p	1	0	0	0
phết	TONE_SAC	fe↗t	fˈe↗t	1	0	0	0
phệt	TONE_NANG	feʔ↓t	fˈeʔ↓t	1	0	0	0
phênh	TONE_NGANG	fe→ɲ	fˈeɲ	0	0	0	0
phềnh	TONE_HUYEN	fe↘ɲ	fˈe↘ɲ	1	0	0	0
phếnh	TONE_SAC	fe↗ɲ	fˈe↗ɲ	1	0	0	0
phê̂nh	TONE_HOI	fe↓ɲ	fˈe ˌɛnˈeɪʧ	0	0	0	0
phễnh	TONE_NGA	feʔ↗ɲ	fˈeʔ↗ɲ	1	0	0	0
phệnh	TONE_NANG	feʔ↓ɲ	fˈeʔ↓ɲ	1	0	0	0
phếc	TONE_SAC	fe↗k	fˈe↗ sˈe	0	0	0	0
phệc	TONE_NANG	feʔ↓k	fˈeʔ↓ sˈe	0	0	0	0
phếch	TONE_SAC	fe↗k	fˈe↗c	1	0	0	0
phệch	TONE_NANG	feʔ↓k	fˈeʔ↓c	1	0	0	0
phi	TONE_NGANG	fi→	fˈi	0	0	0	0
phì	TONE_HUYEN	fi↘	fˈi↘	1	0	0	0
phí	TONE_SAC	fi↗	fˈi↗	1	0	0	0
phî	TONE_HOI	fi↓	fˈi	0	0	0	0
phĩ	TONE_NGA	fiʔ↗	fˈiʔ↗	1	0	0	0
phị	TONE_NANG	fiʔ↓	fˈiʔ↓	1	0	0	0
phio	TONE_NGANG	fi→w	fˈiːoʊ	0	0	0	0
phìo	TONE_HUYEN	fi↘w	fˈi↘ ˈɔ	1	0	0	0
phío	TONE_SAC	fi↗w	fˈi↗ ˈɔ	1	0	0	0
phîo	TONE_HOI	fi↓w	fˈiːoʊ	0	0	0	0
phĩo	TONE_NGA	fiʔ↗w	fˈiʔ↗ ˈɔ	1	0	0	0
phịo	TONE_NANG	fiʔ↓w	fˈiʔ↓ ˈɔ	1	0	0	0
phiu	TONE_NGANG	fi→w	fˈiw	0	0	0	0
phìu	TONE_HUYEN	fi↘w	fˈi↘w	1	0	0	0
phíu	TONE_SAC	fi↗w	fˈi↗w	1	0	0	0
phîu	TONE_HOI	fi↓w	fˈiw	0	0	0	0
phĩu	TONE_NGA	fiʔ↗w	fˈiʔ↗w	1	0	0	0
phịu	TONE_NANG	fiʔ↓w	fˈiʔ↓w	1	0	0	0
phim	TONE_NGANG	fi→m	fˈim	0	0	0	0
phìm	TONE_HUYEN	fi↘m	fˈi↘m	1	0	0	0
phím	TONE_SAC	fi↗m	fˈi↗m	1	0	0	0
phîm	TONE_HOI	fi↓m	fˈim	0	0	0	0
phĩm	TONE_NGA	fiʔ↗m	fˈiʔ↗m	1	0	0	0
phịm	TONE_NANG	fiʔ↓m	fˈiʔ↓m	1	0	0	0
phin	TONE_NGANG	fi→n	fˈin	0	0	0	0
phìn	TONE_HUYEN	fi↘n	fˈi↘n	1	0	0	0
phín	TONE_SAC	fi↗n	fˈi↗n	1	0	0	0
phîn	TONE_HOI	fi↓n	fˈin	0	0	0	0
phĩn	TONE_NGA	fiʔ↗n	fˈiʔ↗n	1	0	0	0
phịn	TONE_NANG	fiʔ↓n	fˈiʔ↓n	1	0	0	0
phíp	TONE_SAC	fi↗p	fˈi↗p	1	0	0	0
phịp	TONE_NANG	fiʔ↓p	fˈiʔ↓p	1	0	0	0
phít	TONE_SAC	fi↗t	fˈi↗t	1	0	0	0
phịt	TONE_NANG	fiʔ↓t	fˈiʔ↓t	1	0	0	0
phinh	TONE_NGANG	fi→ɲ	fˈiɲ	0	0	0	1
phình	TONE_HUYEN	fi↘ɲ	fˈi↘ɲ	1	0	0	1
phính	TONE_SAC	fi↗ɲ	fˈi↗ɲ	1	0	0	1
phînh	TONE_HOI	fi↓ɲ	fˈiɲ	0	0	0	1
phĩnh	TONE_NGA	fiʔ↗ɲ	fˈiʔ↗ɲ	1	0	0	1
phịnh	TONE_NANG	fiʔ↓ɲ	fˈiʔ↓ɲ	1	0	0	1
phíc	TONE_SAC	fi↗k	fˈi↗ sˈe	0	0	0	0
phịc	TONE_NANG	fiʔ↓k	fˈiʔ↓ sˈe	0	0	0	0
phích	TONE_SAC	fi↗k	fˈi↗c	1	0	0	0
phịch	TONE_NANG	fiʔ↓k	fˈiʔ↓c	1	0	0	0
phy	TONE_NGANG	fi→	fˈi	0	0	0	0
phỳ	TONE_HUYEN	fi↘	fˈi↘	1	0	0	0
phý	TONE_SAC	fi↗	fˈi↗	1	0	0	0
phŷ	TONE_HOI	fi↓	fˈi	0	0	0	0
phỹ	TONE_NGA	fiʔ↗	fˈiʔ↗	1	0	0	0
phỵ	TONE_NANG	fiʔ↓	fˈiʔ↓	1	0	0	0
phyo	TONE_NGANG	fi→w	pˈiː hˈaɪoʊ	0	0	0	0
phỳo	TONE_HUYEN	fi↘w	fˈi↘ ˈɔ	1	0	0	0
phýo	TONE_SAC	fi↗w	fˈi↗ ˈɔ	1	0	0	0
phŷo	TONE_HOI	fi↓w	pˈiː hˈaɪoʊ	0	0	0	0
phỹo	TONE_NGA	fiʔ↗w	fˈiʔ↗ ˈɔ	1	0	0	0
phỵo	TONE_NANG	fiʔ↓w	fˈiʔ↓ ˈɔ	1	0	0	0
phyu	TONE_NGANG	fi→w	fˈaɪuː	0	0	0	0
phỳu	TONE_HUYEN	fi↘w	fˈi↘ ˈu	0	0	0	0
phýu	TONE_SAC	fi↗w	fˈi↗ ˈu	0	0	0	0
phŷu	TONE_HOI	fi↓w	fˈaɪuː	0	0	0	0
phỹu	TONE_NGA	fiʔ↗w	fˈiʔ↗ ˈu	0	0	0	0
phỵu	TONE_NANG	fiʔ↓w	fˈiʔ↓ ˈu	0	0	0	0
phym	TONE_NGANG	fi→m	pˈiː hˈɪm	0	0	0	0
phỳm	TONE_HUYEN	fi↘m	fˈi↘ ˈməː↘	0	0	0	0
phým	TONE_SAC	fi↗m	fˈi↗ ˈməː↘	0	0	0	0
phŷm	TONE_HOI	fi↓m	pˈiː hˈɪm	0	0	0	0
phỹm	TONE_NGA	fiʔ↗m	fˈiʔ↗ ˈməː↘	0	0	0	0
phỵm	TONE_NANG	fiʔ↓m	fˈiʔ↓ ˈməː↘	0	0	0	0
phyn	TONE_NGANG	fi→n	fˈi ˈɛn	0	0	0	0
phỳn	TONE_HUYEN	fi↘n	fˈi↘ ˈɛnəː↘	0	0	0	0
phýn	TONE_SAC	fi↗n	fˈi↗ ˈɛnəː↘	0	0	0	0
phŷn	TONE_HOI	fi↓n	fˈi ˈɛn	0	0	0	0
phỹn	TONE_NGA	fiʔ↗n	fˈiʔ↗ ˈɛnəː↘	0	0	0	0
phỵn	TONE_NANG	fiʔ↓n	fˈiʔ↓ ˈɛnəː↘	0	0	0	0
phýp	TONE_SAC	fi↗p	fˈi↗ pˈe	0	0	0	0
phỵp	TONE_NANG	fiʔ↓p	fˈiʔ↓ pˈe	0	0	0	0
phýt	TONE_SAC	fi↗t	fˈi↗ tˈe	0	0	0	0
phỵt	TONE_NANG	fiʔ↓t	fˈiʔ↓ tˈe	0	0	0	0
phynh	TONE_NGANG	fi→ɲ	pˈiːˈeɪʧ ˈɪn	0	0	0	0
phỳnh	TONE_HUYEN	fi↘ɲ	fˈi↘ ˈɛnəː↘hˈa↗t	0	0	0	0
phýnh	TONE_SAC	fi↗ɲ	fˈi↗ ˈɛnəː↘hˈa↗t	0	0	0	0
phŷnh	TONE_HOI	fi↓ɲ	pˈiːˈeɪʧ ˈɪn	0	0	0	0
phỹnh	TONE_NGA	fiʔ↗ɲ	fˈiʔ↗ ˈɛnəː↘hˈa↗t	0	0	0	0
phỵnh	TONE_NANG	fiʔ↓ɲ	fˈiʔ↓ ˈɛnəː↘hˈa↗t	0	0	0	0
phýc	TONE_SAC	fi↗k	fˈi↗ sˈe	0	0	0	0
phỵc	TONE_NANG	fiʔ↓k	fˈiʔ↓ sˈe	0	0	0	0
phých	TONE_SAC	fi↗k	fˈi↗ sˈehˈa↗t	0	0	0	0
phỵch	TONE_NANG	fiʔ↓k	fˈiʔ↓ sˈehˈa↗t	0	0	0	0
pho	TONE_NGANG	fɔ→	fˈɔ	0	0	0	0
phò	TONE_HUYEN	fɔ↘	fˈɔ↘	1	0	0	0
phó	TONE_SAC	fɔ↗	fˈɔ↗	1	0	0	0
phô	TONE_HOI	fɔ↓	fˈo	0	0	0	0
phõ	TONE_NGA	fɔʔ↗	fˈɔʔ↗	1	0	0	0
phọ	TONE_NANG	fɔʔ↓	fˈɔʔ↓	1	0	0	0
phoi	TONE_NGANG	fɔ→j	fˈɔj	0	0	0	0
phòi	TONE_HUYEN	fɔ↘j	fˈɔ↘j	1	0	0	0
phói	TONE_SAC	fɔ↗j	fˈɔ↗j	1	0	0	0
phôi	TONE_HOI	fɔ↓j	fˈoj	0	0	0	0
phõi	TONE_NGA	fɔʔ↗j	fˈɔʔ↗j	1	0	0	0
phọi	TONE_NANG	fɔʔ↓j	fˈɔʔ↓j	1	0	0	0
phoy	TONE_NGANG	fɔ→j	pˈiː hˈɔɪ	0	0	0	0
phòy	TONE_HUYEN	fɔ↘j	fˈɔ↘ ˈi	0	0	0	0
phóy	TONE_SAC	fɔ↗j	fˈɔ↗ ˈi	0	0	0	0
phôy	TONE_HOI	fɔ↓j	fˈo ˈi	0	0	0	0
phõy	TONE_NGA	fɔʔ↗j	fˈɔʔ↗ ˈi	0	0	0	0
phọy	TONE_NANG	fɔʔ↓j	fˈɔʔ↓ ˈi	0	0	0	0
phom	TONE_NGANG	fɔ→m	fˈɔm	0	0	0	0
phòm	TONE_HUYEN	fɔ↘m	fˈɔ↘m	1	0	0	0
phóm	TONE_SAC	fɔ↗m	fˈɔ↗m	1	0	0	0
phôm	TONE_HOI	fɔ↓m	fˈom	0	0	0	0
phõm	TONE_NGA	fɔʔ↗m	fˈɔʔ↗m	1	0	0	0
phọm	TONE_NANG	fɔʔ↓m	fˈɔʔ↓m	1	0	0	0
phon	TONE_NGANG	fɔ→n	fˈɔn	0	0	0	0
phòn	TONE_HUYEN	fɔ↘n	fˈɔ↘n	1	0	0	0
phón	TONE_SAC	fɔ↗n	fˈɔ↗n	1	0	0	0
phôn	TONE_HOI	fɔ↓n	fˈon	0	0	0	0
phõn	TONE_NGA	fɔʔ↗n	fˈɔʔ↗n	1	0	0	0
phọn	TONE_NANG	fɔʔ↓n	fˈɔʔ↓n	1	0	0	0
phóp	TONE_SAC	fɔ↗p	fˈɔ↗p	1	0	0	0
phọp	TONE_NANG	fɔʔ↓p	fˈɔʔ↓p	1	0	0	0
phót	TONE_SAC	fɔ↗t	fˈɔ↗t	1	0	0	0
phọt	TONE_NANG	fɔʔ↓t	fˈɔʔ↓t	1	0	0	0
phong	TONE_NGANG	fɔ→ŋ	fˈɔŋ	0	0	0	0
phòng	TONE_HUYEN	fɔ↘ŋ	fˈɔ↘ŋ	1	0	0	0
phóng	TONE_SAC	fɔ↗ŋ	fˈɔ↗ŋ	1	0	0	0
phông	TONE_HOI	fɔ↓ŋ	fˈoŋ	0	0	0	0
phõng	TONE_NGA	fɔʔ↗ŋ	fˈɔʔ↗ŋ	1	0	0	0
phọng	TONE_NANG	fɔʔ↓ŋ	fˈɔʔ↓ŋ	1	0	0	0
phóc	TONE_SAC	fɔ↗k	fˈɔ↗k	1	0	0	0
phọc	TONE_NANG	fɔʔ↓k	fˈɔʔ↓k	1	0	0	0
phóch	TONE_SAC	fɔ↗k	fˈɔ↗k hˈa↗t	0	0	0	0
phọch	TONE_NANG	fɔʔ↓k	fˈɔʔ↓k hˈa↗t	0	0	0	0
phô	TONE_NGANG	fo→	fˈo	0	0	0	0
phồ	TONE_HUYEN	fo↘	fˈo↘	1	0	0	0
phố	TONE_SAC	fo↗	fˈo↗	1	0	0	0
phô̂	TONE_HOI	fo↓	fˈo	0	0	0	0
phỗ	TONE_NGA	foʔ↗	fˈoʔ↗	1	0	0	0
phộ	TONE_NANG	foʔ↓	fˈoʔ↓	1	0	0	0
phôi	TONE_NGANG	fo→j	fˈoj	0	0	0	0
phồi	TONE_HUYEN	fo↘j	fˈo↘j	1	0	0	0
phối	TONE_SAC	fo↗j	fˈo↗j	1	0	0	0
phô̂i	TONE_HOI	fo↓j	fˈo ˈi	0	0	0	0
phỗi	TONE_NGA	foʔ↗j	fˈoʔ↗j	1	0	0	0
phội	TONE_NANG	foʔ↓j	fˈoʔ↓j	1	0	0	0
phôy	TONE_NGANG	fo→j	fˈo ˈi	0	0	0	0
phồy	TONE_HUYEN	fo↘j	fˈo↘ ˈi	0	0	0	0
phốy	TONE_SAC	fo↗j	fˈo↗ ˈi	0	0	0	0
phô̂y	TONE_HOI	fo↓j	fˈo ˈi	0	0	0	0
phỗy	TONE_NGA	foʔ↗j	fˈoʔ↗ ˈi	0	0	0	0
phộy	TONE_NANG	foʔ↓j	fˈoʔ↓ ˈi	0	0	0	0
phôm	TONE_NGANG	fo→m	fˈom	0	0	0	0
phồm	TONE_HUYEN	fo↘m	fˈo↘m	1	0	0	0
phốm	TONE_SAC	fo↗m	fˈo↗m	1	0	0	0
phô̂m	TONE_HOI	fo↓m	fˈo mˈəː↘	0	0	0	0
phỗm	TONE_NGA	foʔ↗m	fˈoʔ↗m	1	0	0	0
phộm	TONE_NANG	foʔ↓m	fˈoʔ↓m	1	0	0	0
phôn	TONE_NGANG	fo→n	fˈon	0	0	0	0
phồn	TONE_HUYEN	fo↘n	fˈo↘n	1	0	0	0
phốn	TONE_SAC	fo↗n	fˈo↗n	1	0	0	0
phô̂n	TONE_HOI	fo↓n	fˈo nˈəː↘	0	0	0	0
phỗn	TONE_NGA	foʔ↗n	fˈoʔ↗n	1	0	0	0
phộn	TONE_NANG	foʔ↓n	fˈoʔ↓n	1	0	0	0
phốp	TONE_SAC	fo↗p	fˈo↗p	1	0	0	0
phộp	TONE_NANG	foʔ↓p	fˈoʔ↓p	1	0	0	0
phốt	TONE_SAC	fo↗t	fˈo↗t	1	0	0	0
phột	TONE_NANG	foʔ↓t	fˈoʔ↓t	1	0	0	0
phông	TONE_NGANG	fo→ŋ	fˈoŋ	0	0	0	0
phồng	TONE_HUYEN	fo↘ŋ	fˈo↘ŋ	1	0	0	0
phống	TONE_SAC	fo↗ŋ	fˈo↗ŋ	1	0	0	0
phô̂ng	TONE_HOI	fo↓ŋ	fˈo ˌɛndʒˈiː	0	0	0	0
phỗng	TONE_NGA	foʔ↗ŋ	fˈoʔ↗ŋ	1	0	0	0
phộng	TONE_NANG	foʔ↓ŋ	fˈoʔ↓ŋ	1	0	0	0
phốc	TONE_SAC	fo↗k	fˈo↗k	1	0	0	0
phộc	TONE_NANG	foʔ↓k	fˈoʔ↓k	1	0	0	0
phốch	TONE_SAC	fo↗k	fˈo↗k hˈa↗t	0	0	0	0
phộch	TONE_NANG	foʔ↓k	fˈoʔ↓k hˈa↗t	0	0	0	0
phơ	TONE_NGANG	fəː→	fˈəː	0	0	0	0
phờ	TONE_HUYEN	fəː↘	fˈəː↘	1	0	0	0
phớ	TONE_SAC	fəː↗	fˈəː↗	1	0	0	0
phơ̂	TONE_HOI	fəː↓	fˈəː	0	0	0	0
phỡ	TONE_NGA	fəːʔ↗	fˈəːʔ↗	1	0	0	0
phợ	TONE_NANG	fəːʔ↓	fˈəːʔ↓	1	0	0	0
phơi	TONE_NGANG	fəː→j	fˈəːj	0	0	0	0
phời	TONE_HUYEN	fəː↘j	fˈəː↘j	1	0	0	0
phới	TONE_SAC	fəː↗j	fˈəː↗j	1	0	0	0
phơ̂i	TONE_HOI	fəː↓j	fˈəː ˈi	0	0	0	0
phỡi	TONE_NGA	fəːʔ↗j	fˈəːʔ↗j	1	0	0	0
phợi	TONE_NANG	fəːʔ↓j	fˈəːʔ↓j	1	0	0	0
phơy	TONE_NGANG	fəː→j	fˈəː ˈi	0	0	0	0
phờy	TONE_HUYEN	fəː↘j	fˈəː↘ ˈi	0	0	0	0
phớy	TONE_SAC	fəː↗j	fˈəː↗ ˈi	0	0	0	0
phơ̂y	TONE_HOI	fəː↓j	fˈəː ˈi	0	0	0	0
phỡy	TONE_NGA	fəːʔ↗j	fˈəːʔ↗ ˈi	0	0	0	0
phợy	TONE_NANG	fəːʔ↓j	fˈəːʔ↓ ˈi	0	0	0	0
phơm	TONE_NGANG	fəː→m	fˈəːm	0	0	0	0
phờm	TONE_HUYEN	fəː↘m	fˈəː↘m	1	0	0	0
phớm	TONE_SAC	fəː↗m	fˈəː↗m	1	0	0	0
phơ̂m	TONE_HOI	fəː↓m	fˈəː mˈəː↘	0	0	0	0
phỡm	TONE_NGA	fəːʔ↗m	fˈəːʔ↗m	1	0	0	0
phợm	TONE_NANG	fəːʔ↓m	fˈəːʔ↓m	1	0	0	0
phơn	TONE_NGANG	fəː→n	fˈəːn	0	0	0	0
phờn	TONE_HUYEN	fəː↘n	fˈəː↘n	1	0	0	0
phớn	TONE_SAC	fəː↗n	fˈəː↗n	1	0	0	0
phơ̂n	TONE_HOI	fəː↓n	fˈəː nˈəː↘	0	0	0	0
phỡn	TONE_NGA	fəːʔ↗n	fˈəːʔ↗n	1	0	0	0
phợn	TONE_NANG	fəːʔ↓n	fˈəːʔ↓n	1	0	0	0
phớp	TONE_SAC	fəː↗p	fˈəː↗p	1	0	0	0
phợp	TONE_NANG	fəːʔ↓p	fˈəːʔ↓p	1	0	0	0
phớt	TONE_SAC	fəː↗t	fˈəː↗t	1	0	0	0
phợt	TONE_NANG	fəːʔ↓t	fˈəːʔ↓t	1	0	0	0
phớc	TONE_SAC	fəː↗k	fˈəː↗ sˈe	0	0	0	0
phợc	TONE_NANG	fəːʔ↓k	fˈəːʔ↓ sˈe	0	0	0	0
phớch	TONE_SAC	fəː↗k	fˈəː↗ sˈehˈa↗t	0	0	0	0
phợch	TONE_NANG	fəːʔ↓k	fˈəːʔ↓ sˈehˈa↗t	0	0	0	0
phu	TONE_NGANG	fu→	fˈu	0	0	0	0
phù	TONE_HUYEN	fu↘	fˈu↘	1	0	0	0
phú	TONE_SAC	fu↗	fˈu↗	1	0	0	0
phû	TONE_HOI	fu↓	fˈu	0	0	0	0
phũ	TONE_NGA	fuʔ↗	fˈuʔ↗	1	0	0	0
phụ	TONE_NANG	fuʔ↓	fˈuʔ↓	1	0	0	0
phui	TONE_NGANG	fu→j	fˈuj	0	0	0	0
phùi	TONE_HUYEN	fu↘j	fˈu↘j	1	0	0	0
phúi	TONE_SAC	fu↗j	fˈu↗j	1	0	0	0
phûi	TONE_HOI	fu↓j	fˈuj	0	0	0	0
phũi	TONE_NGA	fuʔ↗j	fˈuʔ↗j	1	0	0	0
phụi	TONE_NANG	fuʔ↓j	fˈuʔ↓j	1	0	0	0
phuy	TONE_NGANG	fu→j	fwˈi	0	0	0	0
phùy	TONE_HUYEN	fu↘j	fˈu↘ ˈi	0	0	0	0
phúy	TONE_SAC	fu↗j	pˈe hwˈi↗	1	0	0	0
phûy	TONE_HOI	fu↓j	fwˈi	0	0	0	0
phũy	TONE_NGA	fuʔ↗j	fˈuʔ↗ ˈi	0	0	0	0
phụy	TONE_NANG	fuʔ↓j	fˈuʔ↓ ˈi	0	0	0	0
phum	TONE_NGANG	fu→m	fˈum	0	0	0	0
phùm	TONE_HUYEN	fu↘m	fˈu↘m	1	0	0	0
phúm	TONE_SAC	fu↗m	fˈu↗m	1	0	0	0
phûm	TONE_HOI	fu↓m	fˈum	0	0	0	0
phũm	TONE_NGA	fuʔ↗m	fˈuʔ↗m	1	0	0	0
phụm	TONE_NANG	fuʔ↓m	fˈuʔ↓m	1	0	0	0
phun	TONE_NGANG	fu→n	fˈun	0	0	0	0
phùn	TONE_HUYEN	fu↘n	fˈu↘n	1	0	0	0
phún	TONE_SAC	fu↗n	fˈu↗n	1	0	0	0
phûn	TONE_HOI	fu↓n	fˈun	0	0	0	0
phũn	TONE_NGA	fuʔ↗n	fˈuʔ↗n	1	0	0	0
phụn	TONE_NANG	fuʔ↓n	fˈuʔ↓n	1	0	0	0
phúp	TONE_SAC	fu↗p	fˈu↗p	1	0	0	0
phụp	TONE_NANG	fuʔ↓p	fˈuʔ↓p	1	0	0	0
phút	TONE_SAC	fu↗t	fˈu↗t	1	0	0	0
phụt	TONE_NANG	fuʔ↓t	fˈuʔ↓t	1	0	0	0
phung	TONE_NGANG	fu→ŋ	fˈuŋ	0	0	0	0
phùng	TONE_HUYEN	fu↘ŋ	fˈu↘ŋ	1	0	0	0
phúng	TONE_SAC	fu↗ŋ	fˈu↗ŋ	1	0	0	0
phûng	TONE_HOI	fu↓ŋ	fˈuŋ	0	0	0	0
phũng	TONE_NGA	fuʔ↗ŋ	fˈuʔ↗ŋ	1	0	0	0
phụng	TONE_NANG	fuʔ↓ŋ	fˈuʔ↓ŋ	1	0	0	0
phúc	TONE_SAC	fu↗k	fˈu↗c	1	0	0	0
phục	TONE_NANG	fuʔ↓k	fˈuʔ↓c	1	0	0	0
phúch	TONE_SAC	fu↗k	fˈu↗c hˈa↗t	0	0	0	0
phụch	TONE_NANG	fuʔ↓k	fˈuʔ↓c hˈa↗t	0	0	0	0
phư	TONE_NGANG	fɨ→	fˈy	0	0	0	0
phừ	TONE_HUYEN	fɨ↘	fˈy↘	1	0	0	0
phứ	TONE_SAC	fɨ↗	fˈy↗	1	0	0	0
phư̂	TONE_HOI	fɨ↓	fˈy	0	0	0	0
phữ	TONE_NGA	fɨʔ↗	fˈyʔ↗	1	0	0	0
phự	TONE_NANG	fɨʔ↓	fˈyʔ↓	1	0	0	0
phưi	TONE_NGANG	fɨ→j	fˈyj	0	0	0	0
phừi	TONE_HUYEN	fɨ↘j	fˈy↘j	1	0	0	0
phứi	TONE_SAC	fɨ↗j	fˈy↗j	1	0	0	0
phư̂i	TONE_HOI	fɨ↓j	fˈy ˈi	0	0	0	0
phữi	TONE_NGA	fɨʔ↗j	fˈyʔ↗j	1	0	0	0
phựi	TONE_NANG	fɨʔ↓j	fˈyʔ↓j	1	0	0	0
phưy	TONE_NGANG	fɨ→j	fˈy ˈi	0	0	0	0
phừy	TONE_HUYEN	fɨ↘j	fˈy↘ ˈi	0	0	0	0
phứy	TONE_SAC	fɨ↗j	fˈy↗ ˈi	0	0	0	0
phư̂y	TONE_HOI	fɨ↓j	fˈy ˈi	0	0	0	0
phữy	TONE_NGA	fɨʔ↗j	fˈyʔ↗ ˈi	0	0	0	0
phựy	TONE_NANG	fɨʔ↓j	fˈyʔ↓ ˈi	0	0	0	0
phưo	TONE_NGANG	fɨ→w	fˈy ˈɔ	0	0	0	0
phừo	TONE_HUYEN	fɨ↘w	fˈy↘ ˈɔ	1	0	0	0
phứo	TONE_SAC	fɨ↗w	fˈy↗ ˈɔ	1	0	0	0
phư̂o	TONE_HOI	fɨ↓w	fˈy ˈo	0	0	0	0
phữo	TONE_NGA	fɨʔ↗w	fˈyʔ↗ ˈɔ	1	0	0	0
phựo	TONE_NANG	fɨʔ↓w	fˈyʔ↓ ˈɔ	1	0	0	0
phưu	TONE_NGANG	fɨ→w	fˈiw	0	0	0	0
phừu	TONE_HUYEN	fɨ↘w	fˈi↘w	1	0	0	0
phứu	TONE_SAC	fɨ↗w	fˈi↗w	1	0	0	0
phư̂u	TONE_HOI	fɨ↓w	fˈy ˈu	0	0	0	0
phữu	TONE_NGA	fɨʔ↗w	fˈiʔ↗w	1	0	0	0
phựu	TONE_NANG	fɨʔ↓w	fˈiʔ↓w	1	0	0	0
phưm	TONE_NGANG	fɨ→m	fˈym	0	0	0	0
phừm	TONE_HUYEN	fɨ↘m	fˈy↘m	1	0	0	0
phứm	TONE_SAC	fɨ↗m	fˈy↗m	1	0	0	0
phư̂m	TONE_HOI	fɨ↓m	fˈy mˈəː↘	0	0	0	0
phữm	TONE_NGA	fɨʔ↗m	fˈyʔ↗m	1	0	0	0
phựm	TONE_NANG	fɨʔ↓m	fˈyʔ↓m	1	0	0	0
phưn	TONE_NGANG	fɨ→n	fˈyn	0	0	0	0
phừn	TONE_HUYEN	fɨ↘n	fˈy↘n	1	0	0	0
phứn	TONE_SAC	fɨ↗n	fˈy↗n	1	0	0	0
phư̂n	TONE_HOI	fɨ↓n	fˈy nˈəː↘	0	0	0	0
phữn	TONE_NGA	fɨʔ↗n	fˈyʔ↗n	1	0	0	0
phựn	TONE_NANG	fɨʔ↓n	fˈyʔ↓n	1	0	0	0
phứp	TONE_SAC	fɨ↗p	fˈy↗ pˈe	0	0	0	0
phựp	TONE_NANG	fɨʔ↓p	fˈyʔ↓ pˈe	0	0	0	0
phứt	TONE_SAC	fɨ↗t	fˈy↗t	1	0	0	0
phựt	TONE_NANG	fɨʔ↓t	fˈyʔ↓t	1	0	0	0
phưng	TONE_NGANG	fɨ→ŋ	fˈyŋ	0	0	0	0
phừng	TONE_HUYEN	fɨ↘ŋ	fˈy↘ŋ	1	0	0	0
phứng	TONE_SAC	fɨ↗ŋ	fˈy↗ŋ	1	0	0	0
phư̂ng	TONE_HOI	fɨ↓ŋ	fˈy ˌɛndʒˈiː	0	0	0	0
phững	TONE_NGA	fɨʔ↗ŋ	fˈyʔ↗ŋ	1	0	0	0
phựng	TONE_NANG	fɨʔ↓ŋ	fˈyʔ↓ŋ	1	0	0	0
phức	TONE_SAC	fɨ↗k	fˈy↗c	1	0	0	0
phực	TONE_NANG	fɨʔ↓k	fˈyʔ↓c	1	0	0	0
phứch	TONE_SAC	fɨ↗k	fˈy↗c hˈa↗t	0	0	0	0
phựch	TONE_NANG	fɨʔ↓k	fˈyʔ↓c hˈa↗t	0	0	0	0
quiên	TONE_NGANG	kwiə→n	kwˈiɛn	0	0	0	0
quiền	TONE_HUYEN	kwiə↘n	kwˈiɛ↘n	1	0	0	0
quiến	TONE_SAC	kwiə↗n	kwˈiɛ↗n	1	0	0	0
quiê̂n	TONE_HOI	kwiə↓n	kwj ˈe nˈəː↘	0	0	0	0
quiễn	TONE_NGA	kwiəʔ↗n	kwˈiɛʔ↗n	1	0	0	0
quiện	TONE_NANG	kwiəʔ↓n	kwˈiɛʔ↓n	1	0	0	0
quiết	TONE_SAC	kwiə↗t	kwˈiɛ↗t	1	0	0	0
quiệt	TONE_NANG	kwiəʔ↓t	kwˈiɛʔ↓t	1	0	0	0
quyên	TONE_NGANG	kwiə→n	kwˈiɛn	0	0	0	0
quyền	TONE_HUYEN	kwiə↘n	kwˈiɛ↘n	1	0	0	0
quyến	TONE_SAC	kwiə↗n	kwˈiɛ↗n	1	0	0	0
quyê̂n	TONE_HOI	kwiə↓n	kwˈi ˈe nˈəː↘	0	0	0	0
quyễn	TONE_NGA	kwiəʔ↗n	kwˈiɛʔ↗n	1	0	0	0
quyện	TONE_NANG	kwiəʔ↓n	kwˈiɛʔ↓n	1	0	0	0
quyết	TONE_SAC	kwiə↗t	kwˈiɛ↗t	1	0	0	0
quyệt	TONE_NANG	kwiəʔ↓t	kwˈiɛʔ↓t	1	0	0	0
quian	TONE_NGANG	kwiə→n	kwj æn	0	0	0	0
quìan	TONE_HUYEN	kwiə↘n	kwˈi↘ ˈaːn	0	0	0	0
quían	TONE_SAC	kwiə↗n	kwˈi↗ ˈaːn	0	0	0	0
quîan	TONE_HOI	kwiə↓n	kwj æn	0	0	0	0
quĩan	TONE_NGA	kwiəʔ↗n	kwˈiʔ↗ ˈaːn	0	0	0	0
quịan	TONE_NANG	kwiəʔ↓n	kwˈiʔ↓ ˈaːn	0	0	0	0
quíat	TONE_SAC	kwiə↗t	kwˈi↗ ˈaː↗t	0	0	0	0
quịat	TONE_NANG	kwiəʔ↓t	kwˈiʔ↓ ˈaː↗t	0	0	0	0
quyan	TONE_NGANG	kwiə→n	kwˈi æn	0	0	0	0
quỳan	TONE_HUYEN	kwiə↘n	kwˈi↘ ˈaːn	0	0	0	0
quýan	TONE_SAC	kwiə↗n	kwˈi↗ ˈaːn	0	0	0	0
quŷan	TONE_HOI	kwiə↓n	kwˈi æn	0	0	0	0
quỹan	TONE_NGA	kwiəʔ↗n	kwˈiʔ↗ ˈaːn	0	0	0	0
quỵan	TONE_NANG	kwiəʔ↓n	kwˈiʔ↓ ˈaːn	0	0	0	0
quýat	TONE_SAC	kwiə↗t	kwˈi↗ ˈaː↗t	0	0	0	0
quỵat	TONE_NANG	kwiəʔ↓t	kwˈiʔ↓ ˈaː↗t	0	0	0	0
qua	TONE_NGANG	kwaː→	kwˈaː	0	0	0	0
quà	TONE_HUYEN	kwaː↘	kwˈaː↘	1	0	0	0
quá	TONE_SAC	kwaː↗	kwˈaː↗	1	0	0	0
quâ	TONE_HOI	kwaː↓	kw ˌeɪsˈ↗ːkəmflˌɛks	0	0	0	0
quã	TONE_NGA	kwaːʔ↗	kwˈaːʔ↗	1	0	0	0
quạ	TONE_NANG	kwaːʔ↓	kwˈaːʔ↓	1	0	0	0
quai	TONE_NGANG	kwaː→j	kwˈaːj	0	0	0	0
quài	TONE_HUYEN	kwaː↘j	kwˈaː↘j	1	0	0	0
quái	TONE_SAC	kwaː↗j	kwˈaː↗j	1	0	0	0
quâi	TONE_HOI	kwaː↓j	kw ˌeɪsˈ↗ːkəmflˌɛksˈi	0	0	0	0
quãi	TONE_NGA	kwaːʔ↗j	kwˈaːʔ↗j	1	0	0	0
quại	TONE_NANG	kwaːʔ↓j	kwˈaːʔ↓j	1	0	0	0
quay	TONE_NGANG	kwa→j	kwˈaj	0	0	0	0
quày	TONE_HUYEN	kwa↘j	kwˈa↘j	1	0	0	0
quáy	TONE_SAC	kwa↗j	kwˈa↗j	1	0	0	0
quây	TONE_HOI	kwa↓j	kwˈəɪ	0	0	0	0
quãy	TONE_NGA	kwaʔ↗j	kwˈaʔ↗j	1	0	0	0
quạy	TONE_NANG	kwaʔ↓j	kwˈaʔ↓j	1	0	0	0
quao	TONE_NGANG	kwaː→w	kwˈaːw	0	0	0	0
quào	TONE_HUYEN	kwaː↘w	kwˈaː↘w	1	0	0	0
quáo	TONE_SAC	kwaː↗w	kwˈaː↗w	1	0	0	0
quâo	TONE_HOI	kwaː↓w	kw ˌeɪsˈ↗ːkəmflˌɛksˈɔ	0	0	0	0
quão	TONE_NGA	kwaːʔ↗w	kwˈaːʔ↗w	1	0	0	0
quạo	TONE_NANG	kwaːʔ↓w	kwˈaːʔ↓w	1	0	0	0
quau	TONE_NGANG	kwa→w	kwˈaw	0	0	0	0
quàu	TONE_HUYEN	kwa↘w	kwˈa↘w	1	0	0	0
quáu	TONE_SAC	kwa↗w	kwˈa↗w	1	0	0	0
quâu	TONE_HOI	kwa↓w	kwˈə→w	0	0	0	0
quãu	TONE_NGA	kwaʔ↗w	kwˈaʔ↗w	1	0	0	0
quạu	TONE_NANG	kwaʔ↓w	kwˈaʔ↓w	1	0	0	0
quan	TONE_NGANG	kwaː→n	kwˈaːn	0	0	0	0
quàn	TONE_HUYEN	kwaː↘n	kwˈaː↘n	1	0	0	0
quán	TONE_SAC	kwaː↗n	kwˈaː↗n	1	0	0	0
quân	TONE_HOI	kwaː↓n	kwˈən	0	0	0	0
quãn	TONE_NGA	kwaːʔ↗n	kwˈaːʔ↗n	1	0	0	0
quạn	TONE_NANG	kwaːʔ↓n	kwˈaːʔ↓n	1	0	0	0
quát	TONE_SAC	kwaː↗t	kwˈaː↗t	1	0	0	0
quạt	TONE_NANG	kwaːʔ↓t	kwˈaːʔ↓t	1	0	0	0
quang	TONE_NGANG	kwaː→ŋ	kwˈaːŋ	0	0	0	0
quàng	TONE_HUYEN	kwaː↘ŋ	kwˈaː↘ŋ	1	0	0	0
quáng	TONE_SAC	kwaː↗ŋ	kwˈaː↗ŋ	1	0	0	0
quâng	TONE_HOI	kwaː↓ŋ	kwˈəŋ	0	0	0	0
quãng	TONE_NGA	kwaːʔ↗ŋ	kwˈaːʔ↗ŋ	1	0	0	0
quạng	TONE_NANG	kwaːʔ↓ŋ	kwˈaːʔ↓ŋ	1	0	0	0
quanh	TONE_NGANG	kwaː→ɲ	kwˈæɲ	0	0	0	1
quành	TONE_HUYEN	kwaː↘ɲ	kwˈæ↘ɲ	1	0	0	1
quánh	TONE_SAC	kwaː↗ɲ	kwˈæ↗ɲ	1	0	0	1
quânh	TONE_HOI	kwaː↓ɲ	kwˈən hˈa↗t	0	0	0	1
quãnh	TONE_NGA	kwaːʔ↗ɲ	kwˈæʔ↗ɲ	1	0	0	1
quạnh	TONE_NANG	kwaːʔ↓ɲ	kwˈæʔ↓ɲ	1	0	0	1
quác	TONE_SAC	kwaː↗k	kwˈaː↗c	1	0	0	0
quạc	TONE_NANG	kwaːʔ↓k	kwˈaːʔ↓c	1	0	0	0
quách	TONE_SAC	kwa↗k	kwˈæ↗c	1	0	0	0
quạch	TONE_NANG	kwaʔ↓k	kwˈæʔ↓c	1	0	0	0
quăn	TONE_NGANG	kwa→n	kwˈan	0	0	0	0
quằn	TONE_HUYEN	kwa↘n	kwˈa↘n	1	0	0	0
quắn	TONE_SAC	kwa↗n	kwˈa↗n	1	0	0	0
quă̂n	TONE_HOI	kwa↓n	kw ă nˈəː↘	0	1	0	0
quẵn	TONE_NGA	kwaʔ↗n	kwˈaʔ↗n	1	0	0	0
quặn	TONE_NANG	kwaʔ↓n	kwˈaʔ↓n	1	0	0	0
quăng	TONE_NGANG	kwa→ŋ	kwˈaŋ	0	0	0	0
quằng	TONE_HUYEN	kwa↘ŋ	kwˈa↘ŋ	1	0	0	0
quắng	TONE_SAC	kwa↗ŋ	kwˈa↗ŋ	1	0	0	0
quă̂ng	TONE_HOI	kwa↓ŋ	kw ă ˌɛndʒˈiː	0	1	0	0
quẵng	TONE_NGA	kwaʔ↗ŋ	kwˈaʔ↗ŋ	1	0	0	0
quặng	TONE_NANG	kwaʔ↓ŋ	kwˈaʔ↓ŋ	1	0	0	0
quắc	TONE_SAC	kwa↗k	kwˈa↗c	1	0	0	0
quặc	TONE_NANG	kwaʔ↓k	kwˈaʔ↓c	1	0	0	0
quắch	TONE_SAC	kwa↗k	kwˈa↗c hˈa↗t	0	0	0	0
quặch	TONE_NANG	kwaʔ↓k	kwˈaʔ↓c hˈa↗t	0	0	0	0
quân	TONE_NGANG	kwə→n	kwˈən	0	0	0	0
quần	TONE_HUYEN	kwə↘n	kwˈə↘n	1	0	0	0
quấn	TONE_SAC	kwə↗n	kwˈə↗n	1	0	0	0
quâ̂n	TONE_HOI	kwə↓n	kw ˌeɪsˈ↗ːkəmflˌɛks nˈəː↘	0	0	0	0
quẫn	TONE_NGA	kwəʔ↗n	kwˈəʔ↗n	1	0	0	0
quận	TONE_NANG	kwəʔ↓n	kwˈəʔ↓n	1	0	0	0
quất	TONE_SAC	kwə↗t	kwˈə↗t	1	0	0	0
quật	TONE_NANG	kwəʔ↓t	kwˈəʔ↓t	1	0	0	0
que	TONE_NGANG	kwɛ→	kwˈɛ	0	0	0	0
què	TONE_HUYEN	kwɛ↘	kwˈɛ↘	1	0	0	0
qué	TONE_SAC	kwɛ↗	kwˈɛ↗	1	0	0	0
quê	TONE_HOI	kwɛ↓	kwˈe	0	0	0	0
quẽ	TONE_NGA	kwɛʔ↗	kwˈɛʔ↗	1	0	0	0
quẹ	TONE_NANG	kwɛʔ↓	kwˈɛʔ↓	1	0	0	0
quen	TONE_NGANG	kwɛ→n	kwˈɛn	0	0	0	0
quèn	TONE_HUYEN	kwɛ↘n	kwˈɛ↘n	1	0	0	0
quén	TONE_SAC	kwɛ↗n	kwˈɛ↗n	1	0	0	0
quên	TONE_HOI	kwɛ↓n	kwˈen	0	0	0	0
quẽn	TONE_NGA	kwɛʔ↗n	kwˈɛʔ↗n	1	0	0	0
quẹn	TONE_NANG	kwɛʔ↓n	kwˈɛʔ↓n	1	0	0	0
quét	TONE_SAC	kwɛ↗t	kwˈɛ↗t	1	0	0	0
quẹt	TONE_NANG	kwɛʔ↓t	kwˈɛʔ↓t	1	0	0	0
quê	TONE_NGANG	kwe→	kwˈe	0	0	0	0
quề	TONE_HUYEN	kwe↘	kwˈe↘	1	0	0	0
quế	TONE_SAC	kwe↗	kwˈe↗	1	0	0	0
quê̂	TONE_HOI	kwe↓	kwˈe	0	0	0	0
quễ	TONE_NGA	kweʔ↗	kwˈeʔ↗	1	0	0	0
quệ	TONE_NANG	kweʔ↓	kwˈeʔ↓	1	0	0	0
quên	TONE_NGANG	kwe→n	kwˈen	0	0	0	0
quền	TONE_HUYEN	kwe↘n	kwˈe↘n	1	0	0	0
quến	TONE_SAC	kwe↗n	kwˈe↗n	1	0	0	0
quê̂n	TONE_HOI	kwe↓n	kwˈe nˈəː↘	0	0	0	0
quễn	TONE_NGA	kweʔ↗n	kwˈeʔ↗n	1	0	0	0
quện	TONE_NANG	kweʔ↓n	kwˈeʔ↓n	1	0	0	0
qui	TONE_NGANG	kwi→	kwj	0	0	0	0
quì	TONE_HUYEN	kwi↘	kwˈi↘	1	0	0	0
quí	TONE_SAC	kwi↗	kwˈi↗	1	0	0	0
quî	TONE_HOI	kwi↓	kwj	0	0	0	0
quĩ	TONE_NGA	kwiʔ↗	kwˈiʔ↗	1	0	0	0
quị	TONE_NANG	kwiʔ↓	kwˈiʔ↓	1	0	0	0
quinh	TONE_NGANG	kwi→ɲ	kwjɲ	0	0	0	1
quình	TONE_HUYEN	kwi↘ɲ	kwˈi↘ɲ	1	0	0	1
quính	TONE_SAC	kwi↗ɲ	kwˈi↗ɲ	1	0	0	1
quînh	TONE_HOI	kwi↓ɲ	kwjɲ	0	0	0	1
quĩnh	TONE_NGA	kwiʔ↗ɲ	kwˈiʔ↗ɲ	1	0	0	1
quịnh	TONE_NANG	kwiʔ↓ɲ	kwˈiʔ↓ɲ	1	0	0	1
quy	TONE_NGANG	kwi→	kwˈi	0	0	0	0
quỳ	TONE_HUYEN	kwi↘	kwˈi↘	1	0	0	0
quý	TONE_SAC	kwi↗	kwˈi↗	1	0	0	0
quŷ	TONE_HOI	kwi↓	kwˈi	0	0	0	0
quỹ	TONE_NGA	kwiʔ↗	kwˈiʔ↗	1	0	0	0
quỵ	TONE_NANG	kwiʔ↓	kwˈiʔ↓	1	0	0	0
quynh	TONE_NGANG	kwi→ɲ	kwˈiɲ	0	0	0	0
quỳnh	TONE_HUYEN	kwi↘ɲ	kwˈi↘ɲ	1	0	0	0
quýnh	TONE_SAC	kwi↗ɲ	kwˈi↗ɲ	1	0	0	0
quŷnh	TONE_HOI	kwi↓ɲ	kwˈiɲ	0	0	0	0
quỹnh	TONE_NGA	kwiʔ↗ɲ	kwˈiʔ↗ɲ	1	0	0	0
quỵnh	TONE_NANG	kwiʔ↓ɲ	kwˈiʔ↓ɲ	1	0	0	0
quôi	TONE_NGANG	kwo→j	kˈuəj	0	0	0	0
quồi	TONE_HUYEN	kwo↘j	kˈuə↘j	1	0	0	0
quối	TONE_SAC	kwo↗j	kˈuə↗j	1	0	0	0
quô̂i	TONE_HOI	kwo↓j	kˈuə ˈi	0	0	0	0
quỗi	TONE_NGA	kwoʔ↗j	kˈuəʔ↗j	1	0	0	0
quội	TONE_NANG	kwoʔ↓j	kˈuəʔ↓j	1	0	0	0
quôy	TONE_NGANG	kwo→j	kˈuə ˈi	0	0	0	0
quồy	TONE_HUYEN	kwo↘j	kˈuə↘ ˈi	0	0	0	0
quốy	TONE_SAC	kwo↗j	kˈuə↗ ˈi	0	0	0	0
quô̂y	TONE_HOI	kwo↓j	kˈuə ˈi	0	0	0	0
quỗy	TONE_NGA	kwoʔ↗j	kˈuəʔ↗ ˈi	0	0	0	0
quộy	TONE_NANG	kwoʔ↓j	kˈuəʔ↓ ˈi	0	0	0	0
quôn	TONE_NGANG	kwo→n	kˈuən	0	0	0	0
quồn	TONE_HUYEN	kwo↘n	kˈuə↘n	1	0	0	0
quốn	TONE_SAC	kwo↗n	kˈuə↗n	1	0	0	0
quô̂n	TONE_HOI	kwo↓n	kˈuə nˈəː↘	0	0	0	0
quỗn	TONE_NGA	kwoʔ↗n	kˈuəʔ↗n	1	0	0	0
quộn	TONE_NANG	kwoʔ↓n	kˈuəʔ↓n	1	0	0	0
quốp	TONE_SAC	kwo↗p	kˈuə↗p	1	0	0	0
quộp	TONE_NANG	kwoʔ↓p	kˈuəʔ↓p	1	0	0	0
quốt	TONE_SAC	kwo↗t	kˈuə↗t	1	0	0	0
quột	TONE_NANG	kwoʔ↓t	kˈuəʔ↓t	1	0	0	0
quông	TONE_NGANG	kwo→ŋ	kˈuəŋ	0	0	0	0
quồng	TONE_HUYEN	kwo↘ŋ	kˈuə↘ŋ	1	0	0	0
quống	TONE_SAC	kwo↗ŋ	kˈuə↗ŋ	1	0	0	0
quô̂ng	TONE_HOI	kwo↓ŋ	kˈuə ˌɛndʒˈiː	0	0	0	0
quỗng	TONE_NGA	kwoʔ↗ŋ	kˈuəʔ↗ŋ	1	0	0	0
quộng	TONE_NANG	kwoʔ↓ŋ	kˈuəʔ↓ŋ	1	0	0	0
quốc	TONE_SAC	kwo↗k	kˈuə↗c	1	0	0	0
quộc	TONE_NANG	kwoʔ↓k	kˈuəʔ↓c	1	0	0	0
quốch	TONE_SAC	kwo↗k	kˈuə↗c hˈa↗t	0	0	0	0
quộch	TONE_NANG	kwoʔ↓k	kˈuəʔ↓c hˈa↗t	0	0	0	0
quơi	TONE_NGANG	kwəː→j	kwˈəːj	0	0	0	0
quời	TONE_HUYEN	kwəː↘j	kwˈəː↘j	1	0	0	0
quới	TONE_SAC	kwəː↗j	kwˈəː↗j	1	0	0	0
quơ̂i	TONE_HOI	kwəː↓j	kwˈəː ˈi	0	0	0	0
quỡi	TONE_NGA	kwəːʔ↗j	kwˈəːʔ↗j	1	0	0	0
quợi	TONE_NANG	kwəːʔ↓j	kwˈəːʔ↓j	1	0	0	0
quơy	TONE_NGANG	kwəː→j	kwˈəː ˈi	0	0	0	0
quờy	TONE_HUYEN	kwəː↘j	kwˈəː↘ ˈi	0	0	0	0
quớy	TONE_SAC	kwəː↗j	kwˈəː↗ ˈi	0	0	0	0
quơ̂y	TONE_HOI	kwəː↓j	kwˈəː ˈi	0	0	0	0
quỡy	TONE_NGA	kwəːʔ↗j	kwˈəːʔ↗ ˈi	0	0	0	0
quợy	TONE_NANG	kwəːʔ↓j	kwˈəːʔ↓ ˈi	0	0	0	0
quư	TONE_NGANG	kwɨ→	kwˈy	0	0	0	0
quừ	TONE_HUYEN	kwɨ↘	kwˈy↘	1	0	0	0
quứ	TONE_SAC	kwɨ↗	kwˈy↗	1	0	0	0
quư̂	TONE_HOI	kwɨ↓	kwˈy	0	0	0	0
quữ	TONE_NGA	kwɨʔ↗	kwˈyʔ↗	1	0	0	0
quự	TONE_NANG	kwɨʔ↓	kwˈyʔ↓	1	0	0	0
thiê	TONE_NGANG	θiə→	θˈi ˈe	0	0	0	0
thiề	TONE_HUYEN	θiə↘	θˈi ˈe↘	1	0	0	0
thiế	TONE_SAC	θiə↗	θˈi ˈe↗	1	0	0	0
thiê̂	TONE_HOI	θiə↓	θˈi ˈe	0	0	0	0
thiễ	TONE_NGA	θiəʔ↗	θˈi ˈeʔ↗	1	0	0	0
thiệ	TONE_NANG	θiəʔ↓	θˈi ˈeʔ↓	1	0	0	0
thiêo	TONE_NGANG	θiə→w	θˈi ˈeˈɔ	0	0	0	0
thiềo	TONE_HUYEN	θiə↘w	θˈi ˈe↘ˈɔ	1	0	0	0
thiếo	TONE_SAC	θiə↗w	θˈi ˈe↗ˈɔ	1	0	0	0
thiê̂o	TONE_HOI	θiə↓w	θˈi ˈe ˈo	0	0	0	0
thiễo	TONE_NGA	θiəʔ↗w	θˈi ˈeʔ↗ˈɔ	1	0	0	0
thiệo	TONE_NANG	θiəʔ↓w	θˈi ˈeʔ↓ˈɔ	1	0	0	0
thiêu	TONE_NGANG	θiə→w	θˈiɛw	0	0	0	0
thiều	TONE_HUYEN	θiə↘w	θˈiɛ↘w	1	0	0	0
thiếu	TONE_SAC	θiə↗w	θˈiɛ↗w	1	0	0	0
thiê̂u	TONE_HOI	θiə↓w	θˈi ˈe ˈu	0	0	0	0
thiễu	TONE_NGA	θiəʔ↗w	θˈiɛʔ↗w	1	0	0	0
thiệu	TONE_NANG	θiəʔ↓w	θˈiɛʔ↓w	1	0	0	0
thiêm	TONE_NGANG	θiə→m	θˈiɛm	0	0	0	0
thiềm	TONE_HUYEN	θiə↘m	θˈiɛ↘m	1	0	0	0
thiếm	TONE_SAC	θiə↗m	θˈiɛ↗m	1	0	0	0
thiê̂m	TONE_HOI	θiə↓m	θˈi ˈe mˈəː↘	0	0	0	0
thiễm	TONE_NGA	θiəʔ↗m	θˈiɛʔ↗m	1	0	0	0
thiệm	TONE_NANG	θiəʔ↓m	θˈiɛʔ↓m	1	0	0	0
thiên	TONE_NGANG	θiə→n	θˈiɛn	0	0	0	0
thiền	TONE_HUYEN	θiə↘n	θˈiɛ↘n	1	0	0	0
thiến	TONE_SAC	θiə↗n	θˈiɛ↗n	1	0	0	0
thiê̂n	TONE_HOI	θiə↓n	θˈi ˈe nˈəː↘	0	0	0	0
thiễn	TONE_NGA	θiəʔ↗n	θˈiɛʔ↗n	1	0	0	0
thiện	TONE_NANG	θiəʔ↓n	θˈiɛʔ↓n	1	0	0	0
thiếp	TONE_SAC	θiə↗p	θˈiɛ↗p	1	0	0	0
thiệp	TONE_NANG	θiəʔ↓p	θˈiɛʔ↓p	1	0	0	0
thiết	TONE_SAC	θiə↗t	θˈiɛ↗t	1	0	0	0
thiệt	TONE_NANG	θiəʔ↓t	θˈiɛʔ↓t	1	0	0	0
thiêng	TONE_NGANG	θiə→ŋ	θˈiɛŋ	0	0	0	0
thiềng	TONE_HUYEN	θiə↘ŋ	θˈiɛ↘ŋ	1	0	0	0
thiếng	TONE_SAC	θiə↗ŋ	θˈiɛ↗ŋ	1	0	0	0
thiê̂ng	TONE_HOI	θiə↓ŋ	θˈi ˈe ˌɛndʒˈiː	0	0	0	0
thiễng	TONE_NGA	θiəʔ↗ŋ	θˈiɛʔ↗ŋ	1	0	0	0
thiệng	TONE_NANG	θiəʔ↓ŋ	θˈiɛʔ↓ŋ	1	0	0	0
thiênh	TONE_NGANG	θiə→ɲ	θˈi ˈeɲ	0	0	0	0
thiềnh	TONE_HUYEN	θiə↘ɲ	θˈi ˈe↘ɲ	1	0	0	0
thiếnh	TONE_SAC	θiə↗ɲ	θˈi ˈe↗ɲ	1	0	0	0
thiê̂nh	TONE_HOI	θiə↓ɲ	θˈi ˈe ˌɛnˈeɪʧ	0	0	0	0
thiễnh	TONE_NGA	θiəʔ↗ɲ	θˈi ˈeʔ↗ɲ	1	0	0	0
thiệnh	TONE_NANG	θiəʔ↓ɲ	θˈi ˈeʔ↓ɲ	1	0	0	0
thiếc	TONE_SAC	θiə↗k	θˈiɛ↗c	1	0	0	0
thiệc	TONE_NANG	θiəʔ↓k	θˈiɛʔ↓c	1	0	0	0
thiếch	TONE_SAC	θiə↗k	θˈi ˈe↗c	1	0	0	0
thiệch	TONE_NANG	θiəʔ↓k	θˈi ˈeʔ↓c	1	0	0	0
thyê	TONE_NGANG	θiə→	θˈi ˈe	0	0	0	0
thyề	TONE_HUYEN	θiə↘	θˈi ˈe↘	1	0	0	0
thyế	TONE_SAC	θiə↗	θˈi ˈe↗	1	0	0	0
thyê̂	TONE_HOI	θiə↓	θˈi ˈe	0	0	0	0
thyễ	TONE_NGA	θiəʔ↗	θˈi ˈeʔ↗	1	0	0	0
thyệ	TONE_NANG	θiəʔ↓	θˈi ˈeʔ↓	1	0	0	0
thyêo	TONE_NGANG	θiə→w	θˈi ˈeˈɔ	0	0	0	0
thyềo	TONE_HUYEN	θiə↘w	θˈi ˈe↘ˈɔ	1	0	0	0
thyếo	TONE_SAC	θiə↗w	θˈi ˈe↗ˈɔ	1	0	0	0
thyê̂o	TONE_HOI	θiə↓w	θˈi ˈe ˈo	0	0	0	0
thyễo	TONE_NGA	θiəʔ↗w	θˈi ˈeʔ↗ˈɔ	1	0	0	0
thyệo	TONE_NANG	θiəʔ↓w	θˈi ˈeʔ↓ˈɔ	1	0	0	0
thyêu	TONE_NGANG	θiə→w	θˈi ˈeˈu	0	0	0	0
thyều	TONE_HUYEN	θiə↘w	θˈi ˈe↘ˈu	0	0	0	0
thyếu	TONE_SAC	θiə↗w	θˈi ˈe↗ˈu	0	0	0	0
thyê̂u	TONE_HOI	θiə↓w	θˈi ˈe ˈu	0	0	0	0
thyễu	TONE_NGA	θiəʔ↗w	θˈi ˈeʔ↗ˈu	0	0	0	0
thyệu	TONE_NANG	θiəʔ↓w	θˈi ˈeʔ↓ˈu	0	0	0	0
thyêm	TONE_NGANG	θiə→m	θˈi ˈem	0	0	0	0
thyềm	TONE_HUYEN	θiə↘m	θˈi ˈe↘m	1	0	0	0
thyếm	TONE_SAC	θiə↗m	θˈi ˈe↗m	1	0	0	0
thyê̂m	TONE_HOI	θiə↓m	θˈi ˈe mˈəː↘	0	0	0	0
thyễm	TONE_NGA	θiəʔ↗m	θˈi ˈeʔ↗m	1	0	0	0
thyệm	TONE_NANG	θiəʔ↓m	θˈi ˈeʔ↓m	1	0	0	0
thyên	TONE_NGANG	θiə→n	θˈi ˈen	0	0	0	0
thyền	TONE_HUYEN	θiə↘n	θˈi ˈe↘n	1	0	0	0
thyến	TONE_SAC	θiə↗n	θˈi ˈe↗n	1	0	0	0
thyê̂n	TONE_HOI	θiə↓n	θˈi ˈe nˈəː↘	0	0	0	0
thyễn	TONE_NGA	θiəʔ↗n	θˈi ˈeʔ↗n	1	0	0	0
thyện	TONE_NANG	θiəʔ↓n	θˈi ˈeʔ↓n	1	0	0	0
thyếp	TONE_SAC	θiə↗p	θˈi ˈe↗p	1	0	0	0
thyệp	TONE_NANG	θiəʔ↓p	θˈi ˈeʔ↓p	1	0	0	0
thyết	TONE_SAC	θiə↗t	θˈi ˈe↗t	1	0	0	0
thyệt	TONE_NANG	θiəʔ↓t	θˈi ˈeʔ↓t	1	0	0	0
thyêng	TONE_NGANG	θiə→ŋ	θˈehˈa↗t ˈiɛŋ	0	0	0	0
thyềng	TONE_HUYEN	θiə↘ŋ	θˈehˈa↗t ˈiɛ↘ŋ	0	0	0	0
thyếng	TONE_SAC	θiə↗ŋ	θˈehˈa↗t ˈiɛ↗ŋ	0	0	0	0
thyê̂ng	TONE_HOI	θiə↓ŋ	θˈi ˈe ˌɛndʒˈiː	0	0	0	0
thyễng	TONE_NGA	θiəʔ↗ŋ	θˈehˈa↗t ˈiɛʔ↗ŋ	0	0	0	0
thyệng	TONE_NANG	θiəʔ↓ŋ	θˈehˈa↗t ˈiɛʔ↓ŋ	0	0	0	0
thyênh	TONE_NGANG	θiə→ɲ	θˈi ˈeɲ	0	0	0	0
thyềnh	TONE_HUYEN	θiə↘ɲ	θˈi ˈe↘ɲ	1	0	0	0
thyếnh	TONE_SAC	θiə↗ɲ	θˈi ˈe↗ɲ	1	0	0	0
thyê̂nh	TONE_HOI	θiə↓ɲ	θˈi ˈe ˌɛnˈeɪʧ	0	0	0	0
thyễnh	TONE_NGA	θiəʔ↗ɲ	θˈi ˈeʔ↗ɲ	1	0	0	0
thyệnh	TONE_NANG	θiəʔ↓ɲ	θˈi ˈeʔ↓ɲ	1	0	0	0
thyếc	TONE_SAC	θiə↗k	θˈi ˈe↗sˈe	0	0	0	0
thyệc	TONE_NANG	θiəʔ↓k	θˈi ˈeʔ↓sˈe	0	0	0	0
thyếch	TONE_SAC	θiə↗k	θˈi ˈe↗c	1	0	0	0
thyệch	TONE_NANG	θiəʔ↓k	θˈi ˈeʔ↓c	1	0	0	0
thia	TONE_NGANG	θiə→	θˈiə	0	0	0	0
thìa	TONE_HUYEN	θiə↘	θˈiə↘	1	0	0	0
thía	TONE_SAC	θiə↗	θˈiə↗	1	0	0	0
thîa	TONE_HOI	θiə↓	θˈiə	0	0	0	0
thĩa	TONE_NGA	θiəʔ↗	θˈiəʔ↗	1	0	0	0
thịa	TONE_NANG	θiəʔ↓	θˈiəʔ↓	1	0	0	0
thiao	TONE_NGANG	θiə→w	θˈaɪəˌoʊ	0	0	0	0
thìao	TONE_HUYEN	θiə↘w	θˈiə↘ ˈɔ	1	0	0	0
thíao	TONE_SAC	θiə↗w	θˈiə↗ ˈɔ	1	0	0	0
thîao	TONE_HOI	θiə↓w	θˈaɪəˌoʊ	0	0	0	0
thĩao	TONE_NGA	θiəʔ↗w	θˈiəʔ↗ ˈɔ	1	0	0	0
thịao	TONE_NANG	θiəʔ↓w	θˈiəʔ↓ ˈɔ	1	0	0	0
thiau	TONE_NGANG	θiə→w	θˈiə jˈuː	0	0	0	0
thìau	TONE_HUYEN	θiə↘w	θˈiə↘ ˈu	0	0	0	0
thíau	TONE_SAC	θiə↗w	θˈiə↗ ˈu	0	0	0	0
thîau	TONE_HOI	θiə↓w	θˈiə jˈuː	0	0	0	0
thĩau	TONE_NGA	θiəʔ↗w	θˈiəʔ↗ ˈu	0	0	0	0
thịau	TONE_NANG	θiəʔ↓w	θˈiəʔ↓ ˈu	0	0	0	0
thiam	TONE_NGANG	θiə→m	θˈiəm	0	0	0	0
thìam	TONE_HUYEN	θiə↘m	θˌi↘ ˈaːm	0	0	0	0
thíam	TONE_SAC	θiə↗m	θˈi↗ ˈaːm	0	0	0	0
thîam	TONE_HOI	θiə↓m	θˈiəm	0	0	0	0
thĩam	TONE_NGA	θiəʔ↗m	θˈiʔ↗ ˈaːm	0	0	0	0
thịam	TONE_NANG	θiəʔ↓m	θˈiʔ↓ ˈaːm	0	0	0	0
thian	TONE_NGANG	θiə→n	θˈi æn	0	0	0	0
thìan	TONE_HUYEN	θiə↘n	θˌi↘ ˈaːn	0	0	0	0
thían	TONE_SAC	θiə↗n	θˈi↗ ˈaːn	0	0	0	0
thîan	TONE_HOI	θiə↓n	θˈi æn	0	0	0	0
thĩan	TONE_NGA	θiəʔ↗n	θˈiʔ↗ ˈaːn	0	0	0	0
thịan	TONE_NANG	θiəʔ↓n	θˈiʔ↓ ˈaːn	0	0	0	0
thíap	TONE_SAC	θiə↗p	θˈi↗ ˈaː↗p	0	0	0	0
thịap	TONE_NANG	θiəʔ↓p	θˈiʔ↓ ˈaː↗p	0	0	0	0
thíat	TONE_SAC	θiə↗t	θˈi↗ ˈaː↗t	0	0	0	0
thịat	TONE_NANG	θiəʔ↓t	θˈiʔ↓ ˈaː↗t	0	0	0	0
thiang	TONE_NGANG	θiə→ŋ	θˈi ˈaːŋ	0	0	0	0
thìang	TONE_HUYEN	θiə↘ŋ	θˌi↘ ˈaːŋ	0	0	0	0
thíang	TONE_SAC	θiə↗ŋ	θˈi↗ ˈaːŋ	0	0	0	0
thîang	TONE_HOI	θiə↓ŋ	θˈi ˈaːŋ	0	0	0	0
thĩang	TONE_NGA	θiəʔ↗ŋ	θˈiʔ↗ ˈaːŋ	0	0	0	0
thịang	TONE_NANG	θiəʔ↓ŋ	θˈiʔ↓ ˈaːŋ	0	0	0	0
thianh	TONE_NGANG	θiə→ɲ	θˈi ˈæɲ	0	0	0	0
thìanh	TONE_HUYEN	θiə↘ɲ	θˌi↘ ˈæɲ	0	0	0	0
thíanh	TONE_SAC	θiə↗ɲ	θˈi↗ ˈæɲ	0	0	0	0
thîanh	TONE_HOI	θiə↓ɲ	θˈi ˈæɲ	0	0	0	0
thĩanh	TONE_NGA	θiəʔ↗ɲ	θˈiʔ↗ ˈæɲ	0	0	0	0
thịanh	TONE_NANG	θiəʔ↓ɲ	θˈiʔ↓ ˈæɲ	0	0	0	0
thíac	TONE_SAC	θiə↗k	θˈi↗ ˈaː↗c	0	0	0	0
thịac	TONE_NANG	θiəʔ↓k	θˈiʔ↓ ˈaː↗c	0	0	0	0
thíach	TONE_SAC	θiə↗k	θˈi↗ ˈæ↗c	0	0	0	0
thịach	TONE_NANG	θiəʔ↓k	θˈiʔ↓ ˈæ↗c	0	0	0	0
thya	TONE_NGANG	θiə→	θˈi ˈeɪ	0	0	0	0
thỳa	TONE_HUYEN	θiə↘	θˈi↘ ˈaː	0	0	0	0
thýa	TONE_SAC	θiə↗	θˈi↗ ˈaː	0	0	0	0
thŷa	TONE_HOI	θiə↓	θˈi ˈeɪ	0	0	0	0
thỹa	TONE_NGA	θiəʔ↗	θˈiʔ↗ ˈaː	0	0	0	0
thỵa	TONE_NANG	θiəʔ↓	θˈiʔ↓ ˈaː	0	0	0	0
thyao	TONE_NGANG	θiə→w	θˈiː hˈaɪaʊ	0	0	0	0
thỳao	TONE_HUYEN	θiə↘w	θˈi↘ ˈaːˈɔ	0	0	0	0
thýao	TONE_SAC	θiə↗w	θˈi↗ ˈaːˈɔ	0	0	0	0
thŷao	TONE_HOI	θiə↓w	θˈiː hˈaɪaʊ	0	0	0	0
thỹao	TONE_NGA	θiəʔ↗w	θˈiʔ↗ ˈaːˈɔ	0	0	0	0
thỵao	TONE_NANG	θiəʔ↓w	θˈiʔ↓ ˈaːˈɔ	0	0	0	0
thyau	TONE_NGANG	θiə→w	θˈi ˈeɪjˈuː	0	0	0	0
thỳau	TONE_HUYEN	θiə↘w	θˈi↘ ˈaːˈu	0	0	0	0
thýau	TONE_SAC	θiə↗w	θˈi↗ ˈaːˈu	0	0	0	0
thŷau	TONE_HOI	θiə↓w	θˈi ˈeɪjˈuː	0	0	0	0
thỹau	TONE_NGA	θiəʔ↗w	θˈiʔ↗ ˈaːˈu	0	0	0	0
thỵau	TONE_NANG	θiəʔ↓w	θˈiʔ↓ ˈaːˈu	0	0	0	0
thyam	TONE_NGANG	θiə→m	θˈi æm	0	0	0	0
thỳam	TONE_HUYEN	θiə↘m	θˈi↘ ˈaːm	0	0	0	0
thýam	TONE_SAC	θiə↗m	θˈi↗ ˈaːm	0	0	0	0
thŷam	TONE_HOI	θiə↓m	θˈi æm	0	0	0	0
thỹam	TONE_NGA	θiəʔ↗m	θˈiʔ↗ ˈaːm	0	0	0	0
thỵam	TONE_NANG	θiəʔ↓m	θˈiʔ↓ ˈaːm	0	0	0	0
thyan	TONE_NGANG	θiə→n	θˈi æn	0	0	0	0
thỳan	TONE_HUYEN	θiə↘n	θˈi↘ ˈaːn	0	0	0	0
thýan	TONE_SAC	θiə↗n	θˈi↗ ˈaːn	0	0	0	0
thŷan	TONE_HOI	θiə↓n	θˈi æn	0	0	0	0
thỹan	TONE_NGA	θiəʔ↗n	θˈiʔ↗ ˈaːn	0	0	0	0
thỵan	TONE_NANG	θiəʔ↓n	θˈiʔ↓ ˈaːn	0	0	0	0
thýap	TONE_SAC	θiə↗p	θˈi↗ ˈaː↗p	0	0	0	0
thỵap	TONE_NANG	θiəʔ↓p	θˈiʔ↓ ˈaː↗p	0	0	0	0
thýat	TONE_SAC	θiə↗t	θˈi↗ ˈaː↗t	0	0	0	0
thỵat	TONE_NANG	θiəʔ↓t	θˈiʔ↓ ˈaː↗t	0	0	0	0
thyang	TONE_NGANG	θiə→ŋ	θˈi ˈaːŋ	0	0	0	0
thỳang	TONE_HUYEN	θiə↘ŋ	θˈi↘ ˈaːŋ	0	0	0	0
thýang	TONE_SAC	θiə↗ŋ	θˈi↗ ˈaːŋ	0	0	0	0
thŷang	TONE_HOI	θiə↓ŋ	θˈi ˈaːŋ	0	0	0	0
thỹang	TONE_NGA	θiəʔ↗ŋ	θˈiʔ↗ ˈaːŋ	0	0	0	0
thỵang	TONE_NANG	θiəʔ↓ŋ	θˈiʔ↓ ˈaːŋ	0	0	0	0
thyanh	TONE_NGANG	θiə→ɲ	θˈi ˈæɲ	0	0	0	0
thỳanh	TONE_HUYEN	θiə↘ɲ	θˈi↘ ˈæɲ	0	0	0	0
thýanh	TONE_SAC	θiə↗ɲ	θˈi↗ ˈæɲ	0	0	0	0
thŷanh	TONE_HOI	θiə↓ɲ	θˈi ˈæɲ	0	0	0	0
thỹanh	TONE_NGA	θiəʔ↗ɲ	θˈiʔ↗ ˈæɲ	0	0	0	0
thỵanh	TONE_NANG	θiəʔ↓ɲ	θˈiʔ↓ ˈæɲ	0	0	0	0
thýac	TONE_SAC	θiə↗k	θˈi↗ ˈaː↗c	0	0	0	0
thỵac	TONE_NANG	θiəʔ↓k	θˈiʔ↓ ˈaː↗c	0	0	0	0
thýach	TONE_SAC	θiə↗k	θˈi↗ ˈæ↗c	0	0	0	0
thỵach	TONE_NANG	θiəʔ↓k	θˈiʔ↓ ˈæ↗c	0	0	0	0
thươ	TONE_NGANG	θɨə→	θˈy ˈəː	0	0	0	0
thườ	TONE_HUYEN	θɨə↘	θˈy ˈəː↘	1	0	0	0
thướ	TONE_SAC	θɨə↗	θˈy ˈəː↗	1	0	0	0
thươ̂	TONE_HOI	θɨə↓	θˈy ˈəː	0	0	0	0
thưỡ	TONE_NGA	θɨəʔ↗	θˈy ˈəːʔ↗	1	0	0	0
thượ	TONE_NANG	θɨəʔ↓	θˈy ˈəːʔ↓	1	0	0	0
thươi	TONE_NGANG	θɨə→j	θˈyəj	0	0	0	0
thười	TONE_HUYEN	θɨə↘j	θˈyə↘j	1	0	0	0
thưới	TONE_SAC	θɨə↗j	θˈyə↗j	1	0	0	0
thươ̂i	TONE_HOI	θɨə↓j	θˈy ˈəː ˈi	0	0	0	0
thưỡi	TONE_NGA	θɨəʔ↗j	θˈyəʔ↗j	1	0	0	0
thượi	TONE_NANG	θɨəʔ↓j	θˈyəʔ↓j	1	0	0	0
thươy	TONE_NGANG	θɨə→j	θˈy ˈəːˈi	0	0	0	0
thườy	TONE_HUYEN	θɨə↘j	θˈy ˈəː↘ˈi	0	0	0	0
thướy	TONE_SAC	θɨə↗j	θˈy ˈəː↗ˈi	0	0	0	0
thươ̂y	TONE_HOI	θɨə↓j	θˈy ˈəː ˈi	0	0	0	0
thưỡy	TONE_NGA	θɨəʔ↗j	θˈy ˈəːʔ↗ˈi	0	0	0	0
thượy	TONE_NANG	θɨəʔ↓j	θˈy ˈəːʔ↓ˈi	0	0	0	0
thươo	TONE_NGANG	θɨə→w	θˈy ˈəːˈɔ	0	0	0	0
thườo	TONE_HUYEN	θɨə↘w	θˈy ˈəː↘ˈɔ	1	0	0	0
thướo	TONE_SAC	θɨə↗w	θˈy ˈəː↗ˈɔ	1	0	0	0
thươ̂o	TONE_HOI	θɨə↓w	θˈy ˈəː ˈo	0	0	0	0
thưỡo	TONE_NGA	θɨəʔ↗w	θˈy ˈəːʔ↗ˈɔ	1	0	0	0
thượo	TONE_NANG	θɨəʔ↓w	θˈy ˈəːʔ↓ˈɔ	1	0	0	0
thươu	TONE_NGANG	θɨə→w	θˈyəw	0	0	0	0
thườu	TONE_HUYEN	θɨə↘w	θˈyə↘w	1	0	0	0
thướu	TONE_SAC	θɨə↗w	θˈyə↗w	1	0	0	0
thươ̂u	TONE_HOI	θɨə↓w	θˈy ˈəː ˈu	0	0	0	0
thưỡu	TONE_NGA	θɨəʔ↗w	θˈyəʔ↗w	1	0	0	0
thượu	TONE_NANG	θɨəʔ↓w	θˈyəʔ↓w	1	0	0	0
thươm	TONE_NGANG	θɨə→m	θˈyəm	0	0	0	0
thườm	TONE_HUYEN	θɨə↘m	θˈyə↘m	1	0	0	0
thướm	TONE_SAC	θɨə↗m	θˈyə↗m	1	0	0	0
thươ̂m	TONE_HOI	θɨə↓m	θˈy ˈəː mˈəː↘	0	0	0	0
thưỡm	TONE_NGA	θɨəʔ↗m	θˈyəʔ↗m	1	0	0	0
thượm	TONE_NANG	θɨəʔ↓m	θˈyəʔ↓m	1	0	0	0
thướp	TONE_SAC	θɨə↗p	θˈyə↗p	1	0	0	0
thượp	TONE_NANG	θɨəʔ↓p	θˈyəʔ↓p	1	0	0	0
thướt	TONE_SAC	θɨə↗t	θˈyə↗t	1	0	0	0
thượt	TONE_NANG	θɨəʔ↓t	θˈyəʔ↓t	1	0	0	0
thương	TONE_NGANG	θɨə→ŋ	θˈyəŋ	0	0	0	0
thường	TONE_HUYEN	θɨə↘ŋ	θˈyə↘ŋ	1	0	0	0
thướng	TONE_SAC	θɨə↗ŋ	θˈyə↗ŋ	1	0	0	0
thươ̂ng	TONE_HOI	θɨə↓ŋ	θˈy ˈəː ˌɛndʒˈiː	0	0	0	0
thưỡng	TONE_NGA	θɨəʔ↗ŋ	θˈyəʔ↗ŋ	1	0	0	0
thượng	TONE_NANG	θɨəʔ↓ŋ	θˈyəʔ↓ŋ	1	0	0	0
thước	TONE_SAC	θɨə↗k	θˈyə↗c	1	0	0	0
thược	TONE_NANG	θɨəʔ↓k	θˈyəʔ↓c	1	0	0	0
thướch	TONE_SAC	θɨə↗k	θˈyə↗c hˈa↗t	0	0	0	0
thượch	TONE_NANG	θɨəʔ↓k	θˈyəʔ↓c hˈa↗t	0	0	0	0
thưa	TONE_NGANG	θɨə→	θˈyə	0	0	0	0
thừa	TONE_HUYEN	θɨə↘	θˈyə↘	1	0	0	0
thứa	TONE_SAC	θɨə↗	θˈyə↗	1	0	0	0
thư̂a	TONE_HOI	θɨə↓	θˈy ˈaː	0	0	0	0
thữa	TONE_NGA	θɨəʔ↗	θˈyəʔ↗	1	0	0	0
thựa	TONE_NANG	θɨəʔ↓	θˈyəʔ↓	1	0	0	0
thưai	TONE_NGANG	θɨə→j	θˈyə ˈi	0	0	0	0
thừai	TONE_HUYEN	θɨə↘j	θˈyə↘ ˈi	0	0	0	0
thứai	TONE_SAC	θɨə↗j	θˈyə↗ ˈi	0	0	0	0
thư̂ai	TONE_HOI	θɨə↓j	θˈy ˈaːj	0	0	0	0
thữai	TONE_NGA	θɨəʔ↗j	θˈyəʔ↗ ˈi	0	0	0	0
thựai	TONE_NANG	θɨəʔ↓j	θˈyəʔ↓ ˈi	0	0	0	0
thưay	TONE_NGANG	θɨə→j	θˈyə ˈi	0	0	0	0
thừay	TONE_HUYEN	θɨə↘j	θˈyə↘ ˈi	0	0	0	0
thứay	TONE_SAC	θɨə↗j	θˈyə↗ ˈi	0	0	0	0
thư̂ay	TONE_HOI	θɨə↓j	θˈy ˈaj	0	0	0	0
thữay	TONE_NGA	θɨəʔ↗j	θˈyəʔ↗ ˈi	0	0	0	0
thựay	TONE_NANG	θɨəʔ↓j	θˈyəʔ↓ ˈi	0	0	0	0
thưao	TONE_NGANG	θɨə→w	θˈyə ˈɔ	0	0	0	0
thừao	TONE_HUYEN	θɨə↘w	θˈyə↘ ˈɔ	1	0	0	0
thứao	TONE_SAC	θɨə↗w	θˈyə↗ ˈɔ	1	0	0	0
thư̂ao	TONE_HOI	θɨə↓w	θˈy ˈaːw	0	0	0	0
thữao	TONE_NGA	θɨəʔ↗w	θˈyəʔ↗ ˈɔ	1	0	0	0
thựao	TONE_NANG	θɨəʔ↓w	θˈyəʔ↓ ˈɔ	1	0	0	0
thưau	TONE_NGANG	θɨə→w	θˈyə ˈu	0	0	0	0
thừau	TONE_HUYEN	θɨə↘w	θˈyə↘ ˈu	0	0	0	0
thứau	TONE_SAC	θɨə↗w	θˈyə↗ ˈu	0	0	0	0
thư̂au	TONE_HOI	θɨə↓w	θˈy ˈaw	0	0	0	0
thữau	TONE_NGA	θɨəʔ↗w	θˈyəʔ↗ ˈu	0	0	0	0
thựau	TONE_NANG	θɨəʔ↓w	θˈyəʔ↓ ˈu	0	0	0	0
thưam	TONE_NGANG	θɨə→m	θˈy ˈaːm	0	0	0	0
thừam	TONE_HUYEN	θɨə↘m	θˈy↘ ˈaːm	0	0	0	0
thứam	TONE_SAC	θɨə↗m	θˈy↗ ˈaːm	0	0	0	0
thư̂am	TONE_HOI	θɨə↓m	θˈy ˈaːm	0	0	0	0
thữam	TONE_NGA	θɨəʔ↗m	θˈyʔ↗ ˈaːm	0	0	0	0
thựam	TONE_NANG	θɨəʔ↓m	θˈyʔ↓ ˈaːm	0	0	0	0
thứap	TONE_SAC	θɨə↗p	θˈy↗ ˈaː↗p	0	0	0	0
thựap	TONE_NANG	θɨəʔ↓p	θˈyʔ↓ ˈaː↗p	0	0	0	0
thứat	TONE_SAC	θɨə↗t	θˈy↗ ˈaː↗t	0	0	0	0
thựat	TONE_NANG	θɨəʔ↓t	θˈyʔ↓ ˈaː↗t	0	0	0	0
thưang	TONE_NGANG	θɨə→ŋ	θˈy ˈaːŋ	0	0	0	0
thừang	TONE_HUYEN	θɨə↘ŋ	θˈy↘ ˈaːŋ	0	0	0	0
thứang	TONE_SAC	θɨə↗ŋ	θˈy↗ ˈaːŋ	0	0	0	0
thư̂ang	TONE_HOI	θɨə↓ŋ	θˈy ˈaːŋ	0	0	0	0
thữang	TONE_NGA	θɨəʔ↗ŋ	θˈyʔ↗ ˈaːŋ	0	0	0	0
thựang	TONE_NANG	θɨəʔ↓ŋ	θˈyʔ↓ ˈaːŋ	0	0	0	0
thứac	TONE_SAC	θɨə↗k	θˈy↗ ˈaː↗c	0	0	0	0
thựac	TONE_NANG	θɨəʔ↓k	θˈyʔ↓ ˈaː↗c	0	0	0	0
thứach	TONE_SAC	θɨə↗k	θˈy↗ ˈæ↗c	0	0	0	0
thựach	TONE_NANG	θɨəʔ↓k	θˈyʔ↓ ˈæ↗c	0	0	0	0
thuô	TONE_NGANG	θuə→	θˈu ˈo	0	0	0	0
thuồ	TONE_HUYEN	θuə↘	θˈu ˈo↘	1	0	0	0
thuố	TONE_SAC	θuə↗	θˈu ˈo↗	1	0	0	0
thuô̂	TONE_HOI	θuə↓	θˈu ˈo	0	0	0	0
thuỗ	TONE_NGA	θuəʔ↗	θˈu ˈoʔ↗	1	0	0	0
thuộ	TONE_NANG	θuəʔ↓	θˈu ˈoʔ↓	1	0	0	0
thuôi	TONE_NGANG	θuə→j	θˈuəj	0	0	0	0
thuồi	TONE_HUYEN	θuə↘j	θˈuə↘j	1	0	0	0
thuối	TONE_SAC	θuə↗j	θˈuə↗j	1	0	0	0
thuô̂i	TONE_HOI	θuə↓j	θˈu ˈo ˈi	0	0	0	0
thuỗi	TONE_NGA	θuəʔ↗j	θˈuəʔ↗j	1	0	0	0
thuội	TONE_NANG	θuəʔ↓j	θˈuəʔ↓j	1	0	0	0
thuôy	TONE_NGANG	θuə→j	θˈu ˈoˈi	0	0	0	0
thuồy	TONE_HUYEN	θuə↘j	θˈu ˈo↘ˈi	0	0	0	0
thuốy	TONE_SAC	θuə↗j	θˈu ˈo↗ˈi	0	0	0	0
thuô̂y	TONE_HOI	θuə↓j	θˈu ˈo ˈi	0	0	0	0
thuỗy	TONE_NGA	θuəʔ↗j	θˈu ˈoʔ↗ˈi	0	0	0	0
thuộy	TONE_NANG	θuəʔ↓j	θˈu ˈoʔ↓ˈi	0	0	0	0
thuôn	TONE_NGANG	θuə→n	θˈuən	0	0	0	0
thuồn	TONE_HUYEN	θuə↘n	θˈuə↘n	1	0	0	0
thuốn	TONE_SAC	θuə↗n	θˈuə↗n	1	0	0	0
thuô̂n	TONE_HOI	θuə↓n	θˈu ˈo nˈəː↘	0	0	0	0
thuỗn	TONE_NGA	θuəʔ↗n	θˈuəʔ↗n	1	0	0	0
thuộn	TONE_NANG	θuəʔ↓n	θˈuəʔ↓n	1	0	0	0
thuốp	TONE_SAC	θuə↗p	θˈuə↗p	1	0	0	0
thuộp	TONE_NANG	θuəʔ↓p	θˈuəʔ↓p	1	0	0	0
thuốt	TONE_SAC	θuə↗t	θˈuə↗t	1	0	0	0
thuột	TONE_NANG	θuəʔ↓t	θˈuəʔ↓t	1	0	0	0
thuông	TONE_NGANG	θuə→ŋ	θˈuəŋ	0	0	0	0
thuồng	TONE_HUYEN	θuə↘ŋ	θˈuə↘ŋ	1	0	0	0
thuống	TONE_SAC	θuə↗ŋ	θˈuə↗ŋ	1	0	0	0
thuô̂ng	TONE_HOI	θuə↓ŋ	θˈu ˈo ˌɛndʒˈiː	0	0	0	0
thuỗng	TONE_NGA	θuəʔ↗ŋ	θˈuəʔ↗ŋ	1	0	0	0
thuộng	TONE_NANG	θuəʔ↓ŋ	θˈuəʔ↓ŋ	1	0	0	0
thuốc	TONE_SAC	θuə↗k	θˈuə↗c	1	0	0	0
thuộc	TONE_NANG	θuəʔ↓k	θˈuəʔ↓c	1	0	0	0
thuốch	TONE_SAC	θuə↗k	θˈuə↗c hˈa↗t	0	0	0	0
thuộch	TONE_NANG	θuəʔ↓k	θˈuəʔ↓c hˈa↗t	0	0	0	0
thua	TONE_NGANG	θuə→	θˈuə	0	0	0	0
thùa	TONE_HUYEN	θuə↘	θˈuə↘	1	0	0	0
thúa	TONE_SAC	θuə↗	θˈuə↗	1	0	0	0
thûa	TONE_HOI	θuə↓	θˈuə	0	0	0	0
thũa	TONE_NGA	θuəʔ↗	θˈuəʔ↗	1	0	0	0
thụa	TONE_NANG	θuəʔ↓	θˈuəʔ↓	1	0	0	0
thuai	TONE_NGANG	θuə→j	θjˈuːaɪ	0	0	0	0
thùai	TONE_HUYEN	θuə↘j	θˈuə↘ ˈi	0	0	0	0
thúai	TONE_SAC	θuə↗j	θˈuə↗ ˈi	0	0	0	0
thûai	TONE_HOI	θuə↓j	θjˈuːaɪ	0	0	0	0
thũai	TONE_NGA	θuəʔ↗j	θˈuəʔ↗ ˈi	0	0	0	0
thụai	TONE_NANG	θuəʔ↓j	θˈuəʔ↓ ˈi	0	0	0	0
thuay	TONE_NGANG	θuə→j	θˈiː hwˈəɪ↘	0	0	0	0
thùay	TONE_HUYEN	θuə↘j	θˈuə↘ ˈi	0	0	0	0
thúay	TONE_SAC	θuə↗j	θˈuə↗ ˈi	0	0	0	0
thûay	TONE_HOI	θuə↓j	θˈiː hwˈəɪ↘	0	0	0	0
thũay	TONE_NGA	θuəʔ↗j	θˈuəʔ↗ ˈi	0	0	0	0
thụay	TONE_NANG	θuəʔ↓j	θˈuəʔ↓ ˈi	0	0	0	0
thao	TONE_NGANG	θaː→w	θˈaːw	0	0	0	0
thào	TONE_HUYEN	θaː↘w	θˈaː↘w	1	0	0	0
tháo	TONE_SAC	θaː↗w	θˈaː↗w	1	0	0	0
thâo	TONE_HOI	θaː↓w	θˈehˈa↗t ˌeɪsˈ↗ːkəmflˌɛksˈɔ	0	0	0	0
thão	TONE_NGA	θaːʔ↗w	θˈaːʔ↗w	1	0	0	0
thạo	TONE_NANG	θaːʔ↓w	θˈaːʔ↓w	1	0	0	0
thau	TONE_NGANG	θa→w	θˈaw	0	0	0	0
thàu	TONE_HUYEN	θa↘w	θˈa↘w	1	0	0	0
tháu	TONE_SAC	θa↗w	θˈa↗w	1	0	0	0
thâu	TONE_HOI	θa↓w	θˈə→w	0	0	0	0
thãu	TONE_NGA	θaʔ↗w	θˈaʔ↗w	1	0	0	0
thạu	TONE_NANG	θaʔ↓w	θˈaʔ↓w	1	0	0	0
thuan	TONE_NGANG	θuə→n	θwˈəʔ↓n	0	0	0	0
thùan	TONE_HUYEN	θuə↘n	θˈu↘ ˈaːn	0	0	0	0
thúan	TONE_SAC	θuə↗n	θˈu↗ ˈaːn	0	0	0	0
thûan	TONE_HOI	θuə↓n	θwˈəʔ↓n	0	0	0	0
thũan	TONE_NGA	θuəʔ↗n	θˈuʔ↗ ˈaːn	0	0	0	0
thụan	TONE_NANG	θuəʔ↓n	θˈuʔ↓ ˈaːn	0	0	0	0
thúap	TONE_SAC	θuə↗p	θˈu↗ ˈaː↗p	0	0	0	0
thụap	TONE_NANG	θuəʔ↓p	θˈuʔ↓ ˈaː↗p	0	0	0	0
thúat	TONE_SAC	θuə↗t	θˈu↗ ˈaː↗t	0	0	0	0
thụat	TONE_NANG	θuəʔ↓t	θˈuʔ↓ ˈaː↗t	0	0	0	0
thuang	TONE_NGANG	θuə→ŋ	θˈu ˈaːŋ	0	0	0	0
thùang	TONE_HUYEN	θuə↘ŋ	θˈu↘ ˈaːŋ	0	0	0	0
thúang	TONE_SAC	θuə↗ŋ	θˈu↗ ˈaːŋ	0	0	0	0
thûang	TONE_HOI	θuə↓ŋ	θˈu ˈaːŋ	0	0	0	0
thũang	TONE_NGA	θuəʔ↗ŋ	θˈuʔ↗ ˈaːŋ	0	0	0	0
thụang	TONE_NANG	θuəʔ↓ŋ	θˈuʔ↓ ˈaːŋ	0	0	0	0
thanh	TONE_NGANG	θaː→ɲ	θˈæɲ	0	0	0	1
thành	TONE_HUYEN	θaː↘ɲ	θˈæ↘ɲ	1	0	0	1
thánh	TONE_SAC	θaː↗ɲ	θˈæ↗ɲ	1	0	0	1
thânh	TONE_HOI	θaː↓ɲ	θˈən hˈa↗t	0	0	0	1
thãnh	TONE_NGA	θaːʔ↗ɲ	θˈæʔ↗ɲ	1	0	0	1
thạnh	TONE_NANG	θaːʔ↓ɲ	θˈæʔ↓ɲ	1	0	0	1
thúac	TONE_SAC	θuə↗k	θˈu↗ ˈaː↗c	0	0	0	0
thụac	TONE_NANG	θuəʔ↓k	θˈuʔ↓ ˈaː↗c	0	0	0	0
thúach	TONE_SAC	θuə↗k	θˈu↗ ˈæ↗c	0	0	0	0
thụach	TONE_NANG	θuəʔ↓k	θˈuʔ↓ ˈæ↗c	0	0	0	0
tha	TONE_NGANG	θaː→	θˈaː	0	0	0	0
thà	TONE_HUYEN	θaː↘	θˈaː↘	1	0	0	0
thá	TONE_SAC	θaː↗	θˈaː↗	1	0	0	0
thâ	TONE_HOI	θaː↓	θˈehˈa↗tˌeɪsˈ↗ːkəmflˌɛks	0	0	0	0
thã	TONE_NGA	θaːʔ↗	θˈaːʔ↗	1	0	0	0
thạ	TONE_NANG	θaːʔ↓	θˈaːʔ↓	1	0	0	0
thai	TONE_NGANG	θaː→j	θˈaːj	0	0	0	0
thài	TONE_HUYEN	θaː↘j	θˈaː↘j	1	0	0	0
thái	TONE_SAC	θaː↗j	θˈaː↗j	1	0	0	0
thâi	TONE_HOI	θaː↓j	θˈehˈa↗t ˌeɪsˈ↗ːkəmflˌɛksˈi	0	0	0	0
thãi	TONE_NGA	θaːʔ↗j	θˈaːʔ↗j	1	0	0	0
thại	TONE_NANG	θaːʔ↓j	θˈaːʔ↓j	1	0	0	0
thay	TONE_NGANG	θa→j	θˈaj	0	0	0	0
thày	TONE_HUYEN	θa↘j	θˈa↘j	1	0	0	0
tháy	TONE_SAC	θa↗j	θˈa↗j	1	0	0	0
thây	TONE_HOI	θa↓j	θˈəɪ	0	0	0	0
thãy	TONE_NGA	θaʔ↗j	θˈaʔ↗j	1	0	0	0
thạy	TONE_NANG	θaʔ↓j	θˈaʔ↓j	1	0	0	0
thao	TONE_NGANG	θaː→w	θˈaːw	0	0	0	0
thào	TONE_HUYEN	θaː↘w	θˈaː↘w	1	0	0	0
tháo	TONE_SAC	θaː↗w	θˈaː↗w	1	0	0	0
thâo	TONE_HOI	θaː↓w	θˈehˈa↗t ˌeɪsˈ↗ːkəmflˌɛksˈɔ	0	0	0	0
thão	TONE_NGA	θaːʔ↗w	θˈaːʔ↗w	1	0	0	0
thạo	TONE_NANG	θaːʔ↓w	θˈaːʔ↓w	1	0	0	0
thau	TONE_NGANG	θa→w	θˈaw	0	0	0	0
thàu	TONE_HUYEN	θa↘w	θˈa↘w	1	0	0	0
tháu	TONE_SAC	θa↗w	θˈa↗w	1	0	0	0
thâu	TONE_HOI	θa↓w	θˈə→w	0	0	0	0
thãu	TONE_NGA	θaʔ↗w	θˈaʔ↗w	1	0	0	0
thạu	TONE_NANG	θaʔ↓w	θˈaʔ↓w	1	0	0	0
tham	TONE_NGANG	θaː→m	θˈaːm	0	0	0	0
thàm	TONE_HUYEN	θaː↘m	θˈaː↘m	1	0	0	0
thám	TONE_SAC	θaː↗m	θˈaː↗m	1	0	0	0
thâm	TONE_HOI	θaː↓m	θˈəm	0	0	0	0
thãm	TONE_NGA	θaːʔ↗m	θˈaːʔ↗m	1	0	0	0
thạm	TONE_NANG	θaːʔ↓m	θˈaːʔ↓m	1	0	0	0
than	TONE_NGANG	θaː→n	ðɐn	0	0	0	0
thàn	TONE_HUYEN	θaː↘n	θˈaː↘n	1	0	0	0
thán	TONE_SAC	θaː↗n	θˈaː↗n	1	0	0	0
thân	TONE_HOI	θaː↓n	θˈən	0	0	0	0
thãn	TONE_NGA	θaːʔ↗n	θˈaːʔ↗n	1	0	0	0
thạn	TONE_NANG	θaːʔ↓n	θˈaːʔ↓n	1	0	0	0
tháp	TONE_SAC	θaː↗p	θˈaː↗p	1	0	0	0
thạp	TONE_NANG	θaːʔ↓p	θˈaːʔ↓p	1	0	0	0
thát	TONE_SAC	θaː↗t	θˈaː↗t	1	0	0	0
thạt	TONE_NANG	θaːʔ↓t	θˈaːʔ↓t	1	0	0	0
thang	TONE_NGANG	θaː→ŋ	θˈaːŋ	0	0	0	0
thàng	TONE_HUYEN	θaː↘ŋ	θˈaː↘ŋ	1	0	0	0
tháng	TONE_SAC	θaː↗ŋ	θˈaː↗ŋ	1	0	0	0
thâng	TONE_HOI	θaː↓ŋ	θˈəŋ	0	0	0	0
thãng	TONE_NGA	θaːʔ↗ŋ	θˈaːʔ↗ŋ	1	0	0	0
thạng	TONE_NANG	θaːʔ↓ŋ	θˈaːʔ↓ŋ	1	0	0	0
thanh	TONE_NGANG	θaː→ɲ	θˈæɲ	0	0	0	1
thành	TONE_HUYEN	θaː↘ɲ	θˈæ↘ɲ	1	0	0	1
thánh	TONE_SAC	θaː↗ɲ	θˈæ↗ɲ	1	0	0	1
thânh	TONE_HOI	θaː↓ɲ	θˈən hˈa↗t	0	0	0	1
thãnh	TONE_NGA	θaːʔ↗ɲ	θˈæʔ↗ɲ	1	0	0	1
thạnh	TONE_NANG	θaːʔ↓ɲ	θˈæʔ↓ɲ	1	0	0	1
thác	TONE_SAC	θaː↗k	θˈaː↗c	1	0	0	0
thạc	TONE_NANG	θaːʔ↓k	θˈaːʔ↓c	1	0	0	0
thách	TONE_SAC	θa↗k	θˈæ↗c	1	0	0	0
thạch	TONE_NANG	θaʔ↓k	θˈæʔ↓c	1	0	0	0
thă	TONE_NGANG	θa→	θˈehˈa↗tă	0	1	0	0
thằ	TONE_HUYEN	θa↘	θˈehˈa↗tằ	0	1	0	0
thắ	TONE_SAC	θa↗	θˈehˈa↗tắ	1	1	0	0
thă̂	TONE_HOI	θa↓	θˈehˈa↗tă	0	1	0	0
thẵ	TONE_NGA	θaʔ↗	θˈehˈa↗tẵ	0	1	0	0
thặ	TONE_NANG	θaʔ↓	θˈehˈa↗tặ	0	1	0	0
thăm	TONE_NGANG	θa→m	θˈam	0	0	0	0
thằm	TONE_HUYEN	θa↘m	θˈa↘m	1	0	0	0
thắm	TONE_SAC	θa↗m	θˈa↗m	1	0	0	0
thă̂m	TONE_HOI	θa↓m	θˈehˈa↗tă mˈəː↘	0	1	0	0
thẵm	TONE_NGA	θaʔ↗m	θˈaʔ↗m	1	0	0	0
thặm	TONE_NANG	θaʔ↓m	θˈaʔ↓m	1	0	0	0
thăn	TONE_NGANG	θa→n	θˈan	0	0	0	0
thằn	TONE_HUYEN	θa↘n	θˈa↘n	1	0	0	0
thắn	TONE_SAC	θa↗n	θˈa↗n	1	0	0	0
thă̂n	TONE_HOI	θa↓n	θˈehˈa↗tă nˈəː↘	0	1	0	0
thẵn	TONE_NGA	θaʔ↗n	θˈaʔ↗n	1	0	0	0
thặn	TONE_NANG	θaʔ↓n	θˈaʔ↓n	1	0	0	0
thắp	TONE_SAC	θa↗p	θˈa↗p	1	0	0	0
thặp	TONE_NANG	θaʔ↓p	θˈaʔ↓p	1	0	0	0
thắt	TONE_SAC	θa↗t	θˈa↗t	1	0	0	0
thặt	TONE_NANG	θaʔ↓t	θˈaʔ↓t	1	0	0	0
thăng	TONE_NGANG	θa→ŋ	θˈaŋ	0	0	0	0
thằng	TONE_HUYEN	θa↘ŋ	θˈa↘ŋ	1	0	0	0
thắng	TONE_SAC	θa↗ŋ	θˈa↗ŋ	1	0	0	0
thă̂ng	TONE_HOI	θa↓ŋ	θˈehˈa↗tă ˌɛndʒˈiː	0	1	0	0
thẵng	TONE_NGA	θaʔ↗ŋ	θˈaʔ↗ŋ	1	0	0	0
thặng	TONE_NANG	θaʔ↓ŋ	θˈaʔ↓ŋ	1	0	0	0
thắc	TONE_SAC	θa↗k	θˈa↗c	1	0	0	0
thặc	TONE_NANG	θaʔ↓k	θˈaʔ↓c	1	0	0	0
thắch	TONE_SAC	θa↗k	θˈa↗c hˈa↗t	0	0	0	0
thặch	TONE_NANG	θaʔ↓k	θˈaʔ↓c hˈa↗t	0	0	0	0
thâ	TONE_NGANG	θə→	θˈehˈa↗tˌeɪsˈ↗ːkəmflˌɛks	0	0	0	0
thầ	TONE_HUYEN	θə↘	θˈehˈa↗tầ	0	1	0	0
thấ	TONE_SAC	θə↗	θˈehˈa↗tấ	1	1	0	0
thâ̂	TONE_HOI	θə↓	θˈehˈa↗tˌeɪsˈ↗ːkəmflˌɛks	0	0	0	0
thẫ	TONE_NGA	θəʔ↗	θˈehˈa↗tẫ	0	1	0	0
thậ	TONE_NANG	θəʔ↓	θˈehˈa↗tậ	0	1	0	0
thâi	TONE_NGANG	θə→j	θˈehˈa↗t ˌeɪsˈ↗ːkəmflˌɛksˈi	0	0	0	0
thầi	TONE_HUYEN	θə↘j	θˈehˈa↗t ầˈi	0	1	0	0
thấi	TONE_SAC	θə↗j	θˈehˈa↗t ấˈi	0	1	0	0
thâ̂i	TONE_HOI	θə↓j	θˈehˈa↗tˌeɪsˈ↗ːkəmflˌɛks ˈi	0	0	0	0
thẫi	TONE_NGA	θəʔ↗j	θˈehˈa↗t ẫˈi	0	1	0	0
thậi	TONE_NANG	θəʔ↓j	θˈehˈa↗t ậˈi	0	1	0	0
thây	TONE_NGANG	θə→j	θˈəɪ	0	0	0	0
thầy	TONE_HUYEN	θə↘j	θˈəɪ↘	1	0	0	0
thấy	TONE_SAC	θə↗j	θˈəɪ↗	1	0	0	0
thâ̂y	TONE_HOI	θə↓j	θˈehˈa↗tˌeɪsˈ↗ːkəmflˌɛks ˈi	0	0	0	0
thẫy	TONE_NGA	θəʔ↗j	θˈəɪʔ↗	1	0	0	0
thậy	TONE_NANG	θəʔ↓j	θˈəɪʔ↓	1	0	0	0
thâo	TONE_NGANG	θə→w	θˈehˈa↗t ˌeɪsˈ↗ːkəmflˌɛksˈɔ	0	0	0	0
thầo	TONE_HUYEN	θə↘w	θˈehˈa↗t ầˈɔ	0	1	0	0
thấo	TONE_SAC	θə↗w	θˈehˈa↗t ấˈɔ	1	1	0	0
thâ̂o	TONE_HOI	θə↓w	θˈehˈa↗tˌeɪsˈ↗ːkəmflˌɛks ˈo	0	0	0	0
thẫo	TONE_NGA	θəʔ↗w	θˈehˈa↗t ẫˈɔ	0	1	0	0
thậo	TONE_NANG	θəʔ↓w	θˈehˈa↗t ậˈɔ	0	1	0	0
thâu	TONE_NGANG	θə→w	θˈə→w	1	0	0	0
thầu	TONE_HUYEN	θə↘w	θˈə↘w	1	0	0	0
thấu	TONE_SAC	θə↗w	θˈə↗w	1	0	0	0
thâ̂u	TONE_HOI	θə↓w	θˈehˈa↗tˌeɪsˈ↗ːkəmflˌɛks ˈu	0	0	0	0
thẫu	TONE_NGA	θəʔ↗w	θˈəʔ↗w	1	0	0	0
thậu	TONE_NANG	θəʔ↓w	θˈəʔ↓w	1	0	0	0
thâm	TONE_NGANG	θə→m	θˈəm	0	0	0	0
thầm	TONE_HUYEN	θə↘m	θˈə↘m	1	0	0	0
thấm	TONE_SAC	θə↗m	θˈə↗m	1	0	0	0
thâ̂m	TONE_HOI	θə↓m	θˈehˈa↗tˌeɪsˈ↗ːkəmflˌɛks mˈəː↘	0	0	0	0
thẫm	TONE_NGA	θəʔ↗m	θˈəʔ↗m	1	0	0	0
thậm	TONE_NANG	θəʔ↓m	θˈəʔ↓m	1	0	0	0
thân	TONE_NGANG	θə→n	θˈən	0	0	0	0
thần	TONE_HUYEN	θə↘n	θˈə↘n	1	0	0	0
thấn	TONE_SAC	θə↗n	θˈə↗n	1	0	0	0
thâ̂n	TONE_HOI	θə↓n	θˈehˈa↗tˌeɪsˈ↗ːkəmflˌɛks nˈəː↘	0	0	0	0
thẫn	TONE_NGA	θəʔ↗n	θˈəʔ↗n	1	0	0	0
thận	TONE_NANG	θəʔ↓n	θˈəʔ↓n	1	0	0	0
thấp	TONE_SAC	θə↗p	θˈə↗p	1	0	0	0
thập	TONE_NANG	θəʔ↓p	θˈəʔ↓p	1	0	0	0
thất	TONE_SAC	θə↗t	θˈə↗t	1	0	0	0
thật	TONE_NANG	θəʔ↓t	θˈəʔ↓t	1	0	0	0
thâng	TONE_NGANG	θə→ŋ	θˈəŋ	0	0	0	0
thầng	TONE_HUYEN	θə↘ŋ	θˈə↘ŋ	1	0	0	0
thấng	TONE_SAC	θə↗ŋ	θˈə↗ŋ	1	0	0	0
thâ̂ng	TONE_HOI	θə↓ŋ	θˈehˈa↗tˌeɪsˈ↗ːkəmflˌɛks ˌɛndʒˈiː	0	0	0	0
thẫng	TONE_NGA	θəʔ↗ŋ	θˈəʔ↗ŋ	1	0	0	0
thậng	TONE_NANG	θəʔ↓ŋ	θˈəʔ↓ŋ	1	0	0	0
thấc	TONE_SAC	θə↗k	θˈə↗c	1	0	0	0
thậc	TONE_NANG	θəʔ↓k	θˈəʔ↓c	1	0	0	0
thấch	TONE_SAC	θə↗k	θˈə↗c hˈa↗t	0	0	0	0
thậch	TONE_NANG	θəʔ↓k	θˈəʔ↓c hˈa↗t	0	0	0	0
the	TONE_NGANG	θɛ→	ðə	0	0	0	0
thè	TONE_HUYEN	θɛ↘	θˈɛ↘	1	0	0	0
thé	TONE_SAC	θɛ↗	θˈɛ↗	1	0	0	0
thê	TONE_HOI	θɛ↓	θˈe	0	0	0	0
thẽ	TONE_NGA	θɛʔ↗	θˈɛʔ↗	1	0	0	0
thẹ	TONE_NANG	θɛʔ↓	θˈɛʔ↓	1	0	0	0
theo	TONE_NGANG	θɛ→w	θˈɛw	0	0	0	0
thèo	TONE_HUYEN	θɛ↘w	θˈɛ↘w	1	0	0	0
théo	TONE_SAC	θɛ↗w	θˈɛ↗w	1	0	0	0
thêo	TONE_HOI	θɛ↓w	θˈe ˈɔ	0	0	0	0
thẽo	TONE_NGA	θɛʔ↗w	θˈɛʔ↗w	1	0	0	0
thẹo	TONE_NANG	θɛʔ↓w	θˈɛʔ↓w	1	0	0	0
theu	TONE_NGANG	θɛ→w	θˈe→w	1	0	0	0
thèu	TONE_HUYEN	θɛ↘w	θˈɛ↘ ˈu	0	0	0	0
théu	TONE_SAC	θɛ↗w	θˈɛ↗ ˈu	0	0	0	0
thêu	TONE_HOI	θɛ↓w	θˈe→w	0	0	0	0
thẽu	TONE_NGA	θɛʔ↗w	θˈɛʔ↗ ˈu	0	0	0	0
thẹu	TONE_NANG	θɛʔ↓w	θˈɛʔ↓ ˈu	0	0	0	0
them	TONE_NGANG	θɛ→m	ðˌɛm	0	0	0	0
thèm	TONE_HUYEN	θɛ↘m	θˈɛ↘m	1	0	0	0
thém	TONE_SAC	θɛ↗m	θˈɛ↗m	1	0	0	0
thêm	TONE_HOI	θɛ↓m	θˈem	0	0	0	0
thẽm	TONE_NGA	θɛʔ↗m	θˈɛʔ↗m	1	0	0	0
thẹm	TONE_NANG	θɛʔ↓m	θˈɛʔ↓m	1	0	0	0
then	TONE_NGANG	θɛ→n	ðˈɛn	0	0	0	0
thèn	TONE_HUYEN	θɛ↘n	θˈɛ↘n	1	0	0	0
thén	TONE_SAC	θɛ↗n	θˈɛ↗n	1	0	0	0
thên	TONE_HOI	θɛ↓n	θˈen	0	0	0	0
thẽn	TONE_NGA	θɛʔ↗n	θˈɛʔ↗n	1	0	0	0
thẹn	TONE_NANG	θɛʔ↓n	θˈɛʔ↓n	1	0	0	0
thép	TONE_SAC	θɛ↗p	θˈɛ↗p	1	0	0	0
thẹp	TONE_NANG	θɛʔ↓p	θˈɛʔ↓p	1	0	0	0
thét	TONE_SAC	θɛ↗t	θˈɛ↗t	1	0	0	0
thẹt	TONE_NANG	θɛʔ↓t	θˈɛʔ↓t	1	0	0	0
theng	TONE_NGANG	θɛ→ŋ	θˈɛŋ	0	0	0	0
thèng	TONE_HUYEN	θɛ↘ŋ	θˈɛ↘ŋ	1	0	0	0
théng	TONE_SAC	θɛ↗ŋ	θˈɛ↗ŋ	1	0	0	0
thêng	TONE_HOI	θɛ↓ŋ	θˈen ðˈe→	0	0	0	0
thẽng	TONE_NGA	θɛʔ↗ŋ	θˈɛʔ↗ŋ	1	0	0	0
thẹng	TONE_NANG	θɛʔ↓ŋ	θˈɛʔ↓ŋ	1	0	0	0
théc	TONE_SAC	θɛ↗k	θˈɛ↗c	1	0	0	0
thẹc	TONE_NANG	θɛʔ↓k	θˈɛʔ↓c	1	0	0	0
théch	TONE_SAC	θɛ↗k	θˈɛ↗c hˈa↗t	0	0	0	0
thẹch	TONE_NANG	θɛʔ↓k	θˈɛʔ↓c hˈa↗t	0	0	0	0
thê	TONE_NGANG	θe→	θˈe	0	0	0	0
thề	TONE_HUYEN	θe↘	θˈe↘	1	0	0	0
thế	TONE_SAC	θe↗	θˈe↗	1	0	0	0
thê̂	TONE_HOI	θe↓	θˈe	0	0	0	0
thễ	TONE_NGA	θeʔ↗	θˈeʔ↗	1	0	0	0
thệ	TONE_NANG	θeʔ↓	θˈeʔ↓	1	0	0	0
thêo	TONE_NGANG	θe→w	θˈe ˈɔ	0	0	0	0
thềo	TONE_HUYEN	θe↘w	θˈe↘ ˈɔ	1	0	0	0
thếo	TONE_SAC	θe↗w	θˈe↗ ˈɔ	1	0	0	0
thê̂o	TONE_HOI	θe↓w	θˈe ˈo	0	0	0	0
thễo	TONE_NGA	θeʔ↗w	θˈeʔ↗ ˈɔ	1	0	0	0
thệo	TONE_NANG	θeʔ↓w	θˈeʔ↓ ˈɔ	1	0	0	0
thêu	TONE_NGANG	θe→w	θˈe→w	1	0	0	0
thều	TONE_HUYEN	θe↘w	θˈe↘w	1	0	0	0
thếu	TONE_SAC	θe↗w	θˈe↗w	1	0	0	0
thê̂u	TONE_HOI	θe↓w	θˈe ˈu	0	0	0	0
thễu	TONE_NGA	θeʔ↗w	θˈeʔ↗w	1	0	0	0
thệu	TONE_NANG	θeʔ↓w	θˈeʔ↓w	1	0	0	0
thêm	TONE_NGANG	θe→m	θˈem	0	0	0	0
thềm	TONE_HUYEN	θe↘m	θˈe↘m	1	0	0	0
thếm	TONE_SAC	θe↗m	θˈe↗m	1	0	0	0
thê̂m	TONE_HOI	θe↓m	θˈe mˈəː↘	0	0	0	0
thễm	TONE_NGA	θeʔ↗m	θˈeʔ↗m	1	0	0	0
thệm	TONE_NANG	θeʔ↓m	θˈeʔ↓m	1	0	0	0
thên	TONE_NGANG	θe→n	θˈen	0	0	0	0
thền	TONE_HUYEN	θe↘n	θˈe↘n	1	0	0	0
thến	TONE_SAC	θe↗n	θˈe↗n	1	0	0	0
thê̂n	TONE_HOI	θe↓n	θˈe nˈəː↘	0	0	0	0
thễn	TONE_NGA	θeʔ↗n	θˈeʔ↗n	1	0	0	0
thện	TONE_NANG	θeʔ↓n	θˈeʔ↓n	1	0	0	0
thếp	TONE_SAC	θe↗p	θˈe↗p	1	0	0	0
thệp	TONE_NANG	θeʔ↓p	θˈeʔ↓p	1	0	0	0
thết	TONE_SAC	θe↗t	θˈe↗t	1	0	0	0
thệt	TONE_NANG	θeʔ↓t	θˈeʔ↓t	1	0	0	0
thênh	TONE_NGANG	θe→ɲ	θˈeɲ	0	0	0	0
thềnh	TONE_HUYEN	θe↘ɲ	θˈe↘ɲ	1	0	0	0
thếnh	TONE_SAC	θe↗ɲ	θˈe↗ɲ	1	0	0	0
thê̂nh	TONE_HOI	θe↓ɲ	θˈe ˌɛnˈeɪʧ	0	0	0	0
thễnh	TONE_NGA	θeʔ↗ɲ	θˈeʔ↗ɲ	1	0	0	0
thệnh	TONE_NANG	θeʔ↓ɲ	θˈeʔ↓ɲ	1	0	0	0
thếc	TONE_SAC	θe↗k	θˈe↗ sˈe	0	0	0	0
thệc	TONE_NANG	θeʔ↓k	θˈeʔ↓ sˈe	0	0	0	0
thếch	TONE_SAC	θe↗k	θˈe↗c	1	0	0	0
thệch	TONE_NANG	θeʔ↓k	θˈeʔ↓c	1	0	0	0
thi	TONE_NGANG	θi→	θˈi	0	0	0	0
thì	TONE_HUYEN	θi↘	θˌi↘	1	0	0	0
thí	TONE_SAC	θi↗	θˈi↗	1	0	0	0
thî	TONE_HOI	θi↓	θˈi	0	0	0	0
thĩ	TONE_NGA	θiʔ↗	θˈiʔ↗	1	0	0	0
thị	TONE_NANG	θiʔ↓	θˈiʔ↓	1	0	0	0
thio	TONE_NGANG	θi→w	θˌaɪoʊ	0	0	0	0
thìo	TONE_HUYEN	θi↘w	θˌi↘ ˈɔ	1	0	0	0
thío	TONE_SAC	θi↗w	θˈi↗ ˈɔ	1	0	0	0
thîo	TONE_HOI	θi↓w	θˌaɪoʊ	0	0	0	0
thĩo	TONE_NGA	θiʔ↗w	θˈiʔ↗ ˈɔ	1	0	0	0
thịo	TONE_NANG	θiʔ↓w	θˈiʔ↓ ˈɔ	1	0	0	0
thiu	TONE_NGANG	θi→w	θˈiw	0	0	0	0
thìu	TONE_HUYEN	θi↘w	θˈi↘w	1	0	0	0
thíu	TONE_SAC	θi↗w	θˈi↗w	1	0	0	0
thîu	TONE_HOI	θi↓w	θˈiw	0	0	0	0
thĩu	TONE_NGA	θiʔ↗w	θˈiʔ↗w	1	0	0	0
thịu	TONE_NANG	θiʔ↓w	θˈiʔ↓w	1	0	0	0
thim	TONE_NGANG	θi→m	θˈim	0	0	0	0
thìm	TONE_HUYEN	θi↘m	θˈi↘m	1	0	0	0
thím	TONE_SAC	θi↗m	θˈi↗m	1	0	0	0
thîm	TONE_HOI	θi↓m	θˈim	0	0	0	0
thĩm	TONE_NGA	θiʔ↗m	θˈiʔ↗m	1	0	0	0
thịm	TONE_NANG	θiʔ↓m	θˈiʔ↓m	1	0	0	0
thin	TONE_NGANG	θi→n	θˈɪn	0	0	0	0
thìn	TONE_HUYEN	θi↘n	θˈi↘n	1	0	0	0
thín	TONE_SAC	θi↗n	θˈi↗n	1	0	0	0
thîn	TONE_HOI	θi↓n	θˈɪn	0	0	0	0
thĩn	TONE_NGA	θiʔ↗n	θˈiʔ↗n	1	0	0	0
thịn	TONE_NANG	θiʔ↓n	θˈiʔ↓n	1	0	0	0
thíp	TONE_SAC	θi↗p	θˈi↗p	1	0	0	0
thịp	TONE_NANG	θiʔ↓p	θˈiʔ↓p	1	0	0	0
thít	TONE_SAC	θi↗t	θˈi↗t	1	0	0	0
thịt	TONE_NANG	θiʔ↓t	θˈiʔ↓t	1	0	0	0
thinh	TONE_NGANG	θi→ɲ	θˈiɲ	0	0	0	1
thình	TONE_HUYEN	θi↘ɲ	θˈi↘ɲ	1	0	0	1
thính	TONE_SAC	θi↗ɲ	θˈi↗ɲ	1	0	0	1
thînh	TONE_HOI	θi↓ɲ	θˈiɲ	0	0	0	1
thĩnh	TONE_NGA	θiʔ↗ɲ	θˈiʔ↗ɲ	1	0	0	1
thịnh	TONE_NANG	θiʔ↓ɲ	θˈiʔ↓ɲ	1	0	0	1
thíc	TONE_SAC	θi↗k	θˈi↗ sˈe	0	0	0	0
thịc	TONE_NANG	θiʔ↓k	θˈiʔ↓ sˈe	0	0	0	0
thích	TONE_SAC	θi↗k	θˈi↗c	1	0	0	0
thịch	TONE_NANG	θiʔ↓k	θˈiʔ↓c	1	0	0	0
thy	TONE_NGANG	θi→	θˈi	0	0	0	0
thỳ	TONE_HUYEN	θi↘	θˈi↘	1	0	0	0
thý	TONE_SAC	θi↗	θˈi↗	1	0	0	0
thŷ	TONE_HOI	θi↓	θˈi	0	0	0	0
thỹ	TONE_NGA	θiʔ↗	θˈiʔ↗	1	0	0	0
thỵ	TONE_NANG	θiʔ↓	θˈiʔ↓	1	0	0	0
thyo	TONE_NGANG	θi→w	θˈi ˈoʊ	0	0	0	0
thỳo	TONE_HUYEN	θi↘w	θˈi↘ ˈɔ	1	0	0	0
thýo	TONE_SAC	θi↗w	θˈi↗ ˈɔ	1	0	0	0
thŷo	TONE_HOI	θi↓w	θˈi ˈoʊ	0	0	0	0
thỹo	TONE_NGA	θiʔ↗w	θˈiʔ↗ ˈɔ	1	0	0	0
thỵo	TONE_NANG	θiʔ↓w	θˈiʔ↓ ˈɔ	1	0	0	0
thyu	TONE_NGANG	θi→w	θˈi jˈuː	0	0	0	0
thỳu	TONE_HUYEN	θi↘w	θˈi↘ ˈu	0	0	0	0
thýu	TONE_SAC	θi↗w	θˈi↗ ˈu	0	0	0	0
thŷu	TONE_HOI	θi↓w	θˈi jˈuː	0	0	0	0
thỹu	TONE_NGA	θiʔ↗w	θˈiʔ↗ ˈu	0	0	0	0
thỵu	TONE_NANG	θiʔ↓w	θˈiʔ↓ ˈu	0	0	0	0
thym	TONE_NGANG	θi→m	θˈi ˈɛm	0	0	0	0
thỳm	TONE_HUYEN	θi↘m	θˈi↘ ˈməː↘	0	0	0	0
thým	TONE_SAC	θi↗m	θˈi↗ ˈməː↘	0	0	0	0
thŷm	TONE_HOI	θi↓m	θˈi ˈɛm	0	0	0	0
thỹm	TONE_NGA	θiʔ↗m	θˈiʔ↗ ˈməː↘	0	0	0	0
thỵm	TONE_NANG	θiʔ↓m	θˈiʔ↓ ˈməː↘	0	0	0	0
thyn	TONE_NGANG	θi→n	θˈi ˈɛn	0	0	0	0
thỳn	TONE_HUYEN	θi↘n	θˈi↘ ˈɛnəː↘	0	0	0	0
thýn	TONE_SAC	θi↗n	θˈi↗ ˈɛnəː↘	0	0	0	0
thŷn	TONE_HOI	θi↓n	θˈi ˈɛn	0	0	0	0
thỹn	TONE_NGA	θiʔ↗n	θˈiʔ↗ ˈɛnəː↘	0	0	0	0
thỵn	TONE_NANG	θiʔ↓n	θˈiʔ↓ ˈɛnəː↘	0	0	0	0
thýp	TONE_SAC	θi↗p	θˈi↗ pˈe	0	0	0	0
thỵp	TONE_NANG	θiʔ↓p	θˈiʔ↓ pˈe	0	0	0	0
thýt	TONE_SAC	θi↗t	θˈi↗ tˈe	0	0	0	0
thỵt	TONE_NANG	θiʔ↓t	θˈiʔ↓ tˈe	0	0	0	0
thynh	TONE_NGANG	θi→ɲ	θˈi ˈɛnˈeɪʧ	0	0	0	0
thỳnh	TONE_HUYEN	θi↘ɲ	θˈi↘ ˈɛnəː↘hˈa↗t	0	0	0	0
thýnh	TONE_SAC	θi↗ɲ	θˈi↗ ˈɛnəː↘hˈa↗t	0	0	0	0
thŷnh	TONE_HOI	θi↓ɲ	θˈi ˈɛnˈeɪʧ	0	0	0	0
thỹnh	TONE_NGA	θiʔ↗ɲ	θˈiʔ↗ ˈɛnəː↘hˈa↗t	0	0	0	0
thỵnh	TONE_NANG	θiʔ↓ɲ	θˈiʔ↓ ˈɛnəː↘hˈa↗t	0	0	0	0
thýc	TONE_SAC	θi↗k	θˈi↗ sˈe	0	0	0	0
thỵc	TONE_NANG	θiʔ↓k	θˈiʔ↓ sˈe	0	0	0	0
thých	TONE_SAC	θi↗k	θˈi↗ sˈehˈa↗t	0	0	0	0
thỵch	TONE_NANG	θiʔ↓k	θˈiʔ↓ sˈehˈa↗t	0	0	0	0
tho	TONE_NGANG	θɔ→	θˈɔ	0	0	0	0
thò	TONE_HUYEN	θɔ↘	θˈɔ↘	1	0	0	0
thó	TONE_SAC	θɔ↗	θˈɔ↗	1	0	0	0
thô	TONE_HOI	θɔ↓	θˈo	0	0	0	0
thõ	TONE_NGA	θɔʔ↗	θˈɔʔ↗	1	0	0	0
thọ	TONE_NANG	θɔʔ↓	θˈɔʔ↓	1	0	0	0
thoi	TONE_NGANG	θɔ→j	θˈɔj	0	0	0	0
thòi	TONE_HUYEN	θɔ↘j	θˈɔ↘j	1	0	0	0
thói	TONE_SAC	θɔ↗j	θˈɔ↗j	1	0	0	0
thôi	TONE_HOI	θɔ↓j	θˈoj	0	0	0	0
thõi	TONE_NGA	θɔʔ↗j	θˈɔʔ↗j	1	0	0	0
thọi	TONE_NANG	θɔʔ↓j	θˈɔʔ↓j	1	0	0	0
thoy	TONE_NGANG	θɔ→j	θˈiː hˈɔɪ	0	0	0	0
thòy	TONE_HUYEN	θɔ↘j	θˈɔ↘ ˈi	0	0	0	0
thóy	TONE_SAC	θɔ↗j	θˈɔ↗ ˈi	0	0	0	0
thôy	TONE_HOI	θɔ↓j	θˈo ˈi	0	0	0	0
thõy	TONE_NGA	θɔʔ↗j	θˈɔʔ↗ ˈi	0	0	0	0
thọy	TONE_NANG	θɔʔ↓j	θˈɔʔ↓ ˈi	0	0	0	0
thom	TONE_NGANG	θɔ→m	θˈɔm	0	0	0	0
thòm	TONE_HUYEN	θɔ↘m	θˈɔ↘m	1	0	0	0
thóm	TONE_SAC	θɔ↗m	θˈɔ↗m	1	0	0	0
thôm	TONE_HOI	θɔ↓m	θˈom	0	0	0	0
thõm	TONE_NGA	θɔʔ↗m	θˈɔʔ↗m	1	0	0	0
thọm	TONE_NANG	θɔʔ↓m	θˈɔʔ↓m	1	0	0	0
thon	TONE_NGANG	θɔ→n	θˈɔn	0	0	0	0
thòn	TONE_HUYEN	θɔ↘n	θˈɔ↘n	1	0	0	0
thón	TONE_SAC	θɔ↗n	θˈɔ↗n	1	0	0	0
thôn	TONE_HOI	θɔ↓n	θˈon	0	0	0	0
thõn	TONE_NGA	θɔʔ↗n	θˈɔʔ↗n	1	0	0	0
thọn	TONE_NANG	θɔʔ↓n	θˈɔʔ↓n	1	0	0	0
thóp	TONE_SAC	θɔ↗p	θˈɔ↗p	1	0	0	0
thọp	TONE_NANG	θɔʔ↓p	θˈɔʔ↓p	1	0	0	0
thót	TONE_SAC	θɔ↗t	θˈɔ↗t	1	0	0	0
thọt	TONE_NANG	θɔʔ↓t	θˈɔʔ↓t	1	0	0	0
thong	TONE_NGANG	θɔ→ŋ	θˈɔŋ	0	0	0	0
thòng	TONE_HUYEN	θɔ↘ŋ	θˈɔ↘ŋ	1	0	0	0
thóng	TONE_SAC	θɔ↗ŋ	θˈɔ↗ŋ	1	0	0	0
thông	TONE_HOI	θɔ↓ŋ	θˈoŋ	0	0	0	0
thõng	TONE_NGA	θɔʔ↗ŋ	θˈɔʔ↗ŋ	1	0	0	0
thọng	TONE_NANG	θɔʔ↓ŋ	θˈɔʔ↓ŋ	1	0	0	0
thóc	TONE_SAC	θɔ↗k	θˈɔ↗k	1	0	0	0
thọc	TONE_NANG	θɔʔ↓k	θˈɔʔ↓k	1	0	0	0
thóch	TONE_SAC	θɔ↗k	θˈɔ↗k hˈa↗t	0	0	0	0
thọch	TONE_NANG	θɔʔ↓k	θˈɔʔ↓k hˈa↗t	0	0	0	0
thô	TONE_NGANG	θo→	θˈo	0	0	0	0
thồ	TONE_HUYEN	θo↘	θˈo↘	1	0	0	0
thố	TONE_SAC	θo↗	θˈo↗	1	0	0	0
thô̂	TONE_HOI	θo↓	θˈo	0	0	0	0
thỗ	TONE_NGA	θoʔ↗	θˈoʔ↗	1	0	0	0
thộ	TONE_NANG	θoʔ↓	θˈoʔ↓	1	0	0	0
thôi	TONE_NGANG	θo→j	θˈoj	0	0	0	0
thồi	TONE_HUYEN	θo↘j	θˈo↘j	1	0	0	0
thối	TONE_SAC	θo↗j	θˈo↗j	1	0	0	0
thô̂i	TONE_HOI	θo↓j	θˈo ˈi	0	0	0	0
thỗi	TONE_NGA	θoʔ↗j	θˈoʔ↗j	1	0	0	0
thội	TONE_NANG	θoʔ↓j	θˈoʔ↓j	1	0	0	0
thôy	TONE_NGANG	θo→j	θˈo ˈi	0	0	0	0
thồy	TONE_HUYEN	θo↘j	θˈo↘ ˈi	0	0	0	0
thốy	TONE_SAC	θo↗j	θˈo↗ ˈi	0	0	0	0
thô̂y	TONE_HOI	θo↓j	θˈo ˈi	0	0	0	0
thỗy	TONE_NGA	θoʔ↗j	θˈoʔ↗ ˈi	0	0	0	0
thộy	TONE_NANG	θoʔ↓j	θˈoʔ↓ ˈi	0	0	0	0
thôm	TONE_NGANG	θo→m	θˈom	0	0	0	0
thồm	TONE_HUYEN	θo↘m	θˈo↘m	1	0	0	0
thốm	TONE_SAC	θo↗m	θˈo↗m	1	0	0	0
thô̂m	TONE_HOI	θo↓m	θˈo mˈəː↘	0	0	0	0
thỗm	TONE_NGA	θoʔ↗m	θˈoʔ↗m	1	0	0	0
thộm	TONE_NANG	θoʔ↓m	θˈoʔ↓m	1	0	0	0
thôn	TONE_NGANG	θo→n	θˈon	0	0	0	0
thồn	TONE_HUYEN	θo↘n	θˈo↘n	1	0	0	0
thốn	TONE_SAC	θo↗n	θˈo↗n	1	0	0	0
thô̂n	TONE_HOI	θo↓n	θˈo nˈəː↘	0	0	0	0
thỗn	TONE_NGA	θoʔ↗n	θˈoʔ↗n	1	0	0	0
thộn	TONE_NANG	θoʔ↓n	θˈoʔ↓n	1	0	0	0
thốp	TONE_SAC	θo↗p	θˈo↗p	1	0	0	0
thộp	TONE_NANG	θoʔ↓p	θˈoʔ↓p	1	0	0	0
thốt	TONE_SAC	θo↗t	θˈo↗t	1	0	0	0
thột	TONE_NANG	θoʔ↓t	θˈoʔ↓t	1	0	0	0
thông	TONE_NGANG	θo→ŋ	θˈoŋ	0	0	0	0
thồng	TONE_HUYEN	θo↘ŋ	θˈo↘ŋ	1	0	0	0
thống	TONE_SAC	θo↗ŋ	θˈo↗ŋ	1	0	0	0
thô̂ng	TONE_HOI	θo↓ŋ	θˈo ˌɛndʒˈiː	0	0	0	0
thỗng	TONE_NGA	θoʔ↗ŋ	θˈoʔ↗ŋ	1	0	0	0
thộng	TONE_NANG	θoʔ↓ŋ	θˈoʔ↓ŋ	1	0	0	0
thốc	TONE_SAC	θo↗k	θˈo↗k	1	0	0	0
thộc	TONE_NANG	θoʔ↓k	θˈoʔ↓k	1	0	0	0
thốch	TONE_SAC	θo↗k	θˈo↗k hˈa↗t	0	0	0	0
thộch	TONE_NANG	θoʔ↓k	θˈoʔ↓k hˈa↗t	0	0	0	0
thơ	TONE_NGANG	θəː→	θˈəː	0	0	0	0
thờ	TONE_HUYEN	θəː↘	θˈəː↘	1	0	0	0
thớ	TONE_SAC	θəː↗	θˈəː↗	1	0	0	0
thơ̂	TONE_HOI	θəː↓	θˈəː	0	0	0	0
thỡ	TONE_NGA	θəːʔ↗	θˈəːʔ↗	1	0	0	0
thợ	TONE_NANG	θəːʔ↓	θˈəːʔ↓	1	0	0	0
thơi	TONE_NGANG	θəː→j	θˈəːj	0	0	0	0
thời	TONE_HUYEN	θəː↘j	θˈəː↘j	1	0	0	0
thới	TONE_SAC	θəː↗j	θˈəː↗j	1	0	0	0
thơ̂i	TONE_HOI	θəː↓j	θˈəː ˈi	0	0	0	0
thỡi	TONE_NGA	θəːʔ↗j	θˈəːʔ↗j	1	0	0	0
thợi	TONE_NANG	θəːʔ↓j	θˈəːʔ↓j	1	0	0	0
thơy	TONE_NGANG	θəː→j	θˈəː ˈi	0	0	0	0
thờy	TONE_HUYEN	θəː↘j	θˈəː↘ ˈi	0	0	0	0
thớy	TONE_SAC	θəː↗j	θˈəː↗ ˈi	0	0	0	0
thơ̂y	TONE_HOI	θəː↓j	θˈəː ˈi	0	0	0	0
thỡy	TONE_NGA	θəːʔ↗j	θˈəːʔ↗ ˈi	0	0	0	0
thợy	TONE_NANG	θəːʔ↓j	θˈəːʔ↓ ˈi	0	0	0	0
thơm	TONE_NGANG	θəː→m	θˈəːm	0	0	0	0
thờm	TONE_HUYEN	θəː↘m	θˈəː↘m	1	0	0	0
thớm	TONE_SAC	θəː↗m	θˈəː↗m	1	0	0	0
thơ̂m	TONE_HOI	θəː↓m	θˈəː mˈəː↘	0	0	0	0
thỡm	TONE_NGA	θəːʔ↗m	θˈəːʔ↗m	1	0	0	0
thợm	TONE_NANG	θəːʔ↓m	θˈəːʔ↓m	1	0	0	0
thơn	TONE_NGANG	θəː→n	θˈəːn	0	0	0	0
thờn	TONE_HUYEN	θəː↘n	θˈəː↘n	1	0	0	0
thớn	TONE_SAC	θəː↗n	θˈəː↗n	1	0	0	0
thơ̂n	TONE_HOI	θəː↓n	θˈəː nˈəː↘	0	0	0	0
thỡn	TONE_NGA	θəːʔ↗n	θˈəːʔ↗n	1	0	0	0
thợn	TONE_NANG	θəːʔ↓n	θˈəːʔ↓n	1	0	0	0
thớp	TONE_SAC	θəː↗p	θˈəː↗p	1	0	0	0
thợp	TONE_NANG	θəːʔ↓p	θˈəːʔ↓p	1	0	0	0
thớt	TONE_SAC	θəː↗t	θˈəː↗t	1	0	0	0
thợt	TONE_NANG	θəːʔ↓t	θˈəːʔ↓t	1	0	0	0
thớc	TONE_SAC	θəː↗k	θˈəː↗ sˈe	0	0	0	0
thợc	TONE_NANG	θəːʔ↓k	θˈəːʔ↓ sˈe	0	0	0	0
thớch	TONE_SAC	θəː↗k	θˈəː↗ sˈehˈa↗t	0	0	0	0
thợch	TONE_NANG	θəːʔ↓k	θˈəːʔ↓ sˈehˈa↗t	0	0	0	0
thu	TONE_NGANG	θu→	θˈu	0	0	0	0
thù	TONE_HUYEN	θu↘	θˈu↘	1	0	0	0
thú	TONE_SAC	θu↗	θˈu↗	1	0	0	0
thû	TONE_HOI	θu↓	θˈu	0	0	0	0
thũ	TONE_NGA	θuʔ↗	θˈuʔ↗	1	0	0	0
thụ	TONE_NANG	θuʔ↓	θˈuʔ↓	1	0	0	0
thui	TONE_NGANG	θu→j	θˈuj	0	0	0	0
thùi	TONE_HUYEN	θu↘j	θˈu↘j	1	0	0	0
thúi	TONE_SAC	θu↗j	θˈu↗j	1	0	0	0
thûi	TONE_HOI	θu↓j	θˈuj	0	0	0	0
thũi	TONE_NGA	θuʔ↗j	θˈuʔ↗j	1	0	0	0
thụi	TONE_NANG	θuʔ↓j	θˈuʔ↓j	1	0	0	0
thuy	TONE_NGANG	θu→j	θwˈi	0	0	0	0
thùy	TONE_HUYEN	θu↘j	θwˈi↘	1	0	0	0
thúy	TONE_SAC	θu↗j	θwˈi↗	1	0	0	0
thûy	TONE_HOI	θu↓j	θwˈi	0	0	0	0
thũy	TONE_NGA	θuʔ↗j	θˈuʔ↗ ˈi	0	0	0	0
thụy	TONE_NANG	θuʔ↓j	θwˈiʔ↓	1	0	0	0
thum	TONE_NGANG	θu→m	θˈum	0	0	0	0
thùm	TONE_HUYEN	θu↘m	θˈu↘m	1	0	0	0
thúm	TONE_SAC	θu↗m	θˈu↗m	1	0	0	0
thûm	TONE_HOI	θu↓m	θˈum	0	0	0	0
thũm	TONE_NGA	θuʔ↗m	θˈuʔ↗m	1	0	0	0
thụm	TONE_NANG	θuʔ↓m	θˈuʔ↓m	1	0	0	0
thun	TONE_NGANG	θu→n	θˈun	0	0	0	0
thùn	TONE_HUYEN	θu↘n	θˈu↘n	1	0	0	0
thún	TONE_SAC	θu↗n	θˈu↗n	1	0	0	0
thûn	TONE_HOI	θu↓n	θˈun	0	0	0	0
thũn	TONE_NGA	θuʔ↗n	θˈuʔ↗n	1	0	0	0
thụn	TONE_NANG	θuʔ↓n	θˈuʔ↓n	1	0	0	0
thúp	TONE_SAC	θu↗p	θˈu↗p	1	0	0	0
thụp	TONE_NANG	θuʔ↓p	θˈuʔ↓p	1	0	0	0
thút	TONE_SAC	θu↗t	θˈu↗t	1	0	0	0
thụt	TONE_NANG	θuʔ↓t	θˈuʔ↓t	1	0	0	0
thung	TONE_NGANG	θu→ŋ	θˈuŋ	0	0	0	0
thùng	TONE_HUYEN	θu↘ŋ	θˈu↘ŋ	1	0	0	0
thúng	TONE_SAC	θu↗ŋ	θˈu↗ŋ	1	0	0	0
thûng	TONE_HOI	θu↓ŋ	θˈuŋ	0	0	0	0
thũng	TONE_NGA	θuʔ↗ŋ	θˈuʔ↗ŋ	1	0	0	0
thụng	TONE_NANG	θuʔ↓ŋ	θˈuʔ↓ŋ	1	0	0	0
thúc	TONE_SAC	θu↗k	θˈu↗c	1	0	0	0
thục	TONE_NANG	θuʔ↓k	θˈuʔ↓c	1	0	0	0
thúch	TONE_SAC	θu↗k	θˈu↗c hˈa↗t	0	0	0	0
thụch	TONE_NANG	θuʔ↓k	θˈuʔ↓c hˈa↗t	0	0	0	0
thư	TONE_NGANG	θɨ→	θˈy	0	0	0	0
thừ	TONE_HUYEN	θɨ↘	θˈy↘	1	0	0	0
thứ	TONE_SAC	θɨ↗	θˈy↗	1	0	0	0
thư̂	TONE_HOI	θɨ↓	θˈy	0	0	0	0
thữ	TONE_NGA	θɨʔ↗	θˈyʔ↗	1	0	0	0
thự	TONE_NANG	θɨʔ↓	θˈyʔ↓	1	0	0	0
thưi	TONE_NGANG	θɨ→j	θˈyj	0	0	0	0
thừi	TONE_HUYEN	θɨ↘j	θˈy↘j	1	0	0	0
thứi	TONE_SAC	θɨ↗j	θˈy↗j	1	0	0	0
thư̂i	TONE_HOI	θɨ↓j	θˈy ˈi	0	0	0	0
thữi	TONE_NGA	θɨʔ↗j	θˈyʔ↗j	1	0	0	0
thựi	TONE_NANG	θɨʔ↓j	θˈyʔ↓j	1	0	0	0
thưy	TONE_NGANG	θɨ→j	θˈy ˈi	0	0	0	0
thừy	TONE_HUYEN	θɨ↘j	θˈy↘ ˈi	0	0	0	0
thứy	TONE_SAC	θɨ↗j	θˈy↗ ˈi	0	0	0	0
thư̂y	TONE_HOI	θɨ↓j	θˈy ˈi	0	0	0	0
thữy	TONE_NGA	θɨʔ↗j	θˈyʔ↗ ˈi	0	0	0	0
thựy	TONE_NANG	θɨʔ↓j	θˈyʔ↓ ˈi	0	0	0	0
thưo	TONE_NGANG	θɨ→w	θˈy ˈɔ	0	0	0	0
thừo	TONE_HUYEN	θɨ↘w	θˈy↘ ˈɔ	1	0	0	0
thứo	TONE_SAC	θɨ↗w	θˈy↗ ˈɔ	1	0	0	0
thư̂o	TONE_HOI	θɨ↓w	θˈy ˈo	0	0	0	0
thữo	TONE_NGA	θɨʔ↗w	θˈyʔ↗ ˈɔ	1	0	0	0
thựo	TONE_NANG	θɨʔ↓w	θˈyʔ↓ ˈɔ	1	0	0	0
thưu	TONE_NGANG	θɨ→w	θˈiw	0	0	0	0
thừu	TONE_HUYEN	θɨ↘w	θˈi↘w	1	0	0	0
thứu	TONE_SAC	θɨ↗w	θˈi↗w	1	0	0	0
thư̂u	TONE_HOI	θɨ↓w	θˈy ˈu	0	0	0	0
thữu	TONE_NGA	θɨʔ↗w	θˈiʔ↗w	1	0	0	0
thựu	TONE_NANG	θɨʔ↓w	θˈiʔ↓w	1	0	0	0
thưm	TONE_NGANG	θɨ→m	θˈym	0	0	0	0
thừm	TONE_HUYEN	θɨ↘m	θˈy↘m	1	0	0	0
thứm	TONE_SAC	θɨ↗m	θˈy↗m	1	0	0	0
thư̂m	TONE_HOI	θɨ↓m	θˈy mˈəː↘	0	0	0	0
thữm	TONE_NGA	θɨʔ↗m	θˈyʔ↗m	1	0	0	0
thựm	TONE_NANG	θɨʔ↓m	θˈyʔ↓m	1	0	0	0
thưn	TONE_NGANG	θɨ→n	θˈyn	0	0	0	0
thừn	TONE_HUYEN	θɨ↘n	θˈy↘n	1	0	0	0
thứn	TONE_SAC	θɨ↗n	θˈy↗n	1	0	0	0
thư̂n	TONE_HOI	θɨ↓n	θˈy nˈəː↘	0	0	0	0
thữn	TONE_NGA	θɨʔ↗n	θˈyʔ↗n	1	0	0	0
thựn	TONE_NANG	θɨʔ↓n	θˈyʔ↓n	1	0	0	0
thứp	TONE_SAC	θɨ↗p	θˈy↗ pˈe	0	0	0	0
thựp	TONE_NANG	θɨʔ↓p	θˈyʔ↓ pˈe	0	0	0	0
thứt	TONE_SAC	θɨ↗t	θˈy↗t	1	0	0	0
thựt	TONE_NANG	θɨʔ↓t	θˈyʔ↓t	1	0	0	0
thưng	TONE_NGANG	θɨ→ŋ	θˈyŋ	0	0	0	0
thừng	TONE_HUYEN	θɨ↘ŋ	θˈy↘ŋ	1	0	0	0
thứng	TONE_SAC	θɨ↗ŋ	θˈy↗ŋ	1	0	0	0
thư̂ng	TONE_HOI	θɨ↓ŋ	θˈy ˌɛndʒˈiː	0	0	0	0
thững	TONE_NGA	θɨʔ↗ŋ	θˈyʔ↗ŋ	1	0	0	0
thựng	TONE_NANG	θɨʔ↓ŋ	θˈyʔ↓ŋ	1	0	0	0
thức	TONE_SAC	θɨ↗k	θˈy↗c	1	0	0	0
thực	TONE_NANG	θɨʔ↓k	θˈyʔ↓c	1	0	0	0
thứch	TONE_SAC	θɨ↗k	θˈy↗c hˈa↗t	0	0	0	0
thựch	TONE_NANG	θɨʔ↓k	θˈyʔ↓c hˈa↗t	0	0	0	0
triê	TONE_NGANG	ʈʂiə→	ʈʂˈi ˈe	0	0	0	0
triề	TONE_HUYEN	ʈʂiə↘	ʈʂˈi ˈe↘	1	0	0	0
triế	TONE_SAC	ʈʂiə↗	ʈʂˈi ˈe↗	1	0	0	0
triê̂	TONE_HOI	ʈʂiə↓	ʈʂˈi ˈe	0	0	0	0
triễ	TONE_NGA	ʈʂiəʔ↗	ʈʂˈi ˈeʔ↗	1	0	0	0
triệ	TONE_NANG	ʈʂiəʔ↓	ʈʂˈi ˈeʔ↓	1	0	0	0
triêo	TONE_NGANG	ʈʂiə→w	ʈʂˈi ˈeˈɔ	0	0	0	0
triềo	TONE_HUYEN	ʈʂiə↘w	ʈʂˈi ˈe↘ˈɔ	1	0	0	0
triếo	TONE_SAC	ʈʂiə↗w	ʈʂˈi ˈe↗ˈɔ	1	0	0	0
triê̂o	TONE_HOI	ʈʂiə↓w	ʈʂˈi ˈe ˈo	0	0	0	0
triễo	TONE_NGA	ʈʂiəʔ↗w	ʈʂˈi ˈeʔ↗ˈɔ	1	0	0	0
triệo	TONE_NANG	ʈʂiəʔ↓w	ʈʂˈi ˈeʔ↓ˈɔ	1	0	0	0
triêu	TONE_NGANG	ʈʂiə→w	ʈʂˈiɛw	0	0	0	0
triều	TONE_HUYEN	ʈʂiə↘w	ʈʂˈiɛ↘w	1	0	0	0
triếu	TONE_SAC	ʈʂiə↗w	ʈʂˈiɛ↗w	1	0	0	0
triê̂u	TONE_HOI	ʈʂiə↓w	ʈʂˈi ˈe ˈu	0	0	0	0
triễu	TONE_NGA	ʈʂiəʔ↗w	ʈʂˈiɛʔ↗w	1	0	0	0
triệu	TONE_NANG	ʈʂiəʔ↓w	ʈʂˈiɛʔ↓w	1	0	0	0
triêm	TONE_NGANG	ʈʂiə→m	ʈʂˈiɛm	0	0	0	0
triềm	TONE_HUYEN	ʈʂiə↘m	ʈʂˈiɛ↘m	1	0	0	0
triếm	TONE_SAC	ʈʂiə↗m	ʈʂˈiɛ↗m	1	0	0	0
triê̂m	TONE_HOI	ʈʂiə↓m	ʈʂˈi ˈe mˈəː↘	0	0	0	0
triễm	TONE_NGA	ʈʂiəʔ↗m	ʈʂˈiɛʔ↗m	1	0	0	0
triệm	TONE_NANG	ʈʂiəʔ↓m	ʈʂˈiɛʔ↓m	1	0	0	0
triên	TONE_NGANG	ʈʂiə→n	ʈʂˈiɛn	0	0	0	0
triền	TONE_HUYEN	ʈʂiə↘n	ʈʂˈiɛ↘n	1	0	0	0
triến	TONE_SAC	ʈʂiə↗n	ʈʂˈiɛ↗n	1	0	0	0
triê̂n	TONE_HOI	ʈʂiə↓n	ʈʂˈi ˈe nˈəː↘	0	0	0	0
triễn	TONE_NGA	ʈʂiəʔ↗n	ʈʂˈiɛʔ↗n	1	0	0	0
triện	TONE_NANG	ʈʂiəʔ↓n	ʈʂˈiɛʔ↓n	1	0	0	0
triếp	TONE_SAC	ʈʂiə↗p	ʈʂˈiɛ↗p	1	0	0	0
triệp	TONE_NANG	ʈʂiəʔ↓p	ʈʂˈiɛʔ↓p	1	0	0	0
triết	TONE_SAC	ʈʂiə↗t	ʈʂˈiɛ↗t	1	0	0	0
triệt	TONE_NANG	ʈʂiəʔ↓t	ʈʂˈiɛʔ↓t	1	0	0	0
triêng	TONE_NGANG	ʈʂiə→ŋ	ʈʂˈiɛŋ	0	0	0	0
triềng	TONE_HUYEN	ʈʂiə↘ŋ	ʈʂˈiɛ↘ŋ	1	0	0	0
triếng	TONE_SAC	ʈʂiə↗ŋ	ʈʂˈiɛ↗ŋ	1	0	0	0
triê̂ng	TONE_HOI	ʈʂiə↓ŋ	ʈʂˈi ˈe ˌɛndʒˈiː	0	0	0	0
triễng	TONE_NGA	ʈʂiəʔ↗ŋ	ʈʂˈiɛʔ↗ŋ	1	0	0	0
triệng	TONE_NANG	ʈʂiəʔ↓ŋ	ʈʂˈiɛʔ↓ŋ	1	0	0	0
triênh	TONE_NGANG	ʈʂiə→ɲ	ʈʂˈi ˈeɲ	0	0	0	0
triềnh	TONE_HUYEN	ʈʂiə↘ɲ	ʈʂˈi ˈe↘ɲ	1	0	0	0
triếnh	TONE_SAC	ʈʂiə↗ɲ	ʈʂˈi ˈe↗ɲ	1	0	0	0
triê̂nh	TONE_HOI	ʈʂiə↓ɲ	ʈʂˈi ˈe ˌɛnˈeɪʧ	0	0	0	0
triễnh	TONE_NGA	ʈʂiəʔ↗ɲ	ʈʂˈi ˈeʔ↗ɲ	1	0	0	0
triệnh	TONE_NANG	ʈʂiəʔ↓ɲ	ʈʂˈi ˈeʔ↓ɲ	1	0	0	0
triếc	TONE_SAC	ʈʂiə↗k	ʈʂˈiɛ↗c	1	0	0	0
triệc	TONE_NANG	ʈʂiəʔ↓k	ʈʂˈiɛʔ↓c	1	0	0	0
triếch	TONE_SAC	ʈʂiə↗k	ʈʂˈi ˈe↗c	1	0	0	0
triệch	TONE_NANG	ʈʂiəʔ↓k	ʈʂˈi ˈeʔ↓c	1	0	0	0
tryê	TONE_NGANG	ʈʂiə→	tɹˈaɪ ˈe	0	0	0	0
tryề	TONE_HUYEN	ʈʂiə↘	tɹˈaɪ ˈe↘	1	0	0	0
tryế	TONE_SAC	ʈʂiə↗	tɹˈaɪ ˈe↗	1	0	0	0
tryê̂	TONE_HOI	ʈʂiə↓	tɹˈaɪ ˈe	0	0	0	0
tryễ	TONE_NGA	ʈʂiəʔ↗	tɹˈaɪ ˈeʔ↗	1	0	0	0
tryệ	TONE_NANG	ʈʂiəʔ↓	tɹˈaɪ ˈeʔ↓	1	0	0	0
tryêo	TONE_NGANG	ʈʂiə→w	tɹˈaɪ ˈeˈɔ	0	0	0	0
tryềo	TONE_HUYEN	ʈʂiə↘w	tɹˈaɪ ˈe↘ˈɔ	1	0	0	0
tryếo	TONE_SAC	ʈʂiə↗w	tɹˈaɪ ˈe↗ˈɔ	1	0	0	0
tryê̂o	TONE_HOI	ʈʂiə↓w	tɹˈaɪ ˈe ˈo	0	0	0	0
tryễo	TONE_NGA	ʈʂiəʔ↗w	tɹˈaɪ ˈeʔ↗ˈɔ	1	0	0	0
tryệo	TONE_NANG	ʈʂiəʔ↓w	tɹˈaɪ ˈeʔ↓ˈɔ	1	0	0	0
tryêu	TONE_NGANG	ʈʂiə→w	tɹˈaɪ ˈeˈu	0	0	0	0
tryều	TONE_HUYEN	ʈʂiə↘w	tɹˈaɪ ˈe↘ˈu	0	0	0	0
tryếu	TONE_SAC	ʈʂiə↗w	tɹˈaɪ ˈe↗ˈu	0	0	0	0
tryê̂u	TONE_HOI	ʈʂiə↓w	tɹˈaɪ ˈe ˈu	0	0	0	0
tryễu	TONE_NGA	ʈʂiəʔ↗w	tɹˈaɪ ˈeʔ↗ˈu	0	0	0	0
tryệu	TONE_NANG	ʈʂiəʔ↓w	tɹˈaɪ ˈeʔ↓ˈu	0	0	0	0
tryêm	TONE_NGANG	ʈʂiə→m	tɹˈaɪ ˈem	0	0	0	0
tryềm	TONE_HUYEN	ʈʂiə↘m	tɹˈaɪ ˈe↘m	1	0	0	0
tryếm	TONE_SAC	ʈʂiə↗m	tɹˈaɪ ˈe↗m	1	0	0	0
tryê̂m	TONE_HOI	ʈʂiə↓m	tɹˈaɪ ˈe mˈəː↘	0	0	0	0
tryễm	TONE_NGA	ʈʂiəʔ↗m	tɹˈaɪ ˈeʔ↗m	1	0	0	0
tryệm	TONE_NANG	ʈʂiəʔ↓m	tɹˈaɪ ˈeʔ↓m	1	0	0	0
tryên	TONE_NGANG	ʈʂiə→n	tɹˈaɪ ˈen	0	0	0	0
tryền	TONE_HUYEN	ʈʂiə↘n	tɹˈaɪ ˈe↘n	1	0	0	0
tryến	TONE_SAC	ʈʂiə↗n	tɹˈaɪ ˈe↗n	1	0	0	0
tryê̂n	TONE_HOI	ʈʂiə↓n	tɹˈaɪ ˈe nˈəː↘	0	0	0	0
tryễn	TONE_NGA	ʈʂiəʔ↗n	tɹˈaɪ ˈeʔ↗n	1	0	0	0
tryện	TONE_NANG	ʈʂiəʔ↓n	tɹˈaɪ ˈeʔ↓n	1	0	0	0
tryếp	TONE_SAC	ʈʂiə↗p	tɹˈaɪ ˈe↗p	1	0	0	0
tryệp	TONE_NANG	ʈʂiəʔ↓p	tɹˈaɪ ˈeʔ↓p	1	0	0	0
tryết	TONE_SAC	ʈʂiə↗t	tɹˈaɪ ˈe↗t	1	0	0	0
tryệt	TONE_NANG	ʈʂiəʔ↓t	tɹˈaɪ ˈeʔ↓t	1	0	0	0
tryêng	TONE_NGANG	ʈʂiə→ŋ	tˈeˈɛʒəː↘ ˈiɛŋ	0	0	0	0
tryềng	TONE_HUYEN	ʈʂiə↘ŋ	tˈeˈɛʒəː↘ ˈiɛ↘ŋ	0	0	0	0
tryếng	TONE_SAC	ʈʂiə↗ŋ	tˈeˈɛʒəː↘ ˈiɛ↗ŋ	0	0	0	0
tryê̂ng	TONE_HOI	ʈʂiə↓ŋ	tɹˈaɪ ˈe ˌɛndʒˈiː	0	0	0	0
tryễng	TONE_NGA	ʈʂiəʔ↗ŋ	tˈeˈɛʒəː↘ ˈiɛʔ↗ŋ	0	0	0	0
tryệng	TONE_NANG	ʈʂiəʔ↓ŋ	tˈeˈɛʒəː↘ ˈiɛʔ↓ŋ	0	0	0	0
tryênh	TONE_NGANG	ʈʂiə→ɲ	tɹˈaɪ ˈeɲ	0	0	0	0
tryềnh	TONE_HUYEN	ʈʂiə↘ɲ	tɹˈaɪ ˈe↘ɲ	1	0	0	0
tryếnh	TONE_SAC	ʈʂiə↗ɲ	tɹˈaɪ ˈe↗ɲ	1	0	0	0
tryê̂nh	TONE_HOI	ʈʂiə↓ɲ	tɹˈaɪ ˈe ˌɛnˈeɪʈʂ	0	0	0	0
tryễnh	TONE_NGA	ʈʂiəʔ↗ɲ	tɹˈaɪ ˈeʔ↗ɲ	1	0	0	0
tryệnh	TONE_NANG	ʈʂiəʔ↓ɲ	tɹˈaɪ ˈeʔ↓ɲ	1	0	0	0
tryếc	TONE_SAC	ʈʂiə↗k	tɹˈaɪ ˈe↗sˈe	0	0	0	0
tryệc	TONE_NANG	ʈʂiəʔ↓k	tɹˈaɪ ˈeʔ↓sˈe	0	0	0	0
tryếch	TONE_SAC	ʈʂiə↗k	tɹˈaɪ ˈe↗c	1	0	0	0
tryệch	TONE_NANG	ʈʂiəʔ↓k	tɹˈaɪ ˈeʔ↓c	1	0	0	0
tria	TONE_NGANG	ʈʂiə→	ʈʂˈiə	0	0	0	0
trìa	TONE_HUYEN	ʈʂiə↘	ʈʂˈiə↘	1	0	0	0
tría	TONE_SAC	ʈʂiə↗	ʈʂˈiə↗	1	0	0	0
trîa	TONE_HOI	ʈʂiə↓	ʈʂˈiə	0	0	0	0
trĩa	TONE_NGA	ʈʂiəʔ↗	ʈʂˈiəʔ↗	1	0	0	0
trịa	TONE_NANG	ʈʂiəʔ↓	ʈʂˈiəʔ↓	1	0	0	0
triao	TONE_NGANG	ʈʂiə→w	ʈʂˈiə ˈoʊ	0	0	0	0
trìao	TONE_HUYEN	ʈʂiə↘w	ʈʂˈiə↘ ˈɔ	1	0	0	0
tríao	TONE_SAC	ʈʂiə↗w	ʈʂˈiə↗ ˈɔ	1	0	0	0
trîao	TONE_HOI	ʈʂiə↓w	ʈʂˈiə ˈoʊ	0	0	0	0
trĩao	TONE_NGA	ʈʂiəʔ↗w	ʈʂˈiəʔ↗ ˈɔ	1	0	0	0
trịao	TONE_NANG	ʈʂiəʔ↓w	ʈʂˈiəʔ↓ ˈɔ	1	0	0	0
triau	TONE_NGANG	ʈʂiə→w	tɹˈaɪaʊ	0	0	0	0
trìau	TONE_HUYEN	ʈʂiə↘w	ʈʂˈiə↘ ˈu	0	0	0	0
tríau	TONE_SAC	ʈʂiə↗w	ʈʂˈiə↗ ˈu	0	0	0	0
trîau	TONE_HOI	ʈʂiə↓w	tɹˈaɪaʊ	0	0	0	0
trĩau	TONE_NGA	ʈʂiəʔ↗w	ʈʂˈiəʔ↗ ˈu	0	0	0	0
trịau	TONE_NANG	ʈʂiəʔ↓w	ʈʂˈiəʔ↓ ˈu	0	0	0	0
triam	TONE_NGANG	ʈʂiə→m	ʈʂˈi æm	0	0	0	0
trìam	TONE_HUYEN	ʈʂiə↘m	ʈʂˈi↘ ˈaːm	0	0	0	0
tríam	TONE_SAC	ʈʂiə↗m	ʈʂˈi↗ ˈaːm	0	0	0	0
trîam	TONE_HOI	ʈʂiə↓m	ʈʂˈi æm	0	0	0	0
trĩam	TONE_NGA	ʈʂiəʔ↗m	ʈʂˈiʔ↗ ˈaːm	0	0	0	0
trịam	TONE_NANG	ʈʂiəʔ↓m	ʈʂˈiʔ↓ ˈaːm	0	0	0	0
trian	TONE_NGANG	ʈʂiə→n	tɹˈaɪən	0	0	0	0
trìan	TONE_HUYEN	ʈʂiə↘n	ʈʂˈi↘ ˈaːn	0	0	0	0
trían	TONE_SAC	ʈʂiə↗n	ʈʂˈi↗ ˈaːn	0	0	0	0
trîan	TONE_HOI	ʈʂiə↓n	tɹˈaɪən	0	0	0	0
trĩan	TONE_NGA	ʈʂiəʔ↗n	ʈʂˈiʔ↗ ˈaːn	0	0	0	0
trịan	TONE_NANG	ʈʂiəʔ↓n	ʈʂˈiʔ↓ ˈaːn	0	0	0	0
tríap	TONE_SAC	ʈʂiə↗p	ʈʂˈi↗ ˈaː↗p	0	0	0	0
trịap	TONE_NANG	ʈʂiəʔ↓p	ʈʂˈiʔ↓ ˈaː↗p	0	0	0	0
tríat	TONE_SAC	ʈʂiə↗t	ʈʂˈi↗ ˈaː↗t	0	0	0	0
trịat	TONE_NANG	ʈʂiəʔ↓t	ʈʂˈiʔ↓ ˈaː↗t	0	0	0	0
triang	TONE_NGANG	ʈʂiə→ŋ	tɹˈaɪæŋ	0	0	0	0
trìang	TONE_HUYEN	ʈʂiə↘ŋ	ʈʂˈi↘ ˈaːŋ	0	0	0	0
tríang	TONE_SAC	ʈʂiə↗ŋ	ʈʂˈi↗ ˈaːŋ	0	0	0	0
trîang	TONE_HOI	ʈʂiə↓ŋ	tɹˈaɪæŋ	0	0	0	0
trĩang	TONE_NGA	ʈʂiəʔ↗ŋ	ʈʂˈiʔ↗ ˈaːŋ	0	0	0	0
trịang	TONE_NANG	ʈʂiəʔ↓ŋ	ʈʂˈiʔ↓ ˈaːŋ	0	0	0	0
trianh	TONE_NGANG	ʈʂiə→ɲ	ʈʂˈi ˈæɲ	0	0	0	0
trìanh	TONE_HUYEN	ʈʂiə↘ɲ	ʈʂˈi↘ ˈæɲ	0	0	0	0
tríanh	TONE_SAC	ʈʂiə↗ɲ	ʈʂˈi↗ ˈæɲ	0	0	0	0
trîanh	TONE_HOI	ʈʂiə↓ɲ	ʈʂˈi ˈæɲ	0	0	0	0
trĩanh	TONE_NGA	ʈʂiəʔ↗ɲ	ʈʂˈiʔ↗ ˈæɲ	0	0	0	0
trịanh	TONE_NANG	ʈʂiəʔ↓ɲ	ʈʂˈiʔ↓ ˈæɲ	0	0	0	0
tríac	TONE_SAC	ʈʂiə↗k	ʈʂˈi↗ ˈaː↗c	0	0	0	0
trịac	TONE_NANG	ʈʂiəʔ↓k	ʈʂˈiʔ↓ ˈaː↗c	0	0	0	0
tríach	TONE_SAC	ʈʂiə↗k	ʈʂˈi↗ ˈæ↗c	0	0	0	0
trịach	TONE_NANG	ʈʂiəʔ↓k	ʈʂˈiʔ↓ ˈæ↗c	0	0	0	0
trya	TONE_NGANG	ʈʂiə→	tɹˈaɪ ˈeɪ	0	0	0	0
trỳa	TONE_HUYEN	ʈʂiə↘	ʈʂˈi↘ ˈaː	0	0	0	0
trýa	TONE_SAC	ʈʂiə↗	ʈʂˈi↗ ˈaː	0	0	0	0
trŷa	TONE_HOI	ʈʂiə↓	tɹˈaɪ ˈeɪ	0	0	0	0
trỹa	TONE_NGA	ʈʂiəʔ↗	ʈʂˈiʔ↗ ˈaː	0	0	0	0
trỵa	TONE_NANG	ʈʂiəʔ↓	ʈʂˈiʔ↓ ˈaː	0	0	0	0
tryao	TONE_NGANG	ʈʂiə→w	tɹˈaɪ ˈeɪˈoʊ	0	0	0	0
trỳao	TONE_HUYEN	ʈʂiə↘w	ʈʂˈi↘ ˈaːˈɔ	0	0	0	0
trýao	TONE_SAC	ʈʂiə↗w	ʈʂˈi↗ ˈaːˈɔ	0	0	0	0
trŷao	TONE_HOI	ʈʂiə↓w	tɹˈaɪ ˈeɪˈoʊ	0	0	0	0
trỹao	TONE_NGA	ʈʂiəʔ↗w	ʈʂˈiʔ↗ ˈaːˈɔ	0	0	0	0
trỵao	TONE_NANG	ʈʂiəʔ↓w	ʈʂˈiʔ↓ ˈaːˈɔ	0	0	0	0
tryau	TONE_NGANG	ʈʂiə→w	tɹˈaɪ ˈeɪjˈuː	0	0	0	0
trỳau	TONE_HUYEN	ʈʂiə↘w	ʈʂˈi↘ ˈaːˈu	0	0	0	0
trýau	TONE_SAC	ʈʂiə↗w	ʈʂˈi↗ ˈaːˈu	0	0	0	0
trŷau	TONE_HOI	ʈʂiə↓w	tɹˈaɪ ˈeɪjˈuː	0	0	0	0
trỹau	TONE_NGA	ʈʂiəʔ↗w	ʈʂˈiʔ↗ ˈaːˈu	0	0	0	0
trỵau	TONE_NANG	ʈʂiəʔ↓w	ʈʂˈiʔ↓ ˈaːˈu	0	0	0	0
tryam	TONE_NGANG	ʈʂiə→m	tɹˈaɪ æm	0	0	0	0
trỳam	TONE_HUYEN	ʈʂiə↘m	ʈʂˈi↘ ˈaːm	0	0	0	0
trýam	TONE_SAC	ʈʂiə↗m	ʈʂˈi↗ ˈaːm	0	0	0	0
trŷam	TONE_HOI	ʈʂiə↓m	tɹˈaɪ æm	0	0	0	0
trỹam	TONE_NGA	ʈʂiəʔ↗m	ʈʂˈiʔ↗ ˈaːm	0	0	0	0
trỵam	TONE_NANG	ʈʂiəʔ↓m	ʈʂˈiʔ↓ ˈaːm	0	0	0	0
tryan	TONE_NGANG	ʈʂiə→n	tɹˈaɪ æn	0	0	0	0
trỳan	TONE_HUYEN	ʈʂiə↘n	ʈʂˈi↘ ˈaːn	0	0	0	0
trýan	TONE_SAC	ʈʂiə↗n	ʈʂˈi↗ ˈaːn	0	0	0	0
trŷan	TONE_HOI	ʈʂiə↓n	tɹˈaɪ æn	0	0	0	0
trỹan	TONE_NGA	ʈʂiəʔ↗n	ʈʂˈiʔ↗ ˈaːn	0	0	0	0
trỵan	TONE_NANG	ʈʂiəʔ↓n	ʈʂˈiʔ↓ ˈaːn	0	0	0	0
trýap	TONE_SAC	ʈʂiə↗p	ʈʂˈi↗ ˈaː↗p	0	0	0	0
trỵap	TONE_NANG	ʈʂiəʔ↓p	ʈʂˈiʔ↓ ˈaː↗p	0	0	0	0
trýat	TONE_SAC	ʈʂiə↗t	ʈʂˈi↗ ˈaː↗t	0	0	0	0
trỵat	TONE_NANG	ʈʂiəʔ↓t	ʈʂˈiʔ↓ ˈaː↗t	0	0	0	0
tryang	TONE_NGANG	ʈʂiə→ŋ	tɹˈaɪ ˈaːŋ	0	0	0	0
trỳang	TONE_HUYEN	ʈʂiə↘ŋ	ʈʂˈi↘ ˈaːŋ	0	0	0	0
trýang	TONE_SAC	ʈʂiə↗ŋ	ʈʂˈi↗ ˈaːŋ	0	0	0	0
trŷang	TONE_HOI	ʈʂiə↓ŋ	tɹˈaɪ ˈaːŋ	0	0	0	0
trỹang	TONE_NGA	ʈʂiəʔ↗ŋ	ʈʂˈiʔ↗ ˈaːŋ	0	0	0	0
trỵang	TONE_NANG	ʈʂiəʔ↓ŋ	ʈʂˈiʔ↓ ˈaːŋ	0	0	0	0
tryanh	TONE_NGANG	ʈʂiə→ɲ	tɹˈaɪ ˈæɲ	0	0	0	0
trỳanh	TONE_HUYEN	ʈʂiə↘ɲ	ʈʂˈi↘ ˈæɲ	0	0	0	0
trýanh	TONE_SAC	ʈʂiə↗ɲ	ʈʂˈi↗ ˈæɲ	0	0	0	0
trŷanh	TONE_HOI	ʈʂiə↓ɲ	tɹˈaɪ ˈæɲ	0	0	0	0
trỹanh	TONE_NGA	ʈʂiəʔ↗ɲ	ʈʂˈiʔ↗ ˈæɲ	0	0	0	0
trỵanh	TONE_NANG	ʈʂiəʔ↓ɲ	ʈʂˈiʔ↓ ˈæɲ	0	0	0	0
trýac	TONE_SAC	ʈʂiə↗k	ʈʂˈi↗ ˈaː↗c	0	0	0	0
trỵac	TONE_NANG	ʈʂiəʔ↓k	ʈʂˈiʔ↓ ˈaː↗c	0	0	0	0
trýach	TONE_SAC	ʈʂiə↗k	ʈʂˈi↗ ˈæ↗c	0	0	0	0
trỵach	TONE_NANG	ʈʂiəʔ↓k	ʈʂˈiʔ↓ ˈæ↗c	0	0	0	0
trươ	TONE_NGANG	ʈʂɨə→	ʈʂˈy ˈəː	0	0	0	0
trườ	TONE_HUYEN	ʈʂɨə↘	ʈʂˈy ˈəː↘	1	0	0	0
trướ	TONE_SAC	ʈʂɨə↗	ʈʂˈy ˈəː↗	1	0	0	0
trươ̂	TONE_HOI	ʈʂɨə↓	ʈʂˈy ˈəː	0	0	0	0
trưỡ	TONE_NGA	ʈʂɨəʔ↗	ʈʂˈy ˈəːʔ↗	1	0	0	0
trượ	TONE_NANG	ʈʂɨəʔ↓	ʈʂˈy ˈəːʔ↓	1	0	0	0
trươi	TONE_NGANG	ʈʂɨə→j	ʈʂˈyəj	0	0	0	0
trười	TONE_HUYEN	ʈʂɨə↘j	ʈʂˈyə↘j	1	0	0	0
trưới	TONE_SAC	ʈʂɨə↗j	ʈʂˈyə↗j	1	0	0	0
trươ̂i	TONE_HOI	ʈʂɨə↓j	ʈʂˈy ˈəː ˈi	0	0	0	0
trưỡi	TONE_NGA	ʈʂɨəʔ↗j	ʈʂˈyəʔ↗j	1	0	0	0
trượi	TONE_NANG	ʈʂɨəʔ↓j	ʈʂˈyəʔ↓j	1	0	0	0
trươy	TONE_NGANG	ʈʂɨə→j	ʈʂˈy ˈəːˈi	0	0	0	0
trườy	TONE_HUYEN	ʈʂɨə↘j	ʈʂˈy ˈəː↘ˈi	0	0	0	0
trướy	TONE_SAC	ʈʂɨə↗j	ʈʂˈy ˈəː↗ˈi	0	0	0	0
trươ̂y	TONE_HOI	ʈʂɨə↓j	ʈʂˈy ˈəː ˈi	0	0	0	0
trưỡy	TONE_NGA	ʈʂɨəʔ↗j	ʈʂˈy ˈəːʔ↗ˈi	0	0	0	0
trượy	TONE_NANG	ʈʂɨəʔ↓j	ʈʂˈy ˈəːʔ↓ˈi	0	0	0	0
trươo	TONE_NGANG	ʈʂɨə→w	ʈʂˈy ˈəːˈɔ	0	0	0	0
trườo	TONE_HUYEN	ʈʂɨə↘w	ʈʂˈy ˈəː↘ˈɔ	1	0	0	0
trướo	TONE_SAC	ʈʂɨə↗w	ʈʂˈy ˈəː↗ˈɔ	1	0	0	0
trươ̂o	TONE_HOI	ʈʂɨə↓w	ʈʂˈy ˈəː ˈo	0	0	0	0
trưỡo	TONE_NGA	ʈʂɨəʔ↗w	ʈʂˈy ˈəːʔ↗ˈɔ	1	0	0	0
trượo	TONE_NANG	ʈʂɨəʔ↓w	ʈʂˈy ˈəːʔ↓ˈɔ	1	0	0	0
trươu	TONE_NGANG	ʈʂɨə→w	ʈʂˈyəw	0	0	0	0
trườu	TONE_HUYEN	ʈʂɨə↘w	ʈʂˈyə↘w	1	0	0	0
trướu	TONE_SAC	ʈʂɨə↗w	ʈʂˈyə↗w	1	0	0	0
trươ̂u	TONE_HOI	ʈʂɨə↓w	ʈʂˈy ˈəː ˈu	0	0	0	0
trưỡu	TONE_NGA	ʈʂɨəʔ↗w	ʈʂˈyəʔ↗w	1	0	0	0
trượu	TONE_NANG	ʈʂɨəʔ↓w	ʈʂˈyəʔ↓w	1	0	0	0
trươm	TONE_NGANG	ʈʂɨə→m	ʈʂˈyəm	0	0	0	0
trườm	TONE_HUYEN	ʈʂɨə↘m	ʈʂˈyə↘m	1	0	0	0
trướm	TONE_SAC	ʈʂɨə↗m	ʈʂˈyə↗m	1	0	0	0
trươ̂m	TONE_HOI	ʈʂɨə↓m	ʈʂˈy ˈəː mˈəː↘	0	0	0	0
trưỡm	TONE_NGA	ʈʂɨəʔ↗m	ʈʂˈyəʔ↗m	1	0	0	0
trượm	TONE_NANG	ʈʂɨəʔ↓m	ʈʂˈyəʔ↓m	1	0	0	0
trướp	TONE_SAC	ʈʂɨə↗p	ʈʂˈyə↗p	1	0	0	0
trượp	TONE_NANG	ʈʂɨəʔ↓p	ʈʂˈyəʔ↓p	1	0	0	0
trướt	TONE_SAC	ʈʂɨə↗t	ʈʂˈyə↗t	1	0	0	0
trượt	TONE_NANG	ʈʂɨəʔ↓t	ʈʂˈyəʔ↓t	1	0	0	0
trương	TONE_NGANG	ʈʂɨə→ŋ	ʈʂˈyəŋ	0	0	0	0
trường	TONE_HUYEN	ʈʂɨə↘ŋ	ʈʂˈyə↘ŋ	1	0	0	0
trướng	TONE_SAC	ʈʂɨə↗ŋ	ʈʂˈyə↗ŋ	1	0	0	0
trươ̂ng	TONE_HOI	ʈʂɨə↓ŋ	ʈʂˈy ˈəː ˌɛndʒˈiː	0	0	0	0
trưỡng	TONE_NGA	ʈʂɨəʔ↗ŋ	ʈʂˈyəʔ↗ŋ	1	0	0	0
trượng	TONE_NANG	ʈʂɨəʔ↓ŋ	ʈʂˈyəʔ↓ŋ	1	0	0	0
trước	TONE_SAC	ʈʂɨə↗k	ʈʂˈyə↗c	1	0	0	0
trược	TONE_NANG	ʈʂɨəʔ↓k	ʈʂˈyəʔ↓c	1	0	0	0
trướch	TONE_SAC	ʈʂɨə↗k	ʈʂˈyə↗c hˈa↗t	0	0	0	0
trượch	TONE_NANG	ʈʂɨəʔ↓k	ʈʂˈyəʔ↓c hˈa↗t	0	0	0	0
trưa	TONE_NGANG	ʈʂɨə→	ʈʂˈyə	0	0	0	0
trừa	TONE_HUYEN	ʈʂɨə↘	ʈʂˈyə↘	1	0	0	0
trứa	TONE_SAC	ʈʂɨə↗	ʈʂˈyə↗	1	0	0	0
trư̂a	TONE_HOI	ʈʂɨə↓	ʈʂˈy ˈaː	0	0	0	0
trữa	TONE_NGA	ʈʂɨəʔ↗	ʈʂˈyəʔ↗	1	0	0	0
trựa	TONE_NANG	ʈʂɨəʔ↓	ʈʂˈyəʔ↓	1	0	0	0
trưai	TONE_NGANG	ʈʂɨə→j	ʈʂˈyə ˈi	0	0	0	0
trừai	TONE_HUYEN	ʈʂɨə↘j	ʈʂˈyə↘ ˈi	0	0	0	0
trứai	TONE_SAC	ʈʂɨə↗j	ʈʂˈyə↗ ˈi	0	0	0	0
trư̂ai	TONE_HOI	ʈʂɨə↓j	ʈʂˈy ˈaːj	0	0	0	0
trữai	TONE_NGA	ʈʂɨəʔ↗j	ʈʂˈyəʔ↗ ˈi	0	0	0	0
trựai	TONE_NANG	ʈʂɨəʔ↓j	ʈʂˈyəʔ↓ ˈi	0	0	0	0
trưay	TONE_NGANG	ʈʂɨə→j	ʈʂˈyə ˈi	0	0	0	0
trừay	TONE_HUYEN	ʈʂɨə↘j	ʈʂˈyə↘ ˈi	0	0	0	0
trứay	TONE_SAC	ʈʂɨə↗j	ʈʂˈyə↗ ˈi	0	0	0	0
trư̂ay	TONE_HOI	ʈʂɨə↓j	ʈʂˈy ˈaj	0	0	0	0
trữay	TONE_NGA	ʈʂɨəʔ↗j	ʈʂˈyəʔ↗ ˈi	0	0	0	0
trựay	TONE_NANG	ʈʂɨəʔ↓j	ʈʂˈyəʔ↓ ˈi	0	0	0	0
trưao	TONE_NGANG	ʈʂɨə→w	ʈʂˈyə ˈɔ	0	0	0	0
trừao	TONE_HUYEN	ʈʂɨə↘w	ʈʂˈyə↘ ˈɔ	1	0	0	0
trứao	TONE_SAC	ʈʂɨə↗w	ʈʂˈyə↗ ˈɔ	1	0	0	0
trư̂ao	TONE_HOI	ʈʂɨə↓w	ʈʂˈy ˈaːw	0	0	0	0
trữao	TONE_NGA	ʈʂɨəʔ↗w	ʈʂˈyəʔ↗ ˈɔ	1	0	0	0
trựao	TONE_NANG	ʈʂɨəʔ↓w	ʈʂˈyəʔ↓ ˈɔ	1	0	0	0
trưau	TONE_NGANG	ʈʂɨə→w	ʈʂˈyə ˈu	0	0	0	0
trừau	TONE_HUYEN	ʈʂɨə↘w	ʈʂˈyə↘ ˈu	0	0	0	0
trứau	TONE_SAC	ʈʂɨə↗w	ʈʂˈyə↗ ˈu	0	0	0	0
trư̂au	TONE_HOI	ʈʂɨə↓w	ʈʂˈy ˈaw	0	0	0	0
trữau	TONE_NGA	ʈʂɨəʔ↗w	ʈʂˈyəʔ↗ ˈu	0	0	0	0
trựau	TONE_NANG	ʈʂɨəʔ↓w	ʈʂˈyəʔ↓ ˈu	0	0	0	0
trưam	TONE_NGANG	ʈʂɨə→m	ʈʂˈy ˈaːm	0	0	0	0
trừam	TONE_HUYEN	ʈʂɨə↘m	ʈʂˈy↘ ˈaːm	0	0	0	0
trứam	TONE_SAC	ʈʂɨə↗m	ʈʂˈy↗ ˈaːm	0	0	0	0
trư̂am	TONE_HOI	ʈʂɨə↓m	ʈʂˈy ˈaːm	0	0	0	0
trữam	TONE_NGA	ʈʂɨəʔ↗m	ʈʂˈyʔ↗ ˈaːm	0	0	0	0
trựam	TONE_NANG	ʈʂɨəʔ↓m	ʈʂˈyʔ↓ ˈaːm	0	0	0	0
trứap	TONE_SAC	ʈʂɨə↗p	ʈʂˈy↗ ˈaː↗p	0	0	0	0
trựap	TONE_NANG	ʈʂɨəʔ↓p	ʈʂˈyʔ↓ ˈaː↗p	0	0	0	0
trứat	TONE_SAC	ʈʂɨə↗t	ʈʂˈy↗ ˈaː↗t	0	0	0	0
trựat	TONE_NANG	ʈʂɨəʔ↓t	ʈʂˈyʔ↓ ˈaː↗t	0	0	0	0
trưang	TONE_NGANG	ʈʂɨə→ŋ	ʈʂˈy ˈaːŋ	0	0	0	0
trừang	TONE_HUYEN	ʈʂɨə↘ŋ	ʈʂˈy↘ ˈaːŋ	0	0	0	0
trứang	TONE_SAC	ʈʂɨə↗ŋ	ʈʂˈy↗ ˈaːŋ	0	0	0	0
trư̂ang	TONE_HOI	ʈʂɨə↓ŋ	ʈʂˈy ˈaːŋ	0	0	0	0
trữang	TONE_NGA	ʈʂɨəʔ↗ŋ	ʈʂˈyʔ↗ ˈaːŋ	0	0	0	0
trựang	TONE_NANG	ʈʂɨəʔ↓ŋ	ʈʂˈyʔ↓ ˈaːŋ	0	0	0	0
trứac	TONE_SAC	ʈʂɨə↗k	ʈʂˈy↗ ˈaː↗c	0	0	0	0
trựac	TONE_NANG	ʈʂɨəʔ↓k	ʈʂˈyʔ↓ ˈaː↗c	0	0	0	0
trứach	TONE_SAC	ʈʂɨə↗k	ʈʂˈy↗ ˈæ↗c	0	0	0	0
trựach	TONE_NANG	ʈʂɨəʔ↓k	ʈʂˈyʔ↓ ˈæ↗c	0	0	0	0
truô	TONE_NGANG	ʈʂuə→	ʈʂˈu ˈo	0	0	0	0
truồ	TONE_HUYEN	ʈʂuə↘	ʈʂˈu ˈo↘	1	0	0	0
truố	TONE_SAC	ʈʂuə↗	ʈʂˈu ˈo↗	1	0	0	0
truô̂	TONE_HOI	ʈʂuə↓	ʈʂˈu ˈo	0	0	0	0
truỗ	TONE_NGA	ʈʂuəʔ↗	ʈʂˈu ˈoʔ↗	1	0	0	0
truộ	TONE_NANG	ʈʂuəʔ↓	ʈʂˈu ˈoʔ↓	1	0	0	0
truôi	TONE_NGANG	ʈʂuə→j	ʈʂˈuəj	0	0	0	0
truồi	TONE_HUYEN	ʈʂuə↘j	ʈʂˈuə↘j	1	0	0	0
truối	TONE_SAC	ʈʂuə↗j	ʈʂˈuə↗j	1	0	0	0
truô̂i	TONE_HOI	ʈʂuə↓j	ʈʂˈu ˈo ˈi	0	0	0	0
truỗi	TONE_NGA	ʈʂuəʔ↗j	ʈʂˈuəʔ↗j	1	0	0	0
truội	TONE_NANG	ʈʂuəʔ↓j	ʈʂˈuəʔ↓j	1	0	0	0
truôy	TONE_NGANG	ʈʂuə→j	ʈʂˈu ˈoˈi	0	0	0	0
truồy	TONE_HUYEN	ʈʂuə↘j	ʈʂˈu ˈo↘ˈi	0	0	0	0
truốy	TONE_SAC	ʈʂuə↗j	ʈʂˈu ˈo↗ˈi	0	0	0	0
truô̂y	TONE_HOI	ʈʂuə↓j	ʈʂˈu ˈo ˈi	0	0	0	0
truỗy	TONE_NGA	ʈʂuəʔ↗j	ʈʂˈu ˈoʔ↗ˈi	0	0	0	0
truộy	TONE_NANG	ʈʂuəʔ↓j	ʈʂˈu ˈoʔ↓ˈi	0	0	0	0
truôn	TONE_NGANG	ʈʂuə→n	ʈʂˈuən	0	0	0	0
truồn	TONE_HUYEN	ʈʂuə↘n	ʈʂˈuə↘n	1	0	0	0
truốn	TONE_SAC	ʈʂuə↗n	ʈʂˈuə↗n	1	0	0	0
truô̂n	TONE_HOI	ʈʂuə↓n	ʈʂˈu ˈo nˈəː↘	0	0	0	0
truỗn	TONE_NGA	ʈʂuəʔ↗n	ʈʂˈuəʔ↗n	1	0	0	0
truộn	TONE_NANG	ʈʂuəʔ↓n	ʈʂˈuəʔ↓n	1	0	0	0
truốp	TONE_SAC	ʈʂuə↗p	ʈʂˈuə↗p	1	0	0	0
truộp	TONE_NANG	ʈʂuəʔ↓p	ʈʂˈuəʔ↓p	1	0	0	0
truốt	TONE_SAC	ʈʂuə↗t	ʈʂˈuə↗t	1	0	0	0
truột	TONE_NANG	ʈʂuəʔ↓t	ʈʂˈuəʔ↓t	1	0	0	0
truông	TONE_NGANG	ʈʂuə→ŋ	ʈʂˈuəŋ	0	0	0	0
truồng	TONE_HUYEN	ʈʂuə↘ŋ	ʈʂˈuə↘ŋ	1	0	0	0
truống	TONE_SAC	ʈʂuə↗ŋ	ʈʂˈuə↗ŋ	1	0	0	0
truô̂ng	TONE_HOI	ʈʂuə↓ŋ	ʈʂˈu ˈo ˌɛndʒˈiː	0	0	0	0
truỗng	TONE_NGA	ʈʂuəʔ↗ŋ	ʈʂˈuəʔ↗ŋ	1	0	0	0
truộng	TONE_NANG	ʈʂuəʔ↓ŋ	ʈʂˈuəʔ↓ŋ	1	0	0	0
truốc	TONE_SAC	ʈʂuə↗k	ʈʂˈuə↗c	1	0	0	0
truộc	TONE_NANG	ʈʂuəʔ↓k	ʈʂˈuəʔ↓c	1	0	0	0
truốch	TONE_SAC	ʈʂuə↗k	ʈʂˈuə↗c hˈa↗t	0	0	0	0
truộch	TONE_NANG	ʈʂuəʔ↓k	ʈʂˈuəʔ↓c hˈa↗t	0	0	0	0
trua	TONE_NGANG	ʈʂuə→	ʈʂˈuə	0	0	0	0
trùa	TONE_HUYEN	ʈʂuə↘	ʈʂˈuə↘	1	0	0	0
trúa	TONE_SAC	ʈʂuə↗	ʈʂˈuə↗	1	0	0	0
trûa	TONE_HOI	ʈʂuə↓	ʈʂˈuə	0	0	0	0
trũa	TONE_NGA	ʈʂuəʔ↗	ʈʂˈuəʔ↗	1	0	0	0
trụa	TONE_NANG	ʈʂuəʔ↓	ʈʂˈuəʔ↓	1	0	0	0
truai	TONE_NGANG	ʈʂuə→j	ʈʂˈuə ˈaɪ	0	0	0	0
trùai	TONE_HUYEN	ʈʂuə↘j	ʈʂˈuə↘ ˈi	0	0	0	0
trúai	TONE_SAC	ʈʂuə↗j	ʈʂˈuə↗ ˈi	0	0	0	0
trûai	TONE_HOI	ʈʂuə↓j	ʈʂˈuə ˈaɪ	0	0	0	0
trũai	TONE_NGA	ʈʂuəʔ↗j	ʈʂˈuəʔ↗ ˈi	0	0	0	0
trụai	TONE_NANG	ʈʂuəʔ↓j	ʈʂˈuəʔ↓ ˈi	0	0	0	0
truay	TONE_NGANG	ʈʂuə→j	ʈʂˈuə wˈaɪ	0	0	0	0
trùay	TONE_HUYEN	ʈʂuə↘j	ʈʂˈuə↘ ˈi	0	0	0	0
trúay	TONE_SAC	ʈʂuə↗j	ʈʂˈuə↗ ˈi	0	0	0	0
trûay	TONE_HOI	ʈʂuə↓j	ʈʂˈuə wˈaɪ	0	0	0	0
trũay	TONE_NGA	ʈʂuəʔ↗j	ʈʂˈuəʔ↗ ˈi	0	0	0	0
trụay	TONE_NANG	ʈʂuəʔ↓j	ʈʂˈuəʔ↓ ˈi	0	0	0	0
trao	TONE_NGANG	ʈʂaː→w	ʈʂˈaːw	0	0	0	0
trào	TONE_HUYEN	ʈʂaː↘w	ʈʂˈaː↘w	1	0	0	0
tráo	TONE_SAC	ʈʂaː↗w	ʈʂˈaː↗w	1	0	0	0
trâo	TONE_HOI	ʈʂaː↓w	tˈeˈɛʒəː↘ ˌeɪsˈ↗ːkəmflˌɛksˈɔ	0	0	0	0
trão	TONE_NGA	ʈʂaːʔ↗w	ʈʂˈaːʔ↗w	1	0	0	0
trạo	TONE_NANG	ʈʂaːʔ↓w	ʈʂˈaːʔ↓w	1	0	0	0
trau	TONE_NGANG	ʈʂa→w	ʈʂˈaw	0	0	0	0
tràu	TONE_HUYEN	ʈʂa↘w	ʈʂˈa↘w	1	0	0	0
tráu	TONE_SAC	ʈʂa↗w	ʈʂˈa↗w	1	0	0	0
trâu	TONE_HOI	ʈʂa↓w	ʈʂˈə→w	0	0	0	0
trãu	TONE_NGA	ʈʂaʔ↗w	ʈʂˈaʔ↗w	1	0	0	0
trạu	TONE_NANG	ʈʂaʔ↓w	ʈʂˈaʔ↓w	1	0	0	0
truan	TONE_NGANG	ʈʂuə→n	ʈʂwˈən	0	0	0	0
trùan	TONE_HUYEN	ʈʂuə↘n	ʈʂˈu↘ ˈaːn	0	0	0	0
trúan	TONE_SAC	ʈʂuə↗n	ʈʂˈu↗ ˈaːn	0	0	0	0
trûan	TONE_HOI	ʈʂuə↓n	ʈʂwˈən	0	0	0	0
trũan	TONE_NGA	ʈʂuəʔ↗n	ʈʂˈuʔ↗ ˈaːn	0	0	0	0
trụan	TONE_NANG	ʈʂuəʔ↓n	ʈʂˈuʔ↓ ˈaːn	0	0	0	0
trúap	TONE_SAC	ʈʂuə↗p	ʈʂˈu↗ ˈaː↗p	0	0	0	0
trụap	TONE_NANG	ʈʂuəʔ↓p	ʈʂˈuʔ↓ ˈaː↗p	0	0	0	0
trúat	TONE_SAC	ʈʂuə↗t	ʈʂˈu↗ ˈaː↗t	0	0	0	0
trụat	TONE_NANG	ʈʂuəʔ↓t	ʈʂˈuʔ↓ ˈaː↗t	0	0	0	0
truang	TONE_NGANG	ʈʂuə→ŋ	ʈʂˈu ˈaːŋ	0	0	0	0
trùang	TONE_HUYEN	ʈʂuə↘ŋ	ʈʂˈu↘ ˈaːŋ	0	0	0	0
trúang	TONE_SAC	ʈʂuə↗ŋ	ʈʂˈu↗ ˈaːŋ	0	0	0	0
trûang	TONE_HOI	ʈʂuə↓ŋ	ʈʂˈu ˈaːŋ	0	0	0	0
trũang	TONE_NGA	ʈʂuəʔ↗ŋ	ʈʂˈuʔ↗ ˈaːŋ	0	0	0	0
trụang	TONE_NANG	ʈʂuəʔ↓ŋ	ʈʂˈuʔ↓ ˈaːŋ	0	0	0	0
tranh	TONE_NGANG	ʈʂaː→ɲ	ʈʂˈæɲ	0	0	0	1
trành	TONE_HUYEN	ʈʂaː↘ɲ	ʈʂˈæ↘ɲ	1	0	0	1
tránh	TONE_SAC	ʈʂaː↗ɲ	ʈʂˈæ↗ɲ	1	0	0	1
trânh	TONE_HOI	ʈʂaː↓ɲ	ʈʂˈən hˈa↗t	0	0	0	1
trãnh	TONE_NGA	ʈʂaːʔ↗ɲ	ʈʂˈæʔ↗ɲ	1	0	0	1
trạnh	TONE_NANG	ʈʂaːʔ↓ɲ	ʈʂˈæʔ↓ɲ	1	0	0	1
trúac	TONE_SAC	ʈʂuə↗k	ʈʂˈu↗ ˈaː↗c	0	0	0	0
trụac	TONE_NANG	ʈʂuəʔ↓k	ʈʂˈuʔ↓ ˈaː↗c	0	0	0	0
trúach	TONE_SAC	ʈʂuə↗k	ʈʂˈu↗ ˈæ↗c	0	0	0	0
trụach	TONE_NANG	ʈʂuəʔ↓k	ʈʂˈuʔ↓ ˈæ↗c	0	0	0	0
tra	TONE_NGANG	ʈʂaː→	ʈʂˈaː	0	0	0	0
trà	TONE_HUYEN	ʈʂaː↘	ʈʂˈaː↘	1	0	0	0
trá	TONE_SAC	ʈʂaː↗	ʈʂˈaː↗	1	0	0	0
trâ	TONE_HOI	ʈʂaː↓	tˈeˈɛʒəː↘ˌeɪsˈ↗ːkəmflˌɛks	0	0	0	0
trã	TONE_NGA	ʈʂaːʔ↗	ʈʂˈaːʔ↗	1	0	0	0
trạ	TONE_NANG	ʈʂaːʔ↓	ʈʂˈaːʔ↓	1	0	0	0
trai	TONE_NGANG	ʈʂaː→j	ʈʂˈaːj	0	0	0	0
trài	TONE_HUYEN	ʈʂaː↘j	ʈʂˈaː↘j	1	0	0	0
trái	TONE_SAC	ʈʂaː↗j	ʈʂˈaː↗j	1	0	0	0
trâi	TONE_HOI	ʈʂaː↓j	tˈeˈɛʒəː↘ ˌeɪsˈ↗ːkəmflˌɛksˈi	0	0	0	0
trãi	TONE_NGA	ʈʂaːʔ↗j	ʈʂˈaːʔ↗j	1	0	0	0
trại	TONE_NANG	ʈʂaːʔ↓j	ʈʂˈaːʔ↓j	1	0	0	0
tray	TONE_NGANG	ʈʂa→j	ʈʂˈaj	0	0	0	0
trày	TONE_HUYEN	ʈʂa↘j	ʈʂˈa↘j	1	0	0	0
tráy	TONE_SAC	ʈʂa↗j	ʈʂˈa↗j	1	0	0	0
trây	TONE_HOI	ʈʂa↓j	ʈʂˈəɪ	0	0	0	0
trãy	TONE_NGA	ʈʂaʔ↗j	ʈʂˈaʔ↗j	1	0	0	0
trạy	TONE_NANG	ʈʂaʔ↓j	ʈʂˈaʔ↓j	1	0	0	0
trao	TONE_NGANG	ʈʂaː→w	ʈʂˈaːw	0	0	0	0
trào	TONE_HUYEN	ʈʂaː↘w	ʈʂˈaː↘w	1	0	0	0
tráo	TONE_SAC	ʈʂaː↗w	ʈʂˈaː↗w	1	0	0	0
trâo	TONE_HOI	ʈʂaː↓w	tˈeˈɛʒəː↘ ˌeɪsˈ↗ːkəmflˌɛksˈɔ	0	0	0	0
trão	TONE_NGA	ʈʂaːʔ↗w	ʈʂˈaːʔ↗w	1	0	0	0
trạo	TONE_NANG	ʈʂaːʔ↓w	ʈʂˈaːʔ↓w	1	0	0	0
trau	TONE_NGANG	ʈʂa→w	ʈʂˈaw	0	0	0	0
tràu	TONE_HUYEN	ʈʂa↘w	ʈʂˈa↘w	1	0	0	0
tráu	TONE_SAC	ʈʂa↗w	ʈʂˈa↗w	1	0	0	0
trâu	TONE_HOI	ʈʂa↓w	ʈʂˈə→w	0	0	0	0
trãu	TONE_NGA	ʈʂaʔ↗w	ʈʂˈaʔ↗w	1	0	0	0
trạu	TONE_NANG	ʈʂaʔ↓w	ʈʂˈaʔ↓w	1	0	0	0
tram	TONE_NGANG	ʈʂaː→m	ʈʂˈaːm	0	0	0	0
tràm	TONE_HUYEN	ʈʂaː↘m	ʈʂˈaː↘m	1	0	0	0
trám	TONE_SAC	ʈʂaː↗m	ʈʂˈaː↗m	1	0	0	0
trâm	TONE_HOI	ʈʂaː↓m	ʈʂˈəm	0	0	0	0
trãm	TONE_NGA	ʈʂaːʔ↗m	ʈʂˈaːʔ↗m	1	0	0	0
trạm	TONE_NANG	ʈʂaːʔ↓m	ʈʂˈaːʔ↓m	1	0	0	0
tran	TONE_NGANG	ʈʂaː→n	ʈʂˈaːn	0	0	0	0
tràn	TONE_HUYEN	ʈʂaː↘n	ʈʂˈaː↘n	1	0	0	0
trán	TONE_SAC	ʈʂaː↗n	ʈʂˈaː↗n	1	0	0	0
trân	TONE_HOI	ʈʂaː↓n	ʈʂˈən	0	0	0	0
trãn	TONE_NGA	ʈʂaːʔ↗n	ʈʂˈaːʔ↗n	1	0	0	0
trạn	TONE_NANG	ʈʂaːʔ↓n	ʈʂˈaːʔ↓n	1	0	0	0
tráp	TONE_SAC	ʈʂaː↗p	ʈʂˈaː↗p	1	0	0	0
trạp	TONE_NANG	ʈʂaːʔ↓p	ʈʂˈaːʔ↓p	1	0	0	0
trát	TONE_SAC	ʈʂaː↗t	ʈʂˈaː↗t	1	0	0	0
trạt	TONE_NANG	ʈʂaːʔ↓t	ʈʂˈaːʔ↓t	1	0	0	0
trang	TONE_NGANG	ʈʂaː→ŋ	ʈʂˈaːŋ	0	0	0	0
tràng	TONE_HUYEN	ʈʂaː↘ŋ	ʈʂˈaː↘ŋ	1	0	0	0
tráng	TONE_SAC	ʈʂaː↗ŋ	ʈʂˈaː↗ŋ	1	0	0	0
trâng	TONE_HOI	ʈʂaː↓ŋ	ʈʂˈəŋ	0	0	0	0
trãng	TONE_NGA	ʈʂaːʔ↗ŋ	ʈʂˈaːʔ↗ŋ	1	0	0	0
trạng	TONE_NANG	ʈʂaːʔ↓ŋ	ʈʂˈaːʔ↓ŋ	1	0	0	0
tranh	TONE_NGANG	ʈʂaː→ɲ	ʈʂˈæɲ	0	0	0	1
trành	TONE_HUYEN	ʈʂaː↘ɲ	ʈʂˈæ↘ɲ	1	0	0	1
tránh	TONE_SAC	ʈʂaː↗ɲ	ʈʂˈæ↗ɲ	1	0	0	1
trânh	TONE_HOI	ʈʂaː↓ɲ	ʈʂˈən hˈa↗t	0	0	0	1
trãnh	TONE_NGA	ʈʂaːʔ↗ɲ	ʈʂˈæʔ↗ɲ	1	0	0	1
trạnh	TONE_NANG	ʈʂaːʔ↓ɲ	ʈʂˈæʔ↓ɲ	1	0	0	1
trác	TONE_SAC	ʈʂaː↗k	ʈʂˈaː↗c	1	0	0	0
trạc	TONE_NANG	ʈʂaːʔ↓k	ʈʂˈaːʔ↓c	1	0	0	0
trách	TONE_SAC	ʈʂa↗k	ʈʂˈæ↗c	1	0	0	0
trạch	TONE_NANG	ʈʂaʔ↓k	ʈʂˈæʔ↓c	1	0	0	0
tră	TONE_NGANG	ʈʂa→	tˈeˈɛʒəː↘ă	0	1	0	0
trằ	TONE_HUYEN	ʈʂa↘	tˈeˈɛʒəː↘ằ	1	1	0	0
trắ	TONE_SAC	ʈʂa↗	tˈeˈɛʒəː↘ắ	0	1	0	0
tră̂	TONE_HOI	ʈʂa↓	tˈeˈɛʒəː↘ă	0	1	0	0
trẵ	TONE_NGA	ʈʂaʔ↗	tˈeˈɛʒəː↘ẵ	0	1	0	0
trặ	TONE_NANG	ʈʂaʔ↓	tˈeˈɛʒəː↘ặ	0	1	0	0
trăm	TONE_NGANG	ʈʂa→m	ʈʂˈam	0	0	0	0
trằm	TONE_HUYEN	ʈʂa↘m	ʈʂˈa↘m	1	0	0	0
trắm	TONE_SAC	ʈʂa↗m	ʈʂˈa↗m	1	0	0	0
tră̂m	TONE_HOI	ʈʂa↓m	tˈeˈɛʒəː↘ă mˈəː↘	0	1	0	0
trẵm	TONE_NGA	ʈʂaʔ↗m	ʈʂˈaʔ↗m	1	0	0	0
trặm	TONE_NANG	ʈʂaʔ↓m	ʈʂˈaʔ↓m	1	0	0	0
trăn	TONE_NGANG	ʈʂa→n	ʈʂˈan	0	0	0	0
trằn	TONE_HUYEN	ʈʂa↘n	ʈʂˈa↘n	1	0	0	0
trắn	TONE_SAC	ʈʂa↗n	ʈʂˈa↗n	1	0	0	0
tră̂n	TONE_HOI	ʈʂa↓n	tˈeˈɛʒəː↘ă nˈəː↘	0	1	0	0
trẵn	TONE_NGA	ʈʂaʔ↗n	ʈʂˈaʔ↗n	1	0	0	0
trặn	TONE_NANG	ʈʂaʔ↓n	ʈʂˈaʔ↓n	1	0	0	0
trắp	TONE_SAC	ʈʂa↗p	ʈʂˈa↗p	1	0	0	0
trặp	TONE_NANG	ʈʂaʔ↓p	ʈʂˈaʔ↓p	1	0	0	0
trắt	TONE_SAC	ʈʂa↗t	ʈʂˈa↗t	1	0	0	0
trặt	TONE_NANG	ʈʂaʔ↓t	ʈʂˈaʔ↓t	1	0	0	0
trăng	TONE_NGANG	ʈʂa→ŋ	ʈʂˈaŋ	0	0	0	0
trằng	TONE_HUYEN	ʈʂa↘ŋ	ʈʂˈa↘ŋ	1	0	0	0
trắng	TONE_SAC	ʈʂa↗ŋ	ʈʂˈa↗ŋ	1	0	0	0
tră̂ng	TONE_HOI	ʈʂa↓ŋ	tˈeˈɛʒəː↘ă ˌɛndʒˈiː	0	1	0	0
trẵng	TONE_NGA	ʈʂaʔ↗ŋ	ʈʂˈaʔ↗ŋ	1	0	0	0
trặng	TONE_NANG	ʈʂaʔ↓ŋ	ʈʂˈaʔ↓ŋ	1	0	0	0
trắc	TONE_SAC	ʈʂa↗k	ʈʂˈa↗c	1	0	0	0
trặc	TONE_NANG	ʈʂaʔ↓k	ʈʂˈaʔ↓c	1	0	0	0
trắch	TONE_SAC	ʈʂa↗k	ʈʂˈa↗c hˈa↗t	0	0	0	0
trặch	TONE_NANG	ʈʂaʔ↓k	ʈʂˈaʔ↓c hˈa↗t	0	0	0	0
trâ	TONE_NGANG	ʈʂə→	tˈeˈɛʒəː↘ˌeɪsˈ↗ːkəmflˌɛks	0	0	0	0
trầ	TONE_HUYEN	ʈʂə↘	tˈeˈɛʒəː↘ầ	1	1	0	0
trấ	TONE_SAC	ʈʂə↗	tˈeˈɛʒəː↘ấ	0	1	0	0
trâ̂	TONE_HOI	ʈʂə↓	tˈeˈɛʒəː↘ˌeɪsˈ↗ːkəmflˌɛks	0	0	0	0
trẫ	TONE_NGA	ʈʂəʔ↗	tˈeˈɛʒəː↘ẫ	0	1	0	0
trậ	TONE_NANG	ʈʂəʔ↓	tˈeˈɛʒəː↘ậ	0	1	0	0
trâi	TONE_NGANG	ʈʂə→j	tˈeˈɛʒəː↘ ˌeɪsˈ↗ːkəmflˌɛksˈi	0	0	0	0
trầi	TONE_HUYEN	ʈʂə↘j	tˈeˈɛʒəː↘ ầˈi	0	1	0	0
trấi	TONE_SAC	ʈʂə↗j	tˈeˈɛʒəː↘ ấˈi	0	1	0	0
trâ̂i	TONE_HOI	ʈʂə↓j	tˈeˈɛʒəː↘ˌeɪsˈ↗ːkəmflˌɛks ˈi	0	0	0	0
trẫi	TONE_NGA	ʈʂəʔ↗j	tˈeˈɛʒəː↘ ẫˈi	0	1	0	0
trậi	TONE_NANG	ʈʂəʔ↓j	tˈeˈɛʒəː↘ ậˈi	0	1	0	0
trây	TONE_NGANG	ʈʂə→j	ʈʂˈəɪ	0	0	0	0
trầy	TONE_HUYEN	ʈʂə↘j	ʈʂˈəɪ↘	1	0	0	0
trấy	TONE_SAC	ʈʂə↗j	ʈʂˈəɪ↗	1	0	0	0
trâ̂y	TONE_HOI	ʈʂə↓j	tˈeˈɛʒəː↘ˌeɪsˈ↗ːkəmflˌɛks ˈi	0	0	0	0
trẫy	TONE_NGA	ʈʂəʔ↗j	ʈʂˈəɪʔ↗	1	0	0	0
trậy	TONE_NANG	ʈʂəʔ↓j	ʈʂˈəɪʔ↓	1	0	0	0
trâo	TONE_NGANG	ʈʂə→w	tˈeˈɛʒəː↘ ˌeɪsˈ↗ːkəmflˌɛksˈɔ	0	0	0	0
trầo	TONE_HUYEN	ʈʂə↘w	tˈeˈɛʒəː↘ ầˈɔ	1	1	0	0
trấo	TONE_SAC	ʈʂə↗w	tˈeˈɛʒəː↘ ấˈɔ	0	1	0	0
trâ̂o	TONE_HOI	ʈʂə↓w	tˈeˈɛʒəː↘ˌeɪsˈ↗ːkəmflˌɛks ˈo	0	0	0	0
trẫo	TONE_NGA	ʈʂəʔ↗w	tˈeˈɛʒəː↘ ẫˈɔ	0	1	0	0
trậo	TONE_NANG	ʈʂəʔ↓w	tˈeˈɛʒəː↘ ậˈɔ	0	1	0	0
trâu	TONE_NGANG	ʈʂə→w	ʈʂˈə→w	1	0	0	0
trầu	TONE_HUYEN	ʈʂə↘w	ʈʂˈə↘w	1	0	0	0
trấu	TONE_SAC	ʈʂə↗w	ʈʂˈə↗w	1	0	0	0
trâ̂u	TONE_HOI	ʈʂə↓w	tˈeˈɛʒəː↘ˌeɪsˈ↗ːkəmflˌɛks ˈu	0	0	0	0
trẫu	TONE_NGA	ʈʂəʔ↗w	ʈʂˈəʔ↗w	1	0	0	0
trậu	TONE_NANG	ʈʂəʔ↓w	ʈʂˈəʔ↓w	1	0	0	0
trâm	TONE_NGANG	ʈʂə→m	ʈʂˈəm	0	0	0	0
trầm	TONE_HUYEN	ʈʂə↘m	ʈʂˈə↘m	1	0	0	0
trấm	TONE_SAC	ʈʂə↗m	ʈʂˈə↗m	1	0	0	0
trâ̂m	TONE_HOI	ʈʂə↓m	tˈeˈɛʒəː↘ˌeɪsˈ↗ːkəmflˌɛks mˈəː↘	0	0	0	0
trẫm	TONE_NGA	ʈʂəʔ↗m	ʈʂˈəʔ↗m	1	0	0	0
trậm	TONE_NANG	ʈʂəʔ↓m	ʈʂˈəʔ↓m	1	0	0	0
trân	TONE_NGANG	ʈʂə→n	ʈʂˈən	0	0	0	0
trần	TONE_HUYEN	ʈʂə↘n	ʈʂˈə↘n	1	0	0	0
trấn	TONE_SAC	ʈʂə↗n	ʈʂˈə↗n	1	0	0	0
trâ̂n	TONE_HOI	ʈʂə↓n	tˈeˈɛʒəː↘ˌeɪsˈ↗ːkəmflˌɛks nˈəː↘	0	0	0	0
trẫn	TONE_NGA	ʈʂəʔ↗n	ʈʂˈəʔ↗n	1	0	0	0
trận	TONE_NANG	ʈʂəʔ↓n	ʈʂˈəʔ↓n	1	0	0	0
trấp	TONE_SAC	ʈʂə↗p	ʈʂˈə↗p	1	0	0	0
trập	TONE_NANG	ʈʂəʔ↓p	ʈʂˈəʔ↓p	1	0	0	0
trất	TONE_SAC	ʈʂə↗t	ʈʂˈə↗t	1	0	0	0
trật	TONE_NANG	ʈʂəʔ↓t	ʈʂˈəʔ↓t	1	0	0	0
trâng	TONE_NGANG	ʈʂə→ŋ	ʈʂˈəŋ	0	0	0	0
trầng	TONE_HUYEN	ʈʂə↘ŋ	ʈʂˈə↘ŋ	1	0	0	0
trấng	TONE_SAC	ʈʂə↗ŋ	ʈʂˈə↗ŋ	1	0	0	0
trâ̂ng	TONE_HOI	ʈʂə↓ŋ	tˈeˈɛʒəː↘ˌeɪsˈ↗ːkəmflˌɛks ˌɛndʒˈiː	0	0	0	0
trẫng	TONE_NGA	ʈʂəʔ↗ŋ	ʈʂˈəʔ↗ŋ	1	0	0	0
trậng	TONE_NANG	ʈʂəʔ↓ŋ	ʈʂˈəʔ↓ŋ	1	0	0	0
trấc	TONE_SAC	ʈʂə↗k	ʈʂˈə↗c	1	0	0	0
trậc	TONE_NANG	ʈʂəʔ↓k	ʈʂˈəʔ↓c	1	0	0	0
trấch	TONE_SAC	ʈʂə↗k	ʈʂˈə↗c hˈa↗t	0	0	0	0
trậch	TONE_NANG	ʈʂəʔ↓k	ʈʂˈəʔ↓c hˈa↗t	0	0	0	0
tre	TONE_NGANG	ʈʂɛ→	ʈʂˈɛ	0	0	0	0
trè	TONE_HUYEN	ʈʂɛ↘	ʈʂˈɛ↘	1	0	0	0
tré	TONE_SAC	ʈʂɛ↗	ʈʂˈɛ↗	1	0	0	0
trê	TONE_HOI	ʈʂɛ↓	ʈʂˈe	0	0	0	0
trẽ	TONE_NGA	ʈʂɛʔ↗	ʈʂˈɛʔ↗	1	0	0	0
trẹ	TONE_NANG	ʈʂɛʔ↓	ʈʂˈɛʔ↓	1	0	0	0
treo	TONE_NGANG	ʈʂɛ→w	ʈʂˈɛw	0	0	0	0
trèo	TONE_HUYEN	ʈʂɛ↘w	ʈʂˈɛ↘w	1	0	0	0
tréo	TONE_SAC	ʈʂɛ↗w	ʈʂˈɛ↗w	1	0	0	0
trêo	TONE_HOI	ʈʂɛ↓w	ʈʂˈe ˈɔ	0	0	0	0
trẽo	TONE_NGA	ʈʂɛʔ↗w	ʈʂˈɛʔ↗w	1	0	0	0
trẹo	TONE_NANG	ʈʂɛʔ↓w	ʈʂˈɛʔ↓w	1	0	0	0
treu	TONE_NGANG	ʈʂɛ→w	ʈʂˈe→w	1	0	0	0
trèu	TONE_HUYEN	ʈʂɛ↘w	ʈʂˈɛ↘ ˈu	0	0	0	0
tréu	TONE_SAC	ʈʂɛ↗w	ʈʂˈɛ↗ ˈu	0	0	0	0
trêu	TONE_HOI	ʈʂɛ↓w	ʈʂˈe→w	0	0	0	0
trẽu	TONE_NGA	ʈʂɛʔ↗w	ʈʂˈɛʔ↗ ˈu	0	0	0	0
trẹu	TONE_NANG	ʈʂɛʔ↓w	ʈʂˈɛʔ↓ ˈu	0	0	0	0
trem	TONE_NGANG	ʈʂɛ→m	ʈʂˈɛm	0	0	0	0
trèm	TONE_HUYEN	ʈʂɛ↘m	ʈʂˈɛ↘m	1	0	0	0
trém	TONE_SAC	ʈʂɛ↗m	ʈʂˈɛ↗m	1	0	0	0
trêm	TONE_HOI	ʈʂɛ↓m	ʈʂˈem	0	0	0	0
trẽm	TONE_NGA	ʈʂɛʔ↗m	ʈʂˈɛʔ↗m	1	0	0	0
trẹm	TONE_NANG	ʈʂɛʔ↓m	ʈʂˈɛʔ↓m	1	0	0	0
tren	TONE_NGANG	ʈʂɛ→n	ʈʂˈɛn	0	0	0	0
trèn	TONE_HUYEN	ʈʂɛ↘n	ʈʂˈɛ↘n	1	0	0	0
trén	TONE_SAC	ʈʂɛ↗n	ʈʂˈɛ↗n	1	0	0	0
trên	TONE_HOI	ʈʂɛ↓n	ʈʂˈen	0	0	0	0
trẽn	TONE_NGA	ʈʂɛʔ↗n	ʈʂˈɛʔ↗n	1	0	0	0
trẹn	TONE_NANG	ʈʂɛʔ↓n	ʈʂˈɛʔ↓n	1	0	0	0
trép	TONE_SAC	ʈʂɛ↗p	ʈʂˈɛ↗p	1	0	0	0
trẹp	TONE_NANG	ʈʂɛʔ↓p	ʈʂˈɛʔ↓p	1	0	0	0
trét	TONE_SAC	ʈʂɛ↗t	ʈʂˈɛ↗t	1	0	0	0
trẹt	TONE_NANG	ʈʂɛʔ↓t	ʈʂˈɛʔ↓t	1	0	0	0
treng	TONE_NGANG	ʈʂɛ→ŋ	ʈʂˈɛŋ	0	0	0	0
trèng	TONE_HUYEN	ʈʂɛ↘ŋ	ʈʂˈɛ↘ŋ	1	0	0	0
tréng	TONE_SAC	ʈʂɛ↗ŋ	ʈʂˈɛ↗ŋ	1	0	0	0
trêng	TONE_HOI	ʈʂɛ↓ŋ	ʈʂˈen ðˈe→	0	0	0	0
trẽng	TONE_NGA	ʈʂɛʔ↗ŋ	ʈʂˈɛʔ↗ŋ	1	0	0	0
trẹng	TONE_NANG	ʈʂɛʔ↓ŋ	ʈʂˈɛʔ↓ŋ	1	0	0	0
tréc	TONE_SAC	ʈʂɛ↗k	ʈʂˈɛ↗c	1	0	0	0
trẹc	TONE_NANG	ʈʂɛʔ↓k	ʈʂˈɛʔ↓c	1	0	0	0
tréch	TONE_SAC	ʈʂɛ↗k	ʈʂˈɛ↗c hˈa↗t	0	0	0	0
trẹch	TONE_NANG	ʈʂɛʔ↓k	ʈʂˈɛʔ↓c hˈa↗t	0	0	0	0
trê	TONE_NGANG	ʈʂe→	ʈʂˈe	0	0	0	0
trề	TONE_HUYEN	ʈʂe↘	ʈʂˈe↘	1	0	0	0
trế	TONE_SAC	ʈʂe↗	ʈʂˈe↗	1	0	0	0
trê̂	TONE_HOI	ʈʂe↓	ʈʂˈe	0	0	0	0
trễ	TONE_NGA	ʈʂeʔ↗	ʈʂˈeʔ↗	1	0	0	0
trệ	TONE_NANG	ʈʂeʔ↓	ʈʂˈeʔ↓	1	0	0	0
trêo	TONE_NGANG	ʈʂe→w	ʈʂˈe ˈɔ	0	0	0	0
trềo	TONE_HUYEN	ʈʂe↘w	ʈʂˈe↘ ˈɔ	1	0	0	0
trếo	TONE_SAC	ʈʂe↗w	ʈʂˈe↗ ˈɔ	1	0	0	0
trê̂o	TONE_HOI	ʈʂe↓w	ʈʂˈe ˈo	0	0	0	0
trễo	TONE_NGA	ʈʂeʔ↗w	ʈʂˈeʔ↗ ˈɔ	1	0	0	0
trệo	TONE_NANG	ʈʂeʔ↓w	ʈʂˈeʔ↓ ˈɔ	1	0	0	0
trêu	TONE_NGANG	ʈʂe→w	ʈʂˈe→w	1	0	0	0
trều	TONE_HUYEN	ʈʂe↘w	ʈʂˈe↘w	1	0	0	0
trếu	TONE_SAC	ʈʂe↗w	ʈʂˈe↗w	1	0	0	0
trê̂u	TONE_HOI	ʈʂe↓w	ʈʂˈe ˈu	0	0	0	0
trễu	TONE_NGA	ʈʂeʔ↗w	ʈʂˈeʔ↗w	1	0	0	0
trệu	TONE_NANG	ʈʂeʔ↓w	ʈʂˈeʔ↓w	1	0	0	0
trêm	TONE_NGANG	ʈʂe→m	ʈʂˈem	0	0	0	0
trềm	TONE_HUYEN	ʈʂe↘m	ʈʂˈe↘m	1	0	0	0
trếm	TONE_SAC	ʈʂe↗m	ʈʂˈe↗m	1	0	0	0
trê̂m	TONE_HOI	ʈʂe↓m	ʈʂˈe mˈəː↘	0	0	0	0
trễm	TONE_NGA	ʈʂeʔ↗m	ʈʂˈeʔ↗m	1	0	0	0
trệm	TONE_NANG	ʈʂeʔ↓m	ʈʂˈeʔ↓m	1	0	0	0
trên	TONE_NGANG	ʈʂe→n	ʈʂˈen	0	0	0	0
trền	TONE_HUYEN	ʈʂe↘n	ʈʂˈe↘n	1	0	0	0
trến	TONE_SAC	ʈʂe↗n	ʈʂˈe↗n	1	0	0	0
trê̂n	TONE_HOI	ʈʂe↓n	ʈʂˈe nˈəː↘	0	0	0	0
trễn	TONE_NGA	ʈʂeʔ↗n	ʈʂˈeʔ↗n	1	0	0	0
trện	TONE_NANG	ʈʂeʔ↓n	ʈʂˈeʔ↓n	1	0	0	0
trếp	TONE_SAC	ʈʂe↗p	ʈʂˈe↗p	1	0	0	0
trệp	TONE_NANG	ʈʂeʔ↓p	ʈʂˈeʔ↓p	1	0	0	0
trết	TONE_SAC	ʈʂe↗t	ʈʂˈe↗t	1	0	0	0
trệt	TONE_NANG	ʈʂeʔ↓t	ʈʂˈeʔ↓t	1	0	0	0
trênh	TONE_NGANG	ʈʂe→ɲ	ʈʂˈeɲ	0	0	0	0
trềnh	TONE_HUYEN	ʈʂe↘ɲ	ʈʂˈe↘ɲ	1	0	0	0
trếnh	TONE_SAC	ʈʂe↗ɲ	ʈʂˈe↗ɲ	1	0	0	0
trê̂nh	TONE_HOI	ʈʂe↓ɲ	ʈʂˈe ˌɛnˈeɪʧ	0	0	0	0
trễnh	TONE_NGA	ʈʂeʔ↗ɲ	ʈʂˈeʔ↗ɲ	1	0	0	0
trệnh	TONE_NANG	ʈʂeʔ↓ɲ	ʈʂˈeʔ↓ɲ	1	0	0	0
trếc	TONE_SAC	ʈʂe↗k	ʈʂˈe↗ sˈe	0	0	0	0
trệc	TONE_NANG	ʈʂeʔ↓k	ʈʂˈeʔ↓ sˈe	0	0	0	0
trếch	TONE_SAC	ʈʂe↗k	ʈʂˈe↗c	1	0	0	0
trệch	TONE_NANG	ʈʂeʔ↓k	ʈʂˈeʔ↓c	1	0	0	0
tri	TONE_NGANG	ʈʂi→	ʈʂˈi	0	0	0	0
trì	TONE_HUYEN	ʈʂi↘	ʈʂˈi↘	1	0	0	0
trí	TONE_SAC	ʈʂi↗	ʈʂˈi↗	1	0	0	0
trî	TONE_HOI	ʈʂi↓	ʈʂˈi	0	0	0	0
trĩ	TONE_NGA	ʈʂiʔ↗	ʈʂˈiʔ↗	1	0	0	0
trị	TONE_NANG	ʈʂiʔ↓	ʈʂˈiʔ↓	1	0	0	0
trio	TONE_NGANG	ʈʂi→w	tɹˈiːoʊ	0	0	0	0
trìo	TONE_HUYEN	ʈʂi↘w	ʈʂˈi↘ ˈɔ	1	0	0	0
trío	TONE_SAC	ʈʂi↗w	tˈe ɹˈiːoʊ	0	0	0	0
trîo	TONE_HOI	ʈʂi↓w	tɹˈiːoʊ	0	0	0	0
trĩo	TONE_NGA	ʈʂiʔ↗w	ʈʂˈiʔ↗ ˈɔ	1	0	0	0
trịo	TONE_NANG	ʈʂiʔ↓w	ʈʂˈiʔ↓ ˈɔ	1	0	0	0
triu	TONE_NGANG	ʈʂi→w	ʈʂˈiw	0	0	0	0
trìu	TONE_HUYEN	ʈʂi↘w	ʈʂˈi↘w	1	0	0	0
tríu	TONE_SAC	ʈʂi↗w	ʈʂˈi↗w	1	0	0	0
trîu	TONE_HOI	ʈʂi↓w	ʈʂˈiw	0	0	0	0
trĩu	TONE_NGA	ʈʂiʔ↗w	ʈʂˈiʔ↗w	1	0	0	0
trịu	TONE_NANG	ʈʂiʔ↓w	ʈʂˈiʔ↓w	1	0	0	0
trim	TONE_NGANG	ʈʂi→m	tɹˈɪm	0	0	0	0
trìm	TONE_HUYEN	ʈʂi↘m	ʈʂˈi↘m	1	0	0	0
trím	TONE_SAC	ʈʂi↗m	ʈʂˈi↗m	1	0	0	0
trîm	TONE_HOI	ʈʂi↓m	tɹˈɪm	0	0	0	0
trĩm	TONE_NGA	ʈʂiʔ↗m	ʈʂˈiʔ↗m	1	0	0	0
trịm	TONE_NANG	ʈʂiʔ↓m	ʈʂˈiʔ↓m	1	0	0	0
trin	TONE_NGANG	ʈʂi→n	ʈʂˈin	0	0	0	0
trìn	TONE_HUYEN	ʈʂi↘n	ʈʂˈi↘n	1	0	0	0
trín	TONE_SAC	ʈʂi↗n	ʈʂˈi↗n	1	0	0	0
trîn	TONE_HOI	ʈʂi↓n	ʈʂˈin	0	0	0	0
trĩn	TONE_NGA	ʈʂiʔ↗n	ʈʂˈiʔ↗n	1	0	0	0
trịn	TONE_NANG	ʈʂiʔ↓n	ʈʂˈiʔ↓n	1	0	0	0
tríp	TONE_SAC	ʈʂi↗p	ʈʂˈi↗p	1	0	0	0
trịp	TONE_NANG	ʈʂiʔ↓p	ʈʂˈiʔ↓p	1	0	0	0
trít	TONE_SAC	ʈʂi↗t	ʈʂˈi↗t	1	0	0	0
trịt	TONE_NANG	ʈʂiʔ↓t	ʈʂˈiʔ↓t	1	0	0	0
trinh	TONE_NGANG	ʈʂi→ɲ	ʈʂˈiɲ	0	0	0	1
trình	TONE_HUYEN	ʈʂi↘ɲ	ʈʂˈi↘ɲ	1	0	0	1
trính	TONE_SAC	ʈʂi↗ɲ	ʈʂˈi↗ɲ	1	0	0	1
trînh	TONE_HOI	ʈʂi↓ɲ	ʈʂˈiɲ	0	0	0	1
trĩnh	TONE_NGA	ʈʂiʔ↗ɲ	ʈʂˈiʔ↗ɲ	1	0	0	1
trịnh	TONE_NANG	ʈʂiʔ↓ɲ	ʈʂˈiʔ↓ɲ	1	0	0	1
tríc	TONE_SAC	ʈʂi↗k	ʈʂˈi↗ sˈe	0	0	0	0
trịc	TONE_NANG	ʈʂiʔ↓k	ʈʂˈiʔ↓ sˈe	0	0	0	0
trích	TONE_SAC	ʈʂi↗k	ʈʂˈi↗c	1	0	0	0
trịch	TONE_NANG	ʈʂiʔ↓k	ʈʂˈiʔ↓c	1	0	0	0
try	TONE_NGANG	ʈʂi→	tɹˈaɪ	0	0	0	0
trỳ	TONE_HUYEN	ʈʂi↘	ʈʂˈi↘	1	0	0	0
trý	TONE_SAC	ʈʂi↗	ʈʂˈi↗	1	0	0	0
trŷ	TONE_HOI	ʈʂi↓	tɹˈaɪ	0	0	0	0
trỹ	TONE_NGA	ʈʂiʔ↗	ʈʂˈiʔ↗	1	0	0	0
trỵ	TONE_NANG	ʈʂiʔ↓	ʈʂˈiʔ↓	1	0	0	0
tryo	TONE_NGANG	ʈʂi→w	tɹˈaɪ ˈoʊ	0	0	0	0
trỳo	TONE_HUYEN	ʈʂi↘w	ʈʂˈi↘ ˈɔ	1	0	0	0
trýo	TONE_SAC	ʈʂi↗w	ʈʂˈi↗ ˈɔ	1	0	0	0
trŷo	TONE_HOI	ʈʂi↓w	tɹˈaɪ ˈoʊ	0	0	0	0
trỹo	TONE_NGA	ʈʂiʔ↗w	ʈʂˈiʔ↗ ˈɔ	1	0	0	0
trỵo	TONE_NANG	ʈʂiʔ↓w	ʈʂˈiʔ↓ ˈɔ	1	0	0	0
tryu	TONE_NGANG	ʈʂi→w	tɹˈaɪ jˈuː	0	0	0	0
trỳu	TONE_HUYEN	ʈʂi↘w	ʈʂˈi↘ ˈu	0	0	0	0
trýu	TONE_SAC	ʈʂi↗w	ʈʂˈi↗ ˈu	0	0	0	0
trŷu	TONE_HOI	ʈʂi↓w	tɹˈaɪ jˈuː	0	0	0	0
trỹu	TONE_NGA	ʈʂiʔ↗w	ʈʂˈiʔ↗ ˈu	0	0	0	0
trỵu	TONE_NANG	ʈʂiʔ↓w	ʈʂˈiʔ↓ ˈu	0	0	0	0
trym	TONE_NGANG	ʈʂi→m	tɹˈaɪ ˈɛm	0	0	0	0
trỳm	TONE_HUYEN	ʈʂi↘m	ʈʂˈi↘ ˈməː↘	0	0	0	0
trým	TONE_SAC	ʈʂi↗m	ʈʂˈi↗ ˈməː↘	0	0	0	0
trŷm	TONE_HOI	ʈʂi↓m	tɹˈaɪ ˈɛm	0	0	0	0
trỹm	TONE_NGA	ʈʂiʔ↗m	ʈʂˈiʔ↗ ˈməː↘	0	0	0	0
trỵm	TONE_NANG	ʈʂiʔ↓m	ʈʂˈiʔ↓ ˈməː↘	0	0	0	0
tryn	TONE_NGANG	ʈʂi→n	tɹˈaɪ ˈɛn	0	0	0	0
trỳn	TONE_HUYEN	ʈʂi↘n	ʈʂˈi↘ ˈɛnəː↘	0	0	0	0
trýn	TONE_SAC	ʈʂi↗n	ʈʂˈi↗ ˈɛnəː↘	0	0	0	0
trŷn	TONE_HOI	ʈʂi↓n	tɹˈaɪ ˈɛn	0	0	0	0
trỹn	TONE_NGA	ʈʂiʔ↗n	ʈʂˈiʔ↗ ˈɛnəː↘	0	0	0	0
trỵn	TONE_NANG	ʈʂiʔ↓n	ʈʂˈiʔ↓ ˈɛnəː↘	0	0	0	0
trýp	TONE_SAC	ʈʂi↗p	ʈʂˈi↗ pˈe	0	0	0	0
trỵp	TONE_NANG	ʈʂiʔ↓p	ʈʂˈiʔ↓ pˈe	0	0	0	0
trýt	TONE_SAC	ʈʂi↗t	ʈʂˈi↗ tˈe	0	0	0	0
trỵt	TONE_NANG	ʈʂiʔ↓t	ʈʂˈiʔ↓ tˈe	0	0	0	0
trynh	TONE_NGANG	ʈʂi→ɲ	tɹˈaɪ ˈɛnˈeɪʈʂ	0	0	0	0
trỳnh	TONE_HUYEN	ʈʂi↘ɲ	ʈʂˈi↘ ˈɛnəː↘hˈa↗t	0	0	0	0
trýnh	TONE_SAC	ʈʂi↗ɲ	ʈʂˈi↗ ˈɛnəː↘hˈa↗t	0	0	0	0
trŷnh	TONE_HOI	ʈʂi↓ɲ	tɹˈaɪ ˈɛnˈeɪʈʂ	0	0	0	0
trỹnh	TONE_NGA	ʈʂiʔ↗ɲ	ʈʂˈiʔ↗ ˈɛnəː↘hˈa↗t	0	0	0	0
trỵnh	TONE_NANG	ʈʂiʔ↓ɲ	ʈʂˈiʔ↓ ˈɛnəː↘hˈa↗t	0	0	0	0
trýc	TONE_SAC	ʈʂi↗k	ʈʂˈi↗ sˈe	0	0	0	0
trỵc	TONE_NANG	ʈʂiʔ↓k	ʈʂˈiʔ↓ sˈe	0	0	0	0
trých	TONE_SAC	ʈʂi↗k	ʈʂˈi↗ sˈehˈa↗t	0	0	0	0
trỵch	TONE_NANG	ʈʂiʔ↓k	ʈʂˈiʔ↓ sˈehˈa↗t	0	0	0	0
tro	TONE_NGANG	ʈʂɔ→	ʈʂˈɔ	0	0	0	0
trò	TONE_HUYEN	ʈʂɔ↘	ʈʂˈɔ↘	1	0	0	0
tró	TONE_SAC	ʈʂɔ↗	ʈʂˈɔ↗	1	0	0	0
trô	TONE_HOI	ʈʂɔ↓	ʈʂˈo	0	0	0	0
trõ	TONE_NGA	ʈʂɔʔ↗	ʈʂˈɔʔ↗	1	0	0	0
trọ	TONE_NANG	ʈʂɔʔ↓	ʈʂˈɔʔ↓	1	0	0	0
troi	TONE_NGANG	ʈʂɔ→j	ʈʂˈɔj	0	0	0	0
tròi	TONE_HUYEN	ʈʂɔ↘j	ʈʂˈɔ↘j	1	0	0	0
trói	TONE_SAC	ʈʂɔ↗j	ʈʂˈɔ↗j	1	0	0	0
trôi	TONE_HOI	ʈʂɔ↓j	ʈʂˈoj	0	0	0	0
trõi	TONE_NGA	ʈʂɔʔ↗j	ʈʂˈɔʔ↗j	1	0	0	0
trọi	TONE_NANG	ʈʂɔʔ↓j	ʈʂˈɔʔ↓j	1	0	0	0
troy	TONE_NGANG	ʈʂɔ→j	tɹˈɔɪ	0	0	0	0
tròy	TONE_HUYEN	ʈʂɔ↘j	ʈʂˈɔ↘ ˈi	0	0	0	0
tróy	TONE_SAC	ʈʂɔ↗j	ʈʂˈɔ↗ ˈi	0	0	0	0
trôy	TONE_HOI	ʈʂɔ↓j	ʈʂˈo ˈi	0	0	0	0
trõy	TONE_NGA	ʈʂɔʔ↗j	ʈʂˈɔʔ↗ ˈi	0	0	0	0
trọy	TONE_NANG	ʈʂɔʔ↓j	ʈʂˈɔʔ↓ ˈi	0	0	0	0
trom	TONE_NGANG	ʈʂɔ→m	ʈʂˈɔm	0	0	0	0
tròm	TONE_HUYEN	ʈʂɔ↘m	ʈʂˈɔ↘m	1	0	0	0
tróm	TONE_SAC	ʈʂɔ↗m	ʈʂˈɔ↗m	1	0	0	0
trôm	TONE_HOI	ʈʂɔ↓m	ʈʂˈom	0	0	0	0
trõm	TONE_NGA	ʈʂɔʔ↗m	ʈʂˈɔʔ↗m	1	0	0	0
trọm	TONE_NANG	ʈʂɔʔ↓m	ʈʂˈɔʔ↓m	1	0	0	0
tron	TONE_NGANG	ʈʂɔ→n	ʈʂˈɔn	0	0	0	0
tròn	TONE_HUYEN	ʈʂɔ↘n	ʈʂˈɔ↘n	1	0	0	0
trón	TONE_SAC	ʈʂɔ↗n	ʈʂˈɔ↗n	1	0	0	0
trôn	TONE_HOI	ʈʂɔ↓n	ʈʂˈon	0	0	0	0
trõn	TONE_NGA	ʈʂɔʔ↗n	ʈʂˈɔʔ↗n	1	0	0	0
trọn	TONE_NANG	ʈʂɔʔ↓n	ʈʂˈɔʔ↓n	1	0	0	0
tróp	TONE_SAC	ʈʂɔ↗p	ʈʂˈɔ↗p	1	0	0	0
trọp	TONE_NANG	ʈʂɔʔ↓p	ʈʂˈɔʔ↓p	1	0	0	0
trót	TONE_SAC	ʈʂɔ↗t	ʈʂˈɔ↗t	1	0	0	0
trọt	TONE_NANG	ʈʂɔʔ↓t	ʈʂˈɔʔ↓t	1	0	0	0
trong	TONE_NGANG	ʈʂɔ→ŋ	ʈʂˈɔŋ	0	0	0	0
tròng	TONE_HUYEN	ʈʂɔ↘ŋ	ʈʂˈɔ↘ŋ	1	0	0	0
tróng	TONE_SAC	ʈʂɔ↗ŋ	ʈʂˈɔ↗ŋ	1	0	0	0
trông	TONE_HOI	ʈʂɔ↓ŋ	ʈʂˈoŋ	0	0	0	0
trõng	TONE_NGA	ʈʂɔʔ↗ŋ	ʈʂˈɔʔ↗ŋ	1	0	0	0
trọng	TONE_NANG	ʈʂɔʔ↓ŋ	ʈʂˈɔʔ↓ŋ	1	0	0	0
tróc	TONE_SAC	ʈʂɔ↗k	ʈʂˈɔ↗k	1	0	0	0
trọc	TONE_NANG	ʈʂɔʔ↓k	ʈʂˈɔʔ↓k	1	0	0	0
tróch	TONE_SAC	ʈʂɔ↗k	ʈʂˈɔ↗k hˈa↗t	0	0	0	0
trọch	TONE_NANG	ʈʂɔʔ↓k	ʈʂˈɔʔ↓k hˈa↗t	0	0	0	0
trô	TONE_NGANG	ʈʂo→	ʈʂˈo	0	0	0	0
trồ	TONE_HUYEN	ʈʂo↘	ʈʂˈo↘	1	0	0	0
trố	TONE_SAC	ʈʂo↗	ʈʂˈo↗	1	0	0	0
trô̂	TONE_HOI	ʈʂo↓	ʈʂˈo	0	0	0	0
trỗ	TONE_NGA	ʈʂoʔ↗	ʈʂˈoʔ↗	1	0	0	0
trộ	TONE_NANG	ʈʂoʔ↓	ʈʂˈoʔ↓	1	0	0	0
trôi	TONE_NGANG	ʈʂo→j	ʈʂˈoj	0	0	0	0
trồi	TONE_HUYEN	ʈʂo↘j	ʈʂˈo↘j	1	0	0	0
trối	TONE_SAC	ʈʂo↗j	ʈʂˈo↗j	1	0	0	0
trô̂i	TONE_HOI	ʈʂo↓j	ʈʂˈo ˈi	0	0	0	0
trỗi	TONE_NGA	ʈʂoʔ↗j	ʈʂˈoʔ↗j	1	0	0	0
trội	TONE_NANG	ʈʂoʔ↓j	ʈʂˈoʔ↓j	1	0	0	0
trôy	TONE_NGANG	ʈʂo→j	ʈʂˈo ˈi	0	0	0	0
trồy	TONE_HUYEN	ʈʂo↘j	ʈʂˈo↘ ˈi	0	0	0	0
trốy	TONE_SAC	ʈʂo↗j	ʈʂˈo↗ ˈi	0	0	0	0
trô̂y	TONE_HOI	ʈʂo↓j	ʈʂˈo ˈi	0	0	0	0
trỗy	TONE_NGA	ʈʂoʔ↗j	ʈʂˈoʔ↗ ˈi	0	0	0	0
trộy	TONE_NANG	ʈʂoʔ↓j	ʈʂˈoʔ↓ ˈi	0	0	0	0
trôm	TONE_NGANG	ʈʂo→m	ʈʂˈom	0	0	0	0
trồm	TONE_HUYEN	ʈʂo↘m	ʈʂˈo↘m	1	0	0	0
trốm	TONE_SAC	ʈʂo↗m	ʈʂˈo↗m	1	0	0	0
trô̂m	TONE_HOI	ʈʂo↓m	ʈʂˈo mˈəː↘	0	0	0	0
trỗm	TONE_NGA	ʈʂoʔ↗m	ʈʂˈoʔ↗m	1	0	0	0
trộm	TONE_NANG	ʈʂoʔ↓m	ʈʂˈoʔ↓m	1	0	0	0
trôn	TONE_NGANG	ʈʂo→n	ʈʂˈon	0	0	0	0
trồn	TONE_HUYEN	ʈʂo↘n	ʈʂˈo↘n	1	0	0	0
trốn	TONE_SAC	ʈʂo↗n	ʈʂˈo↗n	1	0	0	0
trô̂n	TONE_HOI	ʈʂo↓n	ʈʂˈo nˈəː↘	0	0	0	0
trỗn	TONE_NGA	ʈʂoʔ↗n	ʈʂˈoʔ↗n	1	0	0	0
trộn	TONE_NANG	ʈʂoʔ↓n	ʈʂˈoʔ↓n	1	0	0	0
trốp	TONE_SAC	ʈʂo↗p	ʈʂˈo↗p	1	0	0	0
trộp	TONE_NANG	ʈʂoʔ↓p	ʈʂˈoʔ↓p	1	0	0	0
trốt	TONE_SAC	ʈʂo↗t	ʈʂˈo↗t	1	0	0	0
trột	TONE_NANG	ʈʂoʔ↓t	ʈʂˈoʔ↓t	1	0	0	0
trông	TONE_NGANG	ʈʂo→ŋ	ʈʂˈoŋ	0	0	0	0
trồng	TONE_HUYEN	ʈʂo↘ŋ	ʈʂˈo↘ŋ	1	0	0	0
trống	TONE_SAC	ʈʂo↗ŋ	ʈʂˈo↗ŋ	1	0	0	0
trô̂ng	TONE_HOI	ʈʂo↓ŋ	ʈʂˈo ˌɛndʒˈiː	0	0	0	0
trỗng	TONE_NGA	ʈʂoʔ↗ŋ	ʈʂˈoʔ↗ŋ	1	0	0	0
trộng	TONE_NANG	ʈʂoʔ↓ŋ	ʈʂˈoʔ↓ŋ	1	0	0	0
trốc	TONE_SAC	ʈʂo↗k	ʈʂˈo↗k	1	0	0	0
trộc	TONE_NANG	ʈʂoʔ↓k	ʈʂˈoʔ↓k	1	0	0	0
trốch	TONE_SAC	ʈʂo↗k	ʈʂˈo↗k hˈa↗t	0	0	0	0
trộch	TONE_NANG	ʈʂoʔ↓k	ʈʂˈoʔ↓k hˈa↗t	0	0	0	0
trơ	TONE_NGANG	ʈʂəː→	ʈʂˈəː	0	0	0	0
trờ	TONE_HUYEN	ʈʂəː↘	ʈʂˈəː↘	1	0	0	0
trớ	TONE_SAC	ʈʂəː↗	ʈʂˈəː↗	1	0	0	0
trơ̂	TONE_HOI	ʈʂəː↓	ʈʂˈəː	0	0	0	0
trỡ	TONE_NGA	ʈʂəːʔ↗	ʈʂˈəːʔ↗	1	0	0	0
trợ	TONE_NANG	ʈʂəːʔ↓	ʈʂˈəːʔ↓	1	0	0	0
trơi	TONE_NGANG	ʈʂəː→j	ʈʂˈəːj	0	0	0	0
trời	TONE_HUYEN	ʈʂəː↘j	ʈʂˈəː↘j	1	0	0	0
trới	TONE_SAC	ʈʂəː↗j	ʈʂˈəː↗j	1	0	0	0
trơ̂i	TONE_HOI	ʈʂəː↓j	ʈʂˈəː ˈi	0	0	0	0
trỡi	TONE_NGA	ʈʂəːʔ↗j	ʈʂˈəːʔ↗j	1	0	0	0
trợi	TONE_NANG	ʈʂəːʔ↓j	ʈʂˈəːʔ↓j	1	0	0	0
trơy	TONE_NGANG	ʈʂəː→j	ʈʂˈəː ˈi	0	0	0	0
trờy	TONE_HUYEN	ʈʂəː↘j	ʈʂˈəː↘ ˈi	0	0	0	0
trớy	TONE_SAC	ʈʂəː↗j	ʈʂˈəː↗ ˈi	0	0	0	0
trơ̂y	TONE_HOI	ʈʂəː↓j	ʈʂˈəː ˈi	0	0	0	0
trỡy	TONE_NGA	ʈʂəːʔ↗j	ʈʂˈəːʔ↗ ˈi	0	0	0	0
trợy	TONE_NANG	ʈʂəːʔ↓j	ʈʂˈəːʔ↓ ˈi	0	0	0	0
trơm	TONE_NGANG	ʈʂəː→m	ʈʂˈəːm	0	0	0	0
trờm	TONE_HUYEN	ʈʂəː↘m	ʈʂˈəː↘m	1	0	0	0
trớm	TONE_SAC	ʈʂəː↗m	ʈʂˈəː↗m	1	0	0	0
trơ̂m	TONE_HOI	ʈʂəː↓m	ʈʂˈəː mˈəː↘	0	0	0	0
trỡm	TONE_NGA	ʈʂəːʔ↗m	ʈʂˈəːʔ↗m	1	0	0	0
trợm	TONE_NANG	ʈʂəːʔ↓m	ʈʂˈəːʔ↓m	1	0	0	0
trơn	TONE_NGANG	ʈʂəː→n	ʈʂˈəːn	0	0	0	0
trờn	TONE_HUYEN	ʈʂəː↘n	ʈʂˈəː↘n	1	0	0	0
trớn	TONE_SAC	ʈʂəː↗n	ʈʂˈəː↗n	1	0	0	0
trơ̂n	TONE_HOI	ʈʂəː↓n	ʈʂˈəː nˈəː↘	0	0	0	0
trỡn	TONE_NGA	ʈʂəːʔ↗n	ʈʂˈəːʔ↗n	1	0	0	0
trợn	TONE_NANG	ʈʂəːʔ↓n	ʈʂˈəːʔ↓n	1	0	0	0
trớp	TONE_SAC	ʈʂəː↗p	ʈʂˈəː↗p	1	0	0	0
trợp	TONE_NANG	ʈʂəːʔ↓p	ʈʂˈəːʔ↓p	1	0	0	0
trớt	TONE_SAC	ʈʂəː↗t	ʈʂˈəː↗t	1	0	0	0
trợt	TONE_NANG	ʈʂəːʔ↓t	ʈʂˈəːʔ↓t	1	0	0	0
trớc	TONE_SAC	ʈʂəː↗k	ʈʂˈəː↗ sˈe	0	0	0	0
trợc	TONE_NANG	ʈʂəːʔ↓k	ʈʂˈəːʔ↓ sˈe	0	0	0	0
trớch	TONE_SAC	ʈʂəː↗k	ʈʂˈəː↗ sˈehˈa↗t	0	0	0	0
trợch	TONE_NANG	ʈʂəːʔ↓k	ʈʂˈəːʔ↓ sˈehˈa↗t	0	0	0	0
tru	TONE_NGANG	ʈʂu→	ʈʂˈu	0	0	0	0
trù	TONE_HUYEN	ʈʂu↘	ʈʂˈu↘	1	0	0	0
trú	TONE_SAC	ʈʂu↗	ʈʂˈu↗	1	0	0	0
trû	TONE_HOI	ʈʂu↓	ʈʂˈu	0	0	0	0
trũ	TONE_NGA	ʈʂuʔ↗	ʈʂˈuʔ↗	1	0	0	0
trụ	TONE_NANG	ʈʂuʔ↓	ʈʂˈuʔ↓	1	0	0	0
trui	TONE_NGANG	ʈʂu→j	ʈʂˈuj	0	0	0	0
trùi	TONE_HUYEN	ʈʂu↘j	ʈʂˈu↘j	1	0	0	0
trúi	TONE_SAC	ʈʂu↗j	ʈʂˈu↗j	1	0	0	0
trûi	TONE_HOI	ʈʂu↓j	ʈʂˈuj	0	0	0	0
trũi	TONE_NGA	ʈʂuʔ↗j	ʈʂˈuʔ↗j	1	0	0	0
trụi	TONE_NANG	ʈʂuʔ↓j	ʈʂˈuʔ↓j	1	0	0	0
truy	TONE_NGANG	ʈʂu→j	ʈʂwˈi	0	0	0	0
trùy	TONE_HUYEN	ʈʂu↘j	ʈʂwˈi↘	1	0	0	0
trúy	TONE_SAC	ʈʂu↗j	ʈʂˈu↗ ˈi	0	0	0	0
trûy	TONE_HOI	ʈʂu↓j	ʈʂwˈi	0	0	0	0
trũy	TONE_NGA	ʈʂuʔ↗j	ʈʂˈuʔ↗ ˈi	0	0	0	0
trụy	TONE_NANG	ʈʂuʔ↓j	ʈʂwˈiʔ↓	1	0	0	0
trum	TONE_NGANG	ʈʂu→m	ʈʂˈum	0	0	0	0
trùm	TONE_HUYEN	ʈʂu↘m	ʈʂˈu↘m	1	0	0	0
trúm	TONE_SAC	ʈʂu↗m	ʈʂˈu↗m	1	0	0	0
trûm	TONE_HOI	ʈʂu↓m	ʈʂˈum	0	0	0	0
trũm	TONE_NGA	ʈʂuʔ↗m	ʈʂˈuʔ↗m	1	0	0	0
trụm	TONE_NANG	ʈʂuʔ↓m	ʈʂˈuʔ↓m	1	0	0	0
trun	TONE_NGANG	ʈʂu→n	ʈʂˈun	0	0	0	0
trùn	TONE_HUYEN	ʈʂu↘n	ʈʂˈu↘n	1	0	0	0
trún	TONE_SAC	ʈʂu↗n	ʈʂˈu↗n	1	0	0	0
trûn	TONE_HOI	ʈʂu↓n	ʈʂˈun	0	0	0	0
trũn	TONE_NGA	ʈʂuʔ↗n	ʈʂˈuʔ↗n	1	0	0	0
trụn	TONE_NANG	ʈʂuʔ↓n	ʈʂˈuʔ↓n	1	0	0	0
trúp	TONE_SAC	ʈʂu↗p	ʈʂˈu↗p	1	0	0	0
trụp	TONE_NANG	ʈʂuʔ↓p	ʈʂˈuʔ↓p	1	0	0	0
trút	TONE_SAC	ʈʂu↗t	ʈʂˈu↗t	1	0	0	0
trụt	TONE_NANG	ʈʂuʔ↓t	ʈʂˈuʔ↓t	1	0	0	0
trung	TONE_NGANG	ʈʂu→ŋ	ʈʂˈuŋ	0	0	0	0
trùng	TONE_HUYEN	ʈʂu↘ŋ	ʈʂˈu↘ŋ	1	0	0	0
trúng	TONE_SAC	ʈʂu↗ŋ	ʈʂˈu↗ŋ	1	0	0	0
trûng	TONE_HOI	ʈʂu↓ŋ	ʈʂˈuŋ	0	0	0	0
trũng	TONE_NGA	ʈʂuʔ↗ŋ	ʈʂˈuʔ↗ŋ	1	0	0	0
trụng	TONE_NANG	ʈʂuʔ↓ŋ	ʈʂˈuʔ↓ŋ	1	0	0	0
trúc	TONE_SAC	ʈʂu↗k	ʈʂˈu↗c	1	0	0	0
trục	TONE_NANG	ʈʂuʔ↓k	ʈʂˈuʔ↓c	1	0	0	0
trúch	TONE_SAC	ʈʂu↗k	ʈʂˈu↗c hˈa↗t	0	0	0	0
trụch	TONE_NANG	ʈʂuʔ↓k	ʈʂˈuʔ↓c hˈa↗t	0	0	0	0
trư	TONE_NGANG	ʈʂɨ→	ʈʂˈy	0	0	0	0
trừ	TONE_HUYEN	ʈʂɨ↘	ʈʂˈy↘	1	0	0	0
trứ	TONE_SAC	ʈʂɨ↗	ʈʂˈy↗	1	0	0	0
trư̂	TONE_HOI	ʈʂɨ↓	ʈʂˈy	0	0	0	0
trữ	TONE_NGA	ʈʂɨʔ↗	ʈʂˈyʔ↗	1	0	0	0
trự	TONE_NANG	ʈʂɨʔ↓	ʈʂˈyʔ↓	1	0	0	0
trưi	TONE_NGANG	ʈʂɨ→j	ʈʂˈyj	0	0	0	0
trừi	TONE_HUYEN	ʈʂɨ↘j	ʈʂˈy↘j	1	0	0	0
trứi	TONE_SAC	ʈʂɨ↗j	ʈʂˈy↗j	1	0	0	0
trư̂i	TONE_HOI	ʈʂɨ↓j	ʈʂˈy ˈi	0	0	0	0
trữi	TONE_NGA	ʈʂɨʔ↗j	ʈʂˈyʔ↗j	1	0	0	0
trựi	TONE_NANG	ʈʂɨʔ↓j	ʈʂˈyʔ↓j	1	0	0	0
trưy	TONE_NGANG	ʈʂɨ→j	ʈʂˈy ˈi	0	0	0	0
trừy	TONE_HUYEN	ʈʂɨ↘j	ʈʂˈy↘ ˈi	0	0	0	0
trứy	TONE_SAC	ʈʂɨ↗j	ʈʂˈy↗ ˈi	0	0	0	0
trư̂y	TONE_HOI	ʈʂɨ↓j	ʈʂˈy ˈi	0	0	0	0
trữy	TONE_NGA	ʈʂɨʔ↗j	ʈʂˈyʔ↗ ˈi	0	0	0	0
trựy	TONE_NANG	ʈʂɨʔ↓j	ʈʂˈyʔ↓ ˈi	0	0	0	0
trưo	TONE_NGANG	ʈʂɨ→w	ʈʂˈy ˈɔ	0	0	0	0
trừo	TONE_HUYEN	ʈʂɨ↘w	ʈʂˈy↘ ˈɔ	1	0	0	0
trứo	TONE_SAC	ʈʂɨ↗w	ʈʂˈy↗ ˈɔ	1	0	0	0
trư̂o	TONE_HOI	ʈʂɨ↓w	ʈʂˈy ˈo	0	0	0	0
trữo	TONE_NGA	ʈʂɨʔ↗w	ʈʂˈyʔ↗ ˈɔ	1	0	0	0
trựo	TONE_NANG	ʈʂɨʔ↓w	ʈʂˈyʔ↓ ˈɔ	1	0	0	0
trưu	TONE_NGANG	ʈʂɨ→w	ʈʂˈiw	0	0	0	0
trừu	TONE_HUYEN	ʈʂɨ↘w	ʈʂˈi↘w	1	0	0	0
trứu	TONE_SAC	ʈʂɨ↗w	ʈʂˈi↗w	1	0	0	0
trư̂u	TONE_HOI	ʈʂɨ↓w	ʈʂˈy ˈu	0	0	0	0
trữu	TONE_NGA	ʈʂɨʔ↗w	ʈʂˈiʔ↗w	1	0	0	0
trựu	TONE_NANG	ʈʂɨʔ↓w	ʈʂˈiʔ↓w	1	0	0	0
trưm	TONE_NGANG	ʈʂɨ→m	ʈʂˈym	0	0	0	0
trừm	TONE_HUYEN	ʈʂɨ↘m	ʈʂˈy↘m	1	0	0	0
trứm	TONE_SAC	ʈʂɨ↗m	ʈʂˈy↗m	1	0	0	0
trư̂m	TONE_HOI	ʈʂɨ↓m	ʈʂˈy mˈəː↘	0	0	0	0
trữm	TONE_NGA	ʈʂɨʔ↗m	ʈʂˈyʔ↗m	1	0	0	0
trựm	TONE_NANG	ʈʂɨʔ↓m	ʈʂˈyʔ↓m	1	0	0	0
trưn	TONE_NGANG	ʈʂɨ→n	ʈʂˈyn	0	0	0	0
trừn	TONE_HUYEN	ʈʂɨ↘n	ʈʂˈy↘n	1	0	0	0
trứn	TONE_SAC	ʈʂɨ↗n	ʈʂˈy↗n	1	0	0	0
trư̂n	TONE_HOI	ʈʂɨ↓n	ʈʂˈy nˈəː↘	0	0	0	0
trữn	TONE_NGA	ʈʂɨʔ↗n	ʈʂˈyʔ↗n	1	0	0	0
trựn	TONE_NANG	ʈʂɨʔ↓n	ʈʂˈyʔ↓n	1	0	0	0
trứp	TONE_SAC	ʈʂɨ↗p	ʈʂˈy↗ pˈe	0	0	0	0
trựp	TONE_NANG	ʈʂɨʔ↓p	ʈʂˈyʔ↓ pˈe	0	0	0	0
trứt	TONE_SAC	ʈʂɨ↗t	ʈʂˈy↗t	1	0	0	0
trựt	TONE_NANG	ʈʂɨʔ↓t	ʈʂˈyʔ↓t	1	0	0	0
trưng	TONE_NGANG	ʈʂɨ→ŋ	ʈʂˈyŋ	0	0	0	0
trừng	TONE_HUYEN	ʈʂɨ↘ŋ	ʈʂˈy↘ŋ	1	0	0	0
trứng	TONE_SAC	ʈʂɨ↗ŋ	ʈʂˈy↗ŋ	1	0	0	0
trư̂ng	TONE_HOI	ʈʂɨ↓ŋ	ʈʂˈy ˌɛndʒˈiː	0	0	0	0
trững	TONE_NGA	ʈʂɨʔ↗ŋ	ʈʂˈyʔ↗ŋ	1	0	0	0
trựng	TONE_NANG	ʈʂɨʔ↓ŋ	ʈʂˈyʔ↓ŋ	1	0	0	0
trức	TONE_SAC	ʈʂɨ↗k	ʈʂˈy↗c	1	0	0	0
trực	TONE_NANG	ʈʂɨʔ↓k	ʈʂˈyʔ↓c	1	0	0	0
trứch	TONE_SAC	ʈʂɨ↗k	ʈʂˈy↗c hˈa↗t	0	0	0	0
trựch	TONE_NANG	ʈʂɨʔ↓k	ʈʂˈyʔ↓c hˈa↗t	0	0	0	0
biê	TONE_NGANG	biə→	bˈi ˈe	0	0	0	0
biề	TONE_HUYEN	biə↘	bˈi ˈe↘	1	0	0	0
biế	TONE_SAC	biə↗	bˈi ˈe↗	1	0	0	0
biê̂	TONE_HOI	biə↓	bˈi ˈe	0	0	0	0
biễ	TONE_NGA	biəʔ↗	bˈi ˈeʔ↗	1	0	0	0
biệ	TONE_NANG	biəʔ↓	bˈi ˈeʔ↓	1	0	0	0
biêo	TONE_NGANG	biə→w	bˈi ˈeˈɔ	0	0	0	0
biềo	TONE_HUYEN	biə↘w	bˈi ˈe↘ˈɔ	1	0	0	0
biếo	TONE_SAC	biə↗w	bˈi ˈe↗ˈɔ	1	0	0	0
biê̂o	TONE_HOI	biə↓w	bˈi ˈe ˈo	0	0	0	0
biễo	TONE_NGA	biəʔ↗w	bˈi ˈeʔ↗ˈɔ	1	0	0	0
biệo	TONE_NANG	biəʔ↓w	bˈi ˈeʔ↓ˈɔ	1	0	0	0
biêu	TONE_NGANG	biə→w	bˈiɛw	0	0	0	0
biều	TONE_HUYEN	biə↘w	bˈiɛ↘w	1	0	0	0
biếu	TONE_SAC	biə↗w	bˈiɛ↗w	1	0	0	0
biê̂u	TONE_HOI	biə↓w	bˈi ˈe ˈu	0	0	0	0
biễu	TONE_NGA	biəʔ↗w	bˈiɛʔ↗w	1	0	0	0
biệu	TONE_NANG	biəʔ↓w	bˈiɛʔ↓w	1	0	0	0
biêm	TONE_NGANG	biə→m	bˈiɛm	0	0	0	0
biềm	TONE_HUYEN	biə↘m	bˈiɛ↘m	1	0	0	0
biếm	TONE_SAC	biə↗m	bˈiɛ↗m	1	0	0	0
biê̂m	TONE_HOI	biə↓m	bˈi ˈe mˈəː↘	0	0	0	0
biễm	TONE_NGA	biəʔ↗m	bˈiɛʔ↗m	1	0	0	0
biệm	TONE_NANG	biəʔ↓m	bˈiɛʔ↓m	1	0	0	0
biên	TONE_NGANG	biə→n	bˈiɛn	0	0	0	0
biền	TONE_HUYEN	biə↘n	bˈiɛ↘n	1	0	0	0
biến	TONE_SAC	biə↗n	bˈiɛ↗n	1	0	0	0
biê̂n	TONE_HOI	biə↓n	bˈi ˈe nˈəː↘	0	0	0	0
biễn	TONE_NGA	biəʔ↗n	bˈiɛʔ↗n	1	0	0	0
biện	TONE_NANG	biəʔ↓n	bˈiɛʔ↓n	1	0	0	0
biếp	TONE_SAC	biə↗p	bˈiɛ↗p	1	0	0	0
biệp	TONE_NANG	biəʔ↓p	bˈiɛʔ↓p	1	0	0	0
biết	TONE_SAC	biə↗t	bˈiɛ↗t	1	0	0	0
biệt	TONE_NANG	biəʔ↓t	bˈiɛʔ↓t	1	0	0	0
biêng	TONE_NGANG	biə→ŋ	bˈiɛŋ	0	0	0	0
biềng	TONE_HUYEN	biə↘ŋ	bˈiɛ↘ŋ	1	0	0	0
biếng	TONE_SAC	biə↗ŋ	bˈiɛ↗ŋ	1	0	0	0
biê̂ng	TONE_HOI	biə↓ŋ	bˈi ˈe ˌɛndʒˈiː	0	0	0	0
biễng	TONE_NGA	biəʔ↗ŋ	bˈiɛʔ↗ŋ	1	0	0	0
biệng	TONE_NANG	biəʔ↓ŋ	bˈiɛʔ↓ŋ	1	0	0	0
biênh	TONE_NGANG	biə→ɲ	bˈi ˈeɲ	0	0	0	0
biềnh	TONE_HUYEN	biə↘ɲ	bˈi ˈe↘ɲ	1	0	0	0
biếnh	TONE_SAC	biə↗ɲ	bˈi ˈe↗ɲ	1	0	0	0
biê̂nh	TONE_HOI	biə↓ɲ	bˈi ˈe ˌɛnˈeɪʧ	0	0	0	0
biễnh	TONE_NGA	biəʔ↗ɲ	bˈi ˈeʔ↗ɲ	1	0	0	0
biệnh	TONE_NANG	biəʔ↓ɲ	bˈi ˈeʔ↓ɲ	1	0	0	0
biếc	TONE_SAC	biə↗k	bˈiɛ↗c	1	0	0	0
biệc	TONE_NANG	biəʔ↓k	bˈiɛʔ↓c	1	0	0	0
biếch	TONE_SAC	biə↗k	bˈi ˈe↗c	1	0	0	0
biệch	TONE_NANG	biəʔ↓k	bˈi ˈeʔ↓c	1	0	0	0
byê	TONE_NGANG	biə→	bˈaɪ ˈe	0	0	0	0
byề	TONE_HUYEN	biə↘	bˈaɪ ˈe↘	1	0	0	0
byế	TONE_SAC	biə↗	bˈaɪ ˈe↗	1	0	0	0
byê̂	TONE_HOI	biə↓	bˈaɪ ˈe	0	0	0	0
byễ	TONE_NGA	biəʔ↗	bˈaɪ ˈeʔ↗	1	0	0	0
byệ	TONE_NANG	biəʔ↓	bˈaɪ ˈeʔ↓	1	0	0	0
byêo	TONE_NGANG	biə→w	bˈaɪ ˈeˈɔ	0	0	0	0
byềo	TONE_HUYEN	biə↘w	bˈaɪ ˈe↘ˈɔ	1	0	0	0
byếo	TONE_SAC	biə↗w	bˈaɪ ˈe↗ˈɔ	1	0	0	0
byê̂o	TONE_HOI	biə↓w	bˈaɪ ˈe ˈo	0	0	0	0
byễo	TONE_NGA	biəʔ↗w	bˈaɪ ˈeʔ↗ˈɔ	1	0	0	0
byệo	TONE_NANG	biəʔ↓w	bˈaɪ ˈeʔ↓ˈɔ	1	0	0	0
byêu	TONE_NGANG	biə→w	bˈaɪ ˈeˈu	0	0	0	0
byều	TONE_HUYEN	biə↘w	bˈaɪ ˈe↘ˈu	0	0	0	0
byếu	TONE_SAC	biə↗w	bˈaɪ ˈe↗ˈu	0	0	0	0
byê̂u	TONE_HOI	biə↓w	bˈaɪ ˈe ˈu	0	0	0	0
byễu	TONE_NGA	biəʔ↗w	bˈaɪ ˈeʔ↗ˈu	0	0	0	0
byệu	TONE_NANG	biəʔ↓w	bˈaɪ ˈeʔ↓ˈu	0	0	0	0
byêm	TONE_NGANG	biə→m	bˈaɪ ˈem	0	0	0	0
byềm	TONE_HUYEN	biə↘m	bˈaɪ ˈe↘m	1	0	0	0
byếm	TONE_SAC	biə↗m	bˈaɪ ˈe↗m	1	0	0	0
byê̂m	TONE_HOI	biə↓m	bˈaɪ ˈe mˈəː↘	0	0	0	0
byễm	TONE_NGA	biəʔ↗m	bˈaɪ ˈeʔ↗m	1	0	0	0
byệm	TONE_NANG	biəʔ↓m	bˈaɪ ˈeʔ↓m	1	0	0	0
byên	TONE_NGANG	biə→n	bˈaɪ ˈen	0	0	0	0
byền	TONE_HUYEN	biə↘n	bˈaɪ ˈe↘n	1	0	0	0
byến	TONE_SAC	biə↗n	bˈaɪ ˈe↗n	1	0	0	0
byê̂n	TONE_HOI	biə↓n	bˈaɪ ˈe nˈəː↘	0	0	0	0
byễn	TONE_NGA	biəʔ↗n	bˈaɪ ˈeʔ↗n	1	0	0	0
byện	TONE_NANG	biəʔ↓n	bˈaɪ ˈeʔ↓n	1	0	0	0
byếp	TONE_SAC	biə↗p	bˈaɪ ˈe↗p	1	0	0	0
byệp	TONE_NANG	biəʔ↓p	bˈaɪ ˈeʔ↓p	1	0	0	0
byết	TONE_SAC	biə↗t	bˈaɪ ˈe↗t	1	0	0	0
byệt	TONE_NANG	biəʔ↓t	bˈaɪ ˈeʔ↓t	1	0	0	0
byêng	TONE_NGANG	biə→ŋ	bˈe ˈiɛŋ	0	0	0	0
byềng	TONE_HUYEN	biə↘ŋ	bˈe ˈiɛ↘ŋ	1	0	0	0
byếng	TONE_SAC	biə↗ŋ	bˈe ˈiɛ↗ŋ	1	0	0	0
byê̂ng	TONE_HOI	biə↓ŋ	bˈaɪ ˈe ˌɛndʒˈiː	0	0	0	0
byễng	TONE_NGA	biəʔ↗ŋ	bˈe ˈiɛʔ↗ŋ	1	0	0	0
byệng	TONE_NANG	biəʔ↓ŋ	bˈe ˈiɛʔ↓ŋ	1	0	0	0
byênh	TONE_NGANG	biə→ɲ	bˈaɪ ˈeɲ	0	0	0	0
byềnh	TONE_HUYEN	biə↘ɲ	bˈaɪ ˈe↘ɲ	1	0	0	0
byếnh	TONE_SAC	biə↗ɲ	bˈaɪ ˈe↗ɲ	1	0	0	0
byê̂nh	TONE_HOI	biə↓ɲ	bˈaɪ ˈe ˌɛnˈeɪʧ	0	0	0	0
byễnh	TONE_NGA	biəʔ↗ɲ	bˈaɪ ˈeʔ↗ɲ	1	0	0	0
byệnh	TONE_NANG	biəʔ↓ɲ	bˈaɪ ˈeʔ↓ɲ	1	0	0	0
byếc	TONE_SAC	biə↗k	bˈaɪ ˈe↗sˈe	0	0	0	0
byệc	TONE_NANG	biəʔ↓k	bˈaɪ ˈeʔ↓sˈe	0	0	0	0
byếch	TONE_SAC	biə↗k	bˈaɪ ˈe↗c	1	0	0	0
byệch	TONE_NANG	biəʔ↓k	bˈaɪ ˈeʔ↓c	1	0	0	0
bia	TONE_NGANG	biə→	bˈiə	0	0	0	0
bìa	TONE_HUYEN	biə↘	bˈiə↘	1	0	0	0
bía	TONE_SAC	biə↗	bˈiə↗	1	0	0	0
bîa	TONE_HOI	biə↓	bˈiə	0	0	0	0
bĩa	TONE_NGA	biəʔ↗	bˈiəʔ↗	1	0	0	0
bịa	TONE_NANG	biəʔ↓	bˈiəʔ↓	1	0	0	0
biao	TONE_NGANG	biə→w	bˈaɪəˌoʊ	0	0	0	0
bìao	TONE_HUYEN	biə↘w	bˈiə↘ ˈɔ	1	0	0	0
bíao	TONE_SAC	biə↗w	bˈiə↗ ˈɔ	1	0	0	0
bîao	TONE_HOI	biə↓w	bˈaɪəˌoʊ	0	0	0	0
bĩao	TONE_NGA	biəʔ↗w	bˈiəʔ↗ ˈɔ	1	0	0	0
bịao	TONE_NANG	biəʔ↓w	bˈiəʔ↓ ˈɔ	1	0	0	0
biau	TONE_NGANG	biə→w	bˈaɪəˌuː	0	0	0	0
bìau	TONE_HUYEN	biə↘w	bˈiə↘ ˈu	0	0	0	0
bíau	TONE_SAC	biə↗w	bˈiə↗ ˈu	0	0	0	0
bîau	TONE_HOI	biə↓w	bˈaɪəˌuː	0	0	0	0
bĩau	TONE_NGA	biəʔ↗w	bˈiəʔ↗ ˈu	0	0	0	0
bịau	TONE_NANG	biəʔ↓w	bˈiəʔ↓ ˈu	0	0	0	0
biam	TONE_NGANG	biə→m	bˈiəm	0	0	0	0
bìam	TONE_HUYEN	biə↘m	bˈi↘ ˈaːm	0	0	0	0
bíam	TONE_SAC	biə↗m	bˈi↗ ˈaːm	0	0	0	0
bîam	TONE_HOI	biə↓m	bˈiəm	0	0	0	0
bĩam	TONE_NGA	biəʔ↗m	bˈiʔ↗ ˈaːm	0	0	0	0
bịam	TONE_NANG	biəʔ↓m	bˌiʔ↓ ˈaːm	0	0	0	0
bian	TONE_NGANG	biə→n	bˈaɪən	0	0	0	0
bìan	TONE_HUYEN	biə↘n	bˈi↘ ˈaːn	0	0	0	0
bían	TONE_SAC	biə↗n	bˈi↗ ˈaːn	0	0	0	0
bîan	TONE_HOI	biə↓n	bˈaɪən	0	0	0	0
bĩan	TONE_NGA	biəʔ↗n	bˈiʔ↗ ˈaːn	0	0	0	0
bịan	TONE_NANG	biəʔ↓n	bˌiʔ↓ ˈaːn	0	0	0	0
bíap	TONE_SAC	biə↗p	bˈi↗ ˈaː↗p	0	0	0	0
bịap	TONE_NANG	biəʔ↓p	bˌiʔ↓ ˈaː↗p	0	0	0	0
bíat	TONE_SAC	biə↗t	bˈaɪət	0	0	0	0
bịat	TONE_NANG	biəʔ↓t	bˌiʔ↓ ˈaː↗t	0	0	0	0
biang	TONE_NGANG	biə→ŋ	bjˈæŋ	0	0	0	0
bìang	TONE_HUYEN	biə↘ŋ	bˈi↘ ˈaːŋ	0	0	0	0
bíang	TONE_SAC	biə↗ŋ	bˈi↗ ˈaːŋ	0	0	0	0
bîang	TONE_HOI	biə↓ŋ	bjˈæŋ	0	0	0	0
bĩang	TONE_NGA	biəʔ↗ŋ	bˈiʔ↗ ˈaːŋ	0	0	0	0
bịang	TONE_NANG	biəʔ↓ŋ	bˌiʔ↓ ˈaːŋ	0	0	0	0
bianh	TONE_NGANG	biə→ɲ	bˈi ˈæɲ	0	0	0	0
bìanh	TONE_HUYEN	biə↘ɲ	bˈi↘ ˈæɲ	0	0	0	0
bíanh	TONE_SAC	biə↗ɲ	bˈi↗ ˈæɲ	0	0	0	0
bîanh	TONE_HOI	biə↓ɲ	bˈi ˈæɲ	0	0	0	0
bĩanh	TONE_NGA	biəʔ↗ɲ	bˈiʔ↗ ˈæɲ	0	0	0	0
bịanh	TONE_NANG	biəʔ↓ɲ	bˌiʔ↓ ˈæɲ	0	0	0	0
bíac	TONE_SAC	biə↗k	bˈi↗ ˈaː↗c	0	0	0	0
bịac	TONE_NANG	biəʔ↓k	bˌiʔ↓ ˈaː↗c	0	0	0	0
bíach	TONE_SAC	biə↗k	bˈi↗ ˈæ↗c	0	0	0	0
bịach	TONE_NANG	biəʔ↓k	bˌiʔ↓ ˈæ↗c	0	0	0	0
bya	TONE_NGANG	biə→	bˈaɪə	0	0	0	0
bỳa	TONE_HUYEN	biə↘	bˈi↘ ˈaː	0	0	0	0
býa	TONE_SAC	biə↗	bˈi↗ ˈaː	0	0	0	0
bŷa	TONE_HOI	biə↓	bˈaɪə	0	0	0	0
bỹa	TONE_NGA	biəʔ↗	bˈiʔ↗ ˈaː	0	0	0	0
bỵa	TONE_NANG	biəʔ↓	bˈiʔ↓ ˈaː	0	0	0	0
byao	TONE_NGANG	biə→w	bˈaɪə ˈoʊ	0	0	0	0
bỳao	TONE_HUYEN	biə↘w	bˈi↘ ˈaːˈɔ	0	0	0	0
býao	TONE_SAC	biə↗w	bˈi↗ ˈaːˈɔ	0	0	0	0
bŷao	TONE_HOI	biə↓w	bˈaɪə ˈoʊ	0	0	0	0
bỹao	TONE_NGA	biəʔ↗w	bˈiʔ↗ ˈaːˈɔ	0	0	0	0
bỵao	TONE_NANG	biəʔ↓w	bˈiʔ↓ ˈaːˈɔ	0	0	0	0
byau	TONE_NGANG	biə→w	bˈaɪə jˈuː	0	0	0	0
bỳau	TONE_HUYEN	biə↘w	bˈi↘ ˈaːˈu	0	0	0	0
býau	TONE_SAC	biə↗w	bˈi↗ ˈaːˈu	0	0	0	0
bŷau	TONE_HOI	biə↓w	bˈaɪə jˈuː	0	0	0	0
bỹau	TONE_NGA	biəʔ↗w	bˈiʔ↗ ˈaːˈu	0	0	0	0
bỵau	TONE_NANG	biəʔ↓w	bˈiʔ↓ ˈaːˈu	0	0	0	0
byam	TONE_NGANG	biə→m	bˈaɪæm	0	0	0	0
bỳam	TONE_HUYEN	biə↘m	bˈi↘ ˈaːm	0	0	0	0
býam	TONE_SAC	biə↗m	bˈi↗ ˈaːm	0	0	0	0
bŷam	TONE_HOI	biə↓m	bˈaɪæm	0	0	0	0
bỹam	TONE_NGA	biəʔ↗m	bˈiʔ↗ ˈaːm	0	0	0	0
bỵam	TONE_NANG	biəʔ↓m	bˈiʔ↓ ˈaːm	0	0	0	0
byan	TONE_NGANG	biə→n	bˈaɪən	0	0	0	0
bỳan	TONE_HUYEN	biə↘n	bˈi↘ ˈaːn	0	0	0	0
býan	TONE_SAC	biə↗n	bˈi↗ ˈaːn	0	0	0	0
bŷan	TONE_HOI	biə↓n	bˈaɪən	0	0	0	0
bỹan	TONE_NGA	biəʔ↗n	bˈiʔ↗ ˈaːn	0	0	0	0
bỵan	TONE_NANG	biəʔ↓n	bˈiʔ↓ ˈaːn	0	0	0	0
býap	TONE_SAC	biə↗p	bˈi↗ ˈaː↗p	0	0	0	0
bỵap	TONE_NANG	biəʔ↓p	bˈiʔ↓ ˈaː↗p	0	0	0	0
býat	TONE_SAC	biə↗t	bˈi↗ ˈaː↗t	0	0	0	0
bỵat	TONE_NANG	biəʔ↓t	bˈiʔ↓ ˈaː↗t	0	0	0	0
byang	TONE_NGANG	biə→ŋ	bjˈɑːŋ	0	0	0	0
bỳang	TONE_HUYEN	biə↘ŋ	bˈi↘ ˈaːŋ	0	0	0	0
býang	TONE_SAC	biə↗ŋ	bˈi↗ ˈaːŋ	0	0	0	0
bŷang	TONE_HOI	biə↓ŋ	bjˈɑːŋ	0	0	0	0
bỹang	TONE_NGA	biəʔ↗ŋ	bˈiʔ↗ ˈaːŋ	0	0	0	0
bỵang	TONE_NANG	biəʔ↓ŋ	bˈiʔ↓ ˈaːŋ	0	0	0	0
byanh	TONE_NGANG	biə→ɲ	bˈaɪ ˈæɲ	0	0	0	0
bỳanh	TONE_HUYEN	biə↘ɲ	bˈi↘ ˈæɲ	0	0	0	0
býanh	TONE_SAC	biə↗ɲ	bˈi↗ ˈæɲ	0	0	0	0
bŷanh	TONE_HOI	biə↓ɲ	bˈaɪ ˈæɲ	0	0	0	0
bỹanh	TONE_NGA	biəʔ↗ɲ	bˈiʔ↗ ˈæɲ	0	0	0	0
bỵanh	TONE_NANG	biəʔ↓ɲ	bˈiʔ↓ ˈæɲ	0	0	0	0
býac	TONE_SAC	biə↗k	bˈi↗ ˈaː↗c	0	0	0	0
bỵac	TONE_NANG	biəʔ↓k	bˈiʔ↓ ˈaː↗c	0	0	0	0
býach	TONE_SAC	biə↗k	bˈi↗ ˈæ↗c	0	0	0	0
bỵach	TONE_NANG	biəʔ↓k	bˈiʔ↓ ˈæ↗c	0	0	0	0
bươ	TONE_NGANG	bɨə→	bˈy ˈəː	0	0	0	0
bườ	TONE_HUYEN	bɨə↘	bˈy ˈəː↘	1	0	0	0
bướ	TONE_SAC	bɨə↗	bˈy ˈəː↗	1	0	0	0
bươ̂	TONE_HOI	bɨə↓	bˈy ˈəː	0	0	0	0
bưỡ	TONE_NGA	bɨəʔ↗	bˈy ˈəːʔ↗	1	0	0	0
bượ	TONE_NANG	bɨəʔ↓	bˈy ˈəːʔ↓	1	0	0	0
bươi	TONE_NGANG	bɨə→j	bˈyəj	0	0	0	0
bười	TONE_HUYEN	bɨə↘j	bˈyə↘j	1	0	0	0
bưới	TONE_SAC	bɨə↗j	bˈyə↗j	1	0	0	0
bươ̂i	TONE_HOI	bɨə↓j	bˈy ˈəː ˈi	0	0	0	0
bưỡi	TONE_NGA	bɨəʔ↗j	bˈyəʔ↗j	1	0	0	0
bượi	TONE_NANG	bɨəʔ↓j	bˈyəʔ↓j	1	0	0	0
bươy	TONE_NGANG	bɨə→j	bˈy ˈəːˈi	0	0	0	0
bườy	TONE_HUYEN	bɨə↘j	bˈy ˈəː↘ˈi	0	0	0	0
bướy	TONE_SAC	bɨə↗j	bˈy ˈəː↗ˈi	0	0	0	0
bươ̂y	TONE_HOI	bɨə↓j	bˈy ˈəː ˈi	0	0	0	0
bưỡy	TONE_NGA	bɨəʔ↗j	bˈy ˈəːʔ↗ˈi	0	0	0	0
bượy	TONE_NANG	bɨəʔ↓j	bˈy ˈəːʔ↓ˈi	0	0	0	0
bươo	TONE_NGANG	bɨə→w	bˈy ˈəːˈɔ	0	0	0	0
bườo	TONE_HUYEN	bɨə↘w	bˈy ˈəː↘ˈɔ	1	0	0	0
bướo	TONE_SAC	bɨə↗w	bˈy ˈəː↗ˈɔ	1	0	0	0
bươ̂o	TONE_HOI	bɨə↓w	bˈy ˈəː ˈo	0	0	0	0
bưỡo	TONE_NGA	bɨəʔ↗w	bˈy ˈəːʔ↗ˈɔ	1	0	0	0
bượo	TONE_NANG	bɨəʔ↓w	bˈy ˈəːʔ↓ˈɔ	1	0	0	0
bươu	TONE_NGANG	bɨə→w	bˈyəw	0	0	0	0
bườu	TONE_HUYEN	bɨə↘w	bˈyə↘w	1	0	0	0
bướu	TONE_SAC	bɨə↗w	bˈyə↗w	1	0	0	0
bươ̂u	TONE_HOI	bɨə↓w	bˈy ˈəː ˈu	0	0	0	0
bưỡu	TONE_NGA	bɨəʔ↗w	bˈyəʔ↗w	1	0	0	0
bượu	TONE_NANG	bɨəʔ↓w	bˈyəʔ↓w	1	0	0	0
bươm	TONE_NGANG	bɨə→m	bˈyəm	0	0	0	0
bườm	TONE_HUYEN	bɨə↘m	bˈyə↘m	1	0	0	0
bướm	TONE_SAC	bɨə↗m	bˈyə↗m	1	0	0	0
bươ̂m	TONE_HOI	bɨə↓m	bˈy ˈəː mˈəː↘	0	0	0	0
bưỡm	TONE_NGA	bɨəʔ↗m	bˈyəʔ↗m	1	0	0	0
bượm	TONE_NANG	bɨəʔ↓m	bˈyəʔ↓m	1	0	0	0
bướp	TONE_SAC	bɨə↗p	bˈyə↗p	1	0	0	0
bượp	TONE_NANG	bɨəʔ↓p	bˈyəʔ↓p	1	0	0	0
bướt	TONE_SAC	bɨə↗t	bˈyə↗t	1	0	0	0
bượt	TONE_NANG	bɨəʔ↓t	bˈyəʔ↓t	1	0	0	0
bương	TONE_NGANG	bɨə→ŋ	bˈyəŋ	0	0	0	0
bường	TONE_HUYEN	bɨə↘ŋ	bˈyə↘ŋ	1	0	0	0
bướng	TONE_SAC	bɨə↗ŋ	bˈyə↗ŋ	1	0	0	0
bươ̂ng	TONE_HOI	bɨə↓ŋ	bˈy ˈəː ˌɛndʒˈiː	0	0	0	0
bưỡng	TONE_NGA	bɨəʔ↗ŋ	bˈyəʔ↗ŋ	1	0	0	0
bượng	TONE_NANG	bɨəʔ↓ŋ	bˈyəʔ↓ŋ	1	0	0	0
bước	TONE_SAC	bɨə↗k	bˈyə↗c	1	0	0	0
bược	TONE_NANG	bɨəʔ↓k	bˈyəʔ↓c	1	0	0	0
bướch	TONE_SAC	bɨə↗k	bˈyə↗c hˈa↗t	0	0	0	0
bượch	TONE_NANG	bɨəʔ↓k	bˈyəʔ↓c hˈa↗t	0	0	0	0
bưa	TONE_NGANG	bɨə→	bˈyə	0	0	0	0
bừa	TONE_HUYEN	bɨə↘	bˈyə↘	1	0	0	0
bứa	TONE_SAC	bɨə↗	bˈyə↗	1	0	0	0
bư̂a	TONE_HOI	bɨə↓	bˈy ˈaː	0	0	0	0
bữa	TONE_NGA	bɨəʔ↗	bˈyəʔ↗	1	0	0	0
bựa	TONE_NANG	bɨəʔ↓	bˈyəʔ↓	1	0	0	0
bưai	TONE_NGANG	bɨə→j	bˈyə ˈi	0	0	0	0
bừai	TONE_HUYEN	bɨə↘j	bˈyə↘ ˈi	0	0	0	0
bứai	TONE_SAC	bɨə↗j	bˈyə↗ ˈi	0	0	0	0
bư̂ai	TONE_HOI	bɨə↓j	bˈy ˈaːj	0	0	0	0
bữai	TONE_NGA	bɨəʔ↗j	bˈyəʔ↗ ˈi	0	0	0	0
bựai	TONE_NANG	bɨəʔ↓j	bˈyəʔ↓ ˈi	0	0	0	0
bưay	TONE_NGANG	bɨə→j	bˈyə ˈi	0	0	0	0
bừay	TONE_HUYEN	bɨə↘j	bˈyə↘ ˈi	0	0	0	0
bứay	TONE_SAC	bɨə↗j	bˈyə↗ ˈi	0	0	0	0
bư̂ay	TONE_HOI	bɨə↓j	bˈy ˈaj	0	0	0	0
bữay	TONE_NGA	bɨəʔ↗j	bˈyəʔ↗ ˈi	0	0	0	0
bựay	TONE_NANG	bɨəʔ↓j	bˈyəʔ↓ ˈi	0	0	0	0
bưao	TONE_NGANG	bɨə→w	bˈyə ˈɔ	0	0	0	0
bừao	TONE_HUYEN	bɨə↘w	bˈyə↘ ˈɔ	1	0	0	0
bứao	TONE_SAC	bɨə↗w	bˈyə↗ ˈɔ	1	0	0	0
bư̂ao	TONE_HOI	bɨə↓w	bˈy ˈaːw	0	0	0	0
bữao	TONE_NGA	bɨəʔ↗w	bˈyəʔ↗ ˈɔ	1	0	0	0
bựao	TONE_NANG	bɨəʔ↓w	bˈyəʔ↓ ˈɔ	1	0	0	0
bưau	TONE_NGANG	bɨə→w	bˈyə ˈu	0	0	0	0
bừau	TONE_HUYEN	bɨə↘w	bˈyə↘ ˈu	0	0	0	0
bứau	TONE_SAC	bɨə↗w	bˈyə↗ ˈu	0	0	0	0
bư̂au	TONE_HOI	bɨə↓w	bˈy ˈaw	0	0	0	0
bữau	TONE_NGA	bɨəʔ↗w	bˈyəʔ↗ ˈu	0	0	0	0
bựau	TONE_NANG	bɨəʔ↓w	bˈyəʔ↓ ˈu	0	0	0	0
bưam	TONE_NGANG	bɨə→m	bˈy ˈaːm	0	0	0	0
bừam	TONE_HUYEN	bɨə↘m	bˈy↘ ˈaːm	0	0	0	0
bứam	TONE_SAC	bɨə↗m	bˈy↗ ˈaːm	0	0	0	0
bư̂am	TONE_HOI	bɨə↓m	bˈy ˈaːm	0	0	0	0
bữam	TONE_NGA	bɨəʔ↗m	bˈyʔ↗ ˈaːm	0	0	0	0
bựam	TONE_NANG	bɨəʔ↓m	bˈyʔ↓ ˈaːm	0	0	0	0
bứap	TONE_SAC	bɨə↗p	bˈy↗ ˈaː↗p	0	0	0	0
bựap	TONE_NANG	bɨəʔ↓p	bˈyʔ↓ ˈaː↗p	0	0	0	0
bứat	TONE_SAC	bɨə↗t	bˈy↗ ˈaː↗t	0	0	0	0
bựat	TONE_NANG	bɨəʔ↓t	bˈyʔ↓ ˈaː↗t	0	0	0	0
bưang	TONE_NGANG	bɨə→ŋ	bˈy ˈaːŋ	0	0	0	0
bừang	TONE_HUYEN	bɨə↘ŋ	bˈy↘ ˈaːŋ	0	0	0	0
bứang	TONE_SAC	bɨə↗ŋ	bˈy↗ ˈaːŋ	0	0	0	0
bư̂ang	TONE_HOI	bɨə↓ŋ	bˈy ˈaːŋ	0	0	0	0
bữang	TONE_NGA	bɨəʔ↗ŋ	bˈyʔ↗ ˈaːŋ	0	0	0	0
bựang	TONE_NANG	bɨəʔ↓ŋ	bˈyʔ↓ ˈaːŋ	0	0	0	0
bứac	TONE_SAC	bɨə↗k	bˈy↗ ˈaː↗c	0	0	0	0
bựac	TONE_NANG	bɨəʔ↓k	bˈyʔ↓ ˈaː↗c	0	0	0	0
bứach	TONE_SAC	bɨə↗k	bˈy↗ ˈæ↗c	0	0	0	0
bựach	TONE_NANG	bɨəʔ↓k	bˈyʔ↓ ˈæ↗c	0	0	0	0
buô	TONE_NGANG	buə→	bˈu ˈo	0	0	0	0
buồ	TONE_HUYEN	buə↘	bˈu ˈo↘	1	0	0	0
buố	TONE_SAC	buə↗	bˈu ˈo↗	1	0	0	0
buô̂	TONE_HOI	buə↓	bˈu ˈo	0	0	0	0
buỗ	TONE_NGA	buəʔ↗	bˈu ˈoʔ↗	1	0	0	0
buộ	TONE_NANG	buəʔ↓	bˈu ˈoʔ↓	1	0	0	0
buôi	TONE_NGANG	buə→j	bˈuəj	0	0	0	0
buồi	TONE_HUYEN	buə↘j	bˈuə↘j	1	0	0	0
buối	TONE_SAC	buə↗j	bˈuə↗j	1	0	0	0
buô̂i	TONE_HOI	buə↓j	bˈu ˈo ˈi	0	0	0	0
buỗi	TONE_NGA	buəʔ↗j	bˈuəʔ↗j	1	0	0	0
buội	TONE_NANG	buəʔ↓j	bˈuəʔ↓j	1	0	0	0
buôy	TONE_NGANG	buə→j	bˈu ˈoˈi	0	0	0	0
buồy	TONE_HUYEN	buə↘j	bˈu ˈo↘ˈi	0	0	0	0
buốy	TONE_SAC	buə↗j	bˈu ˈo↗ˈi	0	0	0	0
buô̂y	TONE_HOI	buə↓j	bˈu ˈo ˈi	0	0	0	0
buỗy	TONE_NGA	buəʔ↗j	bˈu ˈoʔ↗ˈi	0	0	0	0
buộy	TONE_NANG	buəʔ↓j	bˈu ˈoʔ↓ˈi	0	0	0	0
buôn	TONE_NGANG	buə→n	bˈuən	0	0	0	0
buồn	TONE_HUYEN	buə↘n	bˈuə↘n	1	0	0	0
buốn	TONE_SAC	buə↗n	bˈuə↗n	1	0	0	0
buô̂n	TONE_HOI	buə↓n	bˈu ˈo nˈəː↘	0	0	0	0
buỗn	TONE_NGA	buəʔ↗n	bˈuəʔ↗n	1	0	0	0
buộn	TONE_NANG	buəʔ↓n	bˈuəʔ↓n	1	0	0	0
buốp	TONE_SAC	buə↗p	bˈuə↗p	1	0	0	0
buộp	TONE_NANG	buəʔ↓p	bˈuəʔ↓p	1	0	0	0
buốt	TONE_SAC	buə↗t	bˈuə↗t	1	0	0	0
buột	TONE_NANG	buəʔ↓t	bˈuəʔ↓t	1	0	0	0
buông	TONE_NGANG	buə→ŋ	bˈuəŋ	0	0	0	0
buồng	TONE_HUYEN	buə↘ŋ	bˈuə↘ŋ	1	0	0	0
buống	TONE_SAC	buə↗ŋ	bˈuə↗ŋ	1	0	0	0
buô̂ng	TONE_HOI	buə↓ŋ	bˈu ˈo ˌɛndʒˈiː	0	0	0	0
buỗng	TONE_NGA	buəʔ↗ŋ	bˈuəʔ↗ŋ	1	0	0	0
buộng	TONE_NANG	buəʔ↓ŋ	bˈuəʔ↓ŋ	1	0	0	0
buốc	TONE_SAC	buə↗k	bˈuə↗c	1	0	0	0
buộc	TONE_NANG	buəʔ↓k	bˈuəʔ↓c	1	0	0	0
buốch	TONE_SAC	buə↗k	bˈuə↗c hˈa↗t	0	0	0	0
buộch	TONE_NANG	buəʔ↓k	bˈuəʔ↓c hˈa↗t	0	0	0	0
bua	TONE_NGANG	buə→	bˈuə	0	0	0	0
bùa	TONE_HUYEN	buə↘	bˈuə↘	1	0	0	0
búa	TONE_SAC	buə↗	bˈuə↗	1	0	0	0
bûa	TONE_HOI	buə↓	bˈuə	0	0	0	0
bũa	TONE_NGA	buəʔ↗	bˈuəʔ↗	1	0	0	0
bụa	TONE_NANG	buəʔ↓	bˈuəʔ↓	1	0	0	0
buai	TONE_NGANG	buə→j	bjˈuːaɪ	0	0	0	0
bùai	TONE_HUYEN	buə↘j	bˈuə↘ ˈi	0	0	0	0
búai	TONE_SAC	buə↗j	bˈuə↗ ˈi	0	0	0	0
bûai	TONE_HOI	buə↓j	bjˈuːaɪ	0	0	0	0
bũai	TONE_NGA	buəʔ↗j	bˈuəʔ↗ ˈi	0	0	0	0
bụai	TONE_NANG	buəʔ↓j	bˈuəʔ↓ ˈi	0	0	0	0
buay	TONE_NGANG	buə→j	bjˈuːeɪ	0	0	0	0
bùay	TONE_HUYEN	buə↘j	bˈuə↘ ˈi	0	0	0	0
búay	TONE_SAC	buə↗j	bˈuə↗ ˈi	0	0	0	0
bûay	TONE_HOI	buə↓j	bjˈuːeɪ	0	0	0	0
bũay	TONE_NGA	buəʔ↗j	bˈuəʔ↗ ˈi	0	0	0	0
bụay	TONE_NANG	buəʔ↓j	bˈuəʔ↓ ˈi	0	0	0	0
bao	TONE_NGANG	baː→w	bˈaːw	0	0	0	0
bào	TONE_HUYEN	baː↘w	bˈaː↘w	1	0	0	0
báo	TONE_SAC	baː↗w	bˈaː↗w	1	0	0	0
bâo	TONE_HOI	baː↓w	bˈeˌeɪsˈ↗ːkəmflˌɛksˈɔ	0	0	0	0
bão	TONE_NGA	baːʔ↗w	bˈaːʔ↗w	1	0	0	0
bạo	TONE_NANG	baːʔ↓w	bˈaːʔ↓w	1	0	0	0
bau	TONE_NGANG	ba→w	bˈaw	0	0	0	0
bàu	TONE_HUYEN	ba↘w	bˈa↘w	1	0	0	0
báu	TONE_SAC	ba↗w	bˈa↗w	1	0	0	0
bâu	TONE_HOI	ba↓w	bˈə→w	0	0	0	0
bãu	TONE_NGA	baʔ↗w	bˈaʔ↗w	1	0	0	0
bạu	TONE_NANG	baʔ↓w	bˈaʔ↓w	1	0	0	0
buan	TONE_NGANG	buə→n	bjˈuːæn	0	0	0	0
bùan	TONE_HUYEN	buə↘n	bˈu↘ ˈaːn	0	0	0	0
búan	TONE_SAC	buə↗n	bˈu↗ ˈaːn	0	0	0	0
bûan	TONE_HOI	buə↓n	bjˈuːæn	0	0	0	0
bũan	TONE_NGA	buəʔ↗n	bˈuʔ↗ ˈaːn	0	0	0	0
bụan	TONE_NANG	buəʔ↓n	bˈuʔ↓ ˈaːn	0	0	0	0
búap	TONE_SAC	buə↗p	bˈu↗ ˈaː↗p	0	0	0	0
bụap	TONE_NANG	buəʔ↓p	bˈuʔ↓ ˈaː↗p	0	0	0	0
búat	TONE_SAC	buə↗t	bˈu↗ ˈaː↗t	0	0	0	0
bụat	TONE_NANG	buəʔ↓t	bˈuʔ↓ ˈaː↗t	0	0	0	0
buang	TONE_NGANG	buə→ŋ	bwˈɑːŋ	0	0	0	0
bùang	TONE_HUYEN	buə↘ŋ	bˈu↘ ˈaːŋ	0	0	0	0
búang	TONE_SAC	buə↗ŋ	bˈu↗ ˈaːŋ	0	0	0	0
bûang	TONE_HOI	buə↓ŋ	bwˈɑːŋ	0	0	0	0
bũang	TONE_NGA	buəʔ↗ŋ	bˈuʔ↗ ˈaːŋ	0	0	0	0
bụang	TONE_NANG	buəʔ↓ŋ	bˈuʔ↓ ˈaːŋ	0	0	0	0
banh	TONE_NGANG	baː→ɲ	bˈæɲ	0	0	0	1
bành	TONE_HUYEN	baː↘ɲ	bˈæ↘ɲ	1	0	0	1
bánh	TONE_SAC	baː↗ɲ	bˈæ↗ɲ	1	0	0	1
bânh	TONE_HOI	baː↓ɲ	bˈən hˈa↗t	0	0	0	1
bãnh	TONE_NGA	baːʔ↗ɲ	bˈæʔ↗ɲ	1	0	0	1
bạnh	TONE_NANG	baːʔ↓ɲ	bˈæʔ↓ɲ	1	0	0	1
búac	TONE_SAC	buə↗k	bˈu↗ ˈaː↗c	0	0	0	0
bụac	TONE_NANG	buəʔ↓k	bˈuʔ↓ ˈaː↗c	0	0	0	0
búach	TONE_SAC	buə↗k	bˈu↗ ˈæ↗c	0	0	0	0
bụach	TONE_NANG	buəʔ↓k	bˈuʔ↓ ˈæ↗c	0	0	0	0
ba	TONE_NGANG	baː→	bˈaː	0	0	0	0
bà	TONE_HUYEN	baː↘	bˈaː↘	1	0	0	0
bá	TONE_SAC	baː↗	bˈaː↗	1	0	0	0
bâ	TONE_HOI	baː↓	bˈeˌeɪsˈ↗ːkəmflˌɛks	0	0	0	0
bã	TONE_NGA	baːʔ↗	bˈaːʔ↗	1	0	0	0
bạ	TONE_NANG	baːʔ↓	bˈaːʔ↓	1	0	0	0
bai	TONE_NGANG	baː→j	bˈaːj	0	0	0	0
bài	TONE_HUYEN	baː↘j	bˈaː↘j	1	0	0	0
bái	TONE_SAC	baː↗j	bˈaː↗j	1	0	0	0
bâi	TONE_HOI	baː↓j	bˈeˌeɪsˈ↗ːkəmflˌɛksˈi	0	0	0	0
bãi	TONE_NGA	baːʔ↗j	bˈaːʔ↗j	1	0	0	0
bại	TONE_NANG	baːʔ↓j	bˈaːʔ↓j	1	0	0	0
bay	TONE_NGANG	ba→j	bˈeɪ	0	0	0	0
bày	TONE_HUYEN	ba↘j	bˈa↘j	1	0	0	0
báy	TONE_SAC	ba↗j	bˈa↗j	1	0	0	0
bây	TONE_HOI	ba↓j	bˈəɪ	0	0	0	0
bãy	TONE_NGA	baʔ↗j	bˈaʔ↗j	1	0	0	0
bạy	TONE_NANG	baʔ↓j	bˈaʔ↓j	1	0	0	0
bao	TONE_NGANG	baː→w	bˈaːw	0	0	0	0
bào	TONE_HUYEN	baː↘w	bˈaː↘w	1	0	0	0
báo	TONE_SAC	baː↗w	bˈaː↗w	1	0	0	0
bâo	TONE_HOI	baː↓w	bˈeˌeɪsˈ↗ːkəmflˌɛksˈɔ	0	0	0	0
bão	TONE_NGA	baːʔ↗w	bˈaːʔ↗w	1	0	0	0
bạo	TONE_NANG	baːʔ↓w	bˈaːʔ↓w	1	0	0	0
bau	TONE_NGANG	ba→w	bˈaw	0	0	0	0
bàu	TONE_HUYEN	ba↘w	bˈa↘w	1	0	0	0
báu	TONE_SAC	ba↗w	bˈa↗w	1	0	0	0
bâu	TONE_HOI	ba↓w	bˈə→w	0	0	0	0
bãu	TONE_NGA	baʔ↗w	bˈaʔ↗w	1	0	0	0
bạu	TONE_NANG	baʔ↓w	bˈaʔ↓w	1	0	0	0
bam	TONE_NGANG	baː→m	bˈaːm	0	0	0	0
bàm	TONE_HUYEN	baː↘m	bˈaː↘m	1	0	0	0
bám	TONE_SAC	baː↗m	bˈaː↗m	1	0	0	0
bâm	TONE_HOI	baː↓m	bˈəm	0	0	0	0
bãm	TONE_NGA	baːʔ↗m	bˈaːʔ↗m	1	0	0	0
bạm	TONE_NANG	baːʔ↓m	bˈaːʔ↓m	1	0	0	0
ban	TONE_NGANG	baː→n	bˈæn	0	0	0	0
bàn	TONE_HUYEN	baː↘n	bˈaː↘n	1	0	0	0
bán	TONE_SAC	baː↗n	bˈaː↗n	1	0	0	0
bân	TONE_HOI	baː↓n	bˈən	0	0	0	0
bãn	TONE_NGA	baːʔ↗n	bˈaːʔ↗n	1	0	0	0
bạn	TONE_NANG	baːʔ↓n	bˈaːʔ↓n	1	0	0	0
báp	TONE_SAC	baː↗p	bˈaː↗p	1	0	0	0
bạp	TONE_NANG	baːʔ↓p	bˈaːʔ↓p	1	0	0	0
bát	TONE_SAC	baː↗t	bˈaː↗t	1	0	0	0
bạt	TONE_NANG	baːʔ↓t	bˈaːʔ↓t	1	0	0	0
bang	TONE_NGANG	baː→ŋ	bˈæŋ	0	0	0	0
bàng	TONE_HUYEN	baː↘ŋ	bˈaː↘ŋ	1	0	0	0
báng	TONE_SAC	baː↗ŋ	bˈaː↗ŋ	1	0	0	0
bâng	TONE_HOI	baː↓ŋ	bˈəŋ	0	0	0	0
bãng	TONE_NGA	baːʔ↗ŋ	bˈaːʔ↗ŋ	1	0	0	0
bạng	TONE_NANG	baːʔ↓ŋ	bˈaːʔ↓ŋ	1	0	0	0
banh	TONE_NGANG	baː→ɲ	bˈæɲ	0	0	0	1
bành	TONE_HUYEN	baː↘ɲ	bˈæ↘ɲ	1	0	0	1
bánh	TONE_SAC	baː↗ɲ	bˈæ↗ɲ	1	0	0	1
bânh	TONE_HOI	baː↓ɲ	bˈən hˈa↗t	0	0	0	1
bãnh	TONE_NGA	baːʔ↗ɲ	bˈæʔ↗ɲ	1	0	0	1
bạnh	TONE_NANG	baːʔ↓ɲ	bˈæʔ↓ɲ	1	0	0	1
bác	TONE_SAC	baː↗k	bˈaː↗c	1	0	0	0
bạc	TONE_NANG	baːʔ↓k	bˈaːʔ↓c	1	0	0	0
bách	TONE_SAC	ba↗k	bˈæ↗c	1	0	0	0
bạch	TONE_NANG	baʔ↓k	bˈæʔ↓c	1	0	0	0
bă	TONE_NGANG	ba→	bˈeă	0	1	0	0
bằ	TONE_HUYEN	ba↘	bˈeằ	0	1	0	0
bắ	TONE_SAC	ba↗	bˈeắ	0	1	0	0
bă̂	TONE_HOI	ba↓	bˈeă	0	1	0	0
bẵ	TONE_NGA	baʔ↗	bˈeẵ	0	1	0	0
bặ	TONE_NANG	baʔ↓	bˈeặ	0	1	0	0
băm	TONE_NGANG	ba→m	bˈam	0	0	0	0
bằm	TONE_HUYEN	ba↘m	bˈa↘m	1	0	0	0
bắm	TONE_SAC	ba↗m	bˈa↗m	1	0	0	0
bă̂m	TONE_HOI	ba↓m	bˈeă mˈəː↘	0	1	0	0
bẵm	TONE_NGA	baʔ↗m	bˈaʔ↗m	1	0	0	0
bặm	TONE_NANG	baʔ↓m	bˈaʔ↓m	1	0	0	0
băn	TONE_NGANG	ba→n	bˈan	0	0	0	0
bằn	TONE_HUYEN	ba↘n	bˈa↘n	1	0	0	0
bắn	TONE_SAC	ba↗n	bˈa↗n	1	0	0	0
bă̂n	TONE_HOI	ba↓n	bˈeă nˈəː↘	0	1	0	0
bẵn	TONE_NGA	baʔ↗n	bˈaʔ↗n	1	0	0	0
bặn	TONE_NANG	baʔ↓n	bˈaʔ↓n	1	0	0	0
bắp	TONE_SAC	ba↗p	bˈa↗p	1	0	0	0
bặp	TONE_NANG	baʔ↓p	bˈaʔ↓p	1	0	0	0
bắt	TONE_SAC	ba↗t	bˈa↗t	1	0	0	0
bặt	TONE_NANG	baʔ↓t	bˈaʔ↓t	1	0	0	0
băng	TONE_NGANG	ba→ŋ	bˈaŋ	0	0	0	0
bằng	TONE_HUYEN	ba↘ŋ	bˈa↘ŋ	1	0	0	0
bắng	TONE_SAC	ba↗ŋ	bˈa↗ŋ	1	0	0	0
bă̂ng	TONE_HOI	ba↓ŋ	bˈeă ˌɛndʒˈiː	0	1	0	0
bẵng	TONE_NGA	baʔ↗ŋ	bˈaʔ↗ŋ	1	0	0	0
bặng	TONE_NANG	baʔ↓ŋ	bˈaʔ↓ŋ	1	0	0	0
bắc	TONE_SAC	ba↗k	bˈa↗c	1	0	0	0
bặc	TONE_NANG	baʔ↓k	bˈaʔ↓c	1	0	0	0
bắch	TONE_SAC	ba↗k	bˈa↗c hˈa↗t	0	0	0	0
bặch	TONE_NANG	baʔ↓k	bˈaʔ↓c hˈa↗t	0	0	0	0
bâ	TONE_NGANG	bə→	bˈeˌeɪsˈ↗ːkəmflˌɛks	0	0	0	0
bầ	TONE_HUYEN	bə↘	bˈeầ	0	1	0	0
bấ	TONE_SAC	bə↗	bˈeấ	0	1	0	0
bâ̂	TONE_HOI	bə↓	bˈeˌeɪsˈ↗ːkəmflˌɛks	0	0	0	0
bẫ	TONE_NGA	bəʔ↗	bˈeẫ	0	1	0	0
bậ	TONE_NANG	bəʔ↓	bˈeậ	0	1	0	0
bâi	TONE_NGANG	bə→j	bˈeˌeɪsˈ↗ːkəmflˌɛksˈi	0	0	0	0
bầi	TONE_HUYEN	bə↘j	bˈeầˈi	0	1	0	0
bấi	TONE_SAC	bə↗j	bˈeấˈi	0	1	0	0
bâ̂i	TONE_HOI	bə↓j	bˈeˌeɪsˈ↗ːkəmflˌɛks ˈi	0	0	0	0
bẫi	TONE_NGA	bəʔ↗j	bˈeẫˈi	0	1	0	0
bậi	TONE_NANG	bəʔ↓j	bˈeậˈi	0	1	0	0
bây	TONE_NGANG	bə→j	bˈəɪ	0	0	0	0
bầy	TONE_HUYEN	bə↘j	bˈəɪ↘	1	0	0	0
bấy	TONE_SAC	bə↗j	bˈəɪ↗	1	0	0	0
bâ̂y	TONE_HOI	bə↓j	bˈeˌeɪsˈ↗ːkəmflˌɛks ˈi	0	0	0	0
bẫy	TONE_NGA	bəʔ↗j	bˈəɪʔ↗	1	0	0	0
bậy	TONE_NANG	bəʔ↓j	bˈəɪʔ↓	1	0	0	0
bâo	TONE_NGANG	bə→w	bˈeˌeɪsˈ↗ːkəmflˌɛksˈɔ	0	0	0	0
bầo	TONE_HUYEN	bə↘w	bˈeầˈɔ	0	1	0	0
bấo	TONE_SAC	bə↗w	bˈeấˈɔ	0	1	0	0
bâ̂o	TONE_HOI	bə↓w	bˈeˌeɪsˈ↗ːkəmflˌɛks ˈo	0	0	0	0
bẫo	TONE_NGA	bəʔ↗w	bˈeẫˈɔ	0	1	0	0
bậo	TONE_NANG	bəʔ↓w	bˈeậˈɔ	0	1	0	0
bâu	TONE_NGANG	bə→w	bˈə→w	1	0	0	0
bầu	TONE_HUYEN	bə↘w	bˈə↘w	1	0	0	0
bấu	TONE_SAC	bə↗w	bˈə↗w	1	0	0	0
bâ̂u	TONE_HOI	bə↓w	bˈeˌeɪsˈ↗ːkəmflˌɛks ˈu	0	0	0	0
bẫu	TONE_NGA	bəʔ↗w	bˈəʔ↗w	1	0	0	0
bậu	TONE_NANG	bəʔ↓w	bˈəʔ↓w	1	0	0	0
bâm	TONE_NGANG	bə→m	bˈəm	0	0	0	0
bầm	TONE_HUYEN	bə↘m	bˈə↘m	1	0	0	0
bấm	TONE_SAC	bə↗m	bˈə↗m	1	0	0	0
bâ̂m	TONE_HOI	bə↓m	bˈeˌeɪsˈ↗ːkəmflˌɛks mˈəː↘	0	0	0	0
bẫm	TONE_NGA	bəʔ↗m	bˈəʔ↗m	1	0	0	0
bậm	TONE_NANG	bəʔ↓m	bˈəʔ↓m	1	0	0	0
bân	TONE_NGANG	bə→n	bˈən	0	0	0	0
bần	TONE_HUYEN	bə↘n	bˈə↘n	1	0	0	0
bấn	TONE_SAC	bə↗n	bˈə↗n	1	0	0	0
bâ̂n	TONE_HOI	bə↓n	bˈeˌeɪsˈ↗ːkəmflˌɛks nˈəː↘	0	0	0	0
bẫn	TONE_NGA	bəʔ↗n	bˈəʔ↗n	1	0	0	0
bận	TONE_NANG	bəʔ↓n	bˈəʔ↓n	1	0	0	0
bấp	TONE_SAC	bə↗p	bˈə↗p	1	0	0	0
bập	TONE_NANG	bəʔ↓p	bˈəʔ↓p	1	0	0	0
bất	TONE_SAC	bə↗t	bˈə↗t	1	0	0	0
bật	TONE_NANG	bəʔ↓t	bˈəʔ↓t	1	0	0	0
bâng	TONE_NGANG	bə→ŋ	bˈəŋ	0	0	0	0
bầng	TONE_HUYEN	bə↘ŋ	bˈə↘ŋ	1	0	0	0
bấng	TONE_SAC	bə↗ŋ	bˈə↗ŋ	1	0	0	0
bâ̂ng	TONE_HOI	bə↓ŋ	bˈeˌeɪsˈ↗ːkəmflˌɛks ˌɛndʒˈiː	0	0	0	0
bẫng	TONE_NGA	bəʔ↗ŋ	bˈəʔ↗ŋ	1	0	0	0
bậng	TONE_NANG	bəʔ↓ŋ	bˈəʔ↓ŋ	1	0	0	0
bấc	TONE_SAC	bə↗k	bˈə↗c	1	0	0	0
bậc	TONE_NANG	bəʔ↓k	bˈəʔ↓c	1	0	0	0
bấch	TONE_SAC	bə↗k	bˈə↗c hˈa↗t	0	0	0	0
bậch	TONE_NANG	bəʔ↓k	bˈəʔ↓c hˈa↗t	0	0	0	0
be	TONE_NGANG	bɛ→	bˈiː	0	0	0	0
bè	TONE_HUYEN	bɛ↘	bˈɛ↘	1	0	0	0
bé	TONE_SAC	bɛ↗	bˈɛ↗	1	0	0	0
bê	TONE_HOI	bɛ↓	bˈe	0	0	0	0
bẽ	TONE_NGA	bɛʔ↗	bˈɛʔ↗	1	0	0	0
bẹ	TONE_NANG	bɛʔ↓	bˈɛʔ↓	1	0	0	0
beo	TONE_NGANG	bɛ→w	bˈɛw	0	0	0	0
bèo	TONE_HUYEN	bɛ↘w	bˈɛ↘w	1	0	0	0
béo	TONE_SAC	bɛ↗w	bˈɛ↗w	1	0	0	0
bêo	TONE_HOI	bɛ↓w	bˈe ˈɔ	0	0	0	0
bẽo	TONE_NGA	bɛʔ↗w	bˈɛʔ↗w	1	0	0	0
bẹo	TONE_NANG	bɛʔ↓w	bˈɛʔ↓w	1	0	0	0
beu	TONE_NGANG	bɛ→w	bˈe→w	1	0	0	0
bèu	TONE_HUYEN	bɛ↘w	bˈɛ↘ ˈu	0	0	0	0
béu	TONE_SAC	bɛ↗w	bˈɛ↗ ˈu	0	0	0	0
bêu	TONE_HOI	bɛ↓w	bˈe→w	0	0	0	0
bẽu	TONE_NGA	bɛʔ↗w	bˈɛʔ↗ ˈu	0	0	0	0
bẹu	TONE_NANG	bɛʔ↓w	bˈɛʔ↓ ˈu	0	0	0	0
bem	TONE_NGANG	bɛ→m	bˈɛm	0	0	0	0
bèm	TONE_HUYEN	bɛ↘m	bˈɛ↘m	1	0	0	0
bém	TONE_SAC	bɛ↗m	bˈɛ↗m	1	0	0	0
bêm	TONE_HOI	bɛ↓m	bˈem	0	0	0	0
bẽm	TONE_NGA	bɛʔ↗m	bˈɛʔ↗m	1	0	0	0
bẹm	TONE_NANG	bɛʔ↓m	bˈɛʔ↓m	1	0	0	0
ben	TONE_NGANG	bɛ→n	bˈɛnz	0	0	0	0
bèn	TONE_HUYEN	bɛ↘n	bˈɛ↘n	1	0	0	0
bén	TONE_SAC	bɛ↗n	bˈɛ↗n	1	0	0	0
bên	TONE_HOI	bɛ↓n	bˈen	0	0	0	0
bẽn	TONE_NGA	bɛʔ↗n	bˈɛʔ↗n	1	0	0	0
bẹn	TONE_NANG	bɛʔ↓n	bˈɛʔ↓n	1	0	0	0
bép	TONE_SAC	bɛ↗p	bˈɛ↗p	1	0	0	0
bẹp	TONE_NANG	bɛʔ↓p	bˈɛʔ↓p	1	0	0	0
bét	TONE_SAC	bɛ↗t	bˈɛ↗t	1	0	0	0
bẹt	TONE_NANG	bɛʔ↓t	bˈɛʔ↓t	1	0	0	0
beng	TONE_NGANG	bɛ→ŋ	bˈɛŋ	0	0	0	0
bèng	TONE_HUYEN	bɛ↘ŋ	bˈɛ↘ŋ	1	0	0	0
béng	TONE_SAC	bɛ↗ŋ	bˈɛ↗ŋ	1	0	0	0
bêng	TONE_HOI	bɛ↓ŋ	bˈen ðˈe→	0	0	0	0
bẽng	TONE_NGA	bɛʔ↗ŋ	bˈɛʔ↗ŋ	1	0	0	0
bẹng	TONE_NANG	bɛʔ↓ŋ	bˈɛʔ↓ŋ	1	0	0	0
béc	TONE_SAC	bɛ↗k	bˈɛ↗c	1	0	0	0
bẹc	TONE_NANG	bɛʔ↓k	bˈɛʔ↓c	1	0	0	0
béch	TONE_SAC	bɛ↗k	bˈɛ↗c hˈa↗t	0	0	0	0
bẹch	TONE_NANG	bɛʔ↓k	bˈɛʔ↓c hˈa↗t	0	0	0	0
bê	TONE_NGANG	be→	bˈe	0	0	0	0
bề	TONE_HUYEN	be↘	bˈe↘	1	0	0	0
bế	TONE_SAC	be↗	bˈe↗	1	0	0	0
bê̂	TONE_HOI	be↓	bˈe	0	0	0	0
bễ	TONE_NGA	beʔ↗	bˈeʔ↗	1	0	0	0
bệ	TONE_NANG	beʔ↓	bˈeʔ↓	1	0	0	0
bêo	TONE_NGANG	be→w	bˈe ˈɔ	0	0	0	0
bềo	TONE_HUYEN	be↘w	bˈe↘ ˈɔ	1	0	0	0
bếo	TONE_SAC	be↗w	bˈe↗ ˈɔ	1	0	0	0
bê̂o	TONE_HOI	be↓w	bˈe ˈo	0	0	0	0
bễo	TONE_NGA	beʔ↗w	bˈeʔ↗ ˈɔ	1	0	0	0
bệo	TONE_NANG	beʔ↓w	bˈeʔ↓ ˈɔ	1	0	0	0
bêu	TONE_NGANG	be→w	bˈe→w	1	0	0	0
bều	TONE_HUYEN	be↘w	bˈe↘w	1	0	0	0
bếu	TONE_SAC	be↗w	bˈe↗w	1	0	0	0
bê̂u	TONE_HOI	be↓w	bˈe ˈu	0	0	0	0
bễu	TONE_NGA	beʔ↗w	bˈeʔ↗w	1	0	0	0
bệu	TONE_NANG	beʔ↓w	bˈeʔ↓w	1	0	0	0
bêm	TONE_NGANG	be→m	bˈem	0	0	0	0
bềm	TONE_HUYEN	be↘m	bˈe↘m	1	0	0	0
bếm	TONE_SAC	be↗m	bˈe↗m	1	0	0	0
bê̂m	TONE_HOI	be↓m	bˈe mˈəː↘	0	0	0	0
bễm	TONE_NGA	beʔ↗m	bˈeʔ↗m	1	0	0	0
bệm	TONE_NANG	beʔ↓m	bˈeʔ↓m	1	0	0	0
bên	TONE_NGANG	be→n	bˈen	0	0	0	0
bền	TONE_HUYEN	be↘n	bˈe↘n	1	0	0	0
bến	TONE_SAC	be↗n	bˈe↗n	1	0	0	0
bê̂n	TONE_HOI	be↓n	bˈe nˈəː↘	0	0	0	0
bễn	TONE_NGA	beʔ↗n	bˈeʔ↗n	1	0	0	0
bện	TONE_NANG	beʔ↓n	bˈeʔ↓n	1	0	0	0
bếp	TONE_SAC	be↗p	bˈe↗p	1	0	0	0
bệp	TONE_NANG	beʔ↓p	bˈeʔ↓p	1	0	0	0
bết	TONE_SAC	be↗t	bˈe↗t	1	0	0	0
bệt	TONE_NANG	beʔ↓t	bˈeʔ↓t	1	0	0	0
bênh	TONE_NGANG	be→ɲ	bˈeɲ	0	0	0	0
bềnh	TONE_HUYEN	be↘ɲ	bˈe↘ɲ	1	0	0	0
bếnh	TONE_SAC	be↗ɲ	bˈe↗ɲ	1	0	0	0
bê̂nh	TONE_HOI	be↓ɲ	bˈe ˌɛnˈeɪʧ	0	0	0	0
bễnh	TONE_NGA	beʔ↗ɲ	bˈeʔ↗ɲ	1	0	0	0
bệnh	TONE_NANG	beʔ↓ɲ	bˈeʔ↓ɲ	1	0	0	0
bếc	TONE_SAC	be↗k	bˈe↗ sˈe	0	0	0	0
bệc	TONE_NANG	beʔ↓k	bˈeʔ↓ sˈe	0	0	0	0
bếch	TONE_SAC	be↗k	bˈe↗c	1	0	0	0
bệch	TONE_NANG	beʔ↓k	bˈeʔ↓c	1	0	0	0
bi	TONE_NGANG	bi→	bˈi	0	0	0	0
bì	TONE_HUYEN	bi↘	bˈi↘	1	0	0	0
bí	TONE_SAC	bi↗	bˈi↗	1	0	0	0
bî	TONE_HOI	bi↓	bˈi	0	0	0	0
bĩ	TONE_NGA	biʔ↗	bˈiʔ↗	1	0	0	0
bị	TONE_NANG	biʔ↓	bˌiʔ↓	1	0	0	0
bio	TONE_NGANG	bi→w	bˈaɪoʊ	0	0	0	0
bìo	TONE_HUYEN	bi↘w	bˈi↘ ˈɔ	1	0	0	0
bío	TONE_SAC	bi↗w	bˈiːoʊ	0	0	0	0
bîo	TONE_HOI	bi↓w	bˈaɪoʊ	0	0	0	0
bĩo	TONE_NGA	biʔ↗w	bˈiʔ↗ ˈɔ	1	0	0	0
bịo	TONE_NANG	biʔ↓w	bˌiʔ↓ ˈɔ	1	0	0	0
biu	TONE_NGANG	bi→w	bˈiw	0	0	0	0
bìu	TONE_HUYEN	bi↘w	bˈi↘w	1	0	0	0
bíu	TONE_SAC	bi↗w	bˈi↗w	1	0	0	0
bîu	TONE_HOI	bi↓w	bˈiw	0	0	0	0
bĩu	TONE_NGA	biʔ↗w	bˈiʔ↗w	1	0	0	0
bịu	TONE_NANG	biʔ↓w	bˈiʔ↓w	1	0	0	0
bim	TONE_NGANG	bi→m	bˈim	0	0	0	0
bìm	TONE_HUYEN	bi↘m	bˈi↘m	1	0	0	0
bím	TONE_SAC	bi↗m	bˈi↗m	1	0	0	0
bîm	TONE_HOI	bi↓m	bˈim	0	0	0	0
bĩm	TONE_NGA	biʔ↗m	bˈiʔ↗m	1	0	0	0
bịm	TONE_NANG	biʔ↓m	bˈiʔ↓m	1	0	0	0
bin	TONE_NGANG	bi→n	bˈɪn	0	0	0	0
bìn	TONE_HUYEN	bi↘n	bˈi↘n	1	0	0	0
bín	TONE_SAC	bi↗n	bˈi↗n	1	0	0	0
bîn	TONE_HOI	bi↓n	bˈɪn	0	0	0	0
bĩn	TONE_NGA	biʔ↗n	bˈiʔ↗n	1	0	0	0
bịn	TONE_NANG	biʔ↓n	bˈiʔ↓n	1	0	0	0
bíp	TONE_SAC	bi↗p	bˈi↗p	1	0	0	0
bịp	TONE_NANG	biʔ↓p	bˈiʔ↓p	1	0	0	0
bít	TONE_SAC	bi↗t	bˈi↗t	1	0	0	0
bịt	TONE_NANG	biʔ↓t	bˈiʔ↓t	1	0	0	0
binh	TONE_NGANG	bi→ɲ	bˈiɲ	0	0	0	1
bình	TONE_HUYEN	bi↘ɲ	bˈi↘ɲ	1	0	0	1
bính	TONE_SAC	bi↗ɲ	bˈi↗ɲ	1	0	0	1
bînh	TONE_HOI	bi↓ɲ	bˈiɲ	0	0	0	1
bĩnh	TONE_NGA	biʔ↗ɲ	bˈiʔ↗ɲ	1	0	0	1
bịnh	TONE_NANG	biʔ↓ɲ	bˈiʔ↓ɲ	1	0	0	1
bíc	TONE_SAC	bi↗k	bˈi↗ sˈe	0	0	0	0
bịc	TONE_NANG	biʔ↓k	bˌiʔ↓ sˈe	0	0	0	0
bích	TONE_SAC	bi↗k	bˈi↗c	1	0	0	0
bịch	TONE_NANG	biʔ↓k	bˈiʔ↓c	1	0	0	0
by	TONE_NGANG	bi→	bˈaɪ	0	0	0	0
bỳ	TONE_HUYEN	bi↘	bˈi↘	1	0	0	0
bý	TONE_SAC	bi↗	bˈi↗	1	0	0	0
bŷ	TONE_HOI	bi↓	bˈaɪ	0	0	0	0
bỹ	TONE_NGA	biʔ↗	bˈiʔ↗	1	0	0	0
bỵ	TONE_NANG	biʔ↓	bˈiʔ↓	1	0	0	0
byo	TONE_NGANG	bi→w	bˈaɪoʊ	0	0	0	0
bỳo	TONE_HUYEN	bi↘w	bˈi↘ ˈɔ	1	0	0	0
býo	TONE_SAC	bi↗w	bˈi↗ ˈɔ	1	0	0	0
bŷo	TONE_HOI	bi↓w	bˈaɪoʊ	0	0	0	0
bỹo	TONE_NGA	biʔ↗w	bˈiʔ↗ ˈɔ	1	0	0	0
bỵo	TONE_NANG	biʔ↓w	bˈiʔ↓ ˈɔ	1	0	0	0
byu	TONE_NGANG	bi→w	bˈaɪuː	0	0	0	0
bỳu	TONE_HUYEN	bi↘w	bˈi↘ ˈu	0	0	0	0
býu	TONE_SAC	bi↗w	bˈi↗ ˈu	0	0	0	0
bŷu	TONE_HOI	bi↓w	bˈaɪuː	0	0	0	0
bỹu	TONE_NGA	biʔ↗w	bˈiʔ↗ ˈu	0	0	0	0
bỵu	TONE_NANG	biʔ↓w	bˈiʔ↓ ˈu	0	0	0	0
bym	TONE_NGANG	bi→m	bˈaɪm	0	0	0	0
bỳm	TONE_HUYEN	bi↘m	bˈi↘ ˈməː↘	0	0	0	0
bým	TONE_SAC	bi↗m	bˈi↗ ˈməː↘	0	0	0	0
bŷm	TONE_HOI	bi↓m	bˈaɪm	0	0	0	0
bỹm	TONE_NGA	biʔ↗m	bˈiʔ↗ ˈməː↘	0	0	0	0
bỵm	TONE_NANG	biʔ↓m	bˈiʔ↓ ˈməː↘	0	0	0	0
byn	TONE_NGANG	bi→n	bˈaɪn	0	0	0	0
bỳn	TONE_HUYEN	bi↘n	bˈi↘ ˈɛnəː↘	0	0	0	0
býn	TONE_SAC	bi↗n	bˈi↗ ˈɛnəː↘	0	0	0	0
bŷn	TONE_HOI	bi↓n	bˈaɪn	0	0	0	0
bỹn	TONE_NGA	biʔ↗n	bˈiʔ↗ ˈɛnəː↘	0	0	0	0
bỵn	TONE_NANG	biʔ↓n	bˈiʔ↓ ˈɛnəː↘	0	0	0	0
býp	TONE_SAC	bi↗p	bˈi↗ pˈe	0	0	0	0
bỵp	TONE_NANG	biʔ↓p	bˈiʔ↓ pˈe	0	0	0	0
být	TONE_SAC	bi↗t	bˈi↗ tˈe	0	0	0	0
bỵt	TONE_NANG	biʔ↓t	bˈiʔ↓ tˈe	0	0	0	0
bynh	TONE_NGANG	bi→ɲ	bˈiː ˈɪn	0	0	0	0
bỳnh	TONE_HUYEN	bi↘ɲ	bˈi↘ ˈɛnəː↘hˈa↗t	0	0	0	0
býnh	TONE_SAC	bi↗ɲ	bˈi↗ ˈɛnəː↘hˈa↗t	0	0	0	0
bŷnh	TONE_HOI	bi↓ɲ	bˈiː ˈɪn	0	0	0	0
bỹnh	TONE_NGA	biʔ↗ɲ	bˈiʔ↗ ˈɛnəː↘hˈa↗t	0	0	0	0
bỵnh	TONE_NANG	biʔ↓ɲ	bˈiʔ↓ ˈɛnəː↘hˈa↗t	0	0	0	0
býc	TONE_SAC	bi↗k	bˈi↗ sˈe	0	0	0	0
bỵc	TONE_NANG	biʔ↓k	bˈiʔ↓ sˈe	0	0	0	0
bých	TONE_SAC	bi↗k	bˈi↗ sˈehˈa↗t	0	0	0	0
bỵch	TONE_NANG	biʔ↓k	bˈiʔ↓ sˈehˈa↗t	0	0	0	0
bo	TONE_NGANG	bɔ→	bˈɔ	0	0	0	0
bò	TONE_HUYEN	bɔ↘	bˈɔ↘	1	0	0	0
bó	TONE_SAC	bɔ↗	bˈɔ↗	1	0	0	0
bô	TONE_HOI	bɔ↓	bˈo	0	0	0	0
bõ	TONE_NGA	bɔʔ↗	bˈɔʔ↗	1	0	0	0
bọ	TONE_NANG	bɔʔ↓	bˈɔʔ↓	1	0	0	0
boi	TONE_NGANG	bɔ→j	bˈɔj	0	0	0	0
bòi	TONE_HUYEN	bɔ↘j	bˈɔ↘j	1	0	0	0
bói	TONE_SAC	bɔ↗j	bˈɔ↗j	1	0	0	0
bôi	TONE_HOI	bɔ↓j	bˈoj	0	0	0	0
bõi	TONE_NGA	bɔʔ↗j	bˈɔʔ↗j	1	0	0	0
bọi	TONE_NANG	bɔʔ↓j	bˈɔʔ↓j	1	0	0	0
boy	TONE_NGANG	bɔ→j	bˈɔɪ	0	0	0	0
bòy	TONE_HUYEN	bɔ↘j	bˈɔ↘ ˈi	0	0	0	0
bóy	TONE_SAC	bɔ↗j	bˈɔ↗ ˈi	0	0	0	0
bôy	TONE_HOI	bɔ↓j	bˈo ˈi	0	0	0	0
bõy	TONE_NGA	bɔʔ↗j	bˈɔʔ↗ ˈi	0	0	0	0
bọy	TONE_NANG	bɔʔ↓j	bˈɔʔ↓ ˈi	0	0	0	0
bom	TONE_NGANG	bɔ→m	bˈɔm	0	0	0	0
bòm	TONE_HUYEN	bɔ↘m	bˈɔ↘m	1	0	0	0
bóm	TONE_SAC	bɔ↗m	bˈɔ↗m	1	0	0	0
bôm	TONE_HOI	bɔ↓m	bˈom	0	0	0	0
bõm	TONE_NGA	bɔʔ↗m	bˈɔʔ↗m	1	0	0	0
bọm	TONE_NANG	bɔʔ↓m	bˈɔʔ↓m	1	0	0	0
bon	TONE_NGANG	bɔ→n	bˈɔn	0	0	0	0
bòn	TONE_HUYEN	bɔ↘n	bˈɔ↘n	1	0	0	0
bón	TONE_SAC	bɔ↗n	bˈɔ↗n	1	0	0	0
bôn	TONE_HOI	bɔ↓n	bˈon	0	0	0	0
bõn	TONE_NGA	bɔʔ↗n	bˈɔʔ↗n	1	0	0	0
bọn	TONE_NANG	bɔʔ↓n	bˈɔʔ↓n	1	0	0	0
bóp	TONE_SAC	bɔ↗p	bˈɔ↗p	1	0	0	0
bọp	TONE_NANG	bɔʔ↓p	bˈɔʔ↓p	1	0	0	0
bót	TONE_SAC	bɔ↗t	bˈɔ↗t	1	0	0	0
bọt	TONE_NANG	bɔʔ↓t	bˈɔʔ↓t	1	0	0	0
bong	TONE_NGANG	bɔ→ŋ	bˈɔŋ	0	0	0	0
bòng	TONE_HUYEN	bɔ↘ŋ	bˈɔ↘ŋ	1	0	0	0
bóng	TONE_SAC	bɔ↗ŋ	bˈɔ↗ŋ	1	0	0	0
bông	TONE_HOI	bɔ↓ŋ	bˈoŋ	0	0	0	0
bõng	TONE_NGA	bɔʔ↗ŋ	bˈɔʔ↗ŋ	1	0	0	0
bọng	TONE_NANG	bɔʔ↓ŋ	bˈɔʔ↓ŋ	1	0	0	0
bóc	TONE_SAC	bɔ↗k	bˈɔ↗k	1	0	0	0
bọc	TONE_NANG	bɔʔ↓k	bˈɔʔ↓k	1	0	0	0
bóch	TONE_SAC	bɔ↗k	bˈɔ↗k hˈa↗t	0	0	0	0
bọch	TONE_NANG	bɔʔ↓k	bˈɔʔ↓k hˈa↗t	0	0	0	0
bô	TONE_NGANG	bo→	bˈo	0	0	0	0
bồ	TONE_HUYEN	bo↘	bˈo↘	1	0	0	0
bố	TONE_SAC	bo↗	bˈo↗	1	0	0	0
bô̂	TONE_HOI	bo↓	bˈo	0	0	0	0
bỗ	TONE_NGA	boʔ↗	bˈoʔ↗	1	0	0	0
bộ	TONE_NANG	boʔ↓	bˈoʔ↓	1	0	0	0
bôi	TONE_NGANG	bo→j	bˈoj	0	0	0	0
bồi	TONE_HUYEN	bo↘j	bˈo↘j	1	0	0	0
bối	TONE_SAC	bo↗j	bˈo↗j	1	0	0	0
bô̂i	TONE_HOI	bo↓j	bˈo ˈi	0	0	0	0
bỗi	TONE_NGA	boʔ↗j	bˈoʔ↗j	1	0	0	0
bội	TONE_NANG	boʔ↓j	bˈoʔ↓j	1	0	0	0
bôy	TONE_NGANG	bo→j	bˈo ˈi	0	0	0	0
bồy	TONE_HUYEN	bo↘j	bˈo↘ ˈi	0	0	0	0
bốy	TONE_SAC	bo↗j	bˈo↗ ˈi	0	0	0	0
bô̂y	TONE_HOI	bo↓j	bˈo ˈi	0	0	0	0
bỗy	TONE_NGA	boʔ↗j	bˈoʔ↗ ˈi	0	0	0	0
bộy	TONE_NANG	boʔ↓j	bˈoʔ↓ ˈi	0	0	0	0
bôm	TONE_NGANG	bo→m	bˈom	0	0	0	0
bồm	TONE_HUYEN	bo↘m	bˈo↘m	1	0	0	0
bốm	TONE_SAC	bo↗m	bˈo↗m	1	0	0	0
bô̂m	TONE_HOI	bo↓m	bˈo mˈəː↘	0	0	0	0
bỗm	TONE_NGA	boʔ↗m	bˈoʔ↗m	1	0	0	0
bộm	TONE_NANG	boʔ↓m	bˈoʔ↓m	1	0	0	0
bôn	TONE_NGANG	bo→n	bˈon	0	0	0	0
bồn	TONE_HUYEN	bo↘n	bˈo↘n	1	0	0	0
bốn	TONE_SAC	bo↗n	bˈo↗n	1	0	0	0
bô̂n	TONE_HOI	bo↓n	bˈo nˈəː↘	0	0	0	0
bỗn	TONE_NGA	boʔ↗n	bˈoʔ↗n	1	0	0	0
bộn	TONE_NANG	boʔ↓n	bˈoʔ↓n	1	0	0	0
bốp	TONE_SAC	bo↗p	bˈo↗p	1	0	0	0
bộp	TONE_NANG	boʔ↓p	bˈoʔ↓p	1	0	0	0
bốt	TONE_SAC	bo↗t	bˈo↗t	1	0	0	0
bột	TONE_NANG	boʔ↓t	bˈoʔ↓t	1	0	0	0
bông	TONE_NGANG	bo→ŋ	bˈoŋ	0	0	0	0
bồng	TONE_HUYEN	bo↘ŋ	bˈo↘ŋ	1	0	0	0
bống	TONE_SAC	bo↗ŋ	bˈo↗ŋ	1	0	0	0
bô̂ng	TONE_HOI	bo↓ŋ	bˈo ˌɛndʒˈiː	0	0	0	0
bỗng	TONE_NGA	boʔ↗ŋ	bˈoʔ↗ŋ	1	0	0	0
bộng	TONE_NANG	boʔ↓ŋ	bˈoʔ↓ŋ	1	0	0	0
bốc	TONE_SAC	bo↗k	bˈo↗k	1	0	0	0
bộc	TONE_NANG	boʔ↓k	bˈoʔ↓k	1	0	0	0
bốch	TONE_SAC	bo↗k	bˈo↗k hˈa↗t	0	0	0	0
bộch	TONE_NANG	boʔ↓k	bˈoʔ↓k hˈa↗t	0	0	0	0
bơ	TONE_NGANG	bəː→	bˈəː	0	0	0	0
bờ	TONE_HUYEN	bəː↘	bˈəː↘	1	0	0	0
bớ	TONE_SAC	bəː↗	bˈəː↗	1	0	0	0
bơ̂	TONE_HOI	bəː↓	bˈəː	0	0	0	0
bỡ	TONE_NGA	bəːʔ↗	bˈəːʔ↗	1	0	0	0
bợ	TONE_NANG	bəːʔ↓	bˈəːʔ↓	1	0	0	0
bơi	TONE_NGANG	bəː→j	bˈəːj	0	0	0	0
bời	TONE_HUYEN	bəː↘j	bˈəː↘j	1	0	0	0
bới	TONE_SAC	bəː↗j	bˈəː↗j	1	0	0	0
bơ̂i	TONE_HOI	bəː↓j	bˈəː ˈi	0	0	0	0
bỡi	TONE_NGA	bəːʔ↗j	bˈəːʔ↗j	1	0	0	0
bợi	TONE_NANG	bəːʔ↓j	bˈəːʔ↓j	1	0	0	0
bơy	TONE_NGANG	bəː→j	bˈəː ˈi	0	0	0	0
bờy	TONE_HUYEN	bəː↘j	bˈəː↘ ˈi	0	0	0	0
bớy	TONE_SAC	bəː↗j	bˈəː↗ ˈi	0	0	0	0
bơ̂y	TONE_HOI	bəː↓j	bˈəː ˈi	0	0	0	0
bỡy	TONE_NGA	bəːʔ↗j	bˈəːʔ↗ ˈi	0	0	0	0
bợy	TONE_NANG	bəːʔ↓j	bˈəːʔ↓ ˈi	0	0	0	0
bơm	TONE_NGANG	bəː→m	bˈəːm	0	0	0	0
bờm	TONE_HUYEN	bəː↘m	bˈəː↘m	1	0	0	0
bớm	TONE_SAC	bəː↗m	bˈəː↗m	1	0	0	0
bơ̂m	TONE_HOI	bəː↓m	bˈəː mˈəː↘	0	0	0	0
bỡm	TONE_NGA	bəːʔ↗m	bˈəːʔ↗m	1	0	0	0
bợm	TONE_NANG	bəːʔ↓m	bˈəːʔ↓m	1	0	0	0
bơn	TONE_NGANG	bəː→n	bˈəːn	0	0	0	0
bờn	TONE_HUYEN	bəː↘n	bˈəː↘n	1	0	0	0
bớn	TONE_SAC	bəː↗n	bˈəː↗n	1	0	0	0
bơ̂n	TONE_HOI	bəː↓n	bˈəː nˈəː↘	0	0	0	0
bỡn	TONE_NGA	bəːʔ↗n	bˈəːʔ↗n	1	0	0	0
bợn	TONE_NANG	bəːʔ↓n	bˈəːʔ↓n	1	0	0	0
bớp	TONE_SAC	bəː↗p	bˈəː↗p	1	0	0	0
bợp	TONE_NANG	bəːʔ↓p	bˈəːʔ↓p	1	0	0	0
bớt	TONE_SAC	bəː↗t	bˈəː↗t	1	0	0	0
bợt	TONE_NANG	bəːʔ↓t	bˈəːʔ↓t	1	0	0	0
bớc	TONE_SAC	bəː↗k	bˈəː↗ sˈe	0	0	0	0
bợc	TONE_NANG	bəːʔ↓k	bˈəːʔ↓ sˈe	0	0	0	0
bớch	TONE_SAC	bəː↗k	bˈəː↗ sˈehˈa↗t	0	0	0	0
bợch	TONE_NANG	bəːʔ↓k	bˈəːʔ↓ sˈehˈa↗t	0	0	0	0
bu	TONE_NGANG	bu→	bˈu	0	0	0	0
bù	TONE_HUYEN	bu↘	bˈu↘	1	0	0	0
bú	TONE_SAC	bu↗	bˈu↗	1	0	0	0
bû	TONE_HOI	bu↓	bˈu	0	0	0	0
bũ	TONE_NGA	buʔ↗	bˈuʔ↗	1	0	0	0
bụ	TONE_NANG	buʔ↓	bˈuʔ↓	1	0	0	0
bui	TONE_NGANG	bu→j	bˈuj	0	0	0	0
bùi	TONE_HUYEN	bu↘j	bˈu↘j	1	0	0	0
búi	TONE_SAC	bu↗j	bˈu↗j	1	0	0	0
bûi	TONE_HOI	bu↓j	bˈuj	0	0	0	0
bũi	TONE_NGA	buʔ↗j	bˈuʔ↗j	1	0	0	0
bụi	TONE_NANG	buʔ↓j	bˈuʔ↓j	1	0	0	0
buy	TONE_NGANG	bu→j	bˈaɪ	0	0	0	0
bùy	TONE_HUYEN	bu↘j	bˈu↘ ˈi	0	0	0	0
búy	TONE_SAC	bu↗j	bˈu↗ ˈi	0	0	0	0
bûy	TONE_HOI	bu↓j	bˈaɪ	0	0	0	0
bũy	TONE_NGA	buʔ↗j	bˈuʔ↗ ˈi	0	0	0	0
bụy	TONE_NANG	buʔ↓j	bˈuʔ↓ ˈi	0	0	0	0
bum	TONE_NGANG	bu→m	bˈum	0	0	0	0
bùm	TONE_HUYEN	bu↘m	bˈu↘m	1	0	0	0
búm	TONE_SAC	bu↗m	bˈu↗m	1	0	0	0
bûm	TONE_HOI	bu↓m	bˈum	0	0	0	0
bũm	TONE_NGA	buʔ↗m	bˈuʔ↗m	1	0	0	0
bụm	TONE_NANG	buʔ↓m	bˈuʔ↓m	1	0	0	0
bun	TONE_NGANG	bu→n	bˈun	0	0	0	0
bùn	TONE_HUYEN	bu↘n	bˈu↘n	1	0	0	0
bún	TONE_SAC	bu↗n	bˈu↗n	1	0	0	0
bûn	TONE_HOI	bu↓n	bˈun	0	0	0	0
bũn	TONE_NGA	buʔ↗n	bˈuʔ↗n	1	0	0	0
bụn	TONE_NANG	buʔ↓n	bˈuʔ↓n	1	0	0	0
búp	TONE_SAC	bu↗p	bˈu↗p	1	0	0	0
bụp	TONE_NANG	buʔ↓p	bˈuʔ↓p	1	0	0	0
bút	TONE_SAC	bu↗t	bˈu↗t	1	0	0	0
bụt	TONE_NANG	buʔ↓t	bˈuʔ↓t	1	0	0	0
bung	TONE_NGANG	bu→ŋ	bˈuŋ	0	0	0	0
bùng	TONE_HUYEN	bu↘ŋ	bˈu↘ŋ	1	0	0	0
búng	TONE_SAC	bu↗ŋ	bˈu↗ŋ	1	0	0	0
bûng	TONE_HOI	bu↓ŋ	bˈuŋ	0	0	0	0
bũng	TONE_NGA	buʔ↗ŋ	bˈuʔ↗ŋ	1	0	0	0
bụng	TONE_NANG	buʔ↓ŋ	bˈuʔ↓ŋ	1	0	0	0
búc	TONE_SAC	bu↗k	bˈu↗c	1	0	0	0
bục	TONE_NANG	buʔ↓k	bˈuʔ↓c	1	0	0	0
búch	TONE_SAC	bu↗k	bˈu↗c hˈa↗t	0	0	0	0
bụch	TONE_NANG	buʔ↓k	bˈuʔ↓c hˈa↗t	0	0	0	0
bư	TONE_NGANG	bɨ→	bˈy	0	0	0	0
bừ	TONE_HUYEN	bɨ↘	bˈy↘	1	0	0	0
bứ	TONE_SAC	bɨ↗	bˈy↗	1	0	0	0
bư̂	TONE_HOI	bɨ↓	bˈy	0	0	0	0
bữ	TONE_NGA	bɨʔ↗	bˈyʔ↗	1	0	0	0
bự	TONE_NANG	bɨʔ↓	bˈyʔ↓	1	0	0	0
bưi	TONE_NGANG	bɨ→j	bˈyj	0	0	0	0
bừi	TONE_HUYEN	bɨ↘j	bˈy↘j	1	0	0	0
bứi	TONE_SAC	bɨ↗j	bˈy↗j	1	0	0	0
bư̂i	TONE_HOI	bɨ↓j	bˈy ˈi	0	0	0	0
bữi	TONE_NGA	bɨʔ↗j	bˈyʔ↗j	1	0	0	0
bựi	TONE_NANG	bɨʔ↓j	bˈyʔ↓j	1	0	0	0
bưy	TONE_NGANG	bɨ→j	bˈy ˈi	0	0	0	0
bừy	TONE_HUYEN	bɨ↘j	bˈy↘ ˈi	0	0	0	0
bứy	TONE_SAC	bɨ↗j	bˈy↗ ˈi	0	0	0	0
bư̂y	TONE_HOI	bɨ↓j	bˈy ˈi	0	0	0	0
bữy	TONE_NGA	bɨʔ↗j	bˈyʔ↗ ˈi	0	0	0	0
bựy	TONE_NANG	bɨʔ↓j	bˈyʔ↓ ˈi	0	0	0	0
bưo	TONE_NGANG	bɨ→w	bˈy ˈɔ	0	0	0	0
bừo	TONE_HUYEN	bɨ↘w	bˈy↘ ˈɔ	1	0	0	0
bứo	TONE_SAC	bɨ↗w	bˈy↗ ˈɔ	1	0	0	0
bư̂o	TONE_HOI	bɨ↓w	bˈy ˈo	0	0	0	0
bữo	TONE_NGA	bɨʔ↗w	bˈyʔ↗ ˈɔ	1	0	0	0
bựo	TONE_NANG	bɨʔ↓w	bˈyʔ↓ ˈɔ	1	0	0	0
bưu	TONE_NGANG	bɨ→w	bˈiw	0	0	0	0
bừu	TONE_HUYEN	bɨ↘w	bˈi↘w	1	0	0	0
bứu	TONE_SAC	bɨ↗w	bˈi↗w	1	0	0	0
bư̂u	TONE_HOI	bɨ↓w	bˈy ˈu	0	0	0	0
bữu	TONE_NGA	bɨʔ↗w	bˈiʔ↗w	1	0	0	0
bựu	TONE_NANG	bɨʔ↓w	bˈiʔ↓w	1	0	0	0
bưm	TONE_NGANG	bɨ→m	bˈym	0	0	0	0
bừm	TONE_HUYEN	bɨ↘m	bˈy↘m	1	0	0	0
bứm	TONE_SAC	bɨ↗m	bˈy↗m	1	0	0	0
bư̂m	TONE_HOI	bɨ↓m	bˈy mˈəː↘	0	0	0	0
bữm	TONE_NGA	bɨʔ↗m	bˈyʔ↗m	1	0	0	0
bựm	TONE_NANG	bɨʔ↓m	bˈyʔ↓m	1	0	0	0
bưn	TONE_NGANG	bɨ→n	bˈyn	0	0	0	0
bừn	TONE_HUYEN	bɨ↘n	bˈy↘n	1	0	0	0
bứn	TONE_SAC	bɨ↗n	bˈy↗n	1	0	0	0
bư̂n	TONE_HOI	bɨ↓n	bˈy nˈəː↘	0	0	0	0
bữn	TONE_NGA	bɨʔ↗n	bˈyʔ↗n	1	0	0	0
bựn	TONE_NANG	bɨʔ↓n	bˈyʔ↓n	1	0	0	0
bứp	TONE_SAC	bɨ↗p	bˈy↗ pˈe	0	0	0	0
bựp	TONE_NANG	bɨʔ↓p	bˈyʔ↓ pˈe	0	0	0	0
bứt	TONE_SAC	bɨ↗t	bˈy↗t	1	0	0	0
bựt	TONE_NANG	bɨʔ↓t	bˈyʔ↓t	1	0	0	0
bưng	TONE_NGANG	bɨ→ŋ	bˈyŋ	0	0	0	0
bừng	TONE_HUYEN	bɨ↘ŋ	bˈy↘ŋ	1	0	0	0
bứng	TONE_SAC	bɨ↗ŋ	bˈy↗ŋ	1	0	0	0
bư̂ng	TONE_HOI	bɨ↓ŋ	bˈy ˌɛndʒˈiː	0	0	0	0
bững	TONE_NGA	bɨʔ↗ŋ	bˈyʔ↗ŋ	1	0	0	0
bựng	TONE_NANG	bɨʔ↓ŋ	bˈyʔ↓ŋ	1	0	0	0
bức	TONE_SAC	bɨ↗k	bˈy↗c	1	0	0	0
bực	TONE_NANG	bɨʔ↓k	bˈyʔ↓c	1	0	0	0
bứch	TONE_SAC	bɨ↗k	bˈy↗c hˈa↗t	0	0	0	0
bựch	TONE_NANG	bɨʔ↓k	bˈyʔ↓c hˈa↗t	0	0	0	0
ciê	TONE_NGANG	kiə→	sˈaɪ ˈe	0	0	0	0
ciề	TONE_HUYEN	kiə↘	sˈaɪ ˈe↘	1	0	0	0
ciế	TONE_SAC	kiə↗	sˈaɪ ˈe↗	1	0	0	0
ciê̂	TONE_HOI	kiə↓	sˈaɪ ˈe	0	0	0	0
ciễ	TONE_NGA	kiəʔ↗	sˈaɪ ˈeʔ↗	1	0	0	0
ciệ	TONE_NANG	kiəʔ↓	sˈaɪ ˈeʔ↓	1	0	0	0
ciêo	TONE_NGANG	kiə→w	sˈaɪ ˈeˈɔ	0	0	0	0
ciềo	TONE_HUYEN	kiə↘w	sˈaɪ ˈe↘ˈɔ	1	0	0	0
ciếo	TONE_SAC	kiə↗w	sˈaɪ ˈe↗ˈɔ	1	0	0	0
ciê̂o	TONE_HOI	kiə↓w	sˈaɪ ˈe ˈo	0	0	0	0
ciễo	TONE_NGA	kiəʔ↗w	sˈaɪ ˈeʔ↗ˈɔ	1	0	0	0
ciệo	TONE_NANG	kiəʔ↓w	sˈaɪ ˈeʔ↓ˈɔ	1	0	0	0
ciêu	TONE_NGANG	kiə→w	sˈaɪ ˈeˈu	0	0	0	0
ciều	TONE_HUYEN	kiə↘w	sˈaɪ ˈe↘ˈu	0	0	0	0
ciếu	TONE_SAC	kiə↗w	sˈaɪ ˈe↗ˈu	0	0	0	0
ciê̂u	TONE_HOI	kiə↓w	sˈaɪ ˈe ˈu	0	0	0	0
ciễu	TONE_NGA	kiəʔ↗w	sˈaɪ ˈeʔ↗ˈu	0	0	0	0
ciệu	TONE_NANG	kiəʔ↓w	sˈaɪ ˈeʔ↓ˈu	0	0	0	0
ciêm	TONE_NGANG	kiə→m	sˈaɪ ˈem	0	0	0	0
ciềm	TONE_HUYEN	kiə↘m	sˈaɪ ˈe↘m	1	0	0	0
ciếm	TONE_SAC	kiə↗m	sˈaɪ ˈe↗m	1	0	0	0
ciê̂m	TONE_HOI	kiə↓m	sˈaɪ ˈe mˈəː↘	0	0	0	0
ciễm	TONE_NGA	kiəʔ↗m	sˈaɪ ˈeʔ↗m	1	0	0	0
ciệm	TONE_NANG	kiəʔ↓m	sˈaɪ ˈeʔ↓m	1	0	0	0
ciên	TONE_NGANG	kiə→n	sˈaɪ ˈen	0	0	0	0
ciền	TONE_HUYEN	kiə↘n	sˈaɪ ˈe↘n	1	0	0	0
ciến	TONE_SAC	kiə↗n	sˈaɪ ˈe↗n	1	0	0	0
ciê̂n	TONE_HOI	kiə↓n	sˈaɪ ˈe nˈəː↘	0	0	0	0
ciễn	TONE_NGA	kiəʔ↗n	sˈaɪ ˈeʔ↗n	1	0	0	0
ciện	TONE_NANG	kiəʔ↓n	sˈaɪ ˈeʔ↓n	1	0	0	0
ciếp	TONE_SAC	kiə↗p	sˈaɪ ˈe↗p	1	0	0	0
ciệp	TONE_NANG	kiəʔ↓p	sˈaɪ ˈeʔ↓p	1	0	0	0
ciết	TONE_SAC	kiə↗t	sˈaɪ ˈe↗t	1	0	0	0
ciệt	TONE_NANG	kiəʔ↓t	sˈaɪ ˈeʔ↓t	1	0	0	0
ciêng	TONE_NGANG	kiə→ŋ	sˈe ˈiɛŋ	0	0	0	0
ciềng	TONE_HUYEN	kiə↘ŋ	sˈe ˈiɛ↘ŋ	1	0	0	0
ciếng	TONE_SAC	kiə↗ŋ	sˈe ˈiɛ↗ŋ	1	0	0	0
ciê̂ng	TONE_HOI	kiə↓ŋ	sˈaɪ ˈe ˌɛndʒˈiː	0	0	0	0
ciễng	TONE_NGA	kiəʔ↗ŋ	sˈe ˈiɛʔ↗ŋ	1	0	0	0
ciệng	TONE_NANG	kiəʔ↓ŋ	sˈe ˈiɛʔ↓ŋ	1	0	0	0
ciênh	TONE_NGANG	kiə→ɲ	sˈaɪ ˈeɲ	0	0	0	0
ciềnh	TONE_HUYEN	kiə↘ɲ	sˈaɪ ˈe↘ɲ	1	0	0	0
ciếnh	TONE_SAC	kiə↗ɲ	sˈaɪ ˈe↗ɲ	1	0	0	0
ciê̂nh	TONE_HOI	kiə↓ɲ	sˈaɪ ˈe ˌɛnˈeɪʧ	0	0	0	0
ciễnh	TONE_NGA	kiəʔ↗ɲ	sˈaɪ ˈeʔ↗ɲ	1	0	0	0
ciệnh	TONE_NANG	kiəʔ↓ɲ	sˈaɪ ˈeʔ↓ɲ	1	0	0	0
ciếc	TONE_SAC	kiə↗k	sˈe ˈiɛ↗c	1	0	0	0
ciệc	TONE_NANG	kiəʔ↓k	sˈe ˈiɛʔ↓c	1	0	0	0
ciếch	TONE_SAC	kiə↗k	sˈaɪ ˈe↗c	1	0	0	0
ciệch	TONE_NANG	kiəʔ↓k	sˈaɪ ˈeʔ↓c	1	0	0	0
cyê	TONE_NGANG	kiə→	sˈaɪ ˈe	0	0	0	0
cyề	TONE_HUYEN	kiə↘	sˈaɪ ˈe↘	1	0	0	0
cyế	TONE_SAC	kiə↗	sˈaɪ ˈe↗	1	0	0	0
cyê̂	TONE_HOI	kiə↓	sˈaɪ ˈe	0	0	0	0
cyễ	TONE_NGA	kiəʔ↗	sˈaɪ ˈeʔ↗	1	0	0	0
cyệ	TONE_NANG	kiəʔ↓	sˈaɪ ˈeʔ↓	1	0	0	0
cyêo	TONE_NGANG	kiə→w	sˈaɪ ˈeˈɔ	0	0	0	0
cyềo	TONE_HUYEN	kiə↘w	sˈaɪ ˈe↘ˈɔ	1	0	0	0
cyếo	TONE_SAC	kiə↗w	sˈaɪ ˈe↗ˈɔ	1	0	0	0
cyê̂o	TONE_HOI	kiə↓w	sˈaɪ ˈe ˈo	0	0	0	0
cyễo	TONE_NGA	kiəʔ↗w	sˈaɪ ˈeʔ↗ˈɔ	1	0	0	0
cyệo	TONE_NANG	kiəʔ↓w	sˈaɪ ˈeʔ↓ˈɔ	1	0	0	0
cyêu	TONE_NGANG	kiə→w	sˈaɪ ˈeˈu	0	0	0	0
cyều	TONE_HUYEN	kiə↘w	sˈaɪ ˈe↘ˈu	0	0	0	0
cyếu	TONE_SAC	kiə↗w	sˈaɪ ˈe↗ˈu	0	0	0	0
cyê̂u	TONE_HOI	kiə↓w	sˈaɪ ˈe ˈu	0	0	0	0
cyễu	TONE_NGA	kiəʔ↗w	sˈaɪ ˈeʔ↗ˈu	0	0	0	0
cyệu	TONE_NANG	kiəʔ↓w	sˈaɪ ˈeʔ↓ˈu	0	0	0	0
cyêm	TONE_NGANG	kiə→m	sˈaɪ ˈem	0	0	0	0
cyềm	TONE_HUYEN	kiə↘m	sˈaɪ ˈe↘m	1	0	0	0
cyếm	TONE_SAC	kiə↗m	sˈaɪ ˈe↗m	1	0	0	0
cyê̂m	TONE_HOI	kiə↓m	sˈaɪ ˈe mˈəː↘	0	0	0	0
cyễm	TONE_NGA	kiəʔ↗m	sˈaɪ ˈeʔ↗m	1	0	0	0
cyệm	TONE_NANG	kiəʔ↓m	sˈaɪ ˈeʔ↓m	1	0	0	0
cyên	TONE_NGANG	kiə→n	sˈaɪ ˈen	0	0	0	0
cyền	TONE_HUYEN	kiə↘n	sˈaɪ ˈe↘n	1	0	0	0
cyến	TONE_SAC	kiə↗n	sˈaɪ ˈe↗n	1	0	0	0
cyê̂n	TONE_HOI	kiə↓n	sˈaɪ ˈe nˈəː↘	0	0	0	0
cyễn	TONE_NGA	kiəʔ↗n	sˈaɪ ˈeʔ↗n	1	0	0	0
cyện	TONE_NANG	kiəʔ↓n	sˈaɪ ˈeʔ↓n	1	0	0	0
cyếp	TONE_SAC	kiə↗p	sˈaɪ ˈe↗p	1	0	0	0
cyệp	TONE_NANG	kiəʔ↓p	sˈaɪ ˈeʔ↓p	1	0	0	0
cyết	TONE_SAC	kiə↗t	sˈaɪ ˈe↗t	1	0	0	0
cyệt	TONE_NANG	kiəʔ↓t	sˈaɪ ˈeʔ↓t	1	0	0	0
cyêng	TONE_NGANG	kiə→ŋ	sˈe ˈiɛŋ	0	0	0	0
cyềng	TONE_HUYEN	kiə↘ŋ	sˈe ˈiɛ↘ŋ	1	0	0	0
cyếng	TONE_SAC	kiə↗ŋ	sˈe ˈiɛ↗ŋ	1	0	0	0
cyê̂ng	TONE_HOI	kiə↓ŋ	sˈaɪ ˈe ˌɛndʒˈiː	0	0	0	0
cyễng	TONE_NGA	kiəʔ↗ŋ	sˈe ˈiɛʔ↗ŋ	1	0	0	0
cyệng	TONE_NANG	kiəʔ↓ŋ	sˈe ˈiɛʔ↓ŋ	1	0	0	0
cyênh	TONE_NGANG	kiə→ɲ	sˈaɪ ˈeɲ	0	0	0	0
cyềnh	TONE_HUYEN	kiə↘ɲ	sˈaɪ ˈe↘ɲ	1	0	0	0
cyếnh	TONE_SAC	kiə↗ɲ	sˈaɪ ˈe↗ɲ	1	0	0	0
cyê̂nh	TONE_HOI	kiə↓ɲ	sˈaɪ ˈe ˌɛnˈeɪʧ	0	0	0	0
cyễnh	TONE_NGA	kiəʔ↗ɲ	sˈaɪ ˈeʔ↗ɲ	1	0	0	0
cyệnh	TONE_NANG	kiəʔ↓ɲ	sˈaɪ ˈeʔ↓ɲ	1	0	0	0
cyếc	TONE_SAC	kiə↗k	sˈaɪ ˈe↗sˈe	0	0	0	0
cyệc	TONE_NANG	kiəʔ↓k	sˈaɪ ˈeʔ↓sˈe	0	0	0	0
cyếch	TONE_SAC	kiə↗k	sˈaɪ ˈe↗c	1	0	0	0
cyệch	TONE_NANG	kiəʔ↓k	sˈaɪ ˈeʔ↓c	1	0	0	0
cia	TONE_NGANG	kiə→	sˌiːˌaɪˈeɪ	0	0	0	0
cìa	TONE_HUYEN	kiə↘	sˈaɪ ˈaː	0	0	0	0
cía	TONE_SAC	kiə↗	sˈaɪ ˈaː	0	0	0	0
cîa	TONE_HOI	kiə↓	sˌiːˌaɪˈeɪ	0	0	0	0
cĩa	TONE_NGA	kiəʔ↗	sˈeˈiʔ↗ˈaː	0	0	0	0
cịa	TONE_NANG	kiəʔ↓	sˈeˈiʔ↓ˈaː	0	0	0	0
ciao	TONE_NGANG	kiə→w	ʧˈaʊ	0	0	0	0
cìao	TONE_HUYEN	kiə↘w	sˈaɪ ˈaːˈɔ	0	0	0	0
cíao	TONE_SAC	kiə↗w	sˈaɪ ˈaːˈɔ	0	0	0	0
cîao	TONE_HOI	kiə↓w	ʧˈaʊ	0	0	0	0
cĩao	TONE_NGA	kiəʔ↗w	sˈe ˈiʔ↗ˈaːˈɔ	0	0	0	0
cịao	TONE_NANG	kiəʔ↓w	sˈe ˈiʔ↓ˈaːˈɔ	0	0	0	0
ciau	TONE_NGANG	kiə→w	sˈaɪ ˈeɪjˈuː	0	0	0	0
cìau	TONE_HUYEN	kiə↘w	sˈaɪ ˈaːˈu	0	0	0	0
cíau	TONE_SAC	kiə↗w	sˈaɪ ˈaːˈu	0	0	0	0
cîau	TONE_HOI	kiə↓w	sˈaɪ ˈeɪjˈuː	0	0	0	0
cĩau	TONE_NGA	kiəʔ↗w	sˈeˈiʔ↗ ˈaːˈu	0	0	0	0
cịau	TONE_NANG	kiəʔ↓w	sˈeˈiʔ↓ ˈaːˈu	0	0	0	0
ciam	TONE_NGANG	kiə→m	sˈiəm	0	0	0	0
cìam	TONE_HUYEN	kiə↘m	sˈaɪ ˈaːm	0	0	0	0
cíam	TONE_SAC	kiə↗m	sˈaɪ ˈaːm	0	0	0	0
cîam	TONE_HOI	kiə↓m	sˈiəm	0	0	0	0
cĩam	TONE_NGA	kiəʔ↗m	sˈeˈiʔ↗ ˈaːm	0	0	0	0
cịam	TONE_NANG	kiəʔ↓m	sˈeˈiʔ↓ ˈaːm	0	0	0	0
cian	TONE_NGANG	kiə→n	sˈaɪən	0	0	0	0
cìan	TONE_HUYEN	kiə↘n	sˈaɪ ˈaːn	0	0	0	0
cían	TONE_SAC	kiə↗n	sˈaɪ ˈaːn	0	0	0	0
cîan	TONE_HOI	kiə↓n	sˈaɪən	0	0	0	0
cĩan	TONE_NGA	kiəʔ↗n	sˈeˈiʔ↗ ˈaːn	0	0	0	0
cịan	TONE_NANG	kiəʔ↓n	sˈeˈiʔ↓ ˈaːn	0	0	0	0
cíap	TONE_SAC	kiə↗p	sˈaɪ ˈaː↗p	1	0	0	0
cịap	TONE_NANG	kiəʔ↓p	sˈeˈiʔ↓ ˈaː↗p	0	0	0	0
cíat	TONE_SAC	kiə↗t	sˈaɪ ˈaː↗t	1	0	0	0
cịat	TONE_NANG	kiəʔ↓t	sˈeˈiʔ↓ ˈaː↗t	0	0	0	0
ciang	TONE_NGANG	kiə→ŋ	sˈaɪ ˈaːŋ	0	0	0	0
cìang	TONE_HUYEN	kiə↘ŋ	sˈaɪ ˈaːŋ	0	0	0	0
cíang	TONE_SAC	kiə↗ŋ	sˈaɪ ˈaːŋ	0	0	0	0
cîang	TONE_HOI	kiə↓ŋ	sˈaɪ ˈaːŋ	0	0	0	0
cĩang	TONE_NGA	kiəʔ↗ŋ	sˈeˈiʔ↗ ˈaːŋ	0	0	0	0
cịang	TONE_NANG	kiəʔ↓ŋ	sˈeˈiʔ↓ ˈaːŋ	0	0	0	0
cianh	TONE_NGANG	kiə→ɲ	sˈaɪ ˈæɲ	0	0	0	0
cìanh	TONE_HUYEN	kiə↘ɲ	sˈaɪ ˈæɲ	0	0	0	0
cíanh	TONE_SAC	kiə↗ɲ	sˈaɪ ˈæɲ	0	0	0	0
cîanh	TONE_HOI	kiə↓ɲ	sˈaɪ ˈæɲ	0	0	0	0
cĩanh	TONE_NGA	kiəʔ↗ɲ	sˈeˈiʔ↗ ˈæɲ	0	0	0	0
cịanh	TONE_NANG	kiəʔ↓ɲ	sˈeˈiʔ↓ ˈæɲ	0	0	0	0
cíac	TONE_SAC	kiə↗k	sˈaɪ ˈaː↗c	1	0	0	0
cịac	TONE_NANG	kiəʔ↓k	sˈeˈiʔ↓ ˈaː↗c	0	0	0	0
cíach	TONE_SAC	kiə↗k	sˈaɪ ˈæ↗c	1	0	0	0
cịach	TONE_NANG	kiəʔ↓k	sˈeˈiʔ↓ ˈæ↗c	0	0	0	0
cya	TONE_NGANG	kiə→	sˈaɪə	0	0	0	0
cỳa	TONE_HUYEN	kiə↘	sˈeˈi↘ˈaː	0	0	0	0
cýa	TONE_SAC	kiə↗	sˈeˈi↗ˈaː	0	0	0	0
cŷa	TONE_HOI	kiə↓	sˈaɪə	0	0	0	0
cỹa	TONE_NGA	kiəʔ↗	sˈeˈiʔ↗ˈaː	0	0	0	0
cỵa	TONE_NANG	kiəʔ↓	sˈeˈiʔ↓ˈaː	0	0	0	0
cyao	TONE_NGANG	kiə→w	sˈaɪə ˈoʊ	0	0	0	0
cỳao	TONE_HUYEN	kiə↘w	sˈe ˈi↘ˈaːˈɔ	0	0	0	0
cýao	TONE_SAC	kiə↗w	sˈe ˈi↗ˈaːˈɔ	0	0	0	0
cŷao	TONE_HOI	kiə↓w	sˈaɪə ˈoʊ	0	0	0	0
cỹao	TONE_NGA	kiəʔ↗w	sˈe ˈiʔ↗ˈaːˈɔ	0	0	0	0
cỵao	TONE_NANG	kiəʔ↓w	sˈe ˈiʔ↓ˈaːˈɔ	0	0	0	0
cyau	TONE_NGANG	kiə→w	sˈaɪə jˈuː	0	0	0	0
cỳau	TONE_HUYEN	kiə↘w	sˈeˈi↘ ˈaːˈu	0	0	0	0
cýau	TONE_SAC	kiə↗w	sˈeˈi↗ ˈaːˈu	0	0	0	0
cŷau	TONE_HOI	kiə↓w	sˈaɪə jˈuː	0	0	0	0
cỹau	TONE_NGA	kiəʔ↗w	sˈeˈiʔ↗ ˈaːˈu	0	0	0	0
cỵau	TONE_NANG	kiəʔ↓w	sˈeˈiʔ↓ ˈaːˈu	0	0	0	0
cyam	TONE_NGANG	kiə→m	sˈaɪ æm	0	0	0	0
cỳam	TONE_HUYEN	kiə↘m	sˈeˈi↘ ˈaːm	0	0	0	0
cýam	TONE_SAC	kiə↗m	sˈeˈi↗ ˈaːm	0	0	0	0
cŷam	TONE_HOI	kiə↓m	sˈaɪ æm	0	0	0	0
cỹam	TONE_NGA	kiəʔ↗m	sˈeˈiʔ↗ ˈaːm	0	0	0	0
cỵam	TONE_NANG	kiəʔ↓m	sˈeˈiʔ↓ ˈaːm	0	0	0	0
cyan	TONE_NGANG	kiə→n	saɪˈæn	0	0	0	0
cỳan	TONE_HUYEN	kiə↘n	sˈeˈi↘ ˈaːn	0	0	0	0
cýan	TONE_SAC	kiə↗n	sˈeˈi↗ ˈaːn	0	0	0	0
cŷan	TONE_HOI	kiə↓n	saɪˈæn	0	0	0	0
cỹan	TONE_NGA	kiəʔ↗n	sˈeˈiʔ↗ ˈaːn	0	0	0	0
cỵan	TONE_NANG	kiəʔ↓n	sˈeˈiʔ↓ ˈaːn	0	0	0	0
cýap	TONE_SAC	kiə↗p	sˈeˈi↗ ˈaː↗p	0	0	0	0
cỵap	TONE_NANG	kiəʔ↓p	sˈeˈiʔ↓ ˈaː↗p	0	0	0	0
cýat	TONE_SAC	kiə↗t	sˈeˈi↗ ˈaː↗t	0	0	0	0
cỵat	TONE_NANG	kiəʔ↓t	sˈeˈiʔ↓ ˈaː↗t	0	0	0	0
cyang	TONE_NGANG	kiə→ŋ	sˈaɪ ˈaːŋ	0	0	0	0
cỳang	TONE_HUYEN	kiə↘ŋ	sˈeˈi↘ ˈaːŋ	0	0	0	0
cýang	TONE_SAC	kiə↗ŋ	sˈeˈi↗ ˈaːŋ	0	0	0	0
cŷang	TONE_HOI	kiə↓ŋ	sˈaɪ ˈaːŋ	0	0	0	0
cỹang	TONE_NGA	kiəʔ↗ŋ	sˈeˈiʔ↗ ˈaːŋ	0	0	0	0
cỵang	TONE_NANG	kiəʔ↓ŋ	sˈeˈiʔ↓ ˈaːŋ	0	0	0	0
cyanh	TONE_NGANG	kiə→ɲ	sˈaɪ ˈæɲ	0	0	0	0
cỳanh	TONE_HUYEN	kiə↘ɲ	sˈeˈi↘ ˈæɲ	0	0	0	0
cýanh	TONE_SAC	kiə↗ɲ	sˈeˈi↗ ˈæɲ	0	0	0	0
cŷanh	TONE_HOI	kiə↓ɲ	sˈaɪ ˈæɲ	0	0	0	0
cỹanh	TONE_NGA	kiəʔ↗ɲ	sˈeˈiʔ↗ ˈæɲ	0	0	0	0
cỵanh	TONE_NANG	kiəʔ↓ɲ	sˈeˈiʔ↓ ˈæɲ	0	0	0	0
cýac	TONE_SAC	kiə↗k	sˈeˈi↗ ˈaː↗c	0	0	0	0
cỵac	TONE_NANG	kiəʔ↓k	sˈeˈiʔ↓ ˈaː↗c	0	0	0	0
cýach	TONE_SAC	kiə↗k	sˈeˈi↗ ˈæ↗c	0	0	0	0
cỵach	TONE_NANG	kiəʔ↓k	sˈeˈiʔ↓ ˈæ↗c	0	0	0	0
cươ	TONE_NGANG	kɨə→	kˈy ˈəː	0	0	0	0
cườ	TONE_HUYEN	kɨə↘	kˈy ˈəː↘	1	0	0	0
cướ	TONE_SAC	kɨə↗	kˈy ˈəː↗	1	0	0	0
cươ̂	TONE_HOI	kɨə↓	kˈy ˈəː	0	0	0	0
cưỡ	TONE_NGA	kɨəʔ↗	kˈy ˈəːʔ↗	1	0	0	0
cượ	TONE_NANG	kɨəʔ↓	kˈy ˈəːʔ↓	1	0	0	0
cươi	TONE_NGANG	kɨə→j	kˈyəj	0	0	0	0
cười	TONE_HUYEN	kɨə↘j	kˈyə↘j	1	0	0	0
cưới	TONE_SAC	kɨə↗j	kˈyə↗j	1	0	0	0
cươ̂i	TONE_HOI	kɨə↓j	kˈy ˈəː ˈi	0	0	0	0
cưỡi	TONE_NGA	kɨəʔ↗j	kˈyəʔ↗j	1	0	0	0
cượi	TONE_NANG	kɨəʔ↓j	kˈyəʔ↓j	1	0	0	0
cươy	TONE_NGANG	kɨə→j	kˈy ˈəːˈi	0	0	0	0
cườy	TONE_HUYEN	kɨə↘j	kˈy ˈəː↘ˈi	0	0	0	0
cướy	TONE_SAC	kɨə↗j	kˈy ˈəː↗ˈi	0	0	0	0
cươ̂y	TONE_HOI	kɨə↓j	kˈy ˈəː ˈi	0	0	0	0
cưỡy	TONE_NGA	kɨəʔ↗j	kˈy ˈəːʔ↗ˈi	0	0	0	0
cượy	TONE_NANG	kɨəʔ↓j	kˈy ˈəːʔ↓ˈi	0	0	0	0
cươo	TONE_NGANG	kɨə→w	kˈy ˈəːˈɔ	0	0	0	0
cườo	TONE_HUYEN	kɨə↘w	kˈy ˈəː↘ˈɔ	1	0	0	0
cướo	TONE_SAC	kɨə↗w	kˈy ˈəː↗ˈɔ	1	0	0	0
cươ̂o	TONE_HOI	kɨə↓w	kˈy ˈəː ˈo	0	0	0	0
cưỡo	TONE_NGA	kɨəʔ↗w	kˈy ˈəːʔ↗ˈɔ	1	0	0	0
cượo	TONE_NANG	kɨəʔ↓w	kˈy ˈəːʔ↓ˈɔ	1	0	0	0
cươu	TONE_NGANG	kɨə→w	kˈyəw	0	0	0	0
cườu	TONE_HUYEN	kɨə↘w	kˈyə↘w	1	0	0	0
cướu	TONE_SAC	kɨə↗w	kˈyə↗w	1	0	0	0
cươ̂u	TONE_HOI	kɨə↓w	kˈy ˈəː ˈu	0	0	0	0
cưỡu	TONE_NGA	kɨəʔ↗w	kˈyəʔ↗w	1	0	0	0
cượu	TONE_NANG	kɨəʔ↓w	kˈyəʔ↓w	1	0	0	0
cươm	TONE_NGANG	kɨə→m	kˈyəm	0	0	0	0
cườm	TONE_HUYEN	kɨə↘m	kˈyə↘m	1	0	0	0
cướm	TONE_SAC	kɨə↗m	kˈyə↗m	1	0	0	0
cươ̂m	TONE_HOI	kɨə↓m	kˈy ˈəː mˈəː↘	0	0	0	0
cưỡm	TONE_NGA	kɨəʔ↗m	kˈyəʔ↗m	1	0	0	0
cượm	TONE_NANG	kɨəʔ↓m	kˈyəʔ↓m	1	0	0	0
cướp	TONE_SAC	kɨə↗p	kˈyə↗p	1	0	0	0
cượp	TONE_NANG	kɨəʔ↓p	kˈyəʔ↓p	1	0	0	0
cướt	TONE_SAC	kɨə↗t	kˈyə↗t	1	0	0	0
cượt	TONE_NANG	kɨəʔ↓t	kˈyəʔ↓t	1	0	0	0
cương	TONE_NGANG	kɨə→ŋ	kˈyəŋ	0	0	0	0
cường	TONE_HUYEN	kɨə↘ŋ	kˈyə↘ŋ	1	0	0	0
cướng	TONE_SAC	kɨə↗ŋ	kˈyə↗ŋ	1	0	0	0
cươ̂ng	TONE_HOI	kɨə↓ŋ	kˈy ˈəː ˌɛndʒˈiː	0	0	0	0
cưỡng	TONE_NGA	kɨəʔ↗ŋ	kˈyəʔ↗ŋ	1	0	0	0
cượng	TONE_NANG	kɨəʔ↓ŋ	kˈyəʔ↓ŋ	1	0	0	0
cước	TONE_SAC	kɨə↗k	kˈyə↗c	1	0	0	0
cược	TONE_NANG	kɨəʔ↓k	kˈyəʔ↓c	1	0	0	0
cướch	TONE_SAC	kɨə↗k	kˈyə↗c hˈa↗t	0	0	0	0
cượch	TONE_NANG	kɨəʔ↓k	kˈyəʔ↓c hˈa↗t	0	0	0	0
cưa	TONE_NGANG	kɨə→	kˈyə	0	0	0	0
cừa	TONE_HUYEN	kɨə↘	kˈyə↘	1	0	0	0
cứa	TONE_SAC	kɨə↗	kˈyə↗	1	0	0	0
cư̂a	TONE_HOI	kɨə↓	kˈy ˈaː	0	0	0	0
cữa	TONE_NGA	kɨəʔ↗	kˈyəʔ↗	1	0	0	0
cựa	TONE_NANG	kɨəʔ↓	kˈyəʔ↓	1	0	0	0
cưai	TONE_NGANG	kɨə→j	kˈyə ˈi	0	0	0	0
cừai	TONE_HUYEN	kɨə↘j	kˈyə↘ ˈi	0	0	0	0
cứai	TONE_SAC	kɨə↗j	kˈyə↗ ˈi	0	0	0	0
cư̂ai	TONE_HOI	kɨə↓j	kˈy ˈaːj	0	0	0	0
cữai	TONE_NGA	kɨəʔ↗j	kˈyəʔ↗ ˈi	0	0	0	0
cựai	TONE_NANG	kɨəʔ↓j	kˈyəʔ↓ ˈi	0	0	0	0
cưay	TONE_NGANG	kɨə→j	kˈyə ˈi	0	0	0	0
cừay	TONE_HUYEN	kɨə↘j	kˈyə↘ ˈi	0	0	0	0
cứay	TONE_SAC	kɨə↗j	kˈyə↗ ˈi	0	0	0	0
cư̂ay	TONE_HOI	kɨə↓j	kˈy ˈaj	0	0	0	0
cữay	TONE_NGA	kɨəʔ↗j	kˈyəʔ↗ ˈi	0	0	0	0
cựay	TONE_NANG	kɨəʔ↓j	kˈyəʔ↓ ˈi	0	0	0	0
cưao	TONE_NGANG	kɨə→w	kˈyə ˈɔ	0	0	0	0
cừao	TONE_HUYEN	kɨə↘w	kˈyə↘ ˈɔ	1	0	0	0
cứao	TONE_SAC	kɨə↗w	kˈyə↗ ˈɔ	1	0	0	0
cư̂ao	TONE_HOI	kɨə↓w	kˈy ˈaːw	0	0	0	0
cữao	TONE_NGA	kɨəʔ↗w	kˈyəʔ↗ ˈɔ	1	0	0	0
cựao	TONE_NANG	kɨəʔ↓w	kˈyəʔ↓ ˈɔ	1	0	0	0
cưau	TONE_NGANG	kɨə→w	kˈyə ˈu	0	0	0	0
cừau	TONE_HUYEN	kɨə↘w	kˈyə↘ ˈu	0	0	0	0
cứau	TONE_SAC	kɨə↗w	kˈyə↗ ˈu	0	0	0	0
cư̂au	TONE_HOI	kɨə↓w	kˈy ˈaw	0	0	0	0
cữau	TONE_NGA	kɨəʔ↗w	kˈyəʔ↗ ˈu	0	0	0	0
cựau	TONE_NANG	kɨəʔ↓w	kˈyəʔ↓ ˈu	0	0	0	0
cưam	TONE_NGANG	kɨə→m	kˈy ˈaːm	0	0	0	0
cừam	TONE_HUYEN	kɨə↘m	kˈy↘ ˈaːm	0	0	0	0
cứam	TONE_SAC	kɨə↗m	kˈy↗ ˈaːm	0	0	0	0
cư̂am	TONE_HOI	kɨə↓m	kˈy ˈaːm	0	0	0	0
cữam	TONE_NGA	kɨəʔ↗m	kˈyʔ↗ ˈaːm	0	0	0	0
cựam	TONE_NANG	kɨəʔ↓m	kˈyʔ↓ ˈaːm	0	0	0	0
cứap	TONE_SAC	kɨə↗p	kˈy↗ ˈaː↗p	0	0	0	0
cựap	TONE_NANG	kɨəʔ↓p	kˈyʔ↓ ˈaː↗p	0	0	0	0
cứat	TONE_SAC	kɨə↗t	kˈy↗ ˈaː↗t	0	0	0	0
cựat	TONE_NANG	kɨəʔ↓t	kˈyʔ↓ ˈaː↗t	0	0	0	0
cưang	TONE_NGANG	kɨə→ŋ	kˈy ˈaːŋ	0	0	0	0
cừang	TONE_HUYEN	kɨə↘ŋ	kˈy↘ ˈaːŋ	0	0	0	0
cứang	TONE_SAC	kɨə↗ŋ	kˈy↗ ˈaːŋ	0	0	0	0
cư̂ang	TONE_HOI	kɨə↓ŋ	kˈy ˈaːŋ	0	0	0	0
cữang	TONE_NGA	kɨəʔ↗ŋ	kˈyʔ↗ ˈaːŋ	0	0	0	0
cựang	TONE_NANG	kɨəʔ↓ŋ	kˈyʔ↓ ˈaːŋ	0	0	0	0
cứac	TONE_SAC	kɨə↗k	kˈy↗ ˈaː↗c	0	0	0	0
cựac	TONE_NANG	kɨəʔ↓k	kˈyʔ↓ ˈaː↗c	0	0	0	0
cứach	TONE_SAC	kɨə↗k	kˈy↗ ˈæ↗c	0	0	0	0
cựach	TONE_NANG	kɨəʔ↓k	kˈyʔ↓ ˈæ↗c	0	0	0	0
cuô	TONE_NGANG	kuə→	kˈu ˈo	0	0	0	0
cuồ	TONE_HUYEN	kuə↘	kˈu ˈo↘	1	0	0	0
cuố	TONE_SAC	kuə↗	kˈu ˈo↗	1	0	0	0
cuô̂	TONE_HOI	kuə↓	kˈu ˈo	0	0	0	0
cuỗ	TONE_NGA	kuəʔ↗	kˈu ˈoʔ↗	1	0	0	0
cuộ	TONE_NANG	kuəʔ↓	kˈu ˈoʔ↓	1	0	0	0
cuôi	TONE_NGANG	kuə→j	kˈuəj	0	0	0	0
cuồi	TONE_HUYEN	kuə↘j	kˈuə↘j	1	0	0	0
cuối	TONE_SAC	kuə↗j	kˈuə↗j	1	0	0	0
cuô̂i	TONE_HOI	kuə↓j	kˈu ˈo ˈi	0	0	0	0
cuỗi	TONE_NGA	kuəʔ↗j	kˈuəʔ↗j	1	0	0	0
cuội	TONE_NANG	kuəʔ↓j	kˈuəʔ↓j	1	0	0	0
cuôy	TONE_NGANG	kuə→j	kˈu ˈoˈi	0	0	0	0
cuồy	TONE_HUYEN	kuə↘j	kˈu ˈo↘ˈi	0	0	0	0
cuốy	TONE_SAC	kuə↗j	kˈu ˈo↗ˈi	0	0	0	0
cuô̂y	TONE_HOI	kuə↓j	kˈu ˈo ˈi	0	0	0	0
cuỗy	TONE_NGA	kuəʔ↗j	kˈu ˈoʔ↗ˈi	0	0	0	0
cuộy	TONE_NANG	kuəʔ↓j	kˈu ˈoʔ↓ˈi	0	0	0	0
cuôn	TONE_NGANG	kuə→n	kˈuən	0	0	0	0
cuồn	TONE_HUYEN	kuə↘n	kˈuə↘n	1	0	0	0
cuốn	TONE_SAC	kuə↗n	kˈuə↗n	1	0	0	0
cuô̂n	TONE_HOI	kuə↓n	kˈu ˈo nˈəː↘	0	0	0	0
cuỗn	TONE_NGA	kuəʔ↗n	kˈuəʔ↗n	1	0	0	0
cuộn	TONE_NANG	kuəʔ↓n	kˈuəʔ↓n	1	0	0	0
cuốp	TONE_SAC	kuə↗p	kˈuə↗p	1	0	0	0
cuộp	TONE_NANG	kuəʔ↓p	kˈuəʔ↓p	1	0	0	0
cuốt	TONE_SAC	kuə↗t	kˈuə↗t	1	0	0	0
cuột	TONE_NANG	kuəʔ↓t	kˈuəʔ↓t	1	0	0	0
cuông	TONE_NGANG	kuə→ŋ	kˈuəŋ	0	0	0	0
cuồng	TONE_HUYEN	kuə↘ŋ	kˈuə↘ŋ	1	0	0	0
cuống	TONE_SAC	kuə↗ŋ	kˈuə↗ŋ	1	0	0	0
cuô̂ng	TONE_HOI	kuə↓ŋ	kˈu ˈo ˌɛndʒˈiː	0	0	0	0
cuỗng	TONE_NGA	kuəʔ↗ŋ	kˈuəʔ↗ŋ	1	0	0	0
cuộng	TONE_NANG	kuəʔ↓ŋ	kˈuəʔ↓ŋ	1	0	0	0
cuốc	TONE_SAC	kuə↗k	kˈuə↗c	1	0	0	0
cuộc	TONE_NANG	kuəʔ↓k	kˈuəʔ↓c	1	0	0	0
cuốch	TONE_SAC	kuə↗k	kˈuə↗c hˈa↗t	0	0	0	0
cuộch	TONE_NANG	kuəʔ↓k	kˈuəʔ↓c hˈa↗t	0	0	0	0
cua	TONE_NGANG	kuə→	kˈuə	0	0	0	0
cùa	TONE_HUYEN	kuə↘	kˈuə↘	1	0	0	0
cúa	TONE_SAC	kuə↗	kˈuə↗	1	0	0	0
cûa	TONE_HOI	kuə↓	kˈuə	0	0	0	0
cũa	TONE_NGA	kuəʔ↗	kˈuəʔ↗	1	0	0	0
cụa	TONE_NANG	kuəʔ↓	kˈuəʔ↓	1	0	0	0
cuai	TONE_NGANG	kuə→j	kˈuə ˈaɪ	0	0	0	0
cùai	TONE_HUYEN	kuə↘j	kˈuə↘ ˈi	0	0	0	0
cúai	TONE_SAC	kuə↗j	kˈuə↗ ˈi	0	0	0	0
cûai	TONE_HOI	kuə↓j	kˈuə ˈaɪ	0	0	0	0
cũai	TONE_NGA	kuəʔ↗j	kˈuəʔ↗ ˈi	0	0	0	0
cụai	TONE_NANG	kuəʔ↓j	kˈuəʔ↓ ˈi	0	0	0	0
cuay	TONE_NGANG	kuə→j	kˈuə wˈaɪ	0	0	0	0
cùay	TONE_HUYEN	kuə↘j	kˈuə↘ ˈi	0	0	0	0
cúay	TONE_SAC	kuə↗j	kˈuə↗ ˈi	0	0	0	0
cûay	TONE_HOI	kuə↓j	kˈuə wˈaɪ	0	0	0	0
cũay	TONE_NGA	kuəʔ↗j	kˈuəʔ↗ ˈi	0	0	0	0
cụay	TONE_NANG	kuəʔ↓j	kˈuəʔ↓ ˈi	0	0	0	0
cao	TONE_NGANG	kaː→w	kˈaːw	0	0	0	0
cào	TONE_HUYEN	kaː↘w	kˈaː↘w	1	0	0	0
cáo	TONE_SAC	kaː↗w	kˈaː↗w	1	0	0	0
câo	TONE_HOI	kaː↓w	sˈeˌeɪsˈ↗ːkəmflˌɛksˈɔ	0	0	0	0
cão	TONE_NGA	kaːʔ↗w	kˈaːʔ↗w	1	0	0	0
cạo	TONE_NANG	kaːʔ↓w	kˈaːʔ↓w	1	0	0	0
cau	TONE_NGANG	ka→w	kˈaw	0	0	0	0
càu	TONE_HUYEN	ka↘w	kˈa↘w	1	0	0	0
cáu	TONE_SAC	ka↗w	kˈa↗w	1	0	0	0
câu	TONE_HOI	ka↓w	kˈə→w	0	0	0	0
cãu	TONE_NGA	kaʔ↗w	kˈaʔ↗w	1	0	0	0
cạu	TONE_NANG	kaʔ↓w	kˈaʔ↓w	1	0	0	0
cuan	TONE_NGANG	kuə→n	kjˈuːæn	0	0	0	0
cùan	TONE_HUYEN	kuə↘n	kˈu↘ ˈaːn	0	0	0	0
cúan	TONE_SAC	kuə↗n	kˈu↗ ˈaːn	0	0	0	0
cûan	TONE_HOI	kuə↓n	kjˈuːæn	0	0	0	0
cũan	TONE_NGA	kuəʔ↗n	kˈuʔ↗ ˈaːn	0	0	0	0
cụan	TONE_NANG	kuəʔ↓n	kˈuʔ↓ ˈaːn	0	0	0	0
cúap	TONE_SAC	kuə↗p	kˈu↗ ˈaː↗p	0	0	0	0
cụap	TONE_NANG	kuəʔ↓p	kˈuʔ↓ ˈaː↗p	0	0	0	0
cúat	TONE_SAC	kuə↗t	kˈu↗ ˈaː↗t	0	0	0	0
cụat	TONE_NANG	kuəʔ↓t	kˈuʔ↓ ˈaː↗t	0	0	0	0
cuang	TONE_NGANG	kuə→ŋ	kˈu ˈaːŋ	0	0	0	0
cùang	TONE_HUYEN	kuə↘ŋ	kˈu↘ ˈaːŋ	0	0	0	0
cúang	TONE_SAC	kuə↗ŋ	kˈu↗ ˈaːŋ	0	0	0	0
cûang	TONE_HOI	kuə↓ŋ	kˈu ˈaːŋ	0	0	0	0
cũang	TONE_NGA	kuəʔ↗ŋ	kˈuʔ↗ ˈaːŋ	0	0	0	0
cụang	TONE_NANG	kuəʔ↓ŋ	kˈuʔ↓ ˈaːŋ	0	0	0	0
canh	TONE_NGANG	kaː→ɲ	kˈæɲ	0	0	0	1
cành	TONE_HUYEN	kaː↘ɲ	kˈæ↘ɲ	1	0	0	1
cánh	TONE_SAC	kaː↗ɲ	kˈæ↗ɲ	1	0	0	1
cânh	TONE_HOI	kaː↓ɲ	kˈən hˈa↗t	0	0	0	1
cãnh	TONE_NGA	kaːʔ↗ɲ	kˈæʔ↗ɲ	1	0	0	1
cạnh	TONE_NANG	kaːʔ↓ɲ	kˈæʔ↓ɲ	1	0	0	1
cúac	TONE_SAC	kuə↗k	kˈu↗ ˈaː↗c	0	0	0	0
cụac	TONE_NANG	kuəʔ↓k	kˈuʔ↓ ˈaː↗c	0	0	0	0
cúach	TONE_SAC	kuə↗k	kˈu↗ ˈæ↗c	0	0	0	0
cụach	TONE_NANG	kuəʔ↓k	kˈuʔ↓ ˈæ↗c	0	0	0	0
ca	TONE_NGANG	kaː→	kˈaː	0	0	0	0
cà	TONE_HUYEN	kaː↘	kˈaː↘	1	0	0	0
cá	TONE_SAC	kaː↗	kˈaː↗	1	0	0	0
câ	TONE_HOI	kaː↓	sˈeˌeɪsˈ↗ːkəmflˌɛks	0	0	0	0
cã	TONE_NGA	kaːʔ↗	kˈaːʔ↗	1	0	0	0
cạ	TONE_NANG	kaːʔ↓	kˈaːʔ↓	1	0	0	0
cai	TONE_NGANG	kaː→j	kˈaːj	0	0	0	0
cài	TONE_HUYEN	kaː↘j	kˈaː↘j	1	0	0	0
cái	TONE_SAC	kaː↗j	kˌaː↗j	1	0	0	0
câi	TONE_HOI	kaː↓j	sˈeˌeɪsˈ↗ːkəmflˌɛksˈi	0	0	0	0
cãi	TONE_NGA	kaːʔ↗j	kˈaːʔ↗j	1	0	0	0
cại	TONE_NANG	kaːʔ↓j	kˈaːʔ↓j	1	0	0	0
cay	TONE_NGANG	ka→j	kˈaj	0	0	0	0
cày	TONE_HUYEN	ka↘j	kˈa↘j	1	0	0	0
cáy	TONE_SAC	ka↗j	kˈa↗j	1	0	0	0
cây	TONE_HOI	ka↓j	kˈəɪ	0	0	0	0
cãy	TONE_NGA	kaʔ↗j	kˈaʔ↗j	1	0	0	0
cạy	TONE_NANG	kaʔ↓j	kˈaʔ↓j	1	0	0	0
cao	TONE_NGANG	kaː→w	kˈaːw	0	0	0	0
cào	TONE_HUYEN	kaː↘w	kˈaː↘w	1	0	0	0
cáo	TONE_SAC	kaː↗w	kˈaː↗w	1	0	0	0
câo	TONE_HOI	kaː↓w	sˈeˌeɪsˈ↗ːkəmflˌɛksˈɔ	0	0	0	0
cão	TONE_NGA	kaːʔ↗w	kˈaːʔ↗w	1	0	0	0
cạo	TONE_NANG	kaːʔ↓w	kˈaːʔ↓w	1	0	0	0
cau	TONE_NGANG	ka→w	kˈaw	0	0	0	0
càu	TONE_HUYEN	ka↘w	kˈa↘w	1	0	0	0
cáu	TONE_SAC	ka↗w	kˈa↗w	1	0	0	0
câu	TONE_HOI	ka↓w	kˈə→w	0	0	0	0
cãu	TONE_NGA	kaʔ↗w	kˈaʔ↗w	1	0	0	0
cạu	TONE_NANG	kaʔ↓w	kˈaʔ↓w	1	0	0	0
cam	TONE_NGANG	kaː→m	kˈæm	0	0	0	0
càm	TONE_HUYEN	kaː↘m	kˈaː↘m	1	0	0	0
cám	TONE_SAC	kaː↗m	kˈaː↗m	1	0	0	0
câm	TONE_HOI	kaː↓m	kˈəm	0	0	0	0
cãm	TONE_NGA	kaːʔ↗m	kˈaːʔ↗m	1	0	0	0
cạm	TONE_NANG	kaːʔ↓m	kˈaːʔ↓m	1	0	0	0
can	TONE_NGANG	kaː→n	kˈæn	0	0	0	0
càn	TONE_HUYEN	kaː↘n	kˈaː↘n	1	0	0	0
cán	TONE_SAC	kaː↗n	kˈaː↗n	1	0	0	0
cân	TONE_HOI	kaː↓n	kˈən	0	0	0	0
cãn	TONE_NGA	kaːʔ↗n	kˈaːʔ↗n	1	0	0	0
cạn	TONE_NANG	kaːʔ↓n	kˈaːʔ↓n	1	0	0	0
cáp	TONE_SAC	kaː↗p	kˈaː↗p	1	0	0	0
cạp	TONE_NANG	kaːʔ↓p	kˈaːʔ↓p	1	0	0	0
cát	TONE_SAC	kaː↗t	kˈaː↗t	1	0	0	0
cạt	TONE_NANG	kaːʔ↓t	kˈaːʔ↓t	1	0	0	0
cang	TONE_NGANG	kaː→ŋ	kˈaːŋ	0	0	0	0
càng	TONE_HUYEN	kaː↘ŋ	kˈaː↘ŋ	1	0	0	0
cáng	TONE_SAC	kaː↗ŋ	kˈaː↗ŋ	1	0	0	0
câng	TONE_HOI	kaː↓ŋ	kˈəŋ	0	0	0	0
cãng	TONE_NGA	kaːʔ↗ŋ	kˈaːʔ↗ŋ	1	0	0	0
cạng	TONE_NANG	kaːʔ↓ŋ	kˈaːʔ↓ŋ	1	0	0	0
canh	TONE_NGANG	kaː→ɲ	kˈæɲ	0	0	0	1
cành	TONE_HUYEN	kaː↘ɲ	kˈæ↘ɲ	1	0	0	1
cánh	TONE_SAC	kaː↗ɲ	kˈæ↗ɲ	1	0	0	1
cânh	TONE_HOI	kaː↓ɲ	kˈən hˈa↗t	0	0	0	1
cãnh	TONE_NGA	kaːʔ↗ɲ	kˈæʔ↗ɲ	1	0	0	1
cạnh	TONE_NANG	kaːʔ↓ɲ	kˈæʔ↓ɲ	1	0	0	1
các	TONE_SAC	kaː↗k	kˌaː↗c	1	0	0	0
cạc	TONE_NANG	kaːʔ↓k	kˈaːʔ↓c	1	0	0	0
cách	TONE_SAC	ka↗k	kˈæ↗c	1	0	0	0
cạch	TONE_NANG	kaʔ↓k	kˈæʔ↓c	1	0	0	0
că	TONE_NGANG	ka→	sˈeă	0	1	0	0
cằ	TONE_HUYEN	ka↘	sˈeằ	0	1	0	0
cắ	TONE_SAC	ka↗	sˈeắ	0	1	0	0
că̂	TONE_HOI	ka↓	sˈeă	0	1	0	0
cẵ	TONE_NGA	kaʔ↗	sˈeẵ	0	1	0	0
cặ	TONE_NANG	kaʔ↓	sˈeặ	0	1	0	0
căm	TONE_NGANG	ka→m	kˈam	0	0	0	0
cằm	TONE_HUYEN	ka↘m	kˈa↘m	1	0	0	0
cắm	TONE_SAC	ka↗m	kˈa↗m	1	0	0	0
că̂m	TONE_HOI	ka↓m	sˈeă mˈəː↘	0	1	0	0
cẵm	TONE_NGA	kaʔ↗m	kˈaʔ↗m	1	0	0	0
cặm	TONE_NANG	kaʔ↓m	kˈaʔ↓m	1	0	0	0
căn	TONE_NGANG	ka→n	kˈan	0	0	0	0
cằn	TONE_HUYEN	ka↘n	kˈa↘n	1	0	0	0
cắn	TONE_SAC	ka↗n	kˈa↗n	1	0	0	0
că̂n	TONE_HOI	ka↓n	sˈeă nˈəː↘	0	1	0	0
cẵn	TONE_NGA	kaʔ↗n	kˈaʔ↗n	1	0	0	0
cặn	TONE_NANG	kaʔ↓n	kˈaʔ↓n	1	0	0	0
cắp	TONE_SAC	ka↗p	kˈa↗p	1	0	0	0
cặp	TONE_NANG	kaʔ↓p	kˈaʔ↓p	1	0	0	0
cắt	TONE_SAC	ka↗t	kˈa↗t	1	0	0	0
cặt	TONE_NANG	kaʔ↓t	kˈaʔ↓t	1	0	0	0
căng	TONE_NGANG	ka→ŋ	kˈaŋ	0	0	0	0
cằng	TONE_HUYEN	ka↘ŋ	kˈa↘ŋ	1	0	0	0
cắng	TONE_SAC	ka↗ŋ	kˈa↗ŋ	1	0	0	0
că̂ng	TONE_HOI	ka↓ŋ	sˈeă ˌɛndʒˈiː	0	1	0	0
cẵng	TONE_NGA	kaʔ↗ŋ	kˈaʔ↗ŋ	1	0	0	0
cặng	TONE_NANG	kaʔ↓ŋ	kˈaʔ↓ŋ	1	0	0	0
cắc	TONE_SAC	ka↗k	kˈa↗c	1	0	0	0
cặc	TONE_NANG	kaʔ↓k	kˈaʔ↓c	1	0	0	0
cắch	TONE_SAC	ka↗k	kˈa↗c hˈa↗t	0	0	0	0
cặch	TONE_NANG	kaʔ↓k	kˈaʔ↓c hˈa↗t	0	0	0	0
câ	TONE_NGANG	kə→	sˈeˌeɪsˈ↗ːkəmflˌɛks	0	0	0	0
cầ	TONE_HUYEN	kə↘	sˈeầ	0	1	0	0
cấ	TONE_SAC	kə↗	sˈeấ	0	1	0	0
câ̂	TONE_HOI	kə↓	sˈeˌeɪsˈ↗ːkəmflˌɛks	0	0	0	0
cẫ	TONE_NGA	kəʔ↗	sˈeẫ	0	1	0	0
cậ	TONE_NANG	kəʔ↓	sˈeậ	0	1	0	0
câi	TONE_NGANG	kə→j	sˈeˌeɪsˈ↗ːkəmflˌɛksˈi	0	0	0	0
cầi	TONE_HUYEN	kə↘j	sˈeầˈi	0	1	0	0
cấi	TONE_SAC	kə↗j	sˈeấˈi	0	1	0	0
câ̂i	TONE_HOI	kə↓j	sˈeˌeɪsˈ↗ːkəmflˌɛks ˈi	0	0	0	0
cẫi	TONE_NGA	kəʔ↗j	sˈeẫˈi	0	1	0	0
cậi	TONE_NANG	kəʔ↓j	sˈeậˈi	0	1	0	0
cây	TONE_NGANG	kə→j	kˈəɪ	0	0	0	0
cầy	TONE_HUYEN	kə↘j	kˈəɪ↘	1	0	0	0
cấy	TONE_SAC	kə↗j	kˈəɪ↗	1	0	0	0
câ̂y	TONE_HOI	kə↓j	sˈeˌeɪsˈ↗ːkəmflˌɛks ˈi	0	0	0	0
cẫy	TONE_NGA	kəʔ↗j	kˈəɪʔ↗	1	0	0	0
cậy	TONE_NANG	kəʔ↓j	kˈəɪʔ↓	1	0	0	0
câo	TONE_NGANG	kə→w	sˈeˌeɪsˈ↗ːkəmflˌɛksˈɔ	0	0	0	0
cầo	TONE_HUYEN	kə↘w	sˈeầˈɔ	0	1	0	0
cấo	TONE_SAC	kə↗w	sˈeấˈɔ	0	1	0	0
câ̂o	TONE_HOI	kə↓w	sˈeˌeɪsˈ↗ːkəmflˌɛks ˈo	0	0	0	0
cẫo	TONE_NGA	kəʔ↗w	sˈeẫˈɔ	0	1	0	0
cậo	TONE_NANG	kəʔ↓w	sˈeậˈɔ	0	1	0	0
câu	TONE_NGANG	kə→w	kˈə→w	1	0	0	0
cầu	TONE_HUYEN	kə↘w	kˈə↘w	1	0	0	0
cấu	TONE_SAC	kə↗w	kˈə↗w	1	0	0	0
câ̂u	TONE_HOI	kə↓w	sˈeˌeɪsˈ↗ːkəmflˌɛks ˈu	0	0	0	0
cẫu	TONE_NGA	kəʔ↗w	kˈəʔ↗w	1	0	0	0
cậu	TONE_NANG	kəʔ↓w	kˈəʔ↓w	1	0	0	0
câm	TONE_NGANG	kə→m	kˈəm	0	0	0	0
cầm	TONE_HUYEN	kə↘m	kˈə↘m	1	0	0	0
cấm	TONE_SAC	kə↗m	kˈə↗m	1	0	0	0
câ̂m	TONE_HOI	kə↓m	sˈeˌeɪsˈ↗ːkəmflˌɛks mˈəː↘	0	0	0	0
cẫm	TONE_NGA	kəʔ↗m	kˈəʔ↗m	1	0	0	0
cậm	TONE_NANG	kəʔ↓m	kˈəʔ↓m	1	0	0	0
cân	TONE_NGANG	kə→n	kˈən	0	0	0	0
cần	TONE_HUYEN	kə↘n	kˈə↘n	1	0	0	0
cấn	TONE_SAC	kə↗n	kˈə↗n	1	0	0	0
câ̂n	TONE_HOI	kə↓n	sˈeˌeɪsˈ↗ːkəmflˌɛks nˈəː↘	0	0	0	0
cẫn	TONE_NGA	kəʔ↗n	kˈəʔ↗n	1	0	0	0
cận	TONE_NANG	kəʔ↓n	kˈəʔ↓n	1	0	0	0
cấp	TONE_SAC	kə↗p	kˈə↗p	1	0	0	0
cập	TONE_NANG	kəʔ↓p	kˈəʔ↓p	1	0	0	0
cất	TONE_SAC	kə↗t	kˈə↗t	1	0	0	0
cật	TONE_NANG	kəʔ↓t	kˈəʔ↓t	1	0	0	0
câng	TONE_NGANG	kə→ŋ	kˈəŋ	0	0	0	0
cầng	TONE_HUYEN	kə↘ŋ	kˈə↘ŋ	1	0	0	0
cấng	TONE_SAC	kə↗ŋ	kˈə↗ŋ	1	0	0	0
câ̂ng	TONE_HOI	kə↓ŋ	sˈeˌeɪsˈ↗ːkəmflˌɛks ˌɛndʒˈiː	0	0	0	0
cẫng	TONE_NGA	kəʔ↗ŋ	kˈəʔ↗ŋ	1	0	0	0
cậng	TONE_NANG	kəʔ↓ŋ	kˈəʔ↓ŋ	1	0	0	0
cấc	TONE_SAC	kə↗k	kˈə↗c	1	0	0	0
cậc	TONE_NANG	kəʔ↓k	kˈəʔ↓c	1	0	0	0
cấch	TONE_SAC	kə↗k	kˈə↗c hˈa↗t	0	0	0	0
cậch	TONE_NANG	kəʔ↓k	kˈəʔ↓c hˈa↗t	0	0	0	0
ce	TONE_NGANG	kɛ→	sˈiː	0	0	0	0
cè	TONE_HUYEN	kɛ↘	sˈeˈɛ↘	1	0	0	0
cé	TONE_SAC	kɛ↗	sˈeɪ	0	0	0	0
cê	TONE_HOI	kɛ↓	sˈeˈe	0	0	0	0
cẽ	TONE_NGA	kɛʔ↗	sˈeˈɛʔ↗	1	0	0	0
cẹ	TONE_NANG	kɛʔ↓	sˈeˈɛʔ↓	1	0	0	0
ceo	TONE_NGANG	kɛ→w	sˌiːˌiːˈoʊ	0	0	0	0
cèo	TONE_HUYEN	kɛ↘w	sˈeˈɛ↘ˈɔ	1	0	0	0
céo	TONE_SAC	kɛ↗w	sˈeɪ ˈɔ	0	0	0	0
cêo	TONE_HOI	kɛ↓w	sˈeˈeˈɔ	0	0	0	0
cẽo	TONE_NGA	kɛʔ↗w	sˈeˈɛʔ↗ˈɔ	1	0	0	0
cẹo	TONE_NANG	kɛʔ↓w	sˈeˈɛʔ↓ˈɔ	1	0	0	0
ceu	TONE_NGANG	kɛ→w	sjˈuː	0	0	0	0
cèu	TONE_HUYEN	kɛ↘w	sˈeˈɛ↘ˈu	0	0	0	0
céu	TONE_SAC	kɛ↗w	sˈeɪuː	0	0	0	0
cêu	TONE_HOI	kɛ↓w	sˈeˈeˈu	0	0	0	0
cẽu	TONE_NGA	kɛʔ↗w	sˈeˈɛʔ↗ˈu	0	0	0	0
cẹu	TONE_NANG	kɛʔ↓w	sˈeˈɛʔ↓ˈu	0	0	0	0
cem	TONE_NGANG	kɛ→m	sˈɛm	0	0	0	0
cèm	TONE_HUYEN	kɛ↘m	sˈe ˈɛ↘m	1	0	0	0
cém	TONE_SAC	kɛ↗m	sˈe ˈɛ↗m	1	0	0	0
cêm	TONE_HOI	kɛ↓m	sˈe ˈem	0	0	0	0
cẽm	TONE_NGA	kɛʔ↗m	sˈe ˈɛʔ↗m	1	0	0	0
cẹm	TONE_NANG	kɛʔ↓m	sˈe ˈɛʔ↓m	1	0	0	0
cen	TONE_NGANG	kɛ→n	sˈɛn	0	0	0	0
cèn	TONE_HUYEN	kɛ↘n	sˈe ˈɛ↘n	1	0	0	0
cén	TONE_SAC	kɛ↗n	sˈe ˈɛ↗n	1	0	0	0
cên	TONE_HOI	kɛ↓n	sˈe ˈen	0	0	0	0
cẽn	TONE_NGA	kɛʔ↗n	sˈe ˈɛʔ↗n	1	0	0	0
cẹn	TONE_NANG	kɛʔ↓n	sˈe ˈɛʔ↓n	1	0	0	0
cép	TONE_SAC	kɛ↗p	sˈe ˈɛ↗p	1	0	0	0
cẹp	TONE_NANG	kɛʔ↓p	sˈe ˈɛʔ↓p	1	0	0	0
cét	TONE_SAC	kɛ↗t	sˈe ˈɛ↗t	1	0	0	0
cẹt	TONE_NANG	kɛʔ↓t	sˈe ˈɛʔ↓t	1	0	0	0
ceng	TONE_NGANG	kɛ→ŋ	sˈɛŋ	0	0	0	0
cèng	TONE_HUYEN	kɛ↘ŋ	sˈe ˈɛ↘ŋ	1	0	0	0
céng	TONE_SAC	kɛ↗ŋ	sˈe ˈɛ↗ŋ	1	0	0	0
cêng	TONE_HOI	kɛ↓ŋ	sˈe ˈen ðˈe→	0	0	0	0
cẽng	TONE_NGA	kɛʔ↗ŋ	sˈe ˈɛʔ↗ŋ	1	0	0	0
cẹng	TONE_NANG	kɛʔ↓ŋ	sˈe ˈɛʔ↓ŋ	1	0	0	0
céc	TONE_SAC	kɛ↗k	sˈe ˈɛ↗c	1	0	0	0
cẹc	TONE_NANG	kɛʔ↓k	sˈe ˈɛʔ↓c	1	0	0	0
céch	TONE_SAC	kɛ↗k	sˈeɪ sˈehˈa↗t	1	0	0	0
cẹch	TONE_NANG	kɛʔ↓k	sˈe ˈɛʔ↓c hˈa↗t	0	0	0	0
cê	TONE_NGANG	ke→	sˈeˈe	0	0	0	0
cề	TONE_HUYEN	ke↘	sˈeˈe↘	1	0	0	0
cế	TONE_SAC	ke↗	sˈeˈe↗	1	0	0	0
cê̂	TONE_HOI	ke↓	sˈeˈe	0	0	0	0
cễ	TONE_NGA	keʔ↗	sˈeˈeʔ↗	1	0	0	0
cệ	TONE_NANG	keʔ↓	sˈeˈeʔ↓	1	0	0	0
cêo	TONE_NGANG	ke→w	sˈeˈeˈɔ	0	0	0	0
cềo	TONE_HUYEN	ke↘w	sˈeˈe↘ˈɔ	1	0	0	0
cếo	TONE_SAC	ke↗w	sˈeˈe↗ˈɔ	1	0	0	0
cê̂o	TONE_HOI	ke↓w	sˈeˈe ˈo	0	0	0	0
cễo	TONE_NGA	keʔ↗w	sˈeˈeʔ↗ˈɔ	1	0	0	0
cệo	TONE_NANG	keʔ↓w	sˈeˈeʔ↓ˈɔ	1	0	0	0
cêu	TONE_NGANG	ke→w	sˈeˈeˈu	0	0	0	0
cều	TONE_HUYEN	ke↘w	sˈeˈe↘ˈu	0	0	0	0
cếu	TONE_SAC	ke↗w	sˈeˈe↗ˈu	0	0	0	0
cê̂u	TONE_HOI	ke↓w	sˈeˈe ˈu	0	0	0	0
cễu	TONE_NGA	keʔ↗w	sˈeˈeʔ↗ˈu	0	0	0	0
cệu	TONE_NANG	keʔ↓w	sˈeˈeʔ↓ˈu	0	0	0	0
cêm	TONE_NGANG	ke→m	sˈe ˈem	0	0	0	0
cềm	TONE_HUYEN	ke↘m	sˈe ˈe↘m	1	0	0	0
cếm	TONE_SAC	ke↗m	sˈe ˈe↗m	1	0	0	0
cê̂m	TONE_HOI	ke↓m	sˈeˈe mˈəː↘	0	0	0	0
cễm	TONE_NGA	keʔ↗m	sˈe ˈeʔ↗m	1	0	0	0
cệm	TONE_NANG	keʔ↓m	sˈe ˈeʔ↓m	1	0	0	0
cên	TONE_NGANG	ke→n	sˈe ˈen	0	0	0	0
cền	TONE_HUYEN	ke↘n	sˈe ˈe↘n	1	0	0	0
cến	TONE_SAC	ke↗n	sˈe ˈe↗n	1	0	0	0
cê̂n	TONE_HOI	ke↓n	sˈeˈe nˈəː↘	0	0	0	0
cễn	TONE_NGA	keʔ↗n	sˈe ˈeʔ↗n	1	0	0	0
cện	TONE_NANG	keʔ↓n	sˈe ˈeʔ↓n	1	0	0	0
cếp	TONE_SAC	ke↗p	sˈe ˈe↗p	1	0	0	0
cệp	TONE_NANG	keʔ↓p	sˈe ˈeʔ↓p	1	0	0	0
cết	TONE_SAC	ke↗t	sˈe ˈe↗t	1	0	0	0
cệt	TONE_NANG	keʔ↓t	sˈe ˈeʔ↓t	1	0	0	0
cênh	TONE_NGANG	ke→ɲ	sˈe ˈeɲ	0	0	0	0
cềnh	TONE_HUYEN	ke↘ɲ	sˈe ˈe↘ɲ	1	0	0	0
cếnh	TONE_SAC	ke↗ɲ	sˈe ˈe↗ɲ	1	0	0	0
cê̂nh	TONE_HOI	ke↓ɲ	sˈeˈe ˌɛnˈeɪʧ	0	0	0	0
cễnh	TONE_NGA	keʔ↗ɲ	sˈe ˈeʔ↗ɲ	1	0	0	0
cệnh	TONE_NANG	keʔ↓ɲ	sˈe ˈeʔ↓ɲ	1	0	0	0
cếc	TONE_SAC	ke↗k	sˈeˈe↗sˈe	0	0	0	0
cệc	TONE_NANG	keʔ↓k	sˈeˈeʔ↓sˈe	0	0	0	0
cếch	TONE_SAC	ke↗k	sˈe ˈe↗c	1	0	0	0
cệch	TONE_NANG	keʔ↓k	sˈe ˈeʔ↓c	1	0	0	0
ci	TONE_NGANG	ki→	sˈaɪ	0	0	0	0
cì	TONE_HUYEN	ki↘	sˈaɪ	0	0	0	0
cí	TONE_SAC	ki↗	sˈaɪ	0	0	0	0
cî	TONE_HOI	ki↓	sˈaɪ	0	0	0	0
cĩ	TONE_NGA	kiʔ↗	sˈeˈiʔ↗	1	0	0	0
cị	TONE_NANG	kiʔ↓	sˈeˈiʔ↓	1	0	0	0
cio	TONE_NGANG	ki→w	sˌiːˌaɪˈoʊ	0	0	0	0
cìo	TONE_HUYEN	ki↘w	sˈaɪ ˈɔ	0	0	0	0
cío	TONE_SAC	ki↗w	sˈaɪ ˈɔ	0	0	0	0
cîo	TONE_HOI	ki↓w	sˌiːˌaɪˈoʊ	0	0	0	0
cĩo	TONE_NGA	kiʔ↗w	sˈeˈiʔ↗ˈɔ	1	0	0	0
cịo	TONE_NANG	kiʔ↓w	sˈeˈiʔ↓ˈɔ	1	0	0	0
ciu	TONE_NGANG	ki→w	sˈɪuː	0	0	0	0
cìu	TONE_HUYEN	ki↘w	sˈaɪ ˈu	0	0	0	0
cíu	TONE_SAC	ki↗w	sˈaɪ ˈu	0	0	0	0
cîu	TONE_HOI	ki↓w	sˈɪuː	0	0	0	0
cĩu	TONE_NGA	kiʔ↗w	sˈeˈiʔ↗ˈu	0	0	0	0
cịu	TONE_NANG	kiʔ↓w	sˈeˈiʔ↓ˈu	0	0	0	0
cim	TONE_NGANG	ki→m	sˈɪm	0	0	0	0
cìm	TONE_HUYEN	ki↘m	sˈe ˈi↘m	1	0	0	0
cím	TONE_SAC	ki↗m	sˈe ˈi↗m	1	0	0	0
cîm	TONE_HOI	ki↓m	sˈɪm	0	0	0	0
cĩm	TONE_NGA	kiʔ↗m	sˈe ˈiʔ↗m	1	0	0	0
cịm	TONE_NANG	kiʔ↓m	sˈe ˈiʔ↓m	1	0	0	0
cin	TONE_NGANG	ki→n	sˈɪn	0	0	0	0
cìn	TONE_HUYEN	ki↘n	sˈe ˈi↘n	1	0	0	0
cín	TONE_SAC	ki↗n	sˈe ˈi↗n	1	0	0	0
cîn	TONE_HOI	ki↓n	sˈɪn	0	0	0	0
cĩn	TONE_NGA	kiʔ↗n	sˈe ˈiʔ↗n	1	0	0	0
cịn	TONE_NANG	kiʔ↓n	sˈe ˈiʔ↓n	1	0	0	0
cíp	TONE_SAC	ki↗p	sˈe ˈi↗p	1	0	0	0
cịp	TONE_NANG	kiʔ↓p	sˈe ˈiʔ↓p	1	0	0	0
cít	TONE_SAC	ki↗t	sˈe ˈi↗t	1	0	0	0
cịt	TONE_NANG	kiʔ↓t	sˈe ˈiʔ↓t	1	0	0	0
cinh	TONE_NGANG	ki→ɲ	sˈiː ˈiɲ	0	0	0	1
cình	TONE_HUYEN	ki↘ɲ	sˈe ˈi↘ɲ	1	0	0	1
cính	TONE_SAC	ki↗ɲ	sˈe ˈi↗ɲ	1	0	0	1
cînh	TONE_HOI	ki↓ɲ	sˈiː ˈiɲ	0	0	0	1
cĩnh	TONE_NGA	kiʔ↗ɲ	sˈe ˈiʔ↗ɲ	1	0	0	1
cịnh	TONE_NANG	kiʔ↓ɲ	sˈe ˈiʔ↓ɲ	1	0	0	1
cíc	TONE_SAC	ki↗k	sˈaɪ sˈe	0	0	0	0
cịc	TONE_NANG	kiʔ↓k	sˈeˈiʔ↓sˈe	0	0	0	0
cích	TONE_SAC	ki↗k	sˈe ˈi↗c	1	0	0	0
cịch	TONE_NANG	kiʔ↓k	sˈe ˈiʔ↓c	1	0	0	0
cy	TONE_NGANG	ki→	sˈaɪ	0	0	0	0
cỳ	TONE_HUYEN	ki↘	sˈeˈi↘	1	0	0	0
cý	TONE_SAC	ki↗	sˈeˈi↗	1	0	0	0
cŷ	TONE_HOI	ki↓	sˈaɪ	0	0	0	0
cỹ	TONE_NGA	kiʔ↗	sˈeˈiʔ↗	1	0	0	0
cỵ	TONE_NANG	kiʔ↓	sˈeˈiʔ↓	1	0	0	0
cyo	TONE_NGANG	ki→w	sˈaɪoʊ	0	0	0	0
cỳo	TONE_HUYEN	ki↘w	sˈeˈi↘ˈɔ	1	0	0	0
cýo	TONE_SAC	ki↗w	sˈeˈi↗ˈɔ	1	0	0	0
cŷo	TONE_HOI	ki↓w	sˈaɪoʊ	0	0	0	0
cỹo	TONE_NGA	kiʔ↗w	sˈeˈiʔ↗ˈɔ	1	0	0	0
cỵo	TONE_NANG	kiʔ↓w	sˈeˈiʔ↓ˈɔ	1	0	0	0
cyu	TONE_NGANG	ki→w	sˈaɪ jˈuː	0	0	0	0
cỳu	TONE_HUYEN	ki↘w	sˈeˈi↘ˈu	0	0	0	0
cýu	TONE_SAC	ki↗w	sˈeˈi↗ˈu	0	0	0	0
cŷu	TONE_HOI	ki↓w	sˈaɪ jˈuː	0	0	0	0
cỹu	TONE_NGA	kiʔ↗w	sˈeˈiʔ↗ˈu	0	0	0	0
cỵu	TONE_NANG	kiʔ↓w	sˈeˈiʔ↓ˈu	0	0	0	0
cym	TONE_NGANG	ki→m	sˈiː ˈɪm	0	0	0	0
cỳm	TONE_HUYEN	ki↘m	sˈeˈi↘ˈməː↘	0	0	0	0
cým	TONE_SAC	ki↗m	sˈeˈi↗ˈməː↘	0	0	0	0
cŷm	TONE_HOI	ki↓m	sˈiː ˈɪm	0	0	0	0
cỹm	TONE_NGA	kiʔ↗m	sˈeˈiʔ↗ˈməː↘	0	0	0	0
cỵm	TONE_NANG	kiʔ↓m	sˈeˈiʔ↓ˈməː↘	0	0	0	0
cyn	TONE_NGANG	ki→n	sˈɪn	0	0	0	0
cỳn	TONE_HUYEN	ki↘n	sˈeˈi↘ˈɛnəː↘	0	0	0	0
cýn	TONE_SAC	ki↗n	sˈeˈi↗ˈɛnəː↘	0	0	0	0
cŷn	TONE_HOI	ki↓n	sˈɪn	0	0	0	0
cỹn	TONE_NGA	kiʔ↗n	sˈeˈiʔ↗ˈɛnəː↘	0	0	0	0
cỵn	TONE_NANG	kiʔ↓n	sˈeˈiʔ↓ˈɛnəː↘	0	0	0	0
cýp	TONE_SAC	ki↗p	sˈeˈi↗pˈe	0	0	0	0
cỵp	TONE_NANG	kiʔ↓p	sˈeˈiʔ↓pˈe	0	0	0	0
cýt	TONE_SAC	ki↗t	sˈeˈi↗tˈe	0	0	0	0
cỵt	TONE_NANG	kiʔ↓t	sˈeˈiʔ↓tˈe	0	0	0	0
cynh	TONE_NGANG	ki→ɲ	sˈiː ˈɪn	0	0	0	0
cỳnh	TONE_HUYEN	ki↘ɲ	sˈeˈi↘ ˈɛnəː↘hˈa↗t	0	0	0	0
cýnh	TONE_SAC	ki↗ɲ	sˈeˈi↗ ˈɛnəː↘hˈa↗t	0	0	0	0
cŷnh	TONE_HOI	ki↓ɲ	sˈiː ˈɪn	0	0	0	0
cỹnh	TONE_NGA	kiʔ↗ɲ	sˈeˈiʔ↗ ˈɛnəː↘hˈa↗t	0	0	0	0
cỵnh	TONE_NANG	kiʔ↓ɲ	sˈeˈiʔ↓ ˈɛnəː↘hˈa↗t	0	0	0	0
cýc	TONE_SAC	ki↗k	sˈeˈi↗sˈe	0	0	0	0
cỵc	TONE_NANG	kiʔ↓k	sˈeˈiʔ↓sˈe	0	0	0	0
cých	TONE_SAC	ki↗k	sˈeˈi↗ sˈehˈa↗t	0	0	0	0
cỵch	TONE_NANG	kiʔ↓k	sˈeˈiʔ↓ sˈehˈa↗t	0	0	0	0
co	TONE_NGANG	kɔ→	kˈɔ	0	0	0	0
cò	TONE_HUYEN	kɔ↘	kˈɔ↘	1	0	0	0
có	TONE_SAC	kɔ↗	kˈɔ↗	1	0	0	0
cô	TONE_HOI	kɔ↓	kˈo	0	0	0	0
cõ	TONE_NGA	kɔʔ↗	kˈɔʔ↗	1	0	0	0
cọ	TONE_NANG	kɔʔ↓	kˈɔʔ↓	1	0	0	0
coi	TONE_NGANG	kɔ→j	kˈɔj	0	0	0	0
còi	TONE_HUYEN	kɔ↘j	kˈɔ↘j	1	0	0	0
cói	TONE_SAC	kɔ↗j	kˈɔ↗j	1	0	0	0
côi	TONE_HOI	kɔ↓j	kˈoj	0	0	0	0
cõi	TONE_NGA	kɔʔ↗j	kˈɔʔ↗j	1	0	0	0
cọi	TONE_NANG	kɔʔ↓j	kˈɔʔ↓j	1	0	0	0
coy	TONE_NGANG	kɔ→j	kˈɔɪ	0	0	0	0
còy	TONE_HUYEN	kɔ↘j	kˈɔ↘ ˈi	0	0	0	0
cóy	TONE_SAC	kɔ↗j	kˈɔ↗ ˈi	0	0	0	0
côy	TONE_HOI	kɔ↓j	kˈo ˈi	0	0	0	0
cõy	TONE_NGA	kɔʔ↗j	kˈɔʔ↗ ˈi	0	0	0	0
cọy	TONE_NANG	kɔʔ↓j	kˈɔʔ↓ ˈi	0	0	0	0
com	TONE_NGANG	kɔ→m	kˈɔm	0	0	0	0
còm	TONE_HUYEN	kɔ↘m	kˈɔ↘m	1	0	0	0
cóm	TONE_SAC	kɔ↗m	kˈɔ↗m	1	0	0	0
côm	TONE_HOI	kɔ↓m	kˈom	0	0	0	0
cõm	TONE_NGA	kɔʔ↗m	kˈɔʔ↗m	1	0	0	0
cọm	TONE_NANG	kɔʔ↓m	kˈɔʔ↓m	1	0	0	0
con	TONE_NGANG	kɔ→n	kˌɔn	0	0	0	0
còn	TONE_HUYEN	kɔ↘n	kˌɔ↘n	1	0	0	0
cón	TONE_SAC	kɔ↗n	kˈɔ↗n	1	0	0	0
côn	TONE_HOI	kɔ↓n	kˈon	0	0	0	0
cõn	TONE_NGA	kɔʔ↗n	kˈɔʔ↗n	1	0	0	0
cọn	TONE_NANG	kɔʔ↓n	kˈɔʔ↓n	1	0	0	0
cóp	TONE_SAC	kɔ↗p	kˈɔ↗p	1	0	0	0
cọp	TONE_NANG	kɔʔ↓p	kˈɔʔ↓p	1	0	0	0
cót	TONE_SAC	kɔ↗t	kˈɔ↗t	1	0	0	0
cọt	TONE_NANG	kɔʔ↓t	kˈɔʔ↓t	1	0	0	0
cong	TONE_NGANG	kɔ→ŋ	kˈɔŋ	0	0	0	0
còng	TONE_HUYEN	kɔ↘ŋ	kˈɔ↘ŋ	1	0	0	0
cóng	TONE_SAC	kɔ↗ŋ	kˈɔ↗ŋ	1	0	0	0
công	TONE_HOI	kɔ↓ŋ	kˈoŋ	0	0	0	0
cõng	TONE_NGA	kɔʔ↗ŋ	kˈɔʔ↗ŋ	1	0	0	0
cọng	TONE_NANG	kɔʔ↓ŋ	kˈɔʔ↓ŋ	1	0	0	0
cóc	TONE_SAC	kɔ↗k	kˈɔ↗k	1	0	0	0
cọc	TONE_NANG	kɔʔ↓k	kˈɔʔ↓k	1	0	0	0
cóch	TONE_SAC	kɔ↗k	kˈɔ↗k hˈa↗t	0	0	0	0
cọch	TONE_NANG	kɔʔ↓k	kˈɔʔ↓k hˈa↗t	0	0	0	0
cô	TONE_NGANG	ko→	kˈo	0	0	0	0
cồ	TONE_HUYEN	ko↘	kˈo↘	1	0	0	0
cố	TONE_SAC	ko↗	kˈo↗	1	0	0	0
cô̂	TONE_HOI	ko↓	kˈo	0	0	0	0
cỗ	TONE_NGA	koʔ↗	kˈoʔ↗	1	0	0	0
cộ	TONE_NANG	koʔ↓	kˈoʔ↓	1	0	0	0
côi	TONE_NGANG	ko→j	kˈoj	0	0	0	0
cồi	TONE_HUYEN	ko↘j	kˈo↘j	1	0	0	0
cối	TONE_SAC	ko↗j	kˈo↗j	1	0	0	0
cô̂i	TONE_HOI	ko↓j	kˈo ˈi	0	0	0	0
cỗi	TONE_NGA	koʔ↗j	kˈoʔ↗j	1	0	0	0
cội	TONE_NANG	koʔ↓j	kˈoʔ↓j	1	0	0	0
côy	TONE_NGANG	ko→j	kˈo ˈi	0	0	0	0
cồy	TONE_HUYEN	ko↘j	kˈo↘ ˈi	0	0	0	0
cốy	TONE_SAC	ko↗j	kˈo↗ ˈi	0	0	0	0
cô̂y	TONE_HOI	ko↓j	kˈo ˈi	0	0	0	0
cỗy	TONE_NGA	koʔ↗j	kˈoʔ↗ ˈi	0	0	0	0
cộy	TONE_NANG	koʔ↓j	kˈoʔ↓ ˈi	0	0	0	0
côm	TONE_NGANG	ko→m	kˈom	0	0	0	0
cồm	TONE_HUYEN	ko↘m	kˈo↘m	1	0	0	0
cốm	TONE_SAC	ko↗m	kˈo↗m	1	0	0	0
cô̂m	TONE_HOI	ko↓m	kˈo mˈəː↘	0	0	0	0
cỗm	TONE_NGA	koʔ↗m	kˈoʔ↗m	1	0	0	0
cộm	TONE_NANG	koʔ↓m	kˈoʔ↓m	1	0	0	0
côn	TONE_NGANG	ko→n	kˈon	0	0	0	0
cồn	TONE_HUYEN	ko↘n	kˈo↘n	1	0	0	0
cốn	TONE_SAC	ko↗n	kˈo↗n	1	0	0	0
cô̂n	TONE_HOI	ko↓n	kˈo nˈəː↘	0	0	0	0
cỗn	TONE_NGA	koʔ↗n	kˈoʔ↗n	1	0	0	0
cộn	TONE_NANG	koʔ↓n	kˈoʔ↓n	1	0	0	0
cốp	TONE_SAC	ko↗p	kˈo↗p	1	0	0	0
cộp	TONE_NANG	koʔ↓p	kˈoʔ↓p	1	0	0	0
cốt	TONE_SAC	ko↗t	kˈo↗t	1	0	0	0
cột	TONE_NANG	koʔ↓t	kˈoʔ↓t	1	0	0	0
công	TONE_NGANG	ko→ŋ	kˈoŋ	0	0	0	0
cồng	TONE_HUYEN	ko↘ŋ	kˈo↘ŋ	1	0	0	0
cống	TONE_SAC	ko↗ŋ	kˈo↗ŋ	1	0	0	0
cô̂ng	TONE_HOI	ko↓ŋ	kˈo ˌɛndʒˈiː	0	0	0	0
cỗng	TONE_NGA	koʔ↗ŋ	kˈoʔ↗ŋ	1	0	0	0
cộng	TONE_NANG	koʔ↓ŋ	kˈoʔ↓ŋ	1	0	0	0
cốc	TONE_SAC	ko↗k	kˈo↗k	1	0	0	0
cộc	TONE_NANG	koʔ↓k	kˈoʔ↓k	1	0	0	0
cốch	TONE_SAC	ko↗k	kˈo↗k hˈa↗t	0	0	0	0
cộch	TONE_NANG	koʔ↓k	kˈoʔ↓k hˈa↗t	0	0	0	0
cơ	TONE_NGANG	kəː→	kˈəː	0	0	0	0
cờ	TONE_HUYEN	kəː↘	kˈəː↘	1	0	0	0
cớ	TONE_SAC	kəː↗	kˈəː↗	1	0	0	0
cơ̂	TONE_HOI	kəː↓	kˈəː	0	0	0	0
cỡ	TONE_NGA	kəːʔ↗	kˈəːʔ↗	1	0	0	0
cợ	TONE_NANG	kəːʔ↓	kˈəːʔ↓	1	0	0	0
cơi	TONE_NGANG	kəː→j	kˈəːj	0	0	0	0
cời	TONE_HUYEN	kəː↘j	kˈəː↘j	1	0	0	0
cới	TONE_SAC	kəː↗j	kˈəː↗j	1	0	0	0
cơ̂i	TONE_HOI	kəː↓j	kˈəː ˈi	0	0	0	0
cỡi	TONE_NGA	kəːʔ↗j	kˈəːʔ↗j	1	0	0	0
cợi	TONE_NANG	kəːʔ↓j	kˈəːʔ↓j	1	0	0	0
cơy	TONE_NGANG	kəː→j	kˈəː ˈi	0	0	0	0
cờy	TONE_HUYEN	kəː↘j	kˈəː↘ ˈi	0	0	0	0
cớy	TONE_SAC	kəː↗j	kˈəː↗ ˈi	0	0	0	0
cơ̂y	TONE_HOI	kəː↓j	kˈəː ˈi	0	0	0	0
cỡy	TONE_NGA	kəːʔ↗j	kˈəːʔ↗ ˈi	0	0	0	0
cợy	TONE_NANG	kəːʔ↓j	kˈəːʔ↓ ˈi	0	0	0	0
cơm	TONE_NGANG	kəː→m	kˈəːm	0	0	0	0
cờm	TONE_HUYEN	kəː↘m	kˈəː↘m	1	0	0	0
cớm	TONE_SAC	kəː↗m	kˈəː↗m	1	0	0	0
cơ̂m	TONE_HOI	kəː↓m	kˈəː mˈəː↘	0	0	0	0
cỡm	TONE_NGA	kəːʔ↗m	kˈəːʔ↗m	1	0	0	0
cợm	TONE_NANG	kəːʔ↓m	kˈəːʔ↓m	1	0	0	0
cơn	TONE_NGANG	kəː→n	kˈəːn	0	0	0	0
cờn	TONE_HUYEN	kəː↘n	kˈəː↘n	1	0	0	0
cớn	TONE_SAC	kəː↗n	kˈəː↗n	1	0	0	0
cơ̂n	TONE_HOI	kəː↓n	kˈəː nˈəː↘	0	0	0	0
cỡn	TONE_NGA	kəːʔ↗n	kˈəːʔ↗n	1	0	0	0
cợn	TONE_NANG	kəːʔ↓n	kˈəːʔ↓n	1	0	0	0
cớp	TONE_SAC	kəː↗p	kˈəː↗p	1	0	0	0
cợp	TONE_NANG	kəːʔ↓p	kˈəːʔ↓p	1	0	0	0
cớt	TONE_SAC	kəː↗t	kˈəː↗t	1	0	0	0
cợt	TONE_NANG	kəːʔ↓t	kˈəːʔ↓t	1	0	0	0
cớc	TONE_SAC	kəː↗k	kˈəː↗ sˈe	0	0	0	0
cợc	TONE_NANG	kəːʔ↓k	kˈəːʔ↓ sˈe	0	0	0	0
cớch	TONE_SAC	kəː↗k	kˈəː↗ sˈehˈa↗t	0	0	0	0
cợch	TONE_NANG	kəːʔ↓k	kˈəːʔ↓ sˈehˈa↗t	0	0	0	0
cu	TONE_NGANG	ku→	kˈu	0	0	0	0
cù	TONE_HUYEN	ku↘	kˈu↘	1	0	0	0
cú	TONE_SAC	ku↗	kˈu↗	1	0	0	0
cû	TONE_HOI	ku↓	kˈu	0	0	0	0
cũ	TONE_NGA	kuʔ↗	kˈuʔ↗	1	0	0	0
cụ	TONE_NANG	kuʔ↓	kˈuʔ↓	1	0	0	0
cui	TONE_NGANG	ku→j	kˈuj	0	0	0	0
cùi	TONE_HUYEN	ku↘j	kˈu↘j	1	0	0	0
cúi	TONE_SAC	ku↗j	kˈu↗j	1	0	0	0
cûi	TONE_HOI	ku↓j	kˈuj	0	0	0	0
cũi	TONE_NGA	kuʔ↗j	kˈuʔ↗j	1	0	0	0
cụi	TONE_NANG	kuʔ↓j	kˈuʔ↓j	1	0	0	0
cuy	TONE_NGANG	ku→j	kwˈi	0	0	0	0
cùy	TONE_HUYEN	ku↘j	kˈu↘ ˈi	0	0	0	0
cúy	TONE_SAC	ku↗j	kˈu↗ ˈi	0	0	0	0
cûy	TONE_HOI	ku↓j	kwˈi	0	0	0	0
cũy	TONE_NGA	kuʔ↗j	kˈuʔ↗ ˈi	0	0	0	0
cụy	TONE_NANG	kuʔ↓j	kˈuʔ↓ ˈi	0	0	0	0
cum	TONE_NGANG	ku→m	kˈum	0	0	0	0
cùm	TONE_HUYEN	ku↘m	kˈu↘m	1	0	0	0
cúm	TONE_SAC	ku↗m	kˈu↗m	1	0	0	0
cûm	TONE_HOI	ku↓m	kˈum	0	0	0	0
cũm	TONE_NGA	kuʔ↗m	kˈuʔ↗m	1	0	0	0
cụm	TONE_NANG	kuʔ↓m	kˈuʔ↓m	1	0	0	0
cun	TONE_NGANG	ku→n	kˈun	0	0	0	0
cùn	TONE_HUYEN	ku↘n	kˈu↘n	1	0	0	0
cún	TONE_SAC	ku↗n	kˈu↗n	1	0	0	0
cûn	TONE_HOI	ku↓n	kˈun	0	0	0	0
cũn	TONE_NGA	kuʔ↗n	kˈuʔ↗n	1	0	0	0
cụn	TONE_NANG	kuʔ↓n	kˈuʔ↓n	1	0	0	0
cúp	TONE_SAC	ku↗p	kˈu↗p	1	0	0	0
cụp	TONE_NANG	kuʔ↓p	kˈuʔ↓p	1	0	0	0
cút	TONE_SAC	ku↗t	kˈu↗t	1	0	0	0
cụt	TONE_NANG	kuʔ↓t	kˈuʔ↓t	1	0	0	0
cung	TONE_NGANG	ku→ŋ	kˈuŋ	0	0	0	0
cùng	TONE_HUYEN	ku↘ŋ	kˈu↘ŋ	1	0	0	0
cúng	TONE_SAC	ku↗ŋ	kˈu↗ŋ	1	0	0	0
cûng	TONE_HOI	ku↓ŋ	kˈuŋ	0	0	0	0
cũng	TONE_NGA	kuʔ↗ŋ	kˈuʔ↗ŋ	1	0	0	0
cụng	TONE_NANG	kuʔ↓ŋ	kˈuʔ↓ŋ	1	0	0	0
cúc	TONE_SAC	ku↗k	kˈu↗c	1	0	0	0
cục	TONE_NANG	kuʔ↓k	kˈuʔ↓c	1	0	0	0
cúch	TONE_SAC	ku↗k	kˈʌʧ	0	0	0	0
cụch	TONE_NANG	kuʔ↓k	kˈuʔ↓c hˈa↗t	0	0	0	0
cư	TONE_NGANG	kɨ→	kˈy	0	0	0	0
cừ	TONE_HUYEN	kɨ↘	kˈy↘	1	0	0	0
cứ	TONE_SAC	kɨ↗	kˈy↗	1	0	0	0
cư̂	TONE_HOI	kɨ↓	kˈy	0	0	0	0
cữ	TONE_NGA	kɨʔ↗	kˈyʔ↗	1	0	0	0
cự	TONE_NANG	kɨʔ↓	kˈyʔ↓	1	0	0	0
cưi	TONE_NGANG	kɨ→j	kˈyj	0	0	0	0
cừi	TONE_HUYEN	kɨ↘j	kˈy↘j	1	0	0	0
cứi	TONE_SAC	kɨ↗j	kˈy↗j	1	0	0	0
cư̂i	TONE_HOI	kɨ↓j	kˈy ˈi	0	0	0	0
cữi	TONE_NGA	kɨʔ↗j	kˈyʔ↗j	1	0	0	0
cựi	TONE_NANG	kɨʔ↓j	kˈyʔ↓j	1	0	0	0
cưy	TONE_NGANG	kɨ→j	kˈy ˈi	0	0	0	0
cừy	TONE_HUYEN	kɨ↘j	kˈy↘ ˈi	0	0	0	0
cứy	TONE_SAC	kɨ↗j	kˈy↗ ˈi	0	0	0	0
cư̂y	TONE_HOI	kɨ↓j	kˈy ˈi	0	0	0	0
cữy	TONE_NGA	kɨʔ↗j	kˈyʔ↗ ˈi	0	0	0	0
cựy	TONE_NANG	kɨʔ↓j	kˈyʔ↓ ˈi	0	0	0	0
cưo	TONE_NGANG	kɨ→w	kˈy ˈɔ	0	0	0	0
cừo	TONE_HUYEN	kɨ↘w	kˈy↘ ˈɔ	1	0	0	0
cứo	TONE_SAC	kɨ↗w	kˈy↗ ˈɔ	1	0	0	0
cư̂o	TONE_HOI	kɨ↓w	kˈy ˈo	0	0	0	0
cữo	TONE_NGA	kɨʔ↗w	kˈyʔ↗ ˈɔ	1	0	0	0
cựo	TONE_NANG	kɨʔ↓w	kˈyʔ↓ ˈɔ	1	0	0	0
cưu	TONE_NGANG	kɨ→w	kˈiw	0	0	0	0
cừu	TONE_HUYEN	kɨ↘w	kˈi↘w	1	0	0	0
cứu	TONE_SAC	kɨ↗w	kˈi↗w	1	0	0	0
cư̂u	TONE_HOI	kɨ↓w	kˈy ˈu	0	0	0	0
cữu	TONE_NGA	kɨʔ↗w	kˈiʔ↗w	1	0	0	0
cựu	TONE_NANG	kɨʔ↓w	kˈiʔ↓w	1	0	0	0
cưm	TONE_NGANG	kɨ→m	kˈym	0	0	0	0
cừm	TONE_HUYEN	kɨ↘m	kˈy↘m	1	0	0	0
cứm	TONE_SAC	kɨ↗m	kˈy↗m	1	0	0	0
cư̂m	TONE_HOI	kɨ↓m	kˈy mˈəː↘	0	0	0	0
cữm	TONE_NGA	kɨʔ↗m	kˈyʔ↗m	1	0	0	0
cựm	TONE_NANG	kɨʔ↓m	kˈyʔ↓m	1	0	0	0
cưn	TONE_NGANG	kɨ→n	kˈyn	0	0	0	0
cừn	TONE_HUYEN	kɨ↘n	kˈy↘n	1	0	0	0
cứn	TONE_SAC	kɨ↗n	kˈy↗n	1	0	0	0
cư̂n	TONE_HOI	kɨ↓n	kˈy nˈəː↘	0	0	0	0
cữn	TONE_NGA	kɨʔ↗n	kˈyʔ↗n	1	0	0	0
cựn	TONE_NANG	kɨʔ↓n	kˈyʔ↓n	1	0	0	0
cứp	TONE_SAC	kɨ↗p	kˈy↗ pˈe	0	0	0	0
cựp	TONE_NANG	kɨʔ↓p	kˈyʔ↓ pˈe	0	0	0	0
cứt	TONE_SAC	kɨ↗t	kˈy↗t	1	0	0	0
cựt	TONE_NANG	kɨʔ↓t	kˈyʔ↓t	1	0	0	0
cưng	TONE_NGANG	kɨ→ŋ	kˈyŋ	0	0	0	0
cừng	TONE_HUYEN	kɨ↘ŋ	kˈy↘ŋ	1	0	0	0
cứng	TONE_SAC	kɨ↗ŋ	kˈy↗ŋ	1	0	0	0
cư̂ng	TONE_HOI	kɨ↓ŋ	kˈy ˌɛndʒˈiː	0	0	0	0
cững	TONE_NGA	kɨʔ↗ŋ	kˈyʔ↗ŋ	1	0	0	0
cựng	TONE_NANG	kɨʔ↓ŋ	kˈyʔ↓ŋ	1	0	0	0
cức	TONE_SAC	kɨ↗k	kˈy↗c	1	0	0	0
cực	TONE_NANG	kɨʔ↓k	kˈyʔ↓c	1	0	0	0
cứch	TONE_SAC	kɨ↗k	kˈy↗c hˈa↗t	0	0	0	0
cựch	TONE_NANG	kɨʔ↓k	kˈyʔ↓c hˈa↗t	0	0	0	0
diê	TONE_NGANG	ziə→	zˈi ˈe	0	0	0	0
diề	TONE_HUYEN	ziə↘	zˈi ˈe↘	1	0	0	0
diế	TONE_SAC	ziə↗	zˈi ˈe↗	1	0	0	0
diê̂	TONE_HOI	ziə↓	zˈi ˈe	0	0	0	0
diễ	TONE_NGA	ziəʔ↗	zˈi ˈeʔ↗	1	0	0	0
diệ	TONE_NANG	ziəʔ↓	zˈi ˈeʔ↓	1	0	0	0
diêo	TONE_NGANG	ziə→w	zˈi ˈeˈɔ	0	0	0	0
diềo	TONE_HUYEN	ziə↘w	zˈi ˈe↘ˈɔ	1	0	0	0
diếo	TONE_SAC	ziə↗w	zˈi ˈe↗ˈɔ	1	0	0	0
diê̂o	TONE_HOI	ziə↓w	zˈi ˈe ˈo	0	0	0	0
diễo	TONE_NGA	ziəʔ↗w	zˈi ˈeʔ↗ˈɔ	1	0	0	0
diệo	TONE_NANG	ziəʔ↓w	zˈi ˈeʔ↓ˈɔ	1	0	0	0
diêu	TONE_NGANG	ziə→w	zˈiɛw	0	0	0	0
diều	TONE_HUYEN	ziə↘w	zˈiɛ↘w	1	0	0	0
diếu	TONE_SAC	ziə↗w	zˈiɛ↗w	1	0	0	0
diê̂u	TONE_HOI	ziə↓w	zˈi ˈe ˈu	0	0	0	0
diễu	TONE_NGA	ziəʔ↗w	zˈiɛʔ↗w	1	0	0	0
diệu	TONE_NANG	ziəʔ↓w	zˈiɛʔ↓w	1	0	0	0
diêm	TONE_NGANG	ziə→m	zˈiɛm	0	0	0	0
diềm	TONE_HUYEN	ziə↘m	zˈiɛ↘m	1	0	0	0
diếm	TONE_SAC	ziə↗m	zˈiɛ↗m	1	0	0	0
diê̂m	TONE_HOI	ziə↓m	zˈi ˈe mˈəː↘	0	0	0	0
diễm	TONE_NGA	ziəʔ↗m	zˈiɛʔ↗m	1	0	0	0
diệm	TONE_NANG	ziəʔ↓m	zˈiɛʔ↓m	1	0	0	0
diên	TONE_NGANG	ziə→n	zˈiɛn	0	0	0	0
diền	TONE_HUYEN	ziə↘n	zˈiɛ↘n	1	0	0	0
diến	TONE_SAC	ziə↗n	zˈiɛ↗n	1	0	0	0
diê̂n	TONE_HOI	ziə↓n	zˈi ˈe nˈəː↘	0	0	0	0
diễn	TONE_NGA	ziəʔ↗n	zˈiɛʔ↗n	1	0	0	0
diện	TONE_NANG	ziəʔ↓n	zˈiɛʔ↓n	1	0	0	0
diếp	TONE_SAC	ziə↗p	zˈiɛ↗p	1	0	0	0
diệp	TONE_NANG	ziəʔ↓p	zˈiɛʔ↓p	1	0	0	0
diết	TONE_SAC	ziə↗t	zˈiɛ↗t	1	0	0	0
diệt	TONE_NANG	ziəʔ↓t	zˈiɛʔ↓t	1	0	0	0
diêng	TONE_NGANG	ziə→ŋ	zˈiɛŋ	0	0	0	0
diềng	TONE_HUYEN	ziə↘ŋ	zˈiɛ↘ŋ	1	0	0	0
diếng	TONE_SAC	ziə↗ŋ	zˈiɛ↗ŋ	1	0	0	0
diê̂ng	TONE_HOI	ziə↓ŋ	zˈi ˈe ˌɛndʒˈiː	0	0	0	0
diễng	TONE_NGA	ziəʔ↗ŋ	zˈiɛʔ↗ŋ	1	0	0	0
diệng	TONE_NANG	ziəʔ↓ŋ	zˈiɛʔ↓ŋ	1	0	0	0
diênh	TONE_NGANG	ziə→ɲ	zˈi ˈeɲ	0	0	0	0
diềnh	TONE_HUYEN	ziə↘ɲ	zˈi ˈe↘ɲ	1	0	0	0
diếnh	TONE_SAC	ziə↗ɲ	zˈi ˈe↗ɲ	1	0	0	0
diê̂nh	TONE_HOI	ziə↓ɲ	zˈi ˈe ˌɛnˈeɪʧ	0	0	0	0
diễnh	TONE_NGA	ziəʔ↗ɲ	zˈi ˈeʔ↗ɲ	1	0	0	0
diệnh	TONE_NANG	ziəʔ↓ɲ	zˈi ˈeʔ↓ɲ	1	0	0	0
diếc	TONE_SAC	ziə↗k	zˈiɛ↗c	1	0	0	0
diệc	TONE_NANG	ziəʔ↓k	zˈiɛʔ↓c	1	0	0	0
diếch	TONE_SAC	ziə↗k	zˈi ˈe↗c	1	0	0	0
diệch	TONE_NANG	ziəʔ↓k	zˈi ˈeʔ↓c	1	0	0	0
dyê	TONE_NGANG	ziə→	zˈi ˈe	0	0	0	0
dyề	TONE_HUYEN	ziə↘	zˈi ˈe↘	1	0	0	0
dyế	TONE_SAC	ziə↗	zˈi ˈe↗	1	0	0	0
dyê̂	TONE_HOI	ziə↓	zˈi ˈe	0	0	0	0
dyễ	TONE_NGA	ziəʔ↗	zˈi ˈeʔ↗	1	0	0	0
dyệ	TONE_NANG	ziəʔ↓	zˈi ˈeʔ↓	1	0	0	0
dyêo	TONE_NGANG	ziə→w	zˈi ˈeˈɔ	0	0	0	0
dyềo	TONE_HUYEN	ziə↘w	zˈi ˈe↘ˈɔ	1	0	0	0
dyếo	TONE_SAC	ziə↗w	zˈi ˈe↗ˈɔ	1	0	0	0
dyê̂o	TONE_HOI	ziə↓w	zˈi ˈe ˈo	0	0	0	0
dyễo	TONE_NGA	ziəʔ↗w	zˈi ˈeʔ↗ˈɔ	1	0	0	0
dyệo	TONE_NANG	ziəʔ↓w	zˈi ˈeʔ↓ˈɔ	1	0	0	0
dyêu	TONE_NGANG	ziə→w	zˈi ˈeˈu	0	0	0	0
dyều	TONE_HUYEN	ziə↘w	zˈi ˈe↘ˈu	0	0	0	0
dyếu	TONE_SAC	ziə↗w	zˈi ˈe↗ˈu	0	0	0	0
dyê̂u	TONE_HOI	ziə↓w	zˈi ˈe ˈu	0	0	0	0
dyễu	TONE_NGA	ziəʔ↗w	zˈi ˈeʔ↗ˈu	0	0	0	0
dyệu	TONE_NANG	ziəʔ↓w	zˈi ˈeʔ↓ˈu	0	0	0	0
dyêm	TONE_NGANG	ziə→m	zˈi ˈem	0	0	0	0
dyềm	TONE_HUYEN	ziə↘m	zˈi ˈe↘m	1	0	0	0
dyếm	TONE_SAC	ziə↗m	zˈi ˈe↗m	1	0	0	0
dyê̂m	TONE_HOI	ziə↓m	zˈi ˈe mˈəː↘	0	0	0	0
dyễm	TONE_NGA	ziəʔ↗m	zˈi ˈeʔ↗m	1	0	0	0
dyệm	TONE_NANG	ziəʔ↓m	zˈi ˈeʔ↓m	1	0	0	0
dyên	TONE_NGANG	ziə→n	zˈi ˈen	0	0	0	0
dyền	TONE_HUYEN	ziə↘n	zˈi ˈe↘n	1	0	0	0
dyến	TONE_SAC	ziə↗n	zˈi ˈe↗n	1	0	0	0
dyê̂n	TONE_HOI	ziə↓n	zˈi ˈe nˈəː↘	0	0	0	0
dyễn	TONE_NGA	ziəʔ↗n	zˈi ˈeʔ↗n	1	0	0	0
dyện	TONE_NANG	ziəʔ↓n	zˈi ˈeʔ↓n	1	0	0	0
dyếp	TONE_SAC	ziə↗p	zˈi ˈe↗p	1	0	0	0
dyệp	TONE_NANG	ziəʔ↓p	zˈi ˈeʔ↓p	1	0	0	0
dyết	TONE_SAC	ziə↗t	zˈi ˈe↗t	1	0	0	0
dyệt	TONE_NANG	ziəʔ↓t	zˈi ˈeʔ↓t	1	0	0	0
dyêng	TONE_NGANG	ziə→ŋ	dˈe ˈiɛŋ	0	0	0	0
dyềng	TONE_HUYEN	ziə↘ŋ	dˈe ˈiɛ↘ŋ	1	0	0	0
dyếng	TONE_SAC	ziə↗ŋ	dˈe ˈiɛ↗ŋ	1	0	0	0
dyê̂ng	TONE_HOI	ziə↓ŋ	zˈi ˈe ˌɛndʒˈiː	0	0	0	0
dyễng	TONE_NGA	ziəʔ↗ŋ	dˈe ˈiɛʔ↗ŋ	1	0	0	0
dyệng	TONE_NANG	ziəʔ↓ŋ	dˈe ˈiɛʔ↓ŋ	1	0	0	0
dyênh	TONE_NGANG	ziə→ɲ	zˈi ˈeɲ	0	0	0	0
dyềnh	TONE_HUYEN	ziə↘ɲ	zˈi ˈe↘ɲ	1	0	0	0
dyếnh	TONE_SAC	ziə↗ɲ	zˈi ˈe↗ɲ	1	0	0	0
dyê̂nh	TONE_HOI	ziə↓ɲ	zˈi ˈe ˌɛnˈeɪʧ	0	0	0	0
dyễnh	TONE_NGA	ziəʔ↗ɲ	zˈi ˈeʔ↗ɲ	1	0	0	0
dyệnh	TONE_NANG	ziəʔ↓ɲ	zˈi ˈeʔ↓ɲ	1	0	0	0
dyếc	TONE_SAC	ziə↗k	zˈi ˈe↗sˈe	0	0	0	0
dyệc	TONE_NANG	ziəʔ↓k	zˈi ˈeʔ↓sˈe	0	0	0	0
dyếch	TONE_SAC	ziə↗k	zˈi ˈe↗c	1	0	0	0
dyệch	TONE_NANG	ziəʔ↓k	zˈi ˈeʔ↓c	1	0	0	0
dia	TONE_NGANG	ziə→	dˈaɪə	0	0	0	0
dìa	TONE_HUYEN	ziə↘	zˈiə↘	1	0	0	0
día	TONE_SAC	ziə↗	zˈiə↗	1	0	0	0
dîa	TONE_HOI	ziə↓	dˈaɪə	0	0	0	0
dĩa	TONE_NGA	ziəʔ↗	zˈiəʔ↗	1	0	0	0
dịa	TONE_NANG	ziəʔ↓	zˈiəʔ↓	1	0	0	0
diao	TONE_NGANG	ziə→w	dˈaɪəˌoʊ	0	0	0	0
dìao	TONE_HUYEN	ziə↘w	zˈiə↘ ˈɔ	1	0	0	0
díao	TONE_SAC	ziə↗w	zˈiə↗ ˈɔ	1	0	0	0
dîao	TONE_HOI	ziə↓w	dˈaɪəˌoʊ	0	0	0	0
dĩao	TONE_NGA	ziəʔ↗w	zˈiəʔ↗ ˈɔ	1	0	0	0
dịao	TONE_NANG	ziəʔ↓w	zˈiəʔ↓ ˈɔ	1	0	0	0
diau	TONE_NGANG	ziə→w	dˈaɪə jˈuː	0	0	0	0
dìau	TONE_HUYEN	ziə↘w	zˈiə↘ ˈu	0	0	0	0
díau	TONE_SAC	ziə↗w	zˈiə↗ ˈu	0	0	0	0
dîau	TONE_HOI	ziə↓w	dˈaɪə jˈuː	0	0	0	0
dĩau	TONE_NGA	ziəʔ↗w	zˈiəʔ↗ ˈu	0	0	0	0
dịau	TONE_NANG	ziəʔ↓w	zˈiəʔ↓ ˈu	0	0	0	0
diam	TONE_NGANG	ziə→m	dˈaɪəm	0	0	0	0
dìam	TONE_HUYEN	ziə↘m	zˈi↘ ˈaːm	0	0	0	0
díam	TONE_SAC	ziə↗m	zˈi↗ ˈaːm	0	0	0	0
dîam	TONE_HOI	ziə↓m	dˈaɪəm	0	0	0	0
dĩam	TONE_NGA	ziəʔ↗m	zˈiʔ↗ ˈaːm	0	0	0	0
dịam	TONE_NANG	ziəʔ↓m	zˈiʔ↓ ˈaːm	0	0	0	0
dian	TONE_NGANG	ziə→n	daɪˈæn	0	0	0	0
dìan	TONE_HUYEN	ziə↘n	zˈi↘ ˈaːn	0	0	0	0
dían	TONE_SAC	ziə↗n	zˈi↗ ˈaːn	0	0	0	0
dîan	TONE_HOI	ziə↓n	daɪˈæn	0	0	0	0
dĩan	TONE_NGA	ziəʔ↗n	zˈiʔ↗ ˈaːn	0	0	0	0
dịan	TONE_NANG	ziəʔ↓n	zˈiʔ↓ ˈaːn	0	0	0	0
díap	TONE_SAC	ziə↗p	zˈi↗ ˈaː↗p	0	0	0	0
dịap	TONE_NANG	ziəʔ↓p	zˈiʔ↓ ˈaː↗p	0	0	0	0
díat	TONE_SAC	ziə↗t	zˈi↗ ˈaː↗t	0	0	0	0
dịat	TONE_NANG	ziəʔ↓t	zˈiʔ↓ ˈaː↗t	0	0	0	0
diang	TONE_NGANG	ziə→ŋ	daɪˈæŋ	0	0	0	0
dìang	TONE_HUYEN	ziə↘ŋ	zˈi↘ ˈaːŋ	0	0	0	0
díang	TONE_SAC	ziə↗ŋ	zˈi↗ ˈaːŋ	0	0	0	0
dîang	TONE_HOI	ziə↓ŋ	daɪˈæŋ	0	0	0	0
dĩang	TONE_NGA	ziəʔ↗ŋ	zˈiʔ↗ ˈaːŋ	0	0	0	0
dịang	TONE_NANG	ziəʔ↓ŋ	zˈiʔ↓ ˈaːŋ	0	0	0	0
dianh	TONE_NGANG	ziə→ɲ	zˈi ˈæɲ	0	0	0	0
dìanh	TONE_HUYEN	ziə↘ɲ	zˈi↘ ˈæɲ	0	0	0	0
díanh	TONE_SAC	ziə↗ɲ	zˈi↗ ˈæɲ	0	0	0	0
dîanh	TONE_HOI	ziə↓ɲ	zˈi ˈæɲ	0	0	0	0
dĩanh	TONE_NGA	ziəʔ↗ɲ	zˈiʔ↗ ˈæɲ	0	0	0	0
dịanh	TONE_NANG	ziəʔ↓ɲ	zˈiʔ↓ ˈæɲ	0	0	0	0
díac	TONE_SAC	ziə↗k	zˈi↗ ˈaː↗c	0	0	0	0
dịac	TONE_NANG	ziəʔ↓k	zˈiʔ↓ ˈaː↗c	0	0	0	0
díach	TONE_SAC	ziə↗k	zˈi↗ ˈæ↗c	0	0	0	0
dịach	TONE_NANG	ziəʔ↓k	zˈiʔ↓ ˈæ↗c	0	0	0	0
dya	TONE_NGANG	ziə→	dˈaɪə	0	0	0	0
dỳa	TONE_HUYEN	ziə↘	zˈi↘ ˈaː	0	0	0	0
dýa	TONE_SAC	ziə↗	zˈi↗ ˈaː	0	0	0	0
dŷa	TONE_HOI	ziə↓	dˈaɪə	0	0	0	0
dỹa	TONE_NGA	ziəʔ↗	zˈiʔ↗ ˈaː	0	0	0	0
dỵa	TONE_NANG	ziəʔ↓	zˈiʔ↓ ˈaː	0	0	0	0
dyao	TONE_NGANG	ziə→w	dˈaɪaʊ	0	0	0	0
dỳao	TONE_HUYEN	ziə↘w	zˈi↘ ˈaːˈɔ	0	0	0	0
dýao	TONE_SAC	ziə↗w	zˈi↗ ˈaːˈɔ	0	0	0	0
dŷao	TONE_HOI	ziə↓w	dˈaɪaʊ	0	0	0	0
dỹao	TONE_NGA	ziəʔ↗w	zˈiʔ↗ ˈaːˈɔ	0	0	0	0
dỵao	TONE_NANG	ziəʔ↓w	zˈiʔ↓ ˈaːˈɔ	0	0	0	0
dyau	TONE_NGANG	ziə→w	dˈaɪə jˈuː	0	0	0	0
dỳau	TONE_HUYEN	ziə↘w	zˈi↘ ˈaːˈu	0	0	0	0
dýau	TONE_SAC	ziə↗w	zˈi↗ ˈaːˈu	0	0	0	0
dŷau	TONE_HOI	ziə↓w	dˈaɪə jˈuː	0	0	0	0
dỹau	TONE_NGA	ziəʔ↗w	zˈiʔ↗ ˈaːˈu	0	0	0	0
dỵau	TONE_NANG	ziəʔ↓w	zˈiʔ↓ ˈaːˈu	0	0	0	0
dyam	TONE_NGANG	ziə→m	zˈi æm	0	0	0	0
dỳam	TONE_HUYEN	ziə↘m	zˈi↘ ˈaːm	0	0	0	0
dýam	TONE_SAC	ziə↗m	zˈi↗ ˈaːm	0	0	0	0
dŷam	TONE_HOI	ziə↓m	zˈi æm	0	0	0	0
dỹam	TONE_NGA	ziəʔ↗m	zˈiʔ↗ ˈaːm	0	0	0	0
dỵam	TONE_NANG	ziəʔ↓m	zˈiʔ↓ ˈaːm	0	0	0	0
dyan	TONE_NGANG	ziə→n	dˈaɪən	0	0	0	0
dỳan	TONE_HUYEN	ziə↘n	zˈi↘ ˈaːn	0	0	0	0
dýan	TONE_SAC	ziə↗n	zˈi↗ ˈaːn	0	0	0	0
dŷan	TONE_HOI	ziə↓n	dˈaɪən	0	0	0	0
dỹan	TONE_NGA	ziəʔ↗n	zˈiʔ↗ ˈaːn	0	0	0	0
dỵan	TONE_NANG	ziəʔ↓n	zˈiʔ↓ ˈaːn	0	0	0	0
dýap	TONE_SAC	ziə↗p	zˈi↗ ˈaː↗p	0	0	0	0
dỵap	TONE_NANG	ziəʔ↓p	zˈiʔ↓ ˈaː↗p	0	0	0	0
dýat	TONE_SAC	ziə↗t	zˈi↗ ˈaː↗t	0	0	0	0
dỵat	TONE_NANG	ziəʔ↓t	zˈiʔ↓ ˈaː↗t	0	0	0	0
dyang	TONE_NGANG	ziə→ŋ	zˈi ˈaːŋ	0	0	0	0
dỳang	TONE_HUYEN	ziə↘ŋ	zˈi↘ ˈaːŋ	0	0	0	0
dýang	TONE_SAC	ziə↗ŋ	zˈi↗ ˈaːŋ	0	0	0	0
dŷang	TONE_HOI	ziə↓ŋ	zˈi ˈaːŋ	0	0	0	0
dỹang	TONE_NGA	ziəʔ↗ŋ	zˈiʔ↗ ˈaːŋ	0	0	0	0
dỵang	TONE_NANG	ziəʔ↓ŋ	zˈiʔ↓ ˈaːŋ	0	0	0	0
dyanh	TONE_NGANG	ziə→ɲ	zˈi ˈæɲ	0	0	0	0
dỳanh	TONE_HUYEN	ziə↘ɲ	zˈi↘ ˈæɲ	0	0	0	0
dýanh	TONE_SAC	ziə↗ɲ	zˈi↗ ˈæɲ	0	0	0	0
dŷanh	TONE_HOI	ziə↓ɲ	zˈi ˈæɲ	0	0	0	0
dỹanh	TONE_NGA	ziəʔ↗ɲ	zˈiʔ↗ ˈæɲ	0	0	0	0
dỵanh	TONE_NANG	ziəʔ↓ɲ	zˈiʔ↓ ˈæɲ	0	0	0	0
dýac	TONE_SAC	ziə↗k	zˈi↗ ˈaː↗c	0	0	0	0
dỵac	TONE_NANG	ziəʔ↓k	zˈiʔ↓ ˈaː↗c	0	0	0	0
dýach	TONE_SAC	ziə↗k	zˈi↗ ˈæ↗c	0	0	0	0
dỵach	TONE_NANG	ziəʔ↓k	zˈiʔ↓ ˈæ↗c	0	0	0	0
dươ	TONE_NGANG	zɨə→	zˈy ˈəː	0	0	0	0
dườ	TONE_HUYEN	zɨə↘	zˈy ˈəː↘	1	0	0	0
dướ	TONE_SAC	zɨə↗	zˈy ˈəː↗	1	0	0	0
dươ̂	TONE_HOI	zɨə↓	zˈy ˈəː	0	0	0	0
dưỡ	TONE_NGA	zɨəʔ↗	zˈy ˈəːʔ↗	1	0	0	0
dượ	TONE_NANG	zɨəʔ↓	zˈy ˈəːʔ↓	1	0	0	0
dươi	TONE_NGANG	zɨə→j	zˈyəj	0	0	0	0
dười	TONE_HUYEN	zɨə↘j	zˈyə↘j	1	0	0	0
dưới	TONE_SAC	zɨə↗j	zˈyə↗j	1	0	0	0
dươ̂i	TONE_HOI	zɨə↓j	zˈy ˈəː ˈi	0	0	0	0
dưỡi	TONE_NGA	zɨəʔ↗j	zˈyəʔ↗j	1	0	0	0
dượi	TONE_NANG	zɨəʔ↓j	zˈyəʔ↓j	1	0	0	0
dươy	TONE_NGANG	zɨə→j	zˈy ˈəːˈi	0	0	0	0
dườy	TONE_HUYEN	zɨə↘j	zˈy ˈəː↘ˈi	0	0	0	0
dướy	TONE_SAC	zɨə↗j	zˈy ˈəː↗ˈi	0	0	0	0
dươ̂y	TONE_HOI	zɨə↓j	zˈy ˈəː ˈi	0	0	0	0
dưỡy	TONE_NGA	zɨəʔ↗j	zˈy ˈəːʔ↗ˈi	0	0	0	0
dượy	TONE_NANG	zɨəʔ↓j	zˈy ˈəːʔ↓ˈi	0	0	0	0
dươo	TONE_NGANG	zɨə→w	zˈy ˈəːˈɔ	0	0	0	0
dườo	TONE_HUYEN	zɨə↘w	zˈy ˈəː↘ˈɔ	1	0	0	0
dướo	TONE_SAC	zɨə↗w	zˈy ˈəː↗ˈɔ	1	0	0	0
dươ̂o	TONE_HOI	zɨə↓w	zˈy ˈəː ˈo	0	0	0	0
dưỡo	TONE_NGA	zɨəʔ↗w	zˈy ˈəːʔ↗ˈɔ	1	0	0	0
dượo	TONE_NANG	zɨəʔ↓w	zˈy ˈəːʔ↓ˈɔ	1	0	0	0
dươu	TONE_NGANG	zɨə→w	zˈyəw	0	0	0	0
dườu	TONE_HUYEN	zɨə↘w	zˈyə↘w	1	0	0	0
dướu	TONE_SAC	zɨə↗w	zˈyə↗w	1	0	0	0
dươ̂u	TONE_HOI	zɨə↓w	zˈy ˈəː ˈu	0	0	0	0
dưỡu	TONE_NGA	zɨəʔ↗w	zˈyəʔ↗w	1	0	0	0
dượu	TONE_NANG	zɨəʔ↓w	zˈyəʔ↓w	1	0	0	0
dươm	TONE_NGANG	zɨə→m	zˈyəm	0	0	0	0
dườm	TONE_HUYEN	zɨə↘m	zˈyə↘m	1	0	0	0
dướm	TONE_SAC	zɨə↗m	zˈyə↗m	1	0	0	0
dươ̂m	TONE_HOI	zɨə↓m	zˈy ˈəː mˈəː↘	0	0	0	0
dưỡm	TONE_NGA	zɨəʔ↗m	zˈyəʔ↗m	1	0	0	0
dượm	TONE_NANG	zɨəʔ↓m	zˈyəʔ↓m	1	0	0	0
dướp	TONE_SAC	zɨə↗p	zˈyə↗p	1	0	0	0
dượp	TONE_NANG	zɨəʔ↓p	zˈyəʔ↓p	1	0	0	0
dướt	TONE_SAC	zɨə↗t	zˈyə↗t	1	0	0	0
dượt	TONE_NANG	zɨəʔ↓t	zˈyəʔ↓t	1	0	0	0
dương	TONE_NGANG	zɨə→ŋ	zˈyəŋ	0	0	0	0
dường	TONE_HUYEN	zɨə↘ŋ	zˈyə↘ŋ	1	0	0	0
dướng	TONE_SAC	zɨə↗ŋ	zˈyə↗ŋ	1	0	0	0
dươ̂ng	TONE_HOI	zɨə↓ŋ	zˈy ˈəː ˌɛndʒˈiː	0	0	0	0
dưỡng	TONE_NGA	zɨəʔ↗ŋ	zˈyəʔ↗ŋ	1	0	0	0
dượng	TONE_NANG	zɨəʔ↓ŋ	zˈyəʔ↓ŋ	1	0	0	0
dước	TONE_SAC	zɨə↗k	zˈyə↗c	1	0	0	0
dược	TONE_NANG	zɨəʔ↓k	zˈyəʔ↓c	1	0	0	0
dướch	TONE_SAC	zɨə↗k	zˈyə↗c hˈa↗t	0	0	0	0
dượch	TONE_NANG	zɨəʔ↓k	zˈyəʔ↓c hˈa↗t	0	0	0	0
dưa	TONE_NGANG	zɨə→	zˈyə	0	0	0	0
dừa	TONE_HUYEN	zɨə↘	zˈyə↘	1	0	0	0
dứa	TONE_SAC	zɨə↗	zˈyə↗	1	0	0	0
dư̂a	TONE_HOI	zɨə↓	zˈy ˈaː	0	0	0	0
dữa	TONE_NGA	zɨəʔ↗	zˈyəʔ↗	1	0	0	0
dựa	TONE_NANG	zɨəʔ↓	zˈyəʔ↓	1	0	0	0
dưai	TONE_NGANG	zɨə→j	zˈyə ˈi	0	0	0	0
dừai	TONE_HUYEN	zɨə↘j	zˈyə↘ ˈi	0	0	0	0
dứai	TONE_SAC	zɨə↗j	zˈyə↗ ˈi	0	0	0	0
dư̂ai	TONE_HOI	zɨə↓j	zˈy ˈaːj	0	0	0	0
dữai	TONE_NGA	zɨəʔ↗j	zˈyəʔ↗ ˈi	0	0	0	0
dựai	TONE_NANG	zɨəʔ↓j	zˈyəʔ↓ ˈi	0	0	0	0
dưay	TONE_NGANG	zɨə→j	zˈyə ˈi	0	0	0	0
dừay	TONE_HUYEN	zɨə↘j	zˈyə↘ ˈi	0	0	0	0
dứay	TONE_SAC	zɨə↗j	zˈyə↗ ˈi	0	0	0	0
dư̂ay	TONE_HOI	zɨə↓j	zˈy ˈaj	0	0	0	0
dữay	TONE_NGA	zɨəʔ↗j	zˈyəʔ↗ ˈi	0	0	0	0
dựay	TONE_NANG	zɨəʔ↓j	zˈyəʔ↓ ˈi	0	0	0	0
dưao	TONE_NGANG	zɨə→w	zˈyə ˈɔ	0	0	0	0
dừao	TONE_HUYEN	zɨə↘w	zˈyə↘ ˈɔ	1	0	0	0
dứao	TONE_SAC	zɨə↗w	zˈyə↗ ˈɔ	1	0	0	0
dư̂ao	TONE_HOI	zɨə↓w	zˈy ˈaːw	0	0	0	0
dữao	TONE_NGA	zɨəʔ↗w	zˈyəʔ↗ ˈɔ	1	0	0	0
dựao	TONE_NANG	zɨəʔ↓w	zˈyəʔ↓ ˈɔ	1	0	0	0
dưau	TONE_NGANG	zɨə→w	zˈyə ˈu	0	0	0	0
dừau	TONE_HUYEN	zɨə↘w	zˈyə↘ ˈu	0	0	0	0
dứau	TONE_SAC	zɨə↗w	zˈyə↗ ˈu	0	0	0	0
dư̂au	TONE_HOI	zɨə↓w	zˈy ˈaw	0	0	0	0
dữau	TONE_NGA	zɨəʔ↗w	zˈyəʔ↗ ˈu	0	0	0	0
dựau	TONE_NANG	zɨəʔ↓w	zˈyəʔ↓ ˈu	0	0	0	0
dưam	TONE_NGANG	zɨə→m	zˈy ˈaːm	0	0	0	0
dừam	TONE_HUYEN	zɨə↘m	zˈy↘ ˈaːm	0	0	0	0
dứam	TONE_SAC	zɨə↗m	zˈy↗ ˈaːm	0	0	0	0
dư̂am	TONE_HOI	zɨə↓m	zˈy ˈaːm	0	0	0	0
dữam	TONE_NGA	zɨəʔ↗m	zˈyʔ↗ ˈaːm	0	0	0	0
dựam	TONE_NANG	zɨəʔ↓m	zˈyʔ↓ ˈaːm	0	0	0	0
dứap	TONE_SAC	zɨə↗p	zˈy↗ ˈaː↗p	0	0	0	0
dựap	TONE_NANG	zɨəʔ↓p	zˈyʔ↓ ˈaː↗p	0	0	0	0
dứat	TONE_SAC	zɨə↗t	zˈy↗ ˈaː↗t	0	0	0	0
dựat	TONE_NANG	zɨəʔ↓t	zˈyʔ↓ ˈaː↗t	0	0	0	0
dưang	TONE_NGANG	zɨə→ŋ	zˈy ˈaːŋ	0	0	0	0
dừang	TONE_HUYEN	zɨə↘ŋ	zˈy↘ ˈaːŋ	0	0	0	0
dứang	TONE_SAC	zɨə↗ŋ	zˈy↗ ˈaːŋ	0	0	0	0
dư̂ang	TONE_HOI	zɨə↓ŋ	zˈy ˈaːŋ	0	0	0	0
dữang	TONE_NGA	zɨəʔ↗ŋ	zˈyʔ↗ ˈaːŋ	0	0	0	0
dựang	TONE_NANG	zɨəʔ↓ŋ	zˈyʔ↓ ˈaːŋ	0	0	0	0
dứac	TONE_SAC	zɨə↗k	zˈy↗ ˈaː↗c	0	0	0	0
dựac	TONE_NANG	zɨəʔ↓k	zˈyʔ↓ ˈaː↗c	0	0	0	0
dứach	TONE_SAC	zɨə↗k	zˈy↗ ˈæ↗c	0	0	0	0
dựach	TONE_NANG	zɨəʔ↓k	zˈyʔ↓ ˈæ↗c	0	0	0	0
duô	TONE_NGANG	zuə→	zˈu ˈo	0	0	0	0
duồ	TONE_HUYEN	zuə↘	zˈu ˈo↘	1	0	0	0
duố	TONE_SAC	zuə↗	zˈu ˈo↗	1	0	0	0
duô̂	TONE_HOI	zuə↓	zˈu ˈo	0	0	0	0
duỗ	TONE_NGA	zuəʔ↗	zˈu ˈoʔ↗	1	0	0	0
duộ	TONE_NANG	zuəʔ↓	zˈu ˈoʔ↓	1	0	0	0
duôi	TONE_NGANG	zuə→j	zˈuəj	0	0	0	0
duồi	TONE_HUYEN	zuə↘j	zˈuə↘j	1	0	0	0
duối	TONE_SAC	zuə↗j	zˈuə↗j	1	0	0	0
duô̂i	TONE_HOI	zuə↓j	zˈu ˈo ˈi	0	0	0	0
duỗi	TONE_NGA	zuəʔ↗j	zˈuəʔ↗j	1	0	0	0
duội	TONE_NANG	zuəʔ↓j	zˈuəʔ↓j	1	0	0	0
duôy	TONE_NGANG	zuə→j	zˈu ˈoˈi	0	0	0	0
duồy	TONE_HUYEN	zuə↘j	zˈu ˈo↘ˈi	0	0	0	0
duốy	TONE_SAC	zuə↗j	zˈu ˈo↗ˈi	0	0	0	0
duô̂y	TONE_HOI	zuə↓j	zˈu ˈo ˈi	0	0	0	0
duỗy	TONE_NGA	zuəʔ↗j	zˈu ˈoʔ↗ˈi	0	0	0	0
duộy	TONE_NANG	zuəʔ↓j	zˈu ˈoʔ↓ˈi	0	0	0	0
duôn	TONE_NGANG	zuə→n	zˈuən	0	0	0	0
duồn	TONE_HUYEN	zuə↘n	zˈuə↘n	1	0	0	0
duốn	TONE_SAC	zuə↗n	zˈuə↗n	1	0	0	0
duô̂n	TONE_HOI	zuə↓n	zˈu ˈo nˈəː↘	0	0	0	0
duỗn	TONE_NGA	zuəʔ↗n	zˈuəʔ↗n	1	0	0	0
duộn	TONE_NANG	zuəʔ↓n	zˈuəʔ↓n	1	0	0	0
duốp	TONE_SAC	zuə↗p	zˈuə↗p	1	0	0	0
duộp	TONE_NANG	zuəʔ↓p	zˈuəʔ↓p	1	0	0	0
duốt	TONE_SAC	zuə↗t	zˈuə↗t	1	0	0	0
duột	TONE_NANG	zuəʔ↓t	zˈuəʔ↓t	1	0	0	0
duông	TONE_NGANG	zuə→ŋ	zˈuəŋ	0	0	0	0
duồng	TONE_HUYEN	zuə↘ŋ	zˈuə↘ŋ	1	0	0	0
duống	TONE_SAC	zuə↗ŋ	zˈuə↗ŋ	1	0	0	0
duô̂ng	TONE_HOI	zuə↓ŋ	zˈu ˈo ˌɛndʒˈiː	0	0	0	0
duỗng	TONE_NGA	zuəʔ↗ŋ	zˈuəʔ↗ŋ	1	0	0	0
duộng	TONE_NANG	zuəʔ↓ŋ	zˈuəʔ↓ŋ	1	0	0	0
duốc	TONE_SAC	zuə↗k	zˈuə↗c	1	0	0	0
duộc	TONE_NANG	zuəʔ↓k	zˈuəʔ↓c	1	0	0	0
duốch	TONE_SAC	zuə↗k	zˈuə↗c hˈa↗t	0	0	0	0
duộch	TONE_NANG	zuəʔ↓k	zˈuəʔ↓c hˈa↗t	0	0	0	0
dua	TONE_NGANG	zuə→	zˈuə	0	0	0	0
dùa	TONE_HUYEN	zuə↘	zˈuə↘	1	0	0	0
dúa	TONE_SAC	zuə↗	zˈuə↗	1	0	0	0
dûa	TONE_HOI	zuə↓	zˈuə	0	0	0	0
dũa	TONE_NGA	zuəʔ↗	zˈuəʔ↗	1	0	0	0
dụa	TONE_NANG	zuəʔ↓	zˈuəʔ↓	1	0	0	0
duai	TONE_NGANG	zuə→j	zˈuə ˈaɪ	0	0	0	0
dùai	TONE_HUYEN	zuə↘j	zˈuə↘ ˈi	0	0	0	0
dúai	TONE_SAC	zuə↗j	zˈuə↗ ˈi	0	0	0	0
dûai	TONE_HOI	zuə↓j	zˈuə ˈaɪ	0	0	0	0
dũai	TONE_NGA	zuəʔ↗j	zˈuəʔ↗ ˈi	0	0	0	0
dụai	TONE_NANG	zuəʔ↓j	zˈuəʔ↓ ˈi	0	0	0	0
duay	TONE_NGANG	zuə→j	zˈuə wˈaɪ	0	0	0	0
dùay	TONE_HUYEN	zuə↘j	zˈuə↘ ˈi	0	0	0	0
dúay	TONE_SAC	zuə↗j	zˈuə↗ ˈi	0	0	0	0
dûay	TONE_HOI	zuə↓j	zˈuə wˈaɪ	0	0	0	0
dũay	TONE_NGA	zuəʔ↗j	zˈuəʔ↗ ˈi	0	0	0	0
dụay	TONE_NANG	zuəʔ↓j	zˈuəʔ↓ ˈi	0	0	0	0
dao	TONE_NGANG	zaː→w	zˈaːw	0	0	0	0
dào	TONE_HUYEN	zaː↘w	zˈaː↘w	1	0	0	0
dáo	TONE_SAC	zaː↗w	zˈaː↗w	1	0	0	0
dâo	TONE_HOI	zaː↓w	dˈeˌeɪsˈ↗ːkəmflˌɛksˈɔ	0	0	0	0
dão	TONE_NGA	zaːʔ↗w	zˈaːʔ↗w	1	0	0	0
dạo	TONE_NANG	zaːʔ↓w	zˈaːʔ↓w	1	0	0	0
dau	TONE_NGANG	za→w	zˈaw	0	0	0	0
dàu	TONE_HUYEN	za↘w	zˈa↘w	1	0	0	0
dáu	TONE_SAC	za↗w	zˈa↗w	1	0	0	0
dâu	TONE_HOI	za↓w	zˈə→w	0	0	0	0
dãu	TONE_NGA	zaʔ↗w	zˈaʔ↗w	1	0	0	0
dạu	TONE_NANG	zaʔ↓w	zˈaʔ↓w	1	0	0	0
duan	TONE_NGANG	zuə→n	dˈuːən	0	0	0	0
dùan	TONE_HUYEN	zuə↘n	zˌu↘ ˈaːn	0	0	0	0
dúan	TONE_SAC	zuə↗n	zˈu↗ ˈaːn	0	0	0	0
dûan	TONE_HOI	zuə↓n	dˈuːən	0	0	0	0
dũan	TONE_NGA	zuəʔ↗n	zˈuʔ↗ ˈaːn	0	0	0	0
dụan	TONE_NANG	zuəʔ↓n	zˈuʔ↓ ˈaːn	0	0	0	0
dúap	TONE_SAC	zuə↗p	zˈu↗ ˈaː↗p	0	0	0	0
dụap	TONE_NANG	zuəʔ↓p	zˈuʔ↓ ˈaː↗p	0	0	0	0
dúat	TONE_SAC	zuə↗t	zˈu↗ ˈaː↗t	0	0	0	0
dụat	TONE_NANG	zuəʔ↓t	zˈuʔ↓ ˈaː↗t	0	0	0	0
duang	TONE_NGANG	zuə→ŋ	dwˈɑːŋ	0	0	0	0
dùang	TONE_HUYEN	zuə↘ŋ	zˌu↘ ˈaːŋ	0	0	0	0
dúang	TONE_SAC	zuə↗ŋ	zˈu↗ ˈaːŋ	0	0	0	0
dûang	TONE_HOI	zuə↓ŋ	dwˈɑːŋ	0	0	0	0
dũang	TONE_NGA	zuəʔ↗ŋ	zˈuʔ↗ ˈaːŋ	0	0	0	0
dụang	TONE_NANG	zuəʔ↓ŋ	zˈuʔ↓ ˈaːŋ	0	0	0	0
danh	TONE_NGANG	zaː→ɲ	zˈæɲ	0	0	0	1
dành	TONE_HUYEN	zaː↘ɲ	zˈæ↘ɲ	1	0	0	1
dánh	TONE_SAC	zaː↗ɲ	zˈæ↗ɲ	1	0	0	1
dânh	TONE_HOI	zaː↓ɲ	zˈən hˈa↗t	0	0	0	1
dãnh	TONE_NGA	zaːʔ↗ɲ	zˈæʔ↗ɲ	1	0	0	1
dạnh	TONE_NANG	zaːʔ↓ɲ	zˈæʔ↓ɲ	1	0	0	1
dúac	TONE_SAC	zuə↗k	zˈu↗ ˈaː↗c	0	0	0	0
dụac	TONE_NANG	zuəʔ↓k	zˈuʔ↓ ˈaː↗c	0	0	0	0
dúach	TONE_SAC	zuə↗k	zˈu↗ ˈæ↗c	0	0	0	0
dụach	TONE_NANG	zuəʔ↓k	zˈuʔ↓ ˈæ↗c	0	0	0	0
da	TONE_NGANG	zaː→	zˈaː	0	0	0	0
dà	TONE_HUYEN	zaː↘	zˈaː↘	1	0	0	0
dá	TONE_SAC	zaː↗	zˈaː↗	1	0	0	0
dâ	TONE_HOI	zaː↓	dˈeˌeɪsˈ↗ːkəmflˌɛks	0	0	0	0
dã	TONE_NGA	zaːʔ↗	zˈaːʔ↗	1	0	0	0
dạ	TONE_NANG	zaːʔ↓	zˈaːʔ↓	1	0	0	0
dai	TONE_NGANG	zaː→j	zˈaːj	0	0	0	0
dài	TONE_HUYEN	zaː↘j	zˈaː↘j	1	0	0	0
dái	TONE_SAC	zaː↗j	zˈaː↗j	1	0	0	0
dâi	TONE_HOI	zaː↓j	dˈeˌeɪsˈ↗ːkəmflˌɛksˈi	0	0	0	0
dãi	TONE_NGA	zaːʔ↗j	zˈaːʔ↗j	1	0	0	0
dại	TONE_NANG	zaːʔ↓j	zˈaːʔ↓j	1	0	0	0
day	TONE_NGANG	za→j	dˈeɪ	0	0	0	0
dày	TONE_HUYEN	za↘j	zˈa↘j	1	0	0	0
dáy	TONE_SAC	za↗j	zˈa↗j	1	0	0	0
dây	TONE_HOI	za↓j	zˈəɪ	0	0	0	0
dãy	TONE_NGA	zaʔ↗j	zˈaʔ↗j	1	0	0	0
dạy	TONE_NANG	zaʔ↓j	zˈaʔ↓j	1	0	0	0
dao	TONE_NGANG	zaː→w	zˈaːw	0	0	0	0
dào	TONE_HUYEN	zaː↘w	zˈaː↘w	1	0	0	0
dáo	TONE_SAC	zaː↗w	zˈaː↗w	1	0	0	0
dâo	TONE_HOI	zaː↓w	dˈeˌeɪsˈ↗ːkəmflˌɛksˈɔ	0	0	0	0
dão	TONE_NGA	zaːʔ↗w	zˈaːʔ↗w	1	0	0	0
dạo	TONE_NANG	zaːʔ↓w	zˈaːʔ↓w	1	0	0	0
dau	TONE_NGANG	za→w	zˈaw	0	0	0	0
dàu	TONE_HUYEN	za↘w	zˈa↘w	1	0	0	0
dáu	TONE_SAC	za↗w	zˈa↗w	1	0	0	0
dâu	TONE_HOI	za↓w	zˈə→w	0	0	0	0
dãu	TONE_NGA	zaʔ↗w	zˈaʔ↗w	1	0	0	0
dạu	TONE_NANG	zaʔ↓w	zˈaʔ↓w	1	0	0	0
dam	TONE_NGANG	zaː→m	dˈæm	0	0	0	0
dàm	TONE_HUYEN	zaː↘m	zˈaː↘m	1	0	0	0
dám	TONE_SAC	zaː↗m	zˈaː↗m	1	0	0	0
dâm	TONE_HOI	zaː↓m	zˈəm	0	0	0	0
dãm	TONE_NGA	zaːʔ↗m	zˈaːʔ↗m	1	0	0	0
dạm	TONE_NANG	zaːʔ↓m	zˈaːʔ↓m	1	0	0	0
dan	TONE_NGANG	zaː→n	zˈaːn	0	0	0	0
dàn	TONE_HUYEN	zaː↘n	zˈaː↘n	1	0	0	0
dán	TONE_SAC	zaː↗n	zˈaː↗n	1	0	0	0
dân	TONE_HOI	zaː↓n	zˈən	0	0	0	0
dãn	TONE_NGA	zaːʔ↗n	zˈaːʔ↗n	1	0	0	0
dạn	TONE_NANG	zaːʔ↓n	zˈaːʔ↓n	1	0	0	0
dáp	TONE_SAC	zaː↗p	zˈaː↗p	1	0	0	0
dạp	TONE_NANG	zaːʔ↓p	zˈaːʔ↓p	1	0	0	0
dát	TONE_SAC	zaː↗t	zˈaː↗t	1	0	0	0
dạt	TONE_NANG	zaːʔ↓t	zˈaːʔ↓t	1	0	0	0
dang	TONE_NGANG	zaː→ŋ	zˈaːŋ	0	0	0	0
dàng	TONE_HUYEN	zaː↘ŋ	zˈaː↘ŋ	1	0	0	0
dáng	TONE_SAC	zaː↗ŋ	zˈaː↗ŋ	1	0	0	0
dâng	TONE_HOI	zaː↓ŋ	zˈəŋ	0	0	0	0
dãng	TONE_NGA	zaːʔ↗ŋ	zˈaːʔ↗ŋ	1	0	0	0
dạng	TONE_NANG	zaːʔ↓ŋ	zˈaːʔ↓ŋ	1	0	0	0
danh	TONE_NGANG	zaː→ɲ	zˈæɲ	0	0	0	1
dành	TONE_HUYEN	zaː↘ɲ	zˈæ↘ɲ	1	0	0	1
dánh	TONE_SAC	zaː↗ɲ	zˈæ↗ɲ	1	0	0	1
dânh	TONE_HOI	zaː↓ɲ	zˈən hˈa↗t	0	0	0	1
dãnh	TONE_NGA	zaːʔ↗ɲ	zˈæʔ↗ɲ	1	0	0	1
dạnh	TONE_NANG	zaːʔ↓ɲ	zˈæʔ↓ɲ	1	0	0	1
dác	TONE_SAC	zaː↗k	zˈaː↗c	1	0	0	0
dạc	TONE_NANG	zaːʔ↓k	zˈaːʔ↓c	1	0	0	0
dách	TONE_SAC	za↗k	zˈæ↗c	1	0	0	0
dạch	TONE_NANG	zaʔ↓k	zˈæʔ↓c	1	0	0	0
dă	TONE_NGANG	za→	dˈeă	0	1	0	0
dằ	TONE_HUYEN	za↘	dˈeằ	0	1	0	0
dắ	TONE_SAC	za↗	dˈeắ	0	1	0	0
dă̂	TONE_HOI	za↓	dˈeă	0	1	0	0
dẵ	TONE_NGA	zaʔ↗	dˈeẵ	0	1	0	0
dặ	TONE_NANG	zaʔ↓	dˈeặ	0	1	0	0
dăm	TONE_NGANG	za→m	zˈam	0	0	0	0
dằm	TONE_HUYEN	za↘m	zˈa↘m	1	0	0	0
dắm	TONE_SAC	za↗m	zˈa↗m	1	0	0	0
dă̂m	TONE_HOI	za↓m	dˈeă mˈəː↘	0	1	0	0
dẵm	TONE_NGA	zaʔ↗m	zˈaʔ↗m	1	0	0	0
dặm	TONE_NANG	zaʔ↓m	zˈaʔ↓m	1	0	0	0
dăn	TONE_NGANG	za→n	zˈan	0	0	0	0
dằn	TONE_HUYEN	za↘n	zˈa↘n	1	0	0	0
dắn	TONE_SAC	za↗n	zˈa↗n	1	0	0	0
dă̂n	TONE_HOI	za↓n	dˈeă nˈəː↘	0	1	0	0
dẵn	TONE_NGA	zaʔ↗n	zˈaʔ↗n	1	0	0	0
dặn	TONE_NANG	zaʔ↓n	zˈaʔ↓n	1	0	0	0
dắp	TONE_SAC	za↗p	zˈa↗p	1	0	0	0
dặp	TONE_NANG	zaʔ↓p	zˈaʔ↓p	1	0	0	0
dắt	TONE_SAC	za↗t	zˈa↗t	1	0	0	0
dặt	TONE_NANG	zaʔ↓t	zˈaʔ↓t	1	0	0	0
dăng	TONE_NGANG	za→ŋ	zˈaŋ	0	0	0	0
dằng	TONE_HUYEN	za↘ŋ	zˈa↘ŋ	1	0	0	0
dắng	TONE_SAC	za↗ŋ	zˈa↗ŋ	1	0	0	0
dă̂ng	TONE_HOI	za↓ŋ	dˈeă ˌɛndʒˈiː	0	1	0	0
dẵng	TONE_NGA	zaʔ↗ŋ	zˈaʔ↗ŋ	1	0	0	0
dặng	TONE_NANG	zaʔ↓ŋ	zˈaʔ↓ŋ	1	0	0	0
dắc	TONE_SAC	za↗k	zˈa↗c	1	0	0	0
dặc	TONE_NANG	zaʔ↓k	zˈaʔ↓c	1	0	0	0
dắch	TONE_SAC	za↗k	zˈa↗c hˈa↗t	0	0	0	0
dặch	TONE_NANG	zaʔ↓k	zˈaʔ↓c hˈa↗t	0	0	0	0
dâ	TONE_NGANG	zə→	dˈeˌeɪsˈ↗ːkəmflˌɛks	0	0	0	0
dầ	TONE_HUYEN	zə↘	dˈeầ	0	1	0	0
dấ	TONE_SAC	zə↗	dˈeấ	0	1	0	0
dâ̂	TONE_HOI	zə↓	dˈeˌeɪsˈ↗ːkəmflˌɛks	0	0	0	0
dẫ	TONE_NGA	zəʔ↗	dˈeẫ	0	1	0	0
dậ	TONE_NANG	zəʔ↓	dˈeậ	0	1	0	0
dâi	TONE_NGANG	zə→j	dˈeˌeɪsˈ↗ːkəmflˌɛksˈi	0	0	0	0
dầi	TONE_HUYEN	zə↘j	dˈeầˈi	0	1	0	0
dấi	TONE_SAC	zə↗j	dˈeấˈi	0	1	0	0
dâ̂i	TONE_HOI	zə↓j	dˈeˌeɪsˈ↗ːkəmflˌɛks ˈi	0	0	0	0
dẫi	TONE_NGA	zəʔ↗j	dˈeẫˈi	0	1	0	0
dậi	TONE_NANG	zəʔ↓j	dˈeậˈi	0	1	0	0
dây	TONE_NGANG	zə→j	zˈəɪ	0	0	0	0
dầy	TONE_HUYEN	zə↘j	zˈəɪ↘	1	0	0	0
dấy	TONE_SAC	zə↗j	zˈəɪ↗	1	0	0	0
dâ̂y	TONE_HOI	zə↓j	dˈeˌeɪsˈ↗ːkəmflˌɛks ˈi	0	0	0	0
dẫy	TONE_NGA	zəʔ↗j	zˈəɪʔ↗	1	0	0	0
dậy	TONE_NANG	zəʔ↓j	zˈəɪʔ↓	1	0	0	0
dâo	TONE_NGANG	zə→w	dˈeˌeɪsˈ↗ːkəmflˌɛksˈɔ	0	0	0	0
dầo	TONE_HUYEN	zə↘w	dˈeầˈɔ	0	1	0	0
dấo	TONE_SAC	zə↗w	dˈeấˈɔ	0	1	0	0
dâ̂o	TONE_HOI	zə↓w	dˈeˌeɪsˈ↗ːkəmflˌɛks ˈo	0	0	0	0
dẫo	TONE_NGA	zəʔ↗w	dˈeẫˈɔ	0	1	0	0
dậo	TONE_NANG	zəʔ↓w	dˈeậˈɔ	0	1	0	0
dâu	TONE_NGANG	zə→w	zˈə→w	1	0	0	0
dầu	TONE_HUYEN	zə↘w	zˈə↘w	1	0	0	0
dấu	TONE_SAC	zə↗w	zˈə↗w	1	0	0	0
dâ̂u	TONE_HOI	zə↓w	dˈeˌeɪsˈ↗ːkəmflˌɛks ˈu	0	0	0	0
dẫu	TONE_NGA	zəʔ↗w	zˌəʔ↗w	1	0	0	0
dậu	TONE_NANG	zəʔ↓w	zˈəʔ↓w	1	0	0	0
dâm	TONE_NGANG	zə→m	zˈəm	0	0	0	0
dầm	TONE_HUYEN	zə↘m	zˈə↘m	1	0	0	0
dấm	TONE_SAC	zə↗m	zˈə↗m	1	0	0	0
dâ̂m	TONE_HOI	zə↓m	dˈeˌeɪsˈ↗ːkəmflˌɛks mˈəː↘	0	0	0	0
dẫm	TONE_NGA	zəʔ↗m	zˈəʔ↗m	1	0	0	0
dậm	TONE_NANG	zəʔ↓m	zˈəʔ↓m	1	0	0	0
dân	TONE_NGANG	zə→n	zˈən	0	0	0	0
dần	TONE_HUYEN	zə↘n	zˈə↘n	1	0	0	0
dấn	TONE_SAC	zə↗n	zˈə↗n	1	0	0	0
dâ̂n	TONE_HOI	zə↓n	dˈeˌeɪsˈ↗ːkəmflˌɛks nˈəː↘	0	0	0	0
dẫn	TONE_NGA	zəʔ↗n	zˈəʔ↗n	1	0	0	0
dận	TONE_NANG	zəʔ↓n	zˈəʔ↓n	1	0	0	0
dấp	TONE_SAC	zə↗p	zˈə↗p	1	0	0	0
dập	TONE_NANG	zəʔ↓p	zˈəʔ↓p	1	0	0	0
dất	TONE_SAC	zə↗t	zˈə↗t	1	0	0	0
dật	TONE_NANG	zəʔ↓t	zˈəʔ↓t	1	0	0	0
dâng	TONE_NGANG	zə→ŋ	zˈəŋ	0	0	0	0
dầng	TONE_HUYEN	zə↘ŋ	zˈə↘ŋ	1	0	0	0
dấng	TONE_SAC	zə↗ŋ	zˈə↗ŋ	1	0	0	0
dâ̂ng	TONE_HOI	zə↓ŋ	dˈeˌeɪsˈ↗ːkəmflˌɛks ˌɛndʒˈiː	0	0	0	0
dẫng	TONE_NGA	zəʔ↗ŋ	zˈəʔ↗ŋ	1	0	0	0
dậng	TONE_NANG	zəʔ↓ŋ	zˈəʔ↓ŋ	1	0	0	0
dấc	TONE_SAC	zə↗k	zˈə↗c	1	0	0	0
dậc	TONE_NANG	zəʔ↓k	zˈəʔ↓c	1	0	0	0
dấch	TONE_SAC	zə↗k	zˈə↗c hˈa↗t	0	0	0	0
dậch	TONE_NANG	zəʔ↓k	zˈəʔ↓c hˈa↗t	0	0	0	0
de	TONE_NGANG	zɛ→	də	0	0	0	0
dè	TONE_HUYEN	zɛ↘	zˈɛ↘	1	0	0	0
dé	TONE_SAC	zɛ↗	zˈɛ↗	1	0	0	0
dê	TONE_HOI	zɛ↓	zˈe	0	0	0	0
dẽ	TONE_NGA	zɛʔ↗	zˈɛʔ↗	1	0	0	0
dẹ	TONE_NANG	zɛʔ↓	zˈɛʔ↓	1	0	0	0
deo	TONE_NGANG	zɛ→w	zˈɛw	0	0	0	0
dèo	TONE_HUYEN	zɛ↘w	zˈɛ↘w	1	0	0	0
déo	TONE_SAC	zɛ↗w	zˈɛ↗w	1	0	0	0
dêo	TONE_HOI	zɛ↓w	zˈe ˈɔ	0	0	0	0
dẽo	TONE_NGA	zɛʔ↗w	zˈɛʔ↗w	1	0	0	0
dẹo	TONE_NANG	zɛʔ↓w	zˈɛʔ↓w	1	0	0	0
deu	TONE_NGANG	zɛ→w	dˈe→w	1	0	0	0
dèu	TONE_HUYEN	zɛ↘w	zˈɛ↘ ˈu	0	0	0	0
déu	TONE_SAC	zɛ↗w	dˈeɪuː	0	0	0	0
dêu	TONE_HOI	zɛ↓w	zˈe→w	0	0	0	0
dẽu	TONE_NGA	zɛʔ↗w	zˈɛʔ↗ ˈu	0	0	0	0
dẹu	TONE_NANG	zɛʔ↓w	zˈɛʔ↓ ˈu	0	0	0	0
dem	TONE_NGANG	zɛ→m	zˈɛm	0	0	0	0
dèm	TONE_HUYEN	zɛ↘m	zˈɛ↘m	1	0	0	0
dém	TONE_SAC	zɛ↗m	zˈɛ↗m	1	0	0	0
dêm	TONE_HOI	zɛ↓m	zˈem	0	0	0	0
dẽm	TONE_NGA	zɛʔ↗m	zˈɛʔ↗m	1	0	0	0
dẹm	TONE_NANG	zɛʔ↓m	zˈɛʔ↓m	1	0	0	0
den	TONE_NGANG	zɛ→n	dˈɛn	0	0	0	0
dèn	TONE_HUYEN	zɛ↘n	zˈɛ↘n	1	0	0	0
dén	TONE_SAC	zɛ↗n	zˈɛ↗n	1	0	0	0
dên	TONE_HOI	zɛ↓n	zˈen	0	0	0	0
dẽn	TONE_NGA	zɛʔ↗n	zˈɛʔ↗n	1	0	0	0
dẹn	TONE_NANG	zɛʔ↓n	zˈɛʔ↓n	1	0	0	0
dép	TONE_SAC	zɛ↗p	zˈɛ↗p	1	0	0	0
dẹp	TONE_NANG	zɛʔ↓p	zˈɛʔ↓p	1	0	0	0
dét	TONE_SAC	zɛ↗t	zˈɛ↗t	1	0	0	0
dẹt	TONE_NANG	zɛʔ↓t	zˈɛʔ↓t	1	0	0	0
deng	TONE_NGANG	zɛ→ŋ	zˈɛŋ	0	0	0	0
dèng	TONE_HUYEN	zɛ↘ŋ	zˈɛ↘ŋ	1	0	0	0
déng	TONE_SAC	zɛ↗ŋ	zˈɛ↗ŋ	1	0	0	0
dêng	TONE_HOI	zɛ↓ŋ	zˈen ðˈe→	0	0	0	0
dẽng	TONE_NGA	zɛʔ↗ŋ	zˈɛʔ↗ŋ	1	0	0	0
dẹng	TONE_NANG	zɛʔ↓ŋ	zˈɛʔ↓ŋ	1	0	0	0
déc	TONE_SAC	zɛ↗k	zˈɛ↗c	1	0	0	0
dẹc	TONE_NANG	zɛʔ↓k	zˈɛʔ↓c	1	0	0	0
déch	TONE_SAC	zɛ↗k	zˈɛ↗c hˈa↗t	0	0	0	0
dẹch	TONE_NANG	zɛʔ↓k	zˈɛʔ↓c hˈa↗t	0	0	0	0
dê	TONE_NGANG	ze→	zˈe	0	0	0	0
dề	TONE_HUYEN	ze↘	zˈe↘	1	0	0	0
dế	TONE_SAC	ze↗	zˈe↗	1	0	0	0
dê̂	TONE_HOI	ze↓	zˈe	0	0	0	0
dễ	TONE_NGA	zeʔ↗	zˈeʔ↗	1	0	0	0
dệ	TONE_NANG	zeʔ↓	zˈeʔ↓	1	0	0	0
dêo	TONE_NGANG	ze→w	zˈe ˈɔ	0	0	0	0
dềo	TONE_HUYEN	ze↘w	zˈe↘ ˈɔ	1	0	0	0
dếo	TONE_SAC	ze↗w	zˈe↗ ˈɔ	1	0	0	0
dê̂o	TONE_HOI	ze↓w	zˈe ˈo	0	0	0	0
dễo	TONE_NGA	zeʔ↗w	zˈeʔ↗ ˈɔ	1	0	0	0
dệo	TONE_NANG	zeʔ↓w	zˈeʔ↓ ˈɔ	1	0	0	0
dêu	TONE_NGANG	ze→w	zˈe→w	1	0	0	0
dều	TONE_HUYEN	ze↘w	zˈe↘w	1	0	0	0
dếu	TONE_SAC	ze↗w	zˈe↗w	1	0	0	0
dê̂u	TONE_HOI	ze↓w	zˈe ˈu	0	0	0	0
dễu	TONE_NGA	zeʔ↗w	zˈeʔ↗w	1	0	0	0
dệu	TONE_NANG	zeʔ↓w	zˈeʔ↓w	1	0	0	0
dêm	TONE_NGANG	ze→m	zˈem	0	0	0	0
dềm	TONE_HUYEN	ze↘m	zˈe↘m	1	0	0	0
dếm	TONE_SAC	ze↗m	zˈe↗m	1	0	0	0
dê̂m	TONE_HOI	ze↓m	zˈe mˈəː↘	0	0	0	0
dễm	TONE_NGA	zeʔ↗m	zˈeʔ↗m	1	0	0	0
dệm	TONE_NANG	zeʔ↓m	zˈeʔ↓m	1	0	0	0
dên	TONE_NGANG	ze→n	zˈen	0	0	0	0
dền	TONE_HUYEN	ze↘n	zˈe↘n	1	0	0	0
dến	TONE_SAC	ze↗n	zˈe↗n	1	0	0	0
dê̂n	TONE_HOI	ze↓n	zˈe nˈəː↘	0	0	0	0
dễn	TONE_NGA	zeʔ↗n	zˈeʔ↗n	1	0	0	0
dện	TONE_NANG	zeʔ↓n	zˈeʔ↓n	1	0	0	0
dếp	TONE_SAC	ze↗p	zˈe↗p	1	0	0	0
dệp	TONE_NANG	zeʔ↓p	zˈeʔ↓p	1	0	0	0
dết	TONE_SAC	ze↗t	zˈe↗t	1	0	0	0
dệt	TONE_NANG	zeʔ↓t	zˈeʔ↓t	1	0	0	0
dênh	TONE_NGANG	ze→ɲ	zˈeɲ	0	0	0	0
dềnh	TONE_HUYEN	ze↘ɲ	zˈe↘ɲ	1	0	0	0
dếnh	TONE_SAC	ze↗ɲ	zˈe↗ɲ	1	0	0	0
dê̂nh	TONE_HOI	ze↓ɲ	zˈe ˌɛnˈeɪʧ	0	0	0	0
dễnh	TONE_NGA	zeʔ↗ɲ	zˈeʔ↗ɲ	1	0	0	0
dệnh	TONE_NANG	zeʔ↓ɲ	zˈeʔ↓ɲ	1	0	0	0
dếc	TONE_SAC	ze↗k	zˈe↗ sˈe	0	0	0	0
dệc	TONE_NANG	zeʔ↓k	zˈeʔ↓ sˈe	0	0	0	0
dếch	TONE_SAC	ze↗k	zˈe↗c	1	0	0	0
dệch	TONE_NANG	zeʔ↓k	zˈeʔ↓c	1	0	0	0
di	TONE_NGANG	zi→	zˈi	0	0	0	0
dì	TONE_HUYEN	zi↘	zˈi↘	1	0	0	0
dí	TONE_SAC	zi↗	zˈi↗	1	0	0	0
dî	TONE_HOI	zi↓	zˈi	0	0	0	0
dĩ	TONE_NGA	ziʔ↗	zˈiʔ↗	1	0	0	0
dị	TONE_NANG	ziʔ↓	zˈiʔ↓	1	0	0	0
dio	TONE_NGANG	zi→w	dˈiːoʊ	0	0	0	0
dìo	TONE_HUYEN	zi↘w	zˈi↘ ˈɔ	1	0	0	0
dío	TONE_SAC	zi↗w	zˈi↗ ˈɔ	1	0	0	0
dîo	TONE_HOI	zi↓w	dˈiːoʊ	0	0	0	0
dĩo	TONE_NGA	ziʔ↗w	zˈiʔ↗ ˈɔ	1	0	0	0
dịo	TONE_NANG	ziʔ↓w	zˈiʔ↓ ˈɔ	1	0	0	0
diu	TONE_NGANG	zi→w	zˈiw	0	0	0	0
dìu	TONE_HUYEN	zi↘w	zˈi↘w	1	0	0	0
díu	TONE_SAC	zi↗w	zˈi↗w	1	0	0	0
dîu	TONE_HOI	zi↓w	zˈiw	0	0	0	0
dĩu	TONE_NGA	ziʔ↗w	zˈiʔ↗w	1	0	0	0
dịu	TONE_NANG	ziʔ↓w	zˈiʔ↓w	1	0	0	0
dim	TONE_NGANG	zi→m	zˈim	0	0	0	0
dìm	TONE_HUYEN	zi↘m	zˈi↘m	1	0	0	0
dím	TONE_SAC	zi↗m	zˈi↗m	1	0	0	0
dîm	TONE_HOI	zi↓m	zˈim	0	0	0	0
dĩm	TONE_NGA	ziʔ↗m	zˈiʔ↗m	1	0	0	0
dịm	TONE_NANG	ziʔ↓m	zˈiʔ↓m	1	0	0	0
din	TONE_NGANG	zi→n	dˈɪn	0	0	0	0
dìn	TONE_HUYEN	zi↘n	zˈi↘n	1	0	0	0
dín	TONE_SAC	zi↗n	zˈi↗n	1	0	0	0
dîn	TONE_HOI	zi↓n	dˈɪn	0	0	0	0
dĩn	TONE_NGA	ziʔ↗n	zˈiʔ↗n	1	0	0	0
dịn	TONE_NANG	ziʔ↓n	zˈiʔ↓n	1	0	0	0
díp	TONE_SAC	zi↗p	zˈi↗p	1	0	0	0
dịp	TONE_NANG	ziʔ↓p	zˈiʔ↓p	1	0	0	0
dít	TONE_SAC	zi↗t	zˈi↗t	1	0	0	0
dịt	TONE_NANG	ziʔ↓t	zˈiʔ↓t	1	0	0	0
dinh	TONE_NGANG	zi→ɲ	zˈiɲ	0	0	0	1
dình	TONE_HUYEN	zi↘ɲ	zˈi↘ɲ	1	0	0	1
dính	TONE_SAC	zi↗ɲ	zˈi↗ɲ	1	0	0	1
dînh	TONE_HOI	zi↓ɲ	zˈiɲ	0	0	0	1
dĩnh	TONE_NGA	ziʔ↗ɲ	zˈiʔ↗ɲ	1	0	0	1
dịnh	TONE_NANG	ziʔ↓ɲ	zˈiʔ↓ɲ	1	0	0	1
díc	TONE_SAC	zi↗k	zˈi↗ sˈe	0	0	0	0
dịc	TONE_NANG	ziʔ↓k	zˈiʔ↓ sˈe	0	0	0	0
dích	TONE_SAC	zi↗k	zˈi↗c	1	0	0	0
dịch	TONE_NANG	ziʔ↓k	zˈiʔ↓c	1	0	0	0
dy	TONE_NGANG	zi→	zˈi	0	0	0	0
dỳ	TONE_HUYEN	zi↘	zˈi↘	1	0	0	0
dý	TONE_SAC	zi↗	zˈi↗	1	0	0	0
dŷ	TONE_HOI	zi↓	zˈi	0	0	0	0
dỹ	TONE_NGA	ziʔ↗	zˈiʔ↗	1	0	0	0
dỵ	TONE_NANG	ziʔ↓	zˈiʔ↓	1	0	0	0
dyo	TONE_NGANG	zi→w	dˈaɪoʊ	0	0	0	0
dỳo	TONE_HUYEN	zi↘w	zˈi↘ ˈɔ	1	0	0	0
dýo	TONE_SAC	zi↗w	zˈi↗ ˈɔ	1	0	0	0
dŷo	TONE_HOI	zi↓w	dˈaɪoʊ	0	0	0	0
dỹo	TONE_NGA	ziʔ↗w	zˈiʔ↗ ˈɔ	1	0	0	0
dỵo	TONE_NANG	ziʔ↓w	zˈiʔ↓ ˈɔ	1	0	0	0
dyu	TONE_NGANG	zi→w	zˈi jˈuː	0	0	0	0
dỳu	TONE_HUYEN	zi↘w	zˈi↘ ˈu	0	0	0	0
dýu	TONE_SAC	zi↗w	zˈi↗ ˈu	0	0	0	0
dŷu	TONE_HOI	zi↓w	zˈi jˈuː	0	0	0	0
dỹu	TONE_NGA	ziʔ↗w	zˈiʔ↗ ˈu	0	0	0	0
dỵu	TONE_NANG	ziʔ↓w	zˈiʔ↓ ˈu	0	0	0	0
dym	TONE_NGANG	zi→m	dˈiː ˈɪm	0	0	0	0
dỳm	TONE_HUYEN	zi↘m	zˈi↘ ˈməː↘	0	0	0	0
dým	TONE_SAC	zi↗m	zˈi↗ ˈməː↘	0	0	0	0
dŷm	TONE_HOI	zi↓m	dˈiː ˈɪm	0	0	0	0
dỹm	TONE_NGA	ziʔ↗m	zˈiʔ↗ ˈməː↘	0	0	0	0
dỵm	TONE_NANG	ziʔ↓m	zˈiʔ↓ ˈməː↘	0	0	0	0
dyn	TONE_NGANG	zi→n	dˈɪn	0	0	0	0
dỳn	TONE_HUYEN	zi↘n	zˈi↘ ˈɛnəː↘	0	0	0	0
dýn	TONE_SAC	zi↗n	zˈi↗ ˈɛnəː↘	0	0	0	0
dŷn	TONE_HOI	zi↓n	dˈɪn	0	0	0	0
dỹn	TONE_NGA	ziʔ↗n	zˈiʔ↗ ˈɛnəː↘	0	0	0	0
dỵn	TONE_NANG	ziʔ↓n	zˈiʔ↓ ˈɛnəː↘	0	0	0	0
dýp	TONE_SAC	zi↗p	zˈi↗ pˈe	0	0	0	0
dỵp	TONE_NANG	ziʔ↓p	zˈiʔ↓ pˈe	0	0	0	0
dýt	TONE_SAC	zi↗t	zˈi↗ tˈe	0	0	0	0
dỵt	TONE_NANG	ziʔ↓t	zˈiʔ↓ tˈe	0	0	0	0
dynh	TONE_NGANG	zi→ɲ	dˈiː ˈɪn	0	0	0	0
dỳnh	TONE_HUYEN	zi↘ɲ	zˈi↘ ˈɛnəː↘hˈa↗t	0	0	0	0
dýnh	TONE_SAC	zi↗ɲ	zˈi↗ ˈɛnəː↘hˈa↗t	0	0	0	0
dŷnh	TONE_HOI	zi↓ɲ	dˈiː ˈɪn	0	0	0	0
dỹnh	TONE_NGA	ziʔ↗ɲ	zˈiʔ↗ ˈɛnəː↘hˈa↗t	0	0	0	0
dỵnh	TONE_NANG	ziʔ↓ɲ	zˈiʔ↓ ˈɛnəː↘hˈa↗t	0	0	0	0
dýc	TONE_SAC	zi↗k	zˈi↗ sˈe	0	0	0	0
dỵc	TONE_NANG	ziʔ↓k	zˈiʔ↓ sˈe	0	0	0	0
dých	TONE_SAC	zi↗k	zˈi↗ sˈehˈa↗t	0	0	0	0
dỵch	TONE_NANG	ziʔ↓k	zˈiʔ↓ sˈehˈa↗t	0	0	0	0
do	TONE_NGANG	zɔ→	dˈuː	0	0	0	0
dò	TONE_HUYEN	zɔ↘	zˈɔ↘	1	0	0	0
dó	TONE_SAC	zɔ↗	zˈɔ↗	1	0	0	0
dô	TONE_HOI	zɔ↓	zˈo	0	0	0	0
dõ	TONE_NGA	zɔʔ↗	zˈɔʔ↗	1	0	0	0
dọ	TONE_NANG	zɔʔ↓	zˈɔʔ↓	1	0	0	0
doi	TONE_NGANG	zɔ→j	zˈɔj	0	0	0	0
dòi	TONE_HUYEN	zɔ↘j	zˈɔ↘j	1	0	0	0
dói	TONE_SAC	zɔ↗j	zˈɔ↗j	1	0	0	0
dôi	TONE_HOI	zɔ↓j	zˈoj	0	0	0	0
dõi	TONE_NGA	zɔʔ↗j	zˈɔʔ↗j	1	0	0	0
dọi	TONE_NANG	zɔʔ↓j	zˈɔʔ↓j	1	0	0	0
doy	TONE_NGANG	zɔ→j	dˈɔɪ	0	0	0	0
dòy	TONE_HUYEN	zɔ↘j	zˈɔ↘ ˈi	0	0	0	0
dóy	TONE_SAC	zɔ↗j	zˈɔ↗ ˈi	0	0	0	0
dôy	TONE_HOI	zɔ↓j	zˈo ˈi	0	0	0	0
dõy	TONE_NGA	zɔʔ↗j	zˈɔʔ↗ ˈi	0	0	0	0
dọy	TONE_NANG	zɔʔ↓j	zˈɔʔ↓ ˈi	0	0	0	0
dom	TONE_NGANG	zɔ→m	zˈɔm	0	0	0	0
dòm	TONE_HUYEN	zɔ↘m	zˈɔ↘m	1	0	0	0
dóm	TONE_SAC	zɔ↗m	zˈɔ↗m	1	0	0	0
dôm	TONE_HOI	zɔ↓m	zˈom	0	0	0	0
dõm	TONE_NGA	zɔʔ↗m	zˈɔʔ↗m	1	0	0	0
dọm	TONE_NANG	zɔʔ↓m	zˈɔʔ↓m	1	0	0	0
don	TONE_NGANG	zɔ→n	zˈɔn	0	0	0	0
dòn	TONE_HUYEN	zɔ↘n	zˈɔ↘n	1	0	0	0
dón	TONE_SAC	zɔ↗n	zˈɔ↗n	1	0	0	0
dôn	TONE_HOI	zɔ↓n	zˈon	0	0	0	0
dõn	TONE_NGA	zɔʔ↗n	zˈɔʔ↗n	1	0	0	0
dọn	TONE_NANG	zɔʔ↓n	zˈɔʔ↓n	1	0	0	0
dóp	TONE_SAC	zɔ↗p	zˈɔ↗p	1	0	0	0
dọp	TONE_NANG	zɔʔ↓p	zˈɔʔ↓p	1	0	0	0
dót	TONE_SAC	zɔ↗t	zˈɔ↗t	1	0	0	0
dọt	TONE_NANG	zɔʔ↓t	zˈɔʔ↓t	1	0	0	0
dong	TONE_NGANG	zɔ→ŋ	zˈɔŋ	0	0	0	0
dòng	TONE_HUYEN	zɔ↘ŋ	zˈɔ↘ŋ	1	0	0	0
dóng	TONE_SAC	zɔ↗ŋ	zˈɔ↗ŋ	1	0	0	0
dông	TONE_HOI	zɔ↓ŋ	zˈoŋ	0	0	0	0
dõng	TONE_NGA	zɔʔ↗ŋ	zˈɔʔ↗ŋ	1	0	0	0
dọng	TONE_NANG	zɔʔ↓ŋ	zˈɔʔ↓ŋ	1	0	0	0
dóc	TONE_SAC	zɔ↗k	zˈɔ↗k	1	0	0	0
dọc	TONE_NANG	zɔʔ↓k	zˈɔʔ↓k	1	0	0	0
dóch	TONE_SAC	zɔ↗k	zˈɔ↗k hˈa↗t	0	0	0	0
dọch	TONE_NANG	zɔʔ↓k	zˈɔʔ↓k hˈa↗t	0	0	0	0
dô	TONE_NGANG	zo→	zˈo	0	0	0	0
dồ	TONE_HUYEN	zo↘	zˈo↘	1	0	0	0
dố	TONE_SAC	zo↗	zˈo↗	1	0	0	0
dô̂	TONE_HOI	zo↓	zˈo	0	0	0	0
dỗ	TONE_NGA	zoʔ↗	zˈoʔ↗	1	0	0	0
dộ	TONE_NANG	zoʔ↓	zˈoʔ↓	1	0	0	0
dôi	TONE_NGANG	zo→j	zˈoj	0	0	0	0
dồi	TONE_HUYEN	zo↘j	zˈo↘j	1	0	0	0
dối	TONE_SAC	zo↗j	zˈo↗j	1	0	0	0
dô̂i	TONE_HOI	zo↓j	zˈo ˈi	0	0	0	0
dỗi	TONE_NGA	zoʔ↗j	zˈoʔ↗j	1	0	0	0
dội	TONE_NANG	zoʔ↓j	zˈoʔ↓j	1	0	0	0
dôy	TONE_NGANG	zo→j	zˈo ˈi	0	0	0	0
dồy	TONE_HUYEN	zo↘j	zˈo↘ ˈi	0	0	0	0
dốy	TONE_SAC	zo↗j	zˈo↗ ˈi	0	0	0	0
dô̂y	TONE_HOI	zo↓j	zˈo ˈi	0	0	0	0
dỗy	TONE_NGA	zoʔ↗j	zˈoʔ↗ ˈi	0	0	0	0
dộy	TONE_NANG	zoʔ↓j	zˈoʔ↓ ˈi	0	0	0	0
dôm	TONE_NGANG	zo→m	zˈom	0	0	0	0
dồm	TONE_HUYEN	zo↘m	zˈo↘m	1	0	0	0
dốm	TONE_SAC	zo↗m	zˈo↗m	1	0	0	0
dô̂m	TONE_HOI	zo↓m	zˈo mˈəː↘	0	0	0	0
dỗm	TONE_NGA	zoʔ↗m	zˈoʔ↗m	1	0	0	0
dộm	TONE_NANG	zoʔ↓m	zˈoʔ↓m	1	0	0	0
dôn	TONE_NGANG	zo→n	zˈon	0	0	0	0
dồn	TONE_HUYEN	zo↘n	zˈo↘n	1	0	0	0
dốn	TONE_SAC	zo↗n	zˈo↗n	1	0	0	0
dô̂n	TONE_HOI	zo↓n	zˈo nˈəː↘	0	0	0	0
dỗn	TONE_NGA	zoʔ↗n	zˈoʔ↗n	1	0	0	0
dộn	TONE_NANG	zoʔ↓n	zˈoʔ↓n	1	0	0	0
dốp	TONE_SAC	zo↗p	zˈo↗p	1	0	0	0
dộp	TONE_NANG	zoʔ↓p	zˈoʔ↓p	1	0	0	0
dốt	TONE_SAC	zo↗t	zˈo↗t	1	0	0	0
dột	TONE_NANG	zoʔ↓t	zˈoʔ↓t	1	0	0	0
dông	TONE_NGANG	zo→ŋ	zˈoŋ	0	0	0	0
dồng	TONE_HUYEN	zo↘ŋ	zˈo↘ŋ	1	0	0	0
dống	TONE_SAC	zo↗ŋ	zˈo↗ŋ	1	0	0	0
dô̂ng	TONE_HOI	zo↓ŋ	zˈo ˌɛndʒˈiː	0	0	0	0
dỗng	TONE_NGA	zoʔ↗ŋ	zˈoʔ↗ŋ	1	0	0	0
dộng	TONE_NANG	zoʔ↓ŋ	zˈoʔ↓ŋ	1	0	0	0
dốc	TONE_SAC	zo↗k	zˈo↗k	1	0	0	0
dộc	TONE_NANG	zoʔ↓k	zˈoʔ↓k	1	0	0	0
dốch	TONE_SAC	zo↗k	zˈo↗k hˈa↗t	0	0	0	0
dộch	TONE_NANG	zoʔ↓k	zˈoʔ↓k hˈa↗t	0	0	0	0
dơ	TONE_NGANG	zəː→	zˈəː	0	0	0	0
dờ	TONE_HUYEN	zəː↘	zˈəː↘	1	0	0	0
dớ	TONE_SAC	zəː↗	zˈəː↗	1	0	0	0
dơ̂	TONE_HOI	zəː↓	zˈəː	0	0	0	0
dỡ	TONE_NGA	zəːʔ↗	zˈəːʔ↗	1	0	0	0
dợ	TONE_NANG	zəːʔ↓	zˈəːʔ↓	1	0	0	0
dơi	TONE_NGANG	zəː→j	zˈəːj	0	0	0	0
dời	TONE_HUYEN	zəː↘j	zˈəː↘j	1	0	0	0
dới	TONE_SAC	zəː↗j	zˈəː↗j	1	0	0	0
dơ̂i	TONE_HOI	zəː↓j	zˈəː ˈi	0	0	0	0
dỡi	TONE_NGA	zəːʔ↗j	zˈəːʔ↗j	1	0	0	0
dợi	TONE_NANG	zəːʔ↓j	zˈəːʔ↓j	1	0	0	0
dơy	TONE_NGANG	zəː→j	zˈəː ˈi	0	0	0	0
dờy	TONE_HUYEN	zəː↘j	zˈəː↘ ˈi	0	0	0	0
dớy	TONE_SAC	zəː↗j	zˈəː↗ ˈi	0	0	0	0
dơ̂y	TONE_HOI	zəː↓j	zˈəː ˈi	0	0	0	0
dỡy	TONE_NGA	zəːʔ↗j	zˈəːʔ↗ ˈi	0	0	0	0
dợy	TONE_NANG	zəːʔ↓j	zˈəːʔ↓ ˈi	0	0	0	0
dơm	TONE_NGANG	zəː→m	zˈəːm	0	0	0	0
dờm	TONE_HUYEN	zəː↘m	zˈəː↘m	1	0	0	0
dớm	TONE_SAC	zəː↗m	zˈəː↗m	1	0	0	0
dơ̂m	TONE_HOI	zəː↓m	zˈəː mˈəː↘	0	0	0	0
dỡm	TONE_NGA	zəːʔ↗m	zˈəːʔ↗m	1	0	0	0
dợm	TONE_NANG	zəːʔ↓m	zˈəːʔ↓m	1	0	0	0
dơn	TONE_NGANG	zəː→n	zˈəːn	0	0	0	0
dờn	TONE_HUYEN	zəː↘n	zˈəː↘n	1	0	0	0
dớn	TONE_SAC	zəː↗n	zˈəː↗n	1	0	0	0
dơ̂n	TONE_HOI	zəː↓n	zˈəː nˈəː↘	0	0	0	0
dỡn	TONE_NGA	zəːʔ↗n	zˈəːʔ↗n	1	0	0	0
dợn	TONE_NANG	zəːʔ↓n	zˈəːʔ↓n	1	0	0	0
dớp	TONE_SAC	zəː↗p	zˈəː↗p	1	0	0	0
dợp	TONE_NANG	zəːʔ↓p	zˈəːʔ↓p	1	0	0	0
dớt	TONE_SAC	zəː↗t	zˈəː↗t	1	0	0	0
dợt	TONE_NANG	zəːʔ↓t	zˈəːʔ↓t	1	0	0	0
dớc	TONE_SAC	zəː↗k	zˈəː↗ sˈe	0	0	0	0
dợc	TONE_NANG	zəːʔ↓k	zˈəːʔ↓ sˈe	0	0	0	0
dớch	TONE_SAC	zəː↗k	zˈəː↗ sˈehˈa↗t	0	0	0	0
dợch	TONE_NANG	zəːʔ↓k	zˈəːʔ↓ sˈehˈa↗t	0	0	0	0
du	TONE_NGANG	zu→	zˈu	0	0	0	0
dù	TONE_HUYEN	zu↘	zˌu↘	1	0	0	0
dú	TONE_SAC	zu↗	zˈu↗	1	0	0	0
dû	TONE_HOI	zu↓	zˈu	0	0	0	0
dũ	TONE_NGA	zuʔ↗	zˈuʔ↗	1	0	0	0
dụ	TONE_NANG	zuʔ↓	zˈuʔ↓	1	0	0	0
dui	TONE_NGANG	zu→j	zˈuj	0	0	0	0
dùi	TONE_HUYEN	zu↘j	zˈu↘j	1	0	0	0
dúi	TONE_SAC	zu↗j	zˈu↗j	1	0	0	0
dûi	TONE_HOI	zu↓j	zˈuj	0	0	0	0
dũi	TONE_NGA	zuʔ↗j	zˈuʔ↗j	1	0	0	0
dụi	TONE_NANG	zuʔ↓j	zˈuʔ↓j	1	0	0	0
duy	TONE_NGANG	zu→j	zwˈi	0	0	0	0
dùy	TONE_HUYEN	zu↘j	zˌu↘ ˈi	0	0	0	0
dúy	TONE_SAC	zu↗j	zˈu↗ ˈi	0	0	0	0
dûy	TONE_HOI	zu↓j	zwˈi	0	0	0	0
dũy	TONE_NGA	zuʔ↗j	zˈuʔ↗ ˈi	0	0	0	0
dụy	TONE_NANG	zuʔ↓j	zˈuʔ↓ ˈi	0	0	0	0
dum	TONE_NGANG	zu→m	zˈum	0	0	0	0
dùm	TONE_HUYEN	zu↘m	zˈu↘m	1	0	0	0
dúm	TONE_SAC	zu↗m	zˈu↗m	1	0	0	0
dûm	TONE_HOI	zu↓m	zˈum	0	0	0	0
dũm	TONE_NGA	zuʔ↗m	zˈuʔ↗m	1	0	0	0
dụm	TONE_NANG	zuʔ↓m	zˈuʔ↓m	1	0	0	0
dun	TONE_NGANG	zu→n	zˈun	0	0	0	0
dùn	TONE_HUYEN	zu↘n	zˈu↘n	1	0	0	0
dún	TONE_SAC	zu↗n	zˈu↗n	1	0	0	0
dûn	TONE_HOI	zu↓n	zˈun	0	0	0	0
dũn	TONE_NGA	zuʔ↗n	zˈuʔ↗n	1	0	0	0
dụn	TONE_NANG	zuʔ↓n	zˈuʔ↓n	1	0	0	0
dúp	TONE_SAC	zu↗p	zˈu↗p	1	0	0	0
dụp	TONE_NANG	zuʔ↓p	zˈuʔ↓p	1	0	0	0
dút	TONE_SAC	zu↗t	zˈu↗t	1	0	0	0
dụt	TONE_NANG	zuʔ↓t	zˈuʔ↓t	1	0	0	0
dung	TONE_NGANG	zu→ŋ	zˈuŋ	0	0	0	0
dùng	TONE_HUYEN	zu↘ŋ	zˈu↘ŋ	1	0	0	0
dúng	TONE_SAC	zu↗ŋ	zˈu↗ŋ	1	0	0	0
dûng	TONE_HOI	zu↓ŋ	zˈuŋ	0	0	0	0
dũng	TONE_NGA	zuʔ↗ŋ	zˈuʔ↗ŋ	1	0	0	0
dụng	TONE_NANG	zuʔ↓ŋ	zˈuʔ↓ŋ	1	0	0	0
dúc	TONE_SAC	zu↗k	zˈu↗c	1	0	0	0
dục	TONE_NANG	zuʔ↓k	zˈuʔ↓c	1	0	0	0
dúch	TONE_SAC	zu↗k	zˈu↗c hˈa↗t	0	0	0	0
dụch	TONE_NANG	zuʔ↓k	zˈuʔ↓c hˈa↗t	0	0	0	0
dư	TONE_NGANG	zɨ→	zˈy	0	0	0	0
dừ	TONE_HUYEN	zɨ↘	zˈy↘	1	0	0	0
dứ	TONE_SAC	zɨ↗	zˈy↗	1	0	0	0
dư̂	TONE_HOI	zɨ↓	zˈy	0	0	0	0
dữ	TONE_NGA	zɨʔ↗	zˈyʔ↗	1	0	0	0
dự	TONE_NANG	zɨʔ↓	zˈyʔ↓	1	0	0	0
dưi	TONE_NGANG	zɨ→j	zˈyj	0	0	0	0
dừi	TONE_HUYEN	zɨ↘j	zˈy↘j	1	0	0	0
dứi	TONE_SAC	zɨ↗j	zˈy↗j	1	0	0	0
dư̂i	TONE_HOI	zɨ↓j	zˈy ˈi	0	0	0	0
dữi	TONE_NGA	zɨʔ↗j	zˈyʔ↗j	1	0	0	0
dựi	TONE_NANG	zɨʔ↓j	zˈyʔ↓j	1	0	0	0
dưy	TONE_NGANG	zɨ→j	zˈy ˈi	0	0	0	0
dừy	TONE_HUYEN	zɨ↘j	zˈy↘ ˈi	0	0	0	0
dứy	TONE_SAC	zɨ↗j	zˈy↗ ˈi	0	0	0	0
dư̂y	TONE_HOI	zɨ↓j	zˈy ˈi	0	0	0	0
dữy	TONE_NGA	zɨʔ↗j	zˈyʔ↗ ˈi	0	0	0	0
dựy	TONE_NANG	zɨʔ↓j	zˈyʔ↓ ˈi	0	0	0	0
dưo	TONE_NGANG	zɨ→w	zˈy ˈɔ	0	0	0	0
dừo	TONE_HUYEN	zɨ↘w	zˈy↘ ˈɔ	1	0	0	0
dứo	TONE_SAC	zɨ↗w	zˈy↗ ˈɔ	1	0	0	0
dư̂o	TONE_HOI	zɨ↓w	zˈy ˈo	0	0	0	0
dữo	TONE_NGA	zɨʔ↗w	zˈyʔ↗ ˈɔ	1	0	0	0
dựo	TONE_NANG	zɨʔ↓w	zˈyʔ↓ ˈɔ	1	0	0	0
dưu	TONE_NGANG	zɨ→w	zˈiw	0	0	0	0
dừu	TONE_HUYEN	zɨ↘w	zˈi↘w	1	0	0	0
dứu	TONE_SAC	zɨ↗w	zˈi↗w	1	0	0	0
dư̂u	TONE_HOI	zɨ↓w	zˈy ˈu	0	0	0	0
dữu	TONE_NGA	zɨʔ↗w	zˈiʔ↗w	1	0	0	0
dựu	TONE_NANG	zɨʔ↓w	zˈiʔ↓w	1	0	0	0
dưm	TONE_NGANG	zɨ→m	zˈym	0	0	0	0
dừm	TONE_HUYEN	zɨ↘m	zˈy↘m	1	0	0	0
dứm	TONE_SAC	zɨ↗m	zˈy↗m	1	0	0	0
dư̂m	TONE_HOI	zɨ↓m	zˈy mˈəː↘	0	0	0	0
dữm	TONE_NGA	zɨʔ↗m	zˈyʔ↗m	1	0	0	0
dựm	TONE_NANG	zɨʔ↓m	zˈyʔ↓m	1	0	0	0
dưn	TONE_NGANG	zɨ→n	zˈyn	0	0	0	0
dừn	TONE_HUYEN	zɨ↘n	zˈy↘n	1	0	0	0
dứn	TONE_SAC	zɨ↗n	zˈy↗n	1	0	0	0
dư̂n	TONE_HOI	zɨ↓n	zˈy nˈəː↘	0	0	0	0
dữn	TONE_NGA	zɨʔ↗n	zˈyʔ↗n	1	0	0	0
dựn	TONE_NANG	zɨʔ↓n	zˈyʔ↓n	1	0	0	0
dứp	TONE_SAC	zɨ↗p	zˈy↗ pˈe	0	0	0	0
dựp	TONE_NANG	zɨʔ↓p	zˈyʔ↓ pˈe	0	0	0	0
dứt	TONE_SAC	zɨ↗t	zˈy↗t	1	0	0	0
dựt	TONE_NANG	zɨʔ↓t	zˈyʔ↓t	1	0	0	0
dưng	TONE_NGANG	zɨ→ŋ	zˈyŋ	0	0	0	0
dừng	TONE_HUYEN	zɨ↘ŋ	zˈy↘ŋ	1	0	0	0
dứng	TONE_SAC	zɨ↗ŋ	zˈy↗ŋ	1	0	0	0
dư̂ng	TONE_HOI	zɨ↓ŋ	zˈy ˌɛndʒˈiː	0	0	0	0
dững	TONE_NGA	zɨʔ↗ŋ	zˈyʔ↗ŋ	1	0	0	0
dựng	TONE_NANG	zɨʔ↓ŋ	zˈyʔ↓ŋ	1	0	0	0
dức	TONE_SAC	zɨ↗k	zˈy↗c	1	0	0	0
dực	TONE_NANG	zɨʔ↓k	zˈyʔ↓c	1	0	0	0
dứch	TONE_SAC	zɨ↗k	zˈy↗c hˈa↗t	0	0	0	0
dựch	TONE_NANG	zɨʔ↓k	zˈyʔ↓c hˈa↗t	0	0	0	0
điê	TONE_NGANG	diə→	dˈi ˈe	0	0	0	0
điề	TONE_HUYEN	diə↘	dˈi ˈe↘	1	0	0	0
điế	TONE_SAC	diə↗	dˈi ˈe↗	1	0	0	0
điê̂	TONE_HOI	diə↓	dˈi ˈe	0	0	0	0
điễ	TONE_NGA	diəʔ↗	dˈi ˈeʔ↗	1	0	0	0
điệ	TONE_NANG	diəʔ↓	dˈi ˈeʔ↓	1	0	0	0
điêo	TONE_NGANG	diə→w	dˈi ˈeˈɔ	0	0	0	0
điềo	TONE_HUYEN	diə↘w	dˈi ˈe↘ˈɔ	1	0	0	0
điếo	TONE_SAC	diə↗w	dˈi ˈe↗ˈɔ	1	0	0	0
điê̂o	TONE_HOI	diə↓w	dˈi ˈe ˈo	0	0	0	0
điễo	TONE_NGA	diəʔ↗w	dˈi ˈeʔ↗ˈɔ	1	0	0	0
điệo	TONE_NANG	diəʔ↓w	dˈi ˈeʔ↓ˈɔ	1	0	0	0
điêu	TONE_NGANG	diə→w	dˈiɛw	0	0	0	0
điều	TONE_HUYEN	diə↘w	dˈiɛ↘w	1	0	0	0
điếu	TONE_SAC	diə↗w	dˈiɛ↗w	1	0	0	0
điê̂u	TONE_HOI	diə↓w	dˈi ˈe ˈu	0	0	0	0
điễu	TONE_NGA	diəʔ↗w	dˈiɛʔ↗w	1	0	0	0
điệu	TONE_NANG	diəʔ↓w	dˈiɛʔ↓w	1	0	0	0
điêm	TONE_NGANG	diə→m	dˈiɛm	0	0	0	0
điềm	TONE_HUYEN	diə↘m	dˈiɛ↘m	1	0	0	0
điếm	TONE_SAC	diə↗m	dˈiɛ↗m	1	0	0	0
điê̂m	TONE_HOI	diə↓m	dˈi ˈe mˈəː↘	0	0	0	0
điễm	TONE_NGA	diəʔ↗m	dˈiɛʔ↗m	1	0	0	0
điệm	TONE_NANG	diəʔ↓m	dˈiɛʔ↓m	1	0	0	0
điên	TONE_NGANG	diə→n	dˈiɛn	0	0	0	0
điền	TONE_HUYEN	diə↘n	dˈiɛ↘n	1	0	0	0
điến	TONE_SAC	diə↗n	dˈiɛ↗n	1	0	0	0
điê̂n	TONE_HOI	diə↓n	dˈi ˈe nˈəː↘	0	0	0	0
điễn	TONE_NGA	diəʔ↗n	dˈiɛʔ↗n	1	0	0	0
điện	TONE_NANG	diəʔ↓n	dˈiɛʔ↓n	1	0	0	0
điếp	TONE_SAC	diə↗p	dˈiɛ↗p	1	0	0	0
điệp	TONE_NANG	diəʔ↓p	dˈiɛʔ↓p	1	0	0	0
điết	TONE_SAC	diə↗t	dˈiɛ↗t	1	0	0	0
điệt	TONE_NANG	diəʔ↓t	dˈiɛʔ↓t	1	0	0	0
điêng	TONE_NGANG	diə→ŋ	dˈiɛŋ	0	0	0	0
điềng	TONE_HUYEN	diə↘ŋ	dˈiɛ↘ŋ	1	0	0	0
điếng	TONE_SAC	diə↗ŋ	dˈiɛ↗ŋ	1	0	0	0
điê̂ng	TONE_HOI	diə↓ŋ	dˈi ˈe ˌɛndʒˈiː	0	0	0	0
điễng	TONE_NGA	diəʔ↗ŋ	dˈiɛʔ↗ŋ	1	0	0	0
điệng	TONE_NANG	diəʔ↓ŋ	dˈiɛʔ↓ŋ	1	0	0	0
điênh	TONE_NGANG	diə→ɲ	dˈi ˈeɲ	0	0	0	0
điềnh	TONE_HUYEN	diə↘ɲ	dˈi ˈe↘ɲ	1	0	0	0
điếnh	TONE_SAC	diə↗ɲ	dˈi ˈe↗ɲ	1	0	0	0
điê̂nh	TONE_HOI	diə↓ɲ	dˈi ˈe ˌɛnˈeɪʧ	0	0	0	0
điễnh	TONE_NGA	diəʔ↗ɲ	dˈi ˈeʔ↗ɲ	1	0	0	0
điệnh	TONE_NANG	diəʔ↓ɲ	dˈi ˈeʔ↓ɲ	1	0	0	0
điếc	TONE_SAC	diə↗k	dˈiɛ↗c	1	0	0	0
điệc	TONE_NANG	diəʔ↓k	dˈiɛʔ↓c	1	0	0	0
điếch	TONE_SAC	diə↗k	dˈi ˈe↗c	1	0	0	0
điệch	TONE_NANG	diəʔ↓k	dˈi ˈeʔ↓c	1	0	0	0
đyê	TONE_NGANG	diə→	dˈi ˈe	0	0	0	0
đyề	TONE_HUYEN	diə↘	dˈi ˈe↘	1	0	0	0
đyế	TONE_SAC	diə↗	dˈi ˈe↗	1	0	0	0
đyê̂	TONE_HOI	diə↓	dˈi ˈe	0	0	0	0
đyễ	TONE_NGA	diəʔ↗	dˈi ˈeʔ↗	1	0	0	0
đyệ	TONE_NANG	diəʔ↓	dˈi ˈeʔ↓	1	0	0	0
đyêo	TONE_NGANG	diə→w	dˈi ˈeˈɔ	0	0	0	0
đyềo	TONE_HUYEN	diə↘w	dˈi ˈe↘ˈɔ	1	0	0	0
đyếo	TONE_SAC	diə↗w	dˈi ˈe↗ˈɔ	1	0	0	0
đyê̂o	TONE_HOI	diə↓w	dˈi ˈe ˈo	0	0	0	0
đyễo	TONE_NGA	diəʔ↗w	dˈi ˈeʔ↗ˈɔ	1	0	0	0
đyệo	TONE_NANG	diəʔ↓w	dˈi ˈeʔ↓ˈɔ	1	0	0	0
đyêu	TONE_NGANG	diə→w	dˈi ˈeˈu	0	0	0	0
đyều	TONE_HUYEN	diə↘w	dˈi ˈe↘ˈu	0	0	0	0
đyếu	TONE_SAC	diə↗w	dˈi ˈe↗ˈu	0	0	0	0
đyê̂u	TONE_HOI	diə↓w	dˈi ˈe ˈu	0	0	0	0
đyễu	TONE_NGA	diəʔ↗w	dˈi ˈeʔ↗ˈu	0	0	0	0
đyệu	TONE_NANG	diəʔ↓w	dˈi ˈeʔ↓ˈu	0	0	0	0
đyêm	TONE_NGANG	diə→m	dˈi ˈem	0	0	0	0
đyềm	TONE_HUYEN	diə↘m	dˈi ˈe↘m	1	0	0	0
đyếm	TONE_SAC	diə↗m	dˈi ˈe↗m	1	0	0	0
đyê̂m	TONE_HOI	diə↓m	dˈi ˈe mˈəː↘	0	0	0	0
đyễm	TONE_NGA	diəʔ↗m	dˈi ˈeʔ↗m	1	0	0	0
đyệm	TONE_NANG	diəʔ↓m	dˈi ˈeʔ↓m	1	0	0	0
đyên	TONE_NGANG	diə→n	dˈi ˈen	0	0	0	0
đyền	TONE_HUYEN	diə↘n	dˈi ˈe↘n	1	0	0	0
đyến	TONE_SAC	diə↗n	dˈi ˈe↗n	1	0	0	0
đyê̂n	TONE_HOI	diə↓n	dˈi ˈe nˈəː↘	0	0	0	0
đyễn	TONE_NGA	diəʔ↗n	dˈi ˈeʔ↗n	1	0	0	0
đyện	TONE_NANG	diəʔ↓n	dˈi ˈeʔ↓n	1	0	0	0
đyếp	TONE_SAC	diə↗p	dˈi ˈe↗p	1	0	0	0
đyệp	TONE_NANG	diəʔ↓p	dˈi ˈeʔ↓p	1	0	0	0
đyết	TONE_SAC	diə↗t	dˈi ˈe↗t	1	0	0	0
đyệt	TONE_NANG	diəʔ↓t	dˈi ˈeʔ↓t	1	0	0	0
đyêng	TONE_NGANG	diə→ŋ	d ˈiɛŋ	0	0	0	0
đyềng	TONE_HUYEN	diə↘ŋ	d ˈiɛ↘ŋ	1	0	0	0
đyếng	TONE_SAC	diə↗ŋ	d ˈiɛ↗ŋ	1	0	0	0
đyê̂ng	TONE_HOI	diə↓ŋ	dˈi ˈe ˌɛndʒˈiː	0	0	0	0
đyễng	TONE_NGA	diəʔ↗ŋ	d ˈiɛʔ↗ŋ	1	0	0	0
đyệng	TONE_NANG	diəʔ↓ŋ	d ˈiɛʔ↓ŋ	1	0	0	0
đyênh	TONE_NGANG	diə→ɲ	dˈi ˈeɲ	0	0	0	0
đyềnh	TONE_HUYEN	diə↘ɲ	dˈi ˈe↘ɲ	1	0	0	0
đyếnh	TONE_SAC	diə↗ɲ	dˈi ˈe↗ɲ	1	0	0	0
đyê̂nh	TONE_HOI	diə↓ɲ	dˈi ˈe ˌɛnˈeɪʧ	0	0	0	0
đyễnh	TONE_NGA	diəʔ↗ɲ	dˈi ˈeʔ↗ɲ	1	0	0	0
đyệnh	TONE_NANG	diəʔ↓ɲ	dˈi ˈeʔ↓ɲ	1	0	0	0
đyếc	TONE_SAC	diə↗k	dˈi ˈe↗sˈe	0	0	0	0
đyệc	TONE_NANG	diəʔ↓k	dˈi ˈeʔ↓sˈe	0	0	0	0
đyếch	TONE_SAC	diə↗k	dˈi ˈe↗c	1	0	0	0
đyệch	TONE_NANG	diəʔ↓k	dˈi ˈeʔ↓c	1	0	0	0
đia	TONE_NGANG	diə→	dˈiə	0	0	0	0
đìa	TONE_HUYEN	diə↘	dˈiə↘	1	0	0	0
đía	TONE_SAC	diə↗	dˈiə↗	1	0	0	0
đîa	TONE_HOI	diə↓	dˈiə	0	0	0	0
đĩa	TONE_NGA	diəʔ↗	dˈiəʔ↗	1	0	0	0
địa	TONE_NANG	diəʔ↓	dˈiəʔ↓	1	0	0	0
điao	TONE_NGANG	diə→w	dˈiə ˈɔ	0	0	0	0
đìao	TONE_HUYEN	diə↘w	dˈiə↘ ˈɔ	1	0	0	0
đíao	TONE_SAC	diə↗w	dˈiə↗ ˈɔ	1	0	0	0
đîao	TONE_HOI	diə↓w	dˈiə ˈɔ	0	0	0	0
đĩao	TONE_NGA	diəʔ↗w	dˈiəʔ↗ ˈɔ	1	0	0	0
địao	TONE_NANG	diəʔ↓w	dˈiəʔ↓ ˈɔ	1	0	0	0
điau	TONE_NGANG	diə→w	dˈiə ˈu	0	0	0	0
đìau	TONE_HUYEN	diə↘w	dˈiə↘ ˈu	0	0	0	0
đíau	TONE_SAC	diə↗w	dˈiə↗ ˈu	0	0	0	0
đîau	TONE_HOI	diə↓w	dˈiə ˈu	0	0	0	0
đĩau	TONE_NGA	diəʔ↗w	dˈiəʔ↗ ˈu	0	0	0	0
địau	TONE_NANG	diəʔ↓w	dˈiəʔ↓ ˈu	0	0	0	0
điam	TONE_NGANG	diə→m	dˈi ˈaːm	0	0	0	0
đìam	TONE_HUYEN	diə↘m	dˈi↘ ˈaːm	0	0	0	0
đíam	TONE_SAC	diə↗m	dˈi↗ ˈaːm	0	0	0	0
đîam	TONE_HOI	diə↓m	dˈi ˈaːm	0	0	0	0
đĩam	TONE_NGA	diəʔ↗m	dˈiʔ↗ ˈaːm	0	0	0	0
địam	TONE_NANG	diəʔ↓m	dˈiʔ↓ ˈaːm	0	0	0	0
đian	TONE_NGANG	diə→n	dˈi ˈaːn	0	0	0	0
đìan	TONE_HUYEN	diə↘n	dˈi↘ ˈaːn	0	0	0	0
đían	TONE_SAC	diə↗n	dˈi↗ ˈaːn	0	0	0	0
đîan	TONE_HOI	diə↓n	dˈi ˈaːn	0	0	0	0
đĩan	TONE_NGA	diəʔ↗n	dˈiʔ↗ ˈaːn	0	0	0	0
địan	TONE_NANG	diəʔ↓n	dˈiʔ↓ ˈaːn	0	0	0	0
đíap	TONE_SAC	diə↗p	dˈi↗ ˈaː↗p	0	0	0	0
địap	TONE_NANG	diəʔ↓p	dˈiʔ↓ ˈaː↗p	0	0	0	0
đíat	TONE_SAC	diə↗t	dˈi↗ ˈaː↗t	0	0	0	0
địat	TONE_NANG	diəʔ↓t	dˈiʔ↓ ˈaː↗t	0	0	0	0
điang	TONE_NGANG	diə→ŋ	dˈi ˈaːŋ	0	0	0	0
đìang	TONE_HUYEN	diə↘ŋ	dˈi↘ ˈaːŋ	0	0	0	0
đíang	TONE_SAC	diə↗ŋ	dˈi↗ ˈaːŋ	0	0	0	0
đîang	TONE_HOI	diə↓ŋ	dˈi ˈaːŋ	0	0	0	0
đĩang	TONE_NGA	diəʔ↗ŋ	dˈiʔ↗ ˈaːŋ	0	0	0	0
địang	TONE_NANG	diəʔ↓ŋ	dˈiʔ↓ ˈaːŋ	0	0	0	0
đianh	TONE_NGANG	diə→ɲ	dˈi ˈæɲ	0	0	0	0
đìanh	TONE_HUYEN	diə↘ɲ	dˈi↘ ˈæɲ	0	0	0	0
đíanh	TONE_SAC	diə↗ɲ	dˈi↗ ˈæɲ	0	0	0	0
đîanh	TONE_HOI	diə↓ɲ	dˈi ˈæɲ	0	0	0	0
đĩanh	TONE_NGA	diəʔ↗ɲ	dˈiʔ↗ ˈæɲ	0	0	0	0
địanh	TONE_NANG	diəʔ↓ɲ	dˈiʔ↓ ˈæɲ	0	0	0	0
đíac	TONE_SAC	diə↗k	dˈi↗ ˈaː↗c	0	0	0	0
địac	TONE_NANG	diəʔ↓k	dˈiʔ↓ ˈaː↗c	0	0	0	0
đíach	TONE_SAC	diə↗k	dˈi↗ ˈæ↗c	0	0	0	0
địach	TONE_NANG	diəʔ↓k	dˈiʔ↓ ˈæ↗c	0	0	0	0
đya	TONE_NGANG	diə→	dˈi ˈaː	0	0	0	0
đỳa	TONE_HUYEN	diə↘	dˈi↘ ˈaː	0	0	0	0
đýa	TONE_SAC	diə↗	dˈi↗ ˈaː	0	0	0	0
đŷa	TONE_HOI	diə↓	dˈi ˈaː	0	0	0	0
đỹa	TONE_NGA	diəʔ↗	dˈiʔ↗ ˈaː	0	0	0	0
đỵa	TONE_NANG	diəʔ↓	dˈiʔ↓ ˈaː	0	0	0	0
đyao	TONE_NGANG	diə→w	dˈi ˈaːˈɔ	0	0	0	0
đỳao	TONE_HUYEN	diə↘w	dˈi↘ ˈaːˈɔ	0	0	0	0
đýao	TONE_SAC	diə↗w	dˈi↗ ˈaːˈɔ	0	0	0	0
đŷao	TONE_HOI	diə↓w	dˈi ˈaːˈɔ	0	0	0	0
đỹao	TONE_NGA	diəʔ↗w	dˈiʔ↗ ˈaːˈɔ	0	0	0	0
đỵao	TONE_NANG	diəʔ↓w	dˈiʔ↓ ˈaːˈɔ	0	0	0	0
đyau	TONE_NGANG	diə→w	dˈi ˈaːˈu	0	0	0	0
đỳau	TONE_HUYEN	diə↘w	dˈi↘ ˈaːˈu	0	0	0	0
đýau	TONE_SAC	diə↗w	dˈi↗ ˈaːˈu	0	0	0	0
đŷau	TONE_HOI	diə↓w	dˈi ˈaːˈu	0	0	0	0
đỹau	TONE_NGA	diəʔ↗w	dˈiʔ↗ ˈaːˈu	0	0	0	0
đỵau	TONE_NANG	diəʔ↓w	dˈiʔ↓ ˈaːˈu	0	0	0	0
đyam	TONE_NGANG	diə→m	dˈi ˈaːm	0	0	0	0
đỳam	TONE_HUYEN	diə↘m	dˈi↘ ˈaːm	0	0	0	0
đýam	TONE_SAC	diə↗m	dˈi↗ ˈaːm	0	0	0	0
đŷam	TONE_HOI	diə↓m	dˈi ˈaːm	0	0	0	0
đỹam	TONE_NGA	diəʔ↗m	dˈiʔ↗ ˈaːm	0	0	0	0
đỵam	TONE_NANG	diəʔ↓m	dˈiʔ↓ ˈaːm	0	0	0	0
đyan	TONE_NGANG	diə→n	dˈi ˈaːn	0	0	0	0
đỳan	TONE_HUYEN	diə↘n	dˈi↘ ˈaːn	0	0	0	0
đýan	TONE_SAC	diə↗n	dˈi↗ ˈaːn	0	0	0	0
đŷan	TONE_HOI	diə↓n	dˈi ˈaːn	0	0	0	0
đỹan	TONE_NGA	diəʔ↗n	dˈiʔ↗ ˈaːn	0	0	0	0
đỵan	TONE_NANG	diəʔ↓n	dˈiʔ↓ ˈaːn	0	0	0	0
đýap	TONE_SAC	diə↗p	dˈi↗ ˈaː↗p	0	0	0	0
đỵap	TONE_NANG	diəʔ↓p	dˈiʔ↓ ˈaː↗p	0	0	0	0
đýat	TONE_SAC	diə↗t	dˈi↗ ˈaː↗t	0	0	0	0
đỵat	TONE_NANG	diəʔ↓t	dˈiʔ↓ ˈaː↗t	0	0	0	0
đyang	TONE_NGANG	diə→ŋ	dˈi ˈaːŋ	0	0	0	0
đỳang	TONE_HUYEN	diə↘ŋ	dˈi↘ ˈaːŋ	0	0	0	0
đýang	TONE_SAC	diə↗ŋ	dˈi↗ ˈaːŋ	0	0	0	0
đŷang	TONE_HOI	diə↓ŋ	dˈi ˈaːŋ	0	0	0	0
đỹang	TONE_NGA	diəʔ↗ŋ	dˈiʔ↗ ˈaːŋ	0	0	0	0
đỵang	TONE_NANG	diəʔ↓ŋ	dˈiʔ↓ ˈaːŋ	0	0	0	0
đyanh	TONE_NGANG	diə→ɲ	dˈi ˈæɲ	0	0	0	0
đỳanh	TONE_HUYEN	diə↘ɲ	dˈi↘ ˈæɲ	0	0	0	0
đýanh	TONE_SAC	diə↗ɲ	dˈi↗ ˈæɲ	0	0	0	0
đŷanh	TONE_HOI	diə↓ɲ	dˈi ˈæɲ	0	0	0	0
đỹanh	TONE_NGA	diəʔ↗ɲ	dˈiʔ↗ ˈæɲ	0	0	0	0
đỵanh	TONE_NANG	diəʔ↓ɲ	dˈiʔ↓ ˈæɲ	0	0	0	0
đýac	TONE_SAC	diə↗k	dˈi↗ ˈaː↗c	0	0	0	0
đỵac	TONE_NANG	diəʔ↓k	dˈiʔ↓ ˈaː↗c	0	0	0	0
đýach	TONE_SAC	diə↗k	dˈi↗ ˈæ↗c	0	0	0	0
đỵach	TONE_NANG	diəʔ↓k	dˈiʔ↓ ˈæ↗c	0	0	0	0
đươ	TONE_NGANG	dɨə→	dˈy ˈəː	0	0	0	0
đườ	TONE_HUYEN	dɨə↘	dˈy ˈəː↘	1	0	0	0
đướ	TONE_SAC	dɨə↗	dˈy ˈəː↗	1	0	0	0
đươ̂	TONE_HOI	dɨə↓	dˈy ˈəː	0	0	0	0
đưỡ	TONE_NGA	dɨəʔ↗	dˈy ˈəːʔ↗	1	0	0	0
đượ	TONE_NANG	dɨəʔ↓	dˈy ˈəːʔ↓	1	0	0	0
đươi	TONE_NGANG	dɨə→j	dˈyəj	0	0	0	0
đười	TONE_HUYEN	dɨə↘j	dˈyə↘j	1	0	0	0
đưới	TONE_SAC	dɨə↗j	dˈyə↗j	1	0	0	0
đươ̂i	TONE_HOI	dɨə↓j	dˈy ˈəː ˈi	0	0	0	0
đưỡi	TONE_NGA	dɨəʔ↗j	dˈyəʔ↗j	1	0	0	0
đượi	TONE_NANG	dɨəʔ↓j	dˈyəʔ↓j	1	0	0	0
đươy	TONE_NGANG	dɨə→j	dˈy ˈəːˈi	0	0	0	0
đườy	TONE_HUYEN	dɨə↘j	dˈy ˈəː↘ˈi	0	0	0	0
đướy	TONE_SAC	dɨə↗j	dˈy ˈəː↗ˈi	0	0	0	0
đươ̂y	TONE_HOI	dɨə↓j	dˈy ˈəː ˈi	0	0	0	0
đưỡy	TONE_NGA	dɨəʔ↗j	dˈy ˈəːʔ↗ˈi	0	0	0	0
đượy	TONE_NANG	dɨəʔ↓j	dˈy ˈəːʔ↓ˈi	0	0	0	0
đươo	TONE_NGANG	dɨə→w	dˈy ˈəːˈɔ	0	0	0	0
đườo	TONE_HUYEN	dɨə↘w	dˈy ˈəː↘ˈɔ	1	0	0	0
đướo	TONE_SAC	dɨə↗w	dˈy ˈəː↗ˈɔ	1	0	0	0
đươ̂o	TONE_HOI	dɨə↓w	dˈy ˈəː ˈo	0	0	0	0
đưỡo	TONE_NGA	dɨəʔ↗w	dˈy ˈəːʔ↗ˈɔ	1	0	0	0
đượo	TONE_NANG	dɨəʔ↓w	dˈy ˈəːʔ↓ˈɔ	1	0	0	0
đươu	TONE_NGANG	dɨə→w	dˈyəw	0	0	0	0
đườu	TONE_HUYEN	dɨə↘w	dˈyə↘w	1	0	0	0
đướu	TONE_SAC	dɨə↗w	dˈyə↗w	1	0	0	0
đươ̂u	TONE_HOI	dɨə↓w	dˈy ˈəː ˈu	0	0	0	0
đưỡu	TONE_NGA	dɨəʔ↗w	dˈyəʔ↗w	1	0	0	0
đượu	TONE_NANG	dɨəʔ↓w	dˈyəʔ↓w	1	0	0	0
đươm	TONE_NGANG	dɨə→m	dˈyəm	0	0	0	0
đườm	TONE_HUYEN	dɨə↘m	dˈyə↘m	1	0	0	0
đướm	TONE_SAC	dɨə↗m	dˈyə↗m	1	0	0	0
đươ̂m	TONE_HOI	dɨə↓m	dˈy ˈəː mˈəː↘	0	0	0	0
đưỡm	TONE_NGA	dɨəʔ↗m	dˈyəʔ↗m	1	0	0	0
đượm	TONE_NANG	dɨəʔ↓m	dˈyəʔ↓m	1	0	0	0
đướp	TONE_SAC	dɨə↗p	dˈyə↗p	1	0	0	0
đượp	TONE_NANG	dɨəʔ↓p	dˈyəʔ↓p	1	0	0	0
đướt	TONE_SAC	dɨə↗t	dˈyə↗t	1	0	0	0
đượt	TONE_NANG	dɨəʔ↓t	dˈyəʔ↓t	1	0	0	0
đương	TONE_NGANG	dɨə→ŋ	dˈyəŋ	0	0	0	0
đường	TONE_HUYEN	dɨə↘ŋ	dˈyə↘ŋ	1	0	0	0
đướng	TONE_SAC	dɨə↗ŋ	dˈyə↗ŋ	1	0	0	0
đươ̂ng	TONE_HOI	dɨə↓ŋ	dˈy ˈəː ˌɛndʒˈiː	0	0	0	0
đưỡng	TONE_NGA	dɨəʔ↗ŋ	dˈyəʔ↗ŋ	1	0	0	0
đượng	TONE_NANG	dɨəʔ↓ŋ	dˈyəʔ↓ŋ	1	0	0	0
đước	TONE_SAC	dɨə↗k	dˈyə↗c	1	0	0	0
được	TONE_NANG	dɨəʔ↓k	dˌyəʔ↓c	1	0	0	0
đướch	TONE_SAC	dɨə↗k	dˈyə↗c hˈa↗t	0	0	0	0
đượch	TONE_NANG	dɨəʔ↓k	dˌyəʔ↓c hˈa↗t	0	0	0	0
đưa	TONE_NGANG	dɨə→	dˈyə	0	0	0	0
đừa	TONE_HUYEN	dɨə↘	dˈyə↘	1	0	0	0
đứa	TONE_SAC	dɨə↗	dˈyə↗	1	0	0	0
đư̂a	TONE_HOI	dɨə↓	dˈy ˈaː	0	0	0	0
đữa	TONE_NGA	dɨəʔ↗	dˈyəʔ↗	1	0	0	0
đựa	TONE_NANG	dɨəʔ↓	dˈyəʔ↓	1	0	0	0
đưai	TONE_NGANG	dɨə→j	dˈyə ˈi	0	0	0	0
đừai	TONE_HUYEN	dɨə↘j	dˈyə↘ ˈi	0	0	0	0
đứai	TONE_SAC	dɨə↗j	dˈyə↗ ˈi	0	0	0	0
đư̂ai	TONE_HOI	dɨə↓j	dˈy ˈaːj	0	0	0	0
đữai	TONE_NGA	dɨəʔ↗j	dˈyəʔ↗ ˈi	0	0	0	0
đựai	TONE_NANG	dɨəʔ↓j	dˈyəʔ↓ ˈi	0	0	0	0
đưay	TONE_NGANG	dɨə→j	dˈyə ˈi	0	0	0	0
đừay	TONE_HUYEN	dɨə↘j	dˈyə↘ ˈi	0	0	0	0
đứay	TONE_SAC	dɨə↗j	dˈyə↗ ˈi	0	0	0	0
đư̂ay	TONE_HOI	dɨə↓j	dˈy ˈaj	0	0	0	0
đữay	TONE_NGA	dɨəʔ↗j	dˈyəʔ↗ ˈi	0	0	0	0
đựay	TONE_NANG	dɨəʔ↓j	dˈyəʔ↓ ˈi	0	0	0	0
đưao	TONE_NGANG	dɨə→w	dˈyə ˈɔ	0	0	0	0
đừao	TONE_HUYEN	dɨə↘w	dˈyə↘ ˈɔ	1	0	0	0
đứao	TONE_SAC	dɨə↗w	dˈyə↗ ˈɔ	1	0	0	0
đư̂ao	TONE_HOI	dɨə↓w	dˈy ˈaːw	0	0	0	0
đữao	TONE_NGA	dɨəʔ↗w	dˈyəʔ↗ ˈɔ	1	0	0	0
đựao	TONE_NANG	dɨəʔ↓w	dˈyəʔ↓ ˈɔ	1	0	0	0
đưau	TONE_NGANG	dɨə→w	dˈyə ˈu	0	0	0	0
đừau	TONE_HUYEN	dɨə↘w	dˈyə↘ ˈu	0	0	0	0
đứau	TONE_SAC	dɨə↗w	dˈyə↗ ˈu	0	0	0	0
đư̂au	TONE_HOI	dɨə↓w	dˈy ˈaw	0	0	0	0
đữau	TONE_NGA	dɨəʔ↗w	dˈyəʔ↗ ˈu	0	0	0	0
đựau	TONE_NANG	dɨəʔ↓w	dˈyəʔ↓ ˈu	0	0	0	0
đưam	TONE_NGANG	dɨə→m	dˈy ˈaːm	0	0	0	0
đừam	TONE_HUYEN	dɨə↘m	dˈy↘ ˈaːm	0	0	0	0
đứam	TONE_SAC	dɨə↗m	dˈy↗ ˈaːm	0	0	0	0
đư̂am	TONE_HOI	dɨə↓m	dˈy ˈaːm	0	0	0	0
đữam	TONE_NGA	dɨəʔ↗m	dˈyʔ↗ ˈaːm	0	0	0	0
đựam	TONE_NANG	dɨəʔ↓m	dˈyʔ↓ ˈaːm	0	0	0	0
đứap	TONE_SAC	dɨə↗p	dˈy↗ ˈaː↗p	0	0	0	0
đựap	TONE_NANG	dɨəʔ↓p	dˈyʔ↓ ˈaː↗p	0	0	0	0
đứat	TONE_SAC	dɨə↗t	dˈy↗ ˈaː↗t	0	0	0	0
đựat	TONE_NANG	dɨəʔ↓t	dˈyʔ↓ ˈaː↗t	0	0	0	0
đưang	TONE_NGANG	dɨə→ŋ	dˈy ˈaːŋ	0	0	0	0
đừang	TONE_HUYEN	dɨə↘ŋ	dˈy↘ ˈaːŋ	0	0	0	0
đứang	TONE_SAC	dɨə↗ŋ	dˈy↗ ˈaːŋ	0	0	0	0
đư̂ang	TONE_HOI	dɨə↓ŋ	dˈy ˈaːŋ	0	0	0	0
đữang	TONE_NGA	dɨəʔ↗ŋ	dˈyʔ↗ ˈaːŋ	0	0	0	0
đựang	TONE_NANG	dɨəʔ↓ŋ	dˈyʔ↓ ˈaːŋ	0	0	0	0
đứac	TONE_SAC	dɨə↗k	dˈy↗ ˈaː↗c	0	0	0	0
đựac	TONE_NANG	dɨəʔ↓k	dˈyʔ↓ ˈaː↗c	0	0	0	0
đứach	TONE_SAC	dɨə↗k	dˈy↗ ˈæ↗c	0	0	0	0
đựach	TONE_NANG	dɨəʔ↓k	dˈyʔ↓ ˈæ↗c	0	0	0	0
đuô	TONE_NGANG	duə→	dˈu ˈo	0	0	0	0
đuồ	TONE_HUYEN	duə↘	dˈu ˈo↘	1	0	0	0
đuố	TONE_SAC	duə↗	dˈu ˈo↗	1	0	0	0
đuô̂	TONE_HOI	duə↓	dˈu ˈo	0	0	0	0
đuỗ	TONE_NGA	duəʔ↗	dˈu ˈoʔ↗	1	0	0	0
đuộ	TONE_NANG	duəʔ↓	dˈu ˈoʔ↓	1	0	0	0
đuôi	TONE_NGANG	duə→j	dˈuəj	0	0	0	0
đuồi	TONE_HUYEN	duə↘j	dˈuə↘j	1	0	0	0
đuối	TONE_SAC	duə↗j	dˈuə↗j	1	0	0	0
đuô̂i	TONE_HOI	duə↓j	dˈu ˈo ˈi	0	0	0	0
đuỗi	TONE_NGA	duəʔ↗j	dˈuəʔ↗j	1	0	0	0
đuội	TONE_NANG	duəʔ↓j	dˈuəʔ↓j	1	0	0	0
đuôy	TONE_NGANG	duə→j	dˈu ˈoˈi	0	0	0	0
đuồy	TONE_HUYEN	duə↘j	dˈu ˈo↘ˈi	0	0	0	0
đuốy	TONE_SAC	duə↗j	dˈu ˈo↗ˈi	0	0	0	0
đuô̂y	TONE_HOI	duə↓j	dˈu ˈo ˈi	0	0	0	0
đuỗy	TONE_NGA	duəʔ↗j	dˈu ˈoʔ↗ˈi	0	0	0	0
đuộy	TONE_NANG	duəʔ↓j	dˈu ˈoʔ↓ˈi	0	0	0	0
đuôn	TONE_NGANG	duə→n	dˈuən	0	0	0	0
đuồn	TONE_HUYEN	duə↘n	dˈuə↘n	1	0	0	0
đuốn	TONE_SAC	duə↗n	dˈuə↗n	1	0	0	0
đuô̂n	TONE_HOI	duə↓n	dˈu ˈo nˈəː↘	0	0	0	0
đuỗn	TONE_NGA	duəʔ↗n	dˈuəʔ↗n	1	0	0	0
đuộn	TONE_NANG	duəʔ↓n	dˈuəʔ↓n	1	0	0	0
đuốp	TONE_SAC	duə↗p	dˈuə↗p	1	0	0	0
đuộp	TONE_NANG	duəʔ↓p	dˈuəʔ↓p	1	0	0	0
đuốt	TONE_SAC	duə↗t	dˈuə↗t	1	0	0	0
đuột	TONE_NANG	duəʔ↓t	dˈuəʔ↓t	1	0	0	0
đuông	TONE_NGANG	duə→ŋ	dˈuəŋ	0	0	0	0
đuồng	TONE_HUYEN	duə↘ŋ	dˈuə↘ŋ	1	0	0	0
đuống	TONE_SAC	duə↗ŋ	dˈuə↗ŋ	1	0	0	0
đuô̂ng	TONE_HOI	duə↓ŋ	dˈu ˈo ˌɛndʒˈiː	0	0	0	0
đuỗng	TONE_NGA	duəʔ↗ŋ	dˈuəʔ↗ŋ	1	0	0	0
đuộng	TONE_NANG	duəʔ↓ŋ	dˈuəʔ↓ŋ	1	0	0	0
đuốc	TONE_SAC	duə↗k	dˈuə↗c	1	0	0	0
đuộc	TONE_NANG	duəʔ↓k	dˈuəʔ↓c	1	0	0	0
đuốch	TONE_SAC	duə↗k	dˈuə↗c hˈa↗t	0	0	0	0
đuộch	TONE_NANG	duəʔ↓k	dˈuəʔ↓c hˈa↗t	0	0	0	0
đua	TONE_NGANG	duə→	dˈuə	0	0	0	0
đùa	TONE_HUYEN	duə↘	dˈuə↘	1	0	0	0
đúa	TONE_SAC	duə↗	dˈuə↗	1	0	0	0
đûa	TONE_HOI	duə↓	dˈuə	0	0	0	0
đũa	TONE_NGA	duəʔ↗	dˈuəʔ↗	1	0	0	0
đụa	TONE_NANG	duəʔ↓	dˈuəʔ↓	1	0	0	0
đuai	TONE_NGANG	duə→j	dˈuə ˈi	0	0	0	0
đùai	TONE_HUYEN	duə↘j	dˈuə↘ ˈi	0	0	0	0
đúai	TONE_SAC	duə↗j	dˈuə↗ ˈi	0	0	0	0
đûai	TONE_HOI	duə↓j	dˈuə ˈi	0	0	0	0
đũai	TONE_NGA	duəʔ↗j	dˈuəʔ↗ ˈi	0	0	0	0
đụai	TONE_NANG	duəʔ↓j	dˈuəʔ↓ ˈi	0	0	0	0
đuay	TONE_NGANG	duə→j	dˈuə ˈi	0	0	0	0
đùay	TONE_HUYEN	duə↘j	dˈuə↘ ˈi	0	0	0	0
đúay	TONE_SAC	duə↗j	dˈuə↗ ˈi	0	0	0	0
đûay	TONE_HOI	duə↓j	dˈuə ˈi	0	0	0	0
đũay	TONE_NGA	duəʔ↗j	dˈuəʔ↗ ˈi	0	0	0	0
đụay	TONE_NANG	duəʔ↓j	dˈuəʔ↓ ˈi	0	0	0	0
đao	TONE_NGANG	daː→w	dˈaːw	0	0	0	0
đào	TONE_HUYEN	daː↘w	dˈaː↘w	1	0	0	0
đáo	TONE_SAC	daː↗w	dˈaː↗w	1	0	0	0
đâo	TONE_HOI	daː↓w	dˌeɪsˈ↗ːkəmflˌɛksˈɔ	0	0	0	0
đão	TONE_NGA	daːʔ↗w	dˈaːʔ↗w	1	0	0	0
đạo	TONE_NANG	daːʔ↓w	dˈaːʔ↓w	1	0	0	0
đau	TONE_NGANG	da→w	dˈaw	0	0	0	0
đàu	TONE_HUYEN	da↘w	dˈa↘w	1	0	0	0
đáu	TONE_SAC	da↗w	dˈa↗w	1	0	0	0
đâu	TONE_HOI	da↓w	dˈə→w	0	0	0	0
đãu	TONE_NGA	daʔ↗w	dˈaʔ↗w	1	0	0	0
đạu	TONE_NANG	daʔ↓w	dˈaʔ↓w	1	0	0	0
đuan	TONE_NGANG	duə→n	dˈu ˈaːn	0	0	0	0
đùan	TONE_HUYEN	duə↘n	dˈu↘ ˈaːn	0	0	0	0
đúan	TONE_SAC	duə↗n	dˈu↗ ˈaːn	0	0	0	0
đûan	TONE_HOI	duə↓n	dˈu ˈaːn	0	0	0	0
đũan	TONE_NGA	duəʔ↗n	dˈuʔ↗ ˈaːn	0	0	0	0
đụan	TONE_NANG	duəʔ↓n	dˈuʔ↓ ˈaːn	0	0	0	0
đúap	TONE_SAC	duə↗p	dˈu↗ ˈaː↗p	0	0	0	0
đụap	TONE_NANG	duəʔ↓p	dˈuʔ↓ ˈaː↗p	0	0	0	0
đúat	TONE_SAC	duə↗t	dˈu↗ ˈaː↗t	0	0	0	0
đụat	TONE_NANG	duəʔ↓t	dˈuʔ↓ ˈaː↗t	0	0	0	0
đuang	TONE_NGANG	duə→ŋ	dˈu ˈaːŋ	0	0	0	0
đùang	TONE_HUYEN	duə↘ŋ	dˈu↘ ˈaːŋ	0	0	0	0
đúang	TONE_SAC	duə↗ŋ	dˈu↗ ˈaːŋ	0	0	0	0
đûang	TONE_HOI	duə↓ŋ	dˈu ˈaːŋ	0	0	0	0
đũang	TONE_NGA	duəʔ↗ŋ	dˈuʔ↗ ˈaːŋ	0	0	0	0
đụang	TONE_NANG	duəʔ↓ŋ	dˈuʔ↓ ˈaːŋ	0	0	0	0
đanh	TONE_NGANG	daː→ɲ	dˈæɲ	0	0	0	1
đành	TONE_HUYEN	daː↘ɲ	dˈæ↘ɲ	1	0	0	1
đánh	TONE_SAC	daː↗ɲ	dˈæ↗ɲ	1	0	0	1
đânh	TONE_HOI	daː↓ɲ	dˈən hˈa↗t	0	0	0	1
đãnh	TONE_NGA	daːʔ↗ɲ	dˈæʔ↗ɲ	1	0	0	1
đạnh	TONE_NANG	daːʔ↓ɲ	dˈæʔ↓ɲ	1	0	0	1
đúac	TONE_SAC	duə↗k	dˈu↗ ˈaː↗c	0	0	0	0
đụac	TONE_NANG	duəʔ↓k	dˈuʔ↓ ˈaː↗c	0	0	0	0
đúach	TONE_SAC	duə↗k	dˈu↗ ˈæ↗c	0	0	0	0
đụach	TONE_NANG	duəʔ↓k	dˈuʔ↓ ˈæ↗c	0	0	0	0
đa	TONE_NGANG	daː→	dˈaː	0	0	0	0
đà	TONE_HUYEN	daː↘	dˈaː↘	1	0	0	0
đá	TONE_SAC	daː↗	dˈaː↗	1	0	0	0
đâ	TONE_HOI	daː↓	dˌeɪsˈ↗ːkəmflˌɛks	0	0	0	0
đã	TONE_NGA	daːʔ↗	dˌaːʔ↗	1	0	0	0
đạ	TONE_NANG	daːʔ↓	dˈaːʔ↓	1	0	0	0
đai	TONE_NGANG	daː→j	dˈaːj	0	0	0	0
đài	TONE_HUYEN	daː↘j	dˈaː↘j	1	0	0	0
đái	TONE_SAC	daː↗j	dˈaː↗j	1	0	0	0
đâi	TONE_HOI	daː↓j	dˌeɪsˈ↗ːkəmflˌɛksˈi	0	0	0	0
đãi	TONE_NGA	daːʔ↗j	dˈaːʔ↗j	1	0	0	0
đại	TONE_NANG	daːʔ↓j	dˈaːʔ↓j	1	0	0	0
đay	TONE_NGANG	da→j	dˈaj	0	0	0	0
đày	TONE_HUYEN	da↘j	dˈa↘j	1	0	0	0
đáy	TONE_SAC	da↗j	dˈa↗j	1	0	0	0
đây	TONE_HOI	da↓j	dˈəɪ	0	0	0	0
đãy	TONE_NGA	daʔ↗j	dˈaʔ↗j	1	0	0	0
đạy	TONE_NANG	daʔ↓j	dˈaʔ↓j	1	0	0	0
đao	TONE_NGANG	daː→w	dˈaːw	0	0	0	0
đào	TONE_HUYEN	daː↘w	dˈaː↘w	1	0	0	0
đáo	TONE_SAC	daː↗w	dˈaː↗w	1	0	0	0
đâo	TONE_HOI	daː↓w	dˌeɪsˈ↗ːkəmflˌɛksˈɔ	0	0	0	0
đão	TONE_NGA	daːʔ↗w	dˈaːʔ↗w	1	0	0	0
đạo	TONE_NANG	daːʔ↓w	dˈaːʔ↓w	1	0	0	0
đau	TONE_NGANG	da→w	dˈaw	0	0	0	0
đàu	TONE_HUYEN	da↘w	dˈa↘w	1	0	0	0
đáu	TONE_SAC	da↗w	dˈa↗w	1	0	0	0
đâu	TONE_HOI	da↓w	dˈə→w	0	0	0	0
đãu	TONE_NGA	daʔ↗w	dˈaʔ↗w	1	0	0	0
đạu	TONE_NANG	daʔ↓w	dˈaʔ↓w	1	0	0	0
đam	TONE_NGANG	daː→m	dˈaːm	0	0	0	0
đàm	TONE_HUYEN	daː↘m	dˈaː↘m	1	0	0	0
đám	TONE_SAC	daː↗m	dˈaː↗m	1	0	0	0
đâm	TONE_HOI	daː↓m	dˈəm	0	0	0	0
đãm	TONE_NGA	daːʔ↗m	dˈaːʔ↗m	1	0	0	0
đạm	TONE_NANG	daːʔ↓m	dˈaːʔ↓m	1	0	0	0
đan	TONE_NGANG	daː→n	dˈaːn	0	0	0	0
đàn	TONE_HUYEN	daː↘n	dˈaː↘n	1	0	0	0
đán	TONE_SAC	daː↗n	dˈaː↗n	1	0	0	0
đân	TONE_HOI	daː↓n	dˈən	0	0	0	0
đãn	TONE_NGA	daːʔ↗n	dˈaːʔ↗n	1	0	0	0
đạn	TONE_NANG	daːʔ↓n	dˈaːʔ↓n	1	0	0	0
đáp	TONE_SAC	daː↗p	dˈaː↗p	1	0	0	0
đạp	TONE_NANG	daːʔ↓p	dˈaːʔ↓p	1	0	0	0
đát	TONE_SAC	daː↗t	dˈaː↗t	1	0	0	0
đạt	TONE_NANG	daːʔ↓t	dˈaːʔ↓t	1	0	0	0
đang	TONE_NGANG	daː→ŋ	dˌaːŋ	0	0	0	0
đàng	TONE_HUYEN	daː↘ŋ	dˈaː↘ŋ	1	0	0	0
đáng	TONE_SAC	daː↗ŋ	dˈaː↗ŋ	1	0	0	0
đâng	TONE_HOI	daː↓ŋ	dˈəŋ	0	0	0	0
đãng	TONE_NGA	daːʔ↗ŋ	dˈaːʔ↗ŋ	1	0	0	0
đạng	TONE_NANG	daːʔ↓ŋ	dˈaːʔ↓ŋ	1	0	0	0
đanh	TONE_NGANG	daː→ɲ	dˈæɲ	0	0	0	1
đành	TONE_HUYEN	daː↘ɲ	dˈæ↘ɲ	1	0	0	1
đánh	TONE_SAC	daː↗ɲ	dˈæ↗ɲ	1	0	0	1
đânh	TONE_HOI	daː↓ɲ	dˈən hˈa↗t	0	0	0	1
đãnh	TONE_NGA	daːʔ↗ɲ	dˈæʔ↗ɲ	1	0	0	1
đạnh	TONE_NANG	daːʔ↓ɲ	dˈæʔ↓ɲ	1	0	0	1
đác	TONE_SAC	daː↗k	dˈaː↗c	1	0	0	0
đạc	TONE_NANG	daːʔ↓k	dˈaːʔ↓c	1	0	0	0
đách	TONE_SAC	da↗k	dˈæ↗c	1	0	0	0
đạch	TONE_NANG	daʔ↓k	dˈæʔ↓c	1	0	0	0
đă	TONE_NGANG	da→	dă	0	1	0	0
đằ	TONE_HUYEN	da↘	dằ	0	1	0	0
đắ	TONE_SAC	da↗	dắ	0	1	0	0
đă̂	TONE_HOI	da↓	dă	0	1	0	0
đẵ	TONE_NGA	daʔ↗	dẵ	0	1	0	0
đặ	TONE_NANG	daʔ↓	dặ	0	1	0	0
đăm	TONE_NGANG	da→m	dˈam	0	0	0	0
đằm	TONE_HUYEN	da↘m	dˈa↘m	1	0	0	0
đắm	TONE_SAC	da↗m	dˈa↗m	1	0	0	0
đă̂m	TONE_HOI	da↓m	dă mˈəː↘	0	1	0	0
đẵm	TONE_NGA	daʔ↗m	dˈaʔ↗m	1	0	0	0
đặm	TONE_NANG	daʔ↓m	dˈaʔ↓m	1	0	0	0
đăn	TONE_NGANG	da→n	dˈan	0	0	0	0
đằn	TONE_HUYEN	da↘n	dˈa↘n	1	0	0	0
đắn	TONE_SAC	da↗n	dˈa↗n	1	0	0	0
đă̂n	TONE_HOI	da↓n	dă nˈəː↘	0	1	0	0
đẵn	TONE_NGA	daʔ↗n	dˈaʔ↗n	1	0	0	0
đặn	TONE_NANG	daʔ↓n	dˈaʔ↓n	1	0	0	0
đắp	TONE_SAC	da↗p	dˈa↗p	1	0	0	0
đặp	TONE_NANG	daʔ↓p	dˈaʔ↓p	1	0	0	0
đắt	TONE_SAC	da↗t	dˈa↗t	1	0	0	0
đặt	TONE_NANG	daʔ↓t	dˈaʔ↓t	1	0	0	0
đăng	TONE_NGANG	da→ŋ	dˈaŋ	0	0	0	0
đằng	TONE_HUYEN	da↘ŋ	dˈa↘ŋ	1	0	0	0
đắng	TONE_SAC	da↗ŋ	dˈa↗ŋ	1	0	0	0
đă̂ng	TONE_HOI	da↓ŋ	dă ˌɛndʒˈiː	0	1	0	0
đẵng	TONE_NGA	daʔ↗ŋ	dˈaʔ↗ŋ	1	0	0	0
đặng	TONE_NANG	daʔ↓ŋ	dˈaʔ↓ŋ	1	0	0	0
đắc	TONE_SAC	da↗k	dˈa↗c	1	0	0	0
đặc	TONE_NANG	daʔ↓k	dˈaʔ↓c	1	0	0	0
đắch	TONE_SAC	da↗k	dˈa↗c hˈa↗t	0	0	0	0
đặch	TONE_NANG	daʔ↓k	dˈaʔ↓c hˈa↗t	0	0	0	0
đâ	TONE_NGANG	də→	dˌeɪsˈ↗ːkəmflˌɛks	0	0	0	0
đầ	TONE_HUYEN	də↘	dầ	0	1	0	0
đấ	TONE_SAC	də↗	dấ	0	1	0	0
đâ̂	TONE_HOI	də↓	dˌeɪsˈ↗ːkəmflˌɛks	0	0	0	0
đẫ	TONE_NGA	dəʔ↗	dẫ	0	1	0	0
đậ	TONE_NANG	dəʔ↓	dậ	0	1	0	0
đâi	TONE_NGANG	də→j	dˌeɪsˈ↗ːkəmflˌɛksˈi	0	0	0	0
đầi	TONE_HUYEN	də↘j	dầˈi	0	1	0	0
đấi	TONE_SAC	də↗j	dấˈi	0	1	0	0
đâ̂i	TONE_HOI	də↓j	dˌeɪsˈ↗ːkəmflˌɛks ˈi	0	0	0	0
đẫi	TONE_NGA	dəʔ↗j	dẫˈi	0	1	0	0
đậi	TONE_NANG	dəʔ↓j	dậˈi	0	1	0	0
đây	TONE_NGANG	də→j	dˈəɪ	0	0	0	0
đầy	TONE_HUYEN	də↘j	dˈəɪ↘	1	0	0	0
đấy	TONE_SAC	də↗j	dˈəɪ↗	1	0	0	0
đâ̂y	TONE_HOI	də↓j	dˌeɪsˈ↗ːkəmflˌɛks ˈi	0	0	0	0
đẫy	TONE_NGA	dəʔ↗j	dˈəɪʔ↗	1	0	0	0
đậy	TONE_NANG	dəʔ↓j	dˈəɪʔ↓	1	0	0	0
đâo	TONE_NGANG	də→w	dˌeɪsˈ↗ːkəmflˌɛksˈɔ	0	0	0	0
đầo	TONE_HUYEN	də↘w	dầˈɔ	0	1	0	0
đấo	TONE_SAC	də↗w	dấˈɔ	0	1	0	0
đâ̂o	TONE_HOI	də↓w	dˌeɪsˈ↗ːkəmflˌɛks ˈo	0	0	0	0
đẫo	TONE_NGA	dəʔ↗w	dẫˈɔ	0	1	0	0
đậo	TONE_NANG	dəʔ↓w	dậˈɔ	0	1	0	0
đâu	TONE_NGANG	də→w	dˈə→w	1	0	0	0
đầu	TONE_HUYEN	də↘w	dˈə↘w	1	0	0	0
đấu	TONE_SAC	də↗w	dˈə↗w	1	0	0	0
đâ̂u	TONE_HOI	də↓w	dˌeɪsˈ↗ːkəmflˌɛks ˈu	0	0	0	0
đẫu	TONE_NGA	dəʔ↗w	dˈəʔ↗w	1	0	0	0
đậu	TONE_NANG	dəʔ↓w	dˈəʔ↓w	1	0	0	0
đâm	TONE_NGANG	də→m	dˈəm	0	0	0	0
đầm	TONE_HUYEN	də↘m	dˈə↘m	1	0	0	0
đấm	TONE_SAC	də↗m	dˈə↗m	1	0	0	0
đâ̂m	TONE_HOI	də↓m	dˌeɪsˈ↗ːkəmflˌɛks mˈəː↘	0	0	0	0
đẫm	TONE_NGA	dəʔ↗m	dˈəʔ↗m	1	0	0	0
đậm	TONE_NANG	dəʔ↓m	dˈəʔ↓m	1	0	0	0
đân	TONE_NGANG	də→n	dˈən	0	0	0	0
đần	TONE_HUYEN	də↘n	dˈə↘n	1	0	0	0
đấn	TONE_SAC	də↗n	dˈə↗n	1	0	0	0
đâ̂n	TONE_HOI	də↓n	dˌeɪsˈ↗ːkəmflˌɛks nˈəː↘	0	0	0	0
đẫn	TONE_NGA	dəʔ↗n	dˈəʔ↗n	1	0	0	0
đận	TONE_NANG	dəʔ↓n	dˈəʔ↓n	1	0	0	0
đấp	TONE_SAC	də↗p	dˈə↗p	1	0	0	0
đập	TONE_NANG	dəʔ↓p	dˈəʔ↓p	1	0	0	0
đất	TONE_SAC	də↗t	dˈə↗t	1	0	0	0
đật	TONE_NANG	dəʔ↓t	dˈəʔ↓t	1	0	0	0
đâng	TONE_NGANG	də→ŋ	dˈəŋ	0	0	0	0
đầng	TONE_HUYEN	də↘ŋ	dˈə↘ŋ	1	0	0	0
đấng	TONE_SAC	də↗ŋ	dˈə↗ŋ	1	0	0	0
đâ̂ng	TONE_HOI	də↓ŋ	dˌeɪsˈ↗ːkəmflˌɛks ˌɛndʒˈiː	0	0	0	0
đẫng	TONE_NGA	dəʔ↗ŋ	dˈəʔ↗ŋ	1	0	0	0
đậng	TONE_NANG	dəʔ↓ŋ	dˈəʔ↓ŋ	1	0	0	0
đấc	TONE_SAC	də↗k	dˈə↗c	1	0	0	0
đậc	TONE_NANG	dəʔ↓k	dˈəʔ↓c	1	0	0	0
đấch	TONE_SAC	də↗k	dˈə↗c hˈa↗t	0	0	0	0
đậch	TONE_NANG	dəʔ↓k	dˈəʔ↓c hˈa↗t	0	0	0	0
đe	TONE_NGANG	dɛ→	dˈɛ	0	0	0	0
đè	TONE_HUYEN	dɛ↘	dˈɛ↘	1	0	0	0
đé	TONE_SAC	dɛ↗	dˈɛ↗	1	0	0	0
đê	TONE_HOI	dɛ↓	dˈe	0	0	0	0
đẽ	TONE_NGA	dɛʔ↗	dˈɛʔ↗	1	0	0	0
đẹ	TONE_NANG	dɛʔ↓	dˈɛʔ↓	1	0	0	0
đeo	TONE_NGANG	dɛ→w	dˈɛw	0	0	0	0
đèo	TONE_HUYEN	dɛ↘w	dˈɛ↘w	1	0	0	0
đéo	TONE_SAC	dɛ↗w	dˈɛ↗w	1	0	0	0
đêo	TONE_HOI	dɛ↓w	dˈe ˈɔ	0	0	0	0
đẽo	TONE_NGA	dɛʔ↗w	dˈɛʔ↗w	1	0	0	0
đẹo	TONE_NANG	dɛʔ↓w	dˈɛʔ↓w	1	0	0	0
đeu	TONE_NGANG	dɛ→w	dˈɛ ˈu	0	0	0	0
đèu	TONE_HUYEN	dɛ↘w	dˈɛ↘ ˈu	0	0	0	0
đéu	TONE_SAC	dɛ↗w	dˈɛ↗ ˈu	0	0	0	0
đêu	TONE_HOI	dɛ↓w	dˈe→w	0	0	0	0
đẽu	TONE_NGA	dɛʔ↗w	dˈɛʔ↗ ˈu	0	0	0	0
đẹu	TONE_NANG	dɛʔ↓w	dˈɛʔ↓ ˈu	0	0	0	0
đem	TONE_NGANG	dɛ→m	dˈɛm	0	0	0	0
đèm	TONE_HUYEN	dɛ↘m	dˈɛ↘m	1	0	0	0
đém	TONE_SAC	dɛ↗m	dˈɛ↗m	1	0	0	0
đêm	TONE_HOI	dɛ↓m	dˈem	0	0	0	0
đẽm	TONE_NGA	dɛʔ↗m	dˈɛʔ↗m	1	0	0	0
đẹm	TONE_NANG	dɛʔ↓m	dˈɛʔ↓m	1	0	0	0
đen	TONE_NGANG	dɛ→n	dˈɛn	0	0	0	0
đèn	TONE_HUYEN	dɛ↘n	dˈɛ↘n	1	0	0	0
đén	TONE_SAC	dɛ↗n	dˈɛ↗n	1	0	0	0
đên	TONE_HOI	dɛ↓n	dˈen	0	0	0	0
đẽn	TONE_NGA	dɛʔ↗n	dˈɛʔ↗n	1	0	0	0
đẹn	TONE_NANG	dɛʔ↓n	dˈɛʔ↓n	1	0	0	0
đép	TONE_SAC	dɛ↗p	dˈɛ↗p	1	0	0	0
đẹp	TONE_NANG	dɛʔ↓p	dˈɛʔ↓p	1	0	0	0
đét	TONE_SAC	dɛ↗t	dˈɛ↗t	1	0	0	0
đẹt	TONE_NANG	dɛʔ↓t	dˈɛʔ↓t	1	0	0	0
đeng	TONE_NGANG	dɛ→ŋ	dˈɛŋ	0	0	0	0
đèng	TONE_HUYEN	dɛ↘ŋ	dˈɛ↘ŋ	1	0	0	0
đéng	TONE_SAC	dɛ↗ŋ	dˈɛ↗ŋ	1	0	0	0
đêng	TONE_HOI	dɛ↓ŋ	dˈen ðˈe→	0	0	0	0
đẽng	TONE_NGA	dɛʔ↗ŋ	dˈɛʔ↗ŋ	1	0	0	0
đẹng	TONE_NANG	dɛʔ↓ŋ	dˈɛʔ↓ŋ	1	0	0	0
đéc	TONE_SAC	dɛ↗k	dˈɛ↗c	1	0	0	0
đẹc	TONE_NANG	dɛʔ↓k	dˈɛʔ↓c	1	0	0	0
đéch	TONE_SAC	dɛ↗k	dˈɛ↗c hˈa↗t	0	0	0	0
đẹch	TONE_NANG	dɛʔ↓k	dˈɛʔ↓c hˈa↗t	0	0	0	0
đê	TONE_NGANG	de→	dˈe	0	0	0	0
đề	TONE_HUYEN	de↘	dˈe↘	1	0	0	0
đế	TONE_SAC	de↗	dˈe↗	1	0	0	0
đê̂	TONE_HOI	de↓	dˈe	0	0	0	0
đễ	TONE_NGA	deʔ↗	dˈeʔ↗	1	0	0	0
đệ	TONE_NANG	deʔ↓	dˈeʔ↓	1	0	0	0
đêo	TONE_NGANG	de→w	dˈe ˈɔ	0	0	0	0
đềo	TONE_HUYEN	de↘w	dˈe↘ ˈɔ	1	0	0	0
đếo	TONE_SAC	de↗w	dˈe↗ ˈɔ	1	0	0	0
đê̂o	TONE_HOI	de↓w	dˈe ˈo	0	0	0	0
đễo	TONE_NGA	deʔ↗w	dˈeʔ↗ ˈɔ	1	0	0	0
đệo	TONE_NANG	deʔ↓w	dˈeʔ↓ ˈɔ	1	0	0	0
đêu	TONE_NGANG	de→w	dˈe→w	1	0	0	0
đều	TONE_HUYEN	de↘w	dˈe↘w	1	0	0	0
đếu	TONE_SAC	de↗w	dˈe↗w	1	0	0	0
đê̂u	TONE_HOI	de↓w	dˈe ˈu	0	0	0	0
đễu	TONE_NGA	deʔ↗w	dˈeʔ↗w	1	0	0	0
đệu	TONE_NANG	deʔ↓w	dˈeʔ↓w	1	0	0	0
đêm	TONE_NGANG	de→m	dˈem	0	0	0	0
đềm	TONE_HUYEN	de↘m	dˈe↘m	1	0	0	0
đếm	TONE_SAC	de↗m	dˈe↗m	1	0	0	0
đê̂m	TONE_HOI	de↓m	dˈe mˈəː↘	0	0	0	0
đễm	TONE_NGA	deʔ↗m	dˈeʔ↗m	1	0	0	0
đệm	TONE_NANG	deʔ↓m	dˈeʔ↓m	1	0	0	0
đên	TONE_NGANG	de→n	dˈen	0	0	0	0
đền	TONE_HUYEN	de↘n	dˈe↘n	1	0	0	0
đến	TONE_SAC	de↗n	dˌe↗n	1	0	0	0
đê̂n	TONE_HOI	de↓n	dˈe nˈəː↘	0	0	0	0
đễn	TONE_NGA	deʔ↗n	dˈeʔ↗n	1	0	0	0
đện	TONE_NANG	deʔ↓n	dˈeʔ↓n	1	0	0	0
đếp	TONE_SAC	de↗p	dˈe↗p	1	0	0	0
đệp	TONE_NANG	deʔ↓p	dˈeʔ↓p	1	0	0	0
đết	TONE_SAC	de↗t	dˈe↗t	1	0	0	0
đệt	TONE_NANG	deʔ↓t	dˈeʔ↓t	1	0	0	0
đênh	TONE_NGANG	de→ɲ	dˈeɲ	0	0	0	0
đềnh	TONE_HUYEN	de↘ɲ	dˈe↘ɲ	1	0	0	0
đếnh	TONE_SAC	de↗ɲ	dˈe↗ɲ	1	0	0	0
đê̂nh	TONE_HOI	de↓ɲ	dˈe ˌɛnˈeɪʧ	0	0	0	0
đễnh	TONE_NGA	deʔ↗ɲ	dˈeʔ↗ɲ	1	0	0	0
đệnh	TONE_NANG	deʔ↓ɲ	dˈeʔ↓ɲ	1	0	0	0
đếc	TONE_SAC	de↗k	dˈe↗ sˈe	0	0	0	0
đệc	TONE_NANG	deʔ↓k	dˈeʔ↓ sˈe	0	0	0	0
đếch	TONE_SAC	de↗k	dˈe↗c	1	0	0	0
đệch	TONE_NANG	deʔ↓k	dˈeʔ↓c	1	0	0	0
đi	TONE_NGANG	di→	dˈi	0	0	0	0
đì	TONE_HUYEN	di↘	dˈi↘	1	0	0	0
đí	TONE_SAC	di↗	dˈi↗	1	0	0	0
đî	TONE_HOI	di↓	dˈi	0	0	0	0
đĩ	TONE_NGA	diʔ↗	dˈiʔ↗	1	0	0	0
đị	TONE_NANG	diʔ↓	dˈiʔ↓	1	0	0	0
đio	TONE_NGANG	di→w	dˈi ˈɔ	0	0	0	0
đìo	TONE_HUYEN	di↘w	dˈi↘ ˈɔ	1	0	0	0
đío	TONE_SAC	di↗w	dˈi↗ ˈɔ	1	0	0	0
đîo	TONE_HOI	di↓w	dˈi ˈɔ	0	0	0	0
đĩo	TONE_NGA	diʔ↗w	dˈiʔ↗ ˈɔ	1	0	0	0
địo	TONE_NANG	diʔ↓w	dˈiʔ↓ ˈɔ	1	0	0	0
điu	TONE_NGANG	di→w	dˈiw	0	0	0	0
đìu	TONE_HUYEN	di↘w	dˈi↘w	1	0	0	0
đíu	TONE_SAC	di↗w	dˈi↗w	1	0	0	0
đîu	TONE_HOI	di↓w	dˈiw	0	0	0	0
đĩu	TONE_NGA	diʔ↗w	dˈiʔ↗w	1	0	0	0
địu	TONE_NANG	diʔ↓w	dˈiʔ↓w	1	0	0	0
đim	TONE_NGANG	di→m	dˈim	0	0	0	0
đìm	TONE_HUYEN	di↘m	dˈi↘m	1	0	0	0
đím	TONE_SAC	di↗m	dˈi↗m	1	0	0	0
đîm	TONE_HOI	di↓m	dˈim	0	0	0	0
đĩm	TONE_NGA	diʔ↗m	dˈiʔ↗m	1	0	0	0
địm	TONE_NANG	diʔ↓m	dˈiʔ↓m	1	0	0	0
đin	TONE_NGANG	di→n	dˈin	0	0	0	0
đìn	TONE_HUYEN	di↘n	dˈi↘n	1	0	0	0
đín	TONE_SAC	di↗n	dˈi↗n	1	0	0	0
đîn	TONE_HOI	di↓n	dˈin	0	0	0	0
đĩn	TONE_NGA	diʔ↗n	dˈiʔ↗n	1	0	0	0
địn	TONE_NANG	diʔ↓n	dˈiʔ↓n	1	0	0	0
đíp	TONE_SAC	di↗p	dˈi↗p	1	0	0	0
địp	TONE_NANG	diʔ↓p	dˈiʔ↓p	1	0	0	0
đít	TONE_SAC	di↗t	dˈi↗t	1	0	0	0
địt	TONE_NANG	diʔ↓t	dˈiʔ↓t	1	0	0	0
đinh	TONE_NGANG	di→ɲ	dˈiɲ	0	0	0	1
đình	TONE_HUYEN	di↘ɲ	dˈi↘ɲ	1	0	0	1
đính	TONE_SAC	di↗ɲ	dˈi↗ɲ	1	0	0	1
đînh	TONE_HOI	di↓ɲ	dˈiɲ	0	0	0	1
đĩnh	TONE_NGA	diʔ↗ɲ	dˈiʔ↗ɲ	1	0	0	1
định	TONE_NANG	diʔ↓ɲ	dˈiʔ↓ɲ	1	0	0	1
đíc	TONE_SAC	di↗k	dˈi↗ sˈe	0	0	0	0
địc	TONE_NANG	diʔ↓k	dˈiʔ↓ sˈe	0	0	0	0
đích	TONE_SAC	di↗k	dˈi↗c	1	0	0	0
địch	TONE_NANG	diʔ↓k	dˈiʔ↓c	1	0	0	0
đy	TONE_NGANG	di→	dˈi	0	0	0	0
đỳ	TONE_HUYEN	di↘	dˈi↘	1	0	0	0
đý	TONE_SAC	di↗	dˈi↗	1	0	0	0
đŷ	TONE_HOI	di↓	dˈi	0	0	0	0
đỹ	TONE_NGA	diʔ↗	dˈiʔ↗	1	0	0	0
đỵ	TONE_NANG	diʔ↓	dˈiʔ↓	1	0	0	0
đyo	TONE_NGANG	di→w	dˈi ˈɔ	0	0	0	0
đỳo	TONE_HUYEN	di↘w	dˈi↘ ˈɔ	1	0	0	0
đýo	TONE_SAC	di↗w	dˈi↗ ˈɔ	1	0	0	0
đŷo	TONE_HOI	di↓w	dˈi ˈɔ	0	0	0	0
đỹo	TONE_NGA	diʔ↗w	dˈiʔ↗ ˈɔ	1	0	0	0
đỵo	TONE_NANG	diʔ↓w	dˈiʔ↓ ˈɔ	1	0	0	0
đyu	TONE_NGANG	di→w	dˈi ˈu	0	0	0	0
đỳu	TONE_HUYEN	di↘w	dˈi↘ ˈu	0	0	0	0
đýu	TONE_SAC	di↗w	dˈi↗ ˈu	0	0	0	0
đŷu	TONE_HOI	di↓w	dˈi ˈu	0	0	0	0
đỹu	TONE_NGA	diʔ↗w	dˈiʔ↗ ˈu	0	0	0	0
đỵu	TONE_NANG	diʔ↓w	dˈiʔ↓ ˈu	0	0	0	0
đym	TONE_NGANG	di→m	d ˈɪm	0	0	0	0
đỳm	TONE_HUYEN	di↘m	dˈi↘ ˈməː↘	0	0	0	0
đým	TONE_SAC	di↗m	dˈi↗ ˈməː↘	0	0	0	0
đŷm	TONE_HOI	di↓m	d ˈɪm	0	0	0	0
đỹm	TONE_NGA	diʔ↗m	dˈiʔ↗ ˈməː↘	0	0	0	0
đỵm	TONE_NANG	diʔ↓m	dˈiʔ↓ ˈməː↘	0	0	0	0
đyn	TONE_NGANG	di→n	d ˈɪn	0	0	0	0
đỳn	TONE_HUYEN	di↘n	dˈi↘ ˈɛnəː↘	0	0	0	0
đýn	TONE_SAC	di↗n	dˈi↗ ˈɛnəː↘	0	0	0	0
đŷn	TONE_HOI	di↓n	d ˈɪn	0	0	0	0
đỹn	TONE_NGA	diʔ↗n	dˈiʔ↗ ˈɛnəː↘	0	0	0	0
đỵn	TONE_NANG	diʔ↓n	dˈiʔ↓ ˈɛnəː↘	0	0	0	0
đýp	TONE_SAC	di↗p	dˈi↗ pˈe	0	0	0	0
đỵp	TONE_NANG	diʔ↓p	dˈiʔ↓ pˈe	0	0	0	0
đýt	TONE_SAC	di↗t	dˈi↗ tˈe	0	0	0	0
đỵt	TONE_NANG	diʔ↓t	dˈiʔ↓ tˈe	0	0	0	0
đynh	TONE_NGANG	di→ɲ	d ˈɪn	0	0	0	0
đỳnh	TONE_HUYEN	di↘ɲ	dˈi↘ ˈɛnəː↘hˈa↗t	0	0	0	0
đýnh	TONE_SAC	di↗ɲ	dˈi↗ ˈɛnəː↘hˈa↗t	0	0	0	0
đŷnh	TONE_HOI	di↓ɲ	d ˈɪn	0	0	0	0
đỹnh	TONE_NGA	diʔ↗ɲ	dˈiʔ↗ ˈɛnəː↘hˈa↗t	0	0	0	0
đỵnh	TONE_NANG	diʔ↓ɲ	dˈiʔ↓ ˈɛnəː↘hˈa↗t	0	0	0	0
đýc	TONE_SAC	di↗k	dˈi↗ sˈe	0	0	0	0
đỵc	TONE_NANG	diʔ↓k	dˈiʔ↓ sˈe	0	0	0	0
đých	TONE_SAC	di↗k	dˈi↗ sˈehˈa↗t	0	0	0	0
đỵch	TONE_NANG	diʔ↓k	dˈiʔ↓ sˈehˈa↗t	0	0	0	0
đo	TONE_NGANG	dɔ→	dˈɔ	0	0	0	0
đò	TONE_HUYEN	dɔ↘	dˈɔ↘	1	0	0	0
đó	TONE_SAC	dɔ↗	dˈɔ↗	1	0	0	0
đô	TONE_HOI	dɔ↓	dˈo	0	0	0	0
đõ	TONE_NGA	dɔʔ↗	dˈɔʔ↗	1	0	0	0
đọ	TONE_NANG	dɔʔ↓	dˈɔʔ↓	1	0	0	0
đoi	TONE_NGANG	dɔ→j	dˈɔj	0	0	0	0
đòi	TONE_HUYEN	dɔ↘j	dˈɔ↘j	1	0	0	0
đói	TONE_SAC	dɔ↗j	dˈɔ↗j	1	0	0	0
đôi	TONE_HOI	dɔ↓j	dˈoj	0	0	0	0
đõi	TONE_NGA	dɔʔ↗j	dˈɔʔ↗j	1	0	0	0
đọi	TONE_NANG	dɔʔ↓j	dˈɔʔ↓j	1	0	0	0
đoy	TONE_NGANG	dɔ→j	dˈɔ ˈi	0	0	0	0
đòy	TONE_HUYEN	dɔ↘j	dˈɔ↘ ˈi	0	0	0	0
đóy	TONE_SAC	dɔ↗j	dˈɔ↗ ˈi	0	0	0	0
đôy	TONE_HOI	dɔ↓j	dˈo ˈi	0	0	0	0
đõy	TONE_NGA	dɔʔ↗j	dˈɔʔ↗ ˈi	0	0	0	0
đọy	TONE_NANG	dɔʔ↓j	dˈɔʔ↓ ˈi	0	0	0	0
đom	TONE_NGANG	dɔ→m	dˈɔm	0	0	0	0
đòm	TONE_HUYEN	dɔ↘m	dˈɔ↘m	1	0	0	0
đóm	TONE_SAC	dɔ↗m	dˈɔ↗m	1	0	0	0
đôm	TONE_HOI	dɔ↓m	dˈom	0	0	0	0
đõm	TONE_NGA	dɔʔ↗m	dˈɔʔ↗m	1	0	0	0
đọm	TONE_NANG	dɔʔ↓m	dˈɔʔ↓m	1	0	0	0
đon	TONE_NGANG	dɔ→n	dˈɔn	0	0	0	0
đòn	TONE_HUYEN	dɔ↘n	dˈɔ↘n	1	0	0	0
đón	TONE_SAC	dɔ↗n	dˈɔ↗n	1	0	0	0
đôn	TONE_HOI	dɔ↓n	dˈon	0	0	0	0
đõn	TONE_NGA	dɔʔ↗n	dˈɔʔ↗n	1	0	0	0
đọn	TONE_NANG	dɔʔ↓n	dˈɔʔ↓n	1	0	0	0
đóp	TONE_SAC	dɔ↗p	dˈɔ↗p	1	0	0	0
đọp	TONE_NANG	dɔʔ↓p	dˈɔʔ↓p	1	0	0	0
đót	TONE_SAC	dɔ↗t	dˈɔ↗t	1	0	0	0
đọt	TONE_NANG	dɔʔ↓t	dˈɔʔ↓t	1	0	0	0
đong	TONE_NGANG	dɔ→ŋ	dˈɔŋ	0	0	0	0
đòng	TONE_HUYEN	dɔ↘ŋ	dˈɔ↘ŋ	1	0	0	0
đóng	TONE_SAC	dɔ↗ŋ	dˈɔ↗ŋ	1	0	0	0
đông	TONE_HOI	dɔ↓ŋ	dˈoŋ	0	0	0	0
đõng	TONE_NGA	dɔʔ↗ŋ	dˈɔʔ↗ŋ	1	0	0	0
đọng	TONE_NANG	dɔʔ↓ŋ	dˈɔʔ↓ŋ	1	0	0	0
đóc	TONE_SAC	dɔ↗k	dˈɔ↗k	1	0	0	0
đọc	TONE_NANG	dɔʔ↓k	dˈɔʔ↓k	1	0	0	0
đóch	TONE_SAC	dɔ↗k	dˈɔ↗k hˈa↗t	0	0	0	0
đọch	TONE_NANG	dɔʔ↓k	dˈɔʔ↓k hˈa↗t	0	0	0	0
đô	TONE_NGANG	do→	dˈo	0	0	0	0
đồ	TONE_HUYEN	do↘	dˈo↘	1	0	0	0
đố	TONE_SAC	do↗	dˈo↗	1	0	0	0
đô̂	TONE_HOI	do↓	dˈo	0	0	0	0
đỗ	TONE_NGA	doʔ↗	dˈoʔ↗	1	0	0	0
độ	TONE_NANG	doʔ↓	dˈoʔ↓	1	0	0	0
đôi	TONE_NGANG	do→j	dˈoj	0	0	0	0
đồi	TONE_HUYEN	do↘j	dˈo↘j	1	0	0	0
đối	TONE_SAC	do↗j	dˈo↗j	1	0	0	0
đô̂i	TONE_HOI	do↓j	dˈo ˈi	0	0	0	0
đỗi	TONE_NGA	doʔ↗j	dˈoʔ↗j	1	0	0	0
đội	TONE_NANG	doʔ↓j	dˈoʔ↓j	1	0	0	0
đôy	TONE_NGANG	do→j	dˈo ˈi	0	0	0	0
đồy	TONE_HUYEN	do↘j	dˈo↘ ˈi	0	0	0	0
đốy	TONE_SAC	do↗j	dˈo↗ ˈi	0	0	0	0
đô̂y	TONE_HOI	do↓j	dˈo ˈi	0	0	0	0
đỗy	TONE_NGA	doʔ↗j	dˈoʔ↗ ˈi	0	0	0	0
độy	TONE_NANG	doʔ↓j	dˈoʔ↓ ˈi	0	0	0	0
đôm	TONE_NGANG	do→m	dˈom	0	0	0	0
đồm	TONE_HUYEN	do↘m	dˈo↘m	1	0	0	0
đốm	TONE_SAC	do↗m	dˈo↗m	1	0	0	0
đô̂m	TONE_HOI	do↓m	dˈo mˈəː↘	0	0	0	0
đỗm	TONE_NGA	doʔ↗m	dˈoʔ↗m	1	0	0	0
độm	TONE_NANG	doʔ↓m	dˈoʔ↓m	1	0	0	0
đôn	TONE_NGANG	do→n	dˈon	0	0	0	0
đồn	TONE_HUYEN	do↘n	dˈo↘n	1	0	0	0
đốn	TONE_SAC	do↗n	dˈo↗n	1	0	0	0
đô̂n	TONE_HOI	do↓n	dˈo nˈəː↘	0	0	0	0
đỗn	TONE_NGA	doʔ↗n	dˈoʔ↗n	1	0	0	0
độn	TONE_NANG	doʔ↓n	dˈoʔ↓n	1	0	0	0
đốp	TONE_SAC	do↗p	dˈo↗p	1	0	0	0
độp	TONE_NANG	doʔ↓p	dˈoʔ↓p	1	0	0	0
đốt	TONE_SAC	do↗t	dˈo↗t	1	0	0	0
đột	TONE_NANG	doʔ↓t	dˈoʔ↓t	1	0	0	0
đông	TONE_NGANG	do→ŋ	dˈoŋ	0	0	0	0
đồng	TONE_HUYEN	do↘ŋ	dˈo↘ŋ	1	0	0	0
đống	TONE_SAC	do↗ŋ	dˈo↗ŋ	1	0	0	0
đô̂ng	TONE_HOI	do↓ŋ	dˈo ˌɛndʒˈiː	0	0	0	0
đỗng	TONE_NGA	doʔ↗ŋ	dˈoʔ↗ŋ	1	0	0	0
động	TONE_NANG	doʔ↓ŋ	dˈoʔ↓ŋ	1	0	0	0
đốc	TONE_SAC	do↗k	dˈo↗k	1	0	0	0
độc	TONE_NANG	doʔ↓k	dˈoʔ↓k	1	0	0	0
đốch	TONE_SAC	do↗k	dˈo↗k hˈa↗t	0	0	0	0
độch	TONE_NANG	doʔ↓k	dˈoʔ↓k hˈa↗t	0	0	0	0
đơ	TONE_NGANG	dəː→	dˈəː	0	0	0	0
đờ	TONE_HUYEN	dəː↘	dˈəː↘	1	0	0	0
đớ	TONE_SAC	dəː↗	dˈəː↗	1	0	0	0
đơ̂	TONE_HOI	dəː↓	dˈəː	0	0	0	0
đỡ	TONE_NGA	dəːʔ↗	dˈəːʔ↗	1	0	0	0
đợ	TONE_NANG	dəːʔ↓	dˈəːʔ↓	1	0	0	0
đơi	TONE_NGANG	dəː→j	dˈəːj	0	0	0	0
đời	TONE_HUYEN	dəː↘j	dˈəː↘j	1	0	0	0
đới	TONE_SAC	dəː↗j	dˈəː↗j	1	0	0	0
đơ̂i	TONE_HOI	dəː↓j	dˈəː ˈi	0	0	0	0
đỡi	TONE_NGA	dəːʔ↗j	dˈəːʔ↗j	1	0	0	0
đợi	TONE_NANG	dəːʔ↓j	dˈəːʔ↓j	1	0	0	0
đơy	TONE_NGANG	dəː→j	dˈəː ˈi	0	0	0	0
đờy	TONE_HUYEN	dəː↘j	dˈəː↘ ˈi	0	0	0	0
đớy	TONE_SAC	dəː↗j	dˈəː↗ ˈi	0	0	0	0
đơ̂y	TONE_HOI	dəː↓j	dˈəː ˈi	0	0	0	0
đỡy	TONE_NGA	dəːʔ↗j	dˈəːʔ↗ ˈi	0	0	0	0
đợy	TONE_NANG	dəːʔ↓j	dˈəːʔ↓ ˈi	0	0	0	0
đơm	TONE_NGANG	dəː→m	dˈəːm	0	0	0	0
đờm	TONE_HUYEN	dəː↘m	dˈəː↘m	1	0	0	0
đớm	TONE_SAC	dəː↗m	dˈəː↗m	1	0	0	0
đơ̂m	TONE_HOI	dəː↓m	dˈəː mˈəː↘	0	0	0	0
đỡm	TONE_NGA	dəːʔ↗m	dˈəːʔ↗m	1	0	0	0
đợm	TONE_NANG	dəːʔ↓m	dˈəːʔ↓m	1	0	0	0
đơn	TONE_NGANG	dəː→n	dˈəːn	0	0	0	0
đờn	TONE_HUYEN	dəː↘n	dˈəː↘n	1	0	0	0
đớn	TONE_SAC	dəː↗n	dˈəː↗n	1	0	0	0
đơ̂n	TONE_HOI	dəː↓n	dˈəː nˈəː↘	0	0	0	0
đỡn	TONE_NGA	dəːʔ↗n	dˈəːʔ↗n	1	0	0	0
đợn	TONE_NANG	dəːʔ↓n	dˈəːʔ↓n	1	0	0	0
đớp	TONE_SAC	dəː↗p	dˈəː↗p	1	0	0	0
đợp	TONE_NANG	dəːʔ↓p	dˈəːʔ↓p	1	0	0	0
đớt	TONE_SAC	dəː↗t	dˈəː↗t	1	0	0	0
đợt	TONE_NANG	dəːʔ↓t	dˈəːʔ↓t	1	0	0	0
đớc	TONE_SAC	dəː↗k	dˈəː↗ sˈe	0	0	0	0
đợc	TONE_NANG	dəːʔ↓k	dˈəːʔ↓ sˈe	0	0	0	0
đớch	TONE_SAC	dəː↗k	dˈəː↗ sˈehˈa↗t	0	0	0	0
đợch	TONE_NANG	dəːʔ↓k	dˈəːʔ↓ sˈehˈa↗t	0	0	0	0
đu	TONE_NGANG	du→	dˈu	0	0	0	0
đù	TONE_HUYEN	du↘	dˈu↘	1	0	0	0
đú	TONE_SAC	du↗	dˈu↗	1	0	0	0
đû	TONE_HOI	du↓	dˈu	0	0	0	0
đũ	TONE_NGA	duʔ↗	dˈuʔ↗	1	0	0	0
đụ	TONE_NANG	duʔ↓	dˈuʔ↓	1	0	0	0
đui	TONE_NGANG	du→j	dˈuj	0	0	0	0
đùi	TONE_HUYEN	du↘j	dˈu↘j	1	0	0	0
đúi	TONE_SAC	du↗j	dˈu↗j	1	0	0	0
đûi	TONE_HOI	du↓j	dˈuj	0	0	0	0
đũi	TONE_NGA	duʔ↗j	dˈuʔ↗j	1	0	0	0
đụi	TONE_NANG	duʔ↓j	dˈuʔ↓j	1	0	0	0
đuy	TONE_NGANG	du→j	dwˈi	0	0	0	0
đùy	TONE_HUYEN	du↘j	dˈu↘ ˈi	0	0	0	0
đúy	TONE_SAC	du↗j	dˈu↗ ˈi	0	0	0	0
đûy	TONE_HOI	du↓j	dwˈi	0	0	0	0
đũy	TONE_NGA	duʔ↗j	dˈuʔ↗ ˈi	0	0	0	0
đụy	TONE_NANG	duʔ↓j	dˈuʔ↓ ˈi	0	0	0	0
đum	TONE_NGANG	du→m	dˈum	0	0	0	0
đùm	TONE_HUYEN	du↘m	dˈu↘m	1	0	0	0
đúm	TONE_SAC	du↗m	dˈu↗m	1	0	0	0
đûm	TONE_HOI	du↓m	dˈum	0	0	0	0
đũm	TONE_NGA	duʔ↗m	dˈuʔ↗m	1	0	0	0
đụm	TONE_NANG	duʔ↓m	dˈuʔ↓m	1	0	0	0
đun	TONE_NGANG	du→n	dˈun	0	0	0	0
đùn	TONE_HUYEN	du↘n	dˈu↘n	1	0	0	0
đún	TONE_SAC	du↗n	dˈu↗n	1	0	0	0
đûn	TONE_HOI	du↓n	dˈun	0	0	0	0
đũn	TONE_NGA	duʔ↗n	dˈuʔ↗n	1	0	0	0
đụn	TONE_NANG	duʔ↓n	dˈuʔ↓n	1	0	0	0
đúp	TONE_SAC	du↗p	dˈu↗p	1	0	0	0
đụp	TONE_NANG	duʔ↓p	dˈuʔ↓p	1	0	0	0
đút	TONE_SAC	du↗t	dˈu↗t	1	0	0	0
đụt	TONE_NANG	duʔ↓t	dˈuʔ↓t	1	0	0	0
đung	TONE_NGANG	du→ŋ	dˈuŋ	0	0	0	0
đùng	TONE_HUYEN	du↘ŋ	dˈu↘ŋ	1	0	0	0
đúng	TONE_SAC	du↗ŋ	dˈu↗ŋ	1	0	0	0
đûng	TONE_HOI	du↓ŋ	dˈuŋ	0	0	0	0
đũng	TONE_NGA	duʔ↗ŋ	dˈuʔ↗ŋ	1	0	0	0
đụng	TONE_NANG	duʔ↓ŋ	dˈuʔ↓ŋ	1	0	0	0
đúc	TONE_SAC	du↗k	dˈu↗c	1	0	0	0
đục	TONE_NANG	duʔ↓k	dˈuʔ↓c	1	0	0	0
đúch	TONE_SAC	du↗k	dˈu↗c hˈa↗t	0	0	0	0
đụch	TONE_NANG	duʔ↓k	dˈuʔ↓c hˈa↗t	0	0	0	0
đư	TONE_NGANG	dɨ→	dˈy	0	0	0	0
đừ	TONE_HUYEN	dɨ↘	dˈy↘	1	0	0	0
đứ	TONE_SAC	dɨ↗	dˈy↗	1	0	0	0
đư̂	TONE_HOI	dɨ↓	dˈy	0	0	0	0
đữ	TONE_NGA	dɨʔ↗	dˈyʔ↗	1	0	0	0
đự	TONE_NANG	dɨʔ↓	dˈyʔ↓	1	0	0	0
đưi	TONE_NGANG	dɨ→j	dˈyj	0	0	0	0
đừi	TONE_HUYEN	dɨ↘j	dˈy↘j	1	0	0	0
đứi	TONE_SAC	dɨ↗j	dˈy↗j	1	0	0	0
đư̂i	TONE_HOI	dɨ↓j	dˈy ˈi	0	0	0	0
đữi	TONE_NGA	dɨʔ↗j	dˈyʔ↗j	1	0	0	0
đựi	TONE_NANG	dɨʔ↓j	dˈyʔ↓j	1	0	0	0
đưy	TONE_NGANG	dɨ→j	dˈy ˈi	0	0	0	0
đừy	TONE_HUYEN	dɨ↘j	dˈy↘ ˈi	0	0	0	0
đứy	TONE_SAC	dɨ↗j	dˈy↗ ˈi	0	0	0	0
đư̂y	TONE_HOI	dɨ↓j	dˈy ˈi	0	0	0	0
đữy	TONE_NGA	dɨʔ↗j	dˈyʔ↗ ˈi	0	0	0	0
đựy	TONE_NANG	dɨʔ↓j	dˈyʔ↓ ˈi	0	0	0	0
đưo	TONE_NGANG	dɨ→w	dˈy ˈɔ	0	0	0	0
đừo	TONE_HUYEN	dɨ↘w	dˈy↘ ˈɔ	1	0	0	0
đứo	TONE_SAC	dɨ↗w	dˈy↗ ˈɔ	1	0	0	0
đư̂o	TONE_HOI	dɨ↓w	dˈy ˈo	0	0	0	0
đữo	TONE_NGA	dɨʔ↗w	dˈyʔ↗ ˈɔ	1	0	0	0
đựo	TONE_NANG	dɨʔ↓w	dˈyʔ↓ ˈɔ	1	0	0	0
đưu	TONE_NGANG	dɨ→w	dˈiw	0	0	0	0
đừu	TONE_HUYEN	dɨ↘w	dˈi↘w	1	0	0	0
đứu	TONE_SAC	dɨ↗w	dˈi↗w	1	0	0	0
đư̂u	TONE_HOI	dɨ↓w	dˈy ˈu	0	0	0	0
đữu	TONE_NGA	dɨʔ↗w	dˈiʔ↗w	1	0	0	0
đựu	TONE_NANG	dɨʔ↓w	dˈiʔ↓w	1	0	0	0
đưm	TONE_NGANG	dɨ→m	dˈym	0	0	0	0
đừm	TONE_HUYEN	dɨ↘m	dˈy↘m	1	0	0	0
đứm	TONE_SAC	dɨ↗m	dˈy↗m	1	0	0	0
đư̂m	TONE_HOI	dɨ↓m	dˈy mˈəː↘	0	0	0	0
đữm	TONE_NGA	dɨʔ↗m	dˈyʔ↗m	1	0	0	0
đựm	TONE_NANG	dɨʔ↓m	dˈyʔ↓m	1	0	0	0
đưn	TONE_NGANG	dɨ→n	dˈyn	0	0	0	0
đừn	TONE_HUYEN	dɨ↘n	dˈy↘n	1	0	0	0
đứn	TONE_SAC	dɨ↗n	dˈy↗n	1	0	0	0
đư̂n	TONE_HOI	dɨ↓n	dˈy nˈəː↘	0	0	0	0
đữn	TONE_NGA	dɨʔ↗n	dˈyʔ↗n	1	0	0	0
đựn	TONE_NANG	dɨʔ↓n	dˈyʔ↓n	1	0	0	0
đứp	TONE_SAC	dɨ↗p	dˈy↗ pˈe	0	0	0	0
đựp	TONE_NANG	dɨʔ↓p	dˈyʔ↓ pˈe	0	0	0	0
đứt	TONE_SAC	dɨ↗t	dˈy↗t	1	0	0	0
đựt	TONE_NANG	dɨʔ↓t	dˈyʔ↓t	1	0	0	0
đưng	TONE_NGANG	dɨ→ŋ	dˈyŋ	0	0	0	0
đừng	TONE_HUYEN	dɨ↘ŋ	dˈy↘ŋ	1	0	0	0
đứng	TONE_SAC	dɨ↗ŋ	dˈy↗ŋ	1	0	0	0
đư̂ng	TONE_HOI	dɨ↓ŋ	dˈy ˌɛndʒˈiː	0	0	0	0
đững	TONE_NGA	dɨʔ↗ŋ	dˈyʔ↗ŋ	1	0	0	0
đựng	TONE_NANG	dɨʔ↓ŋ	dˈyʔ↓ŋ	1	0	0	0
đức	TONE_SAC	dɨ↗k	dˈy↗c	1	0	0	0
đực	TONE_NANG	dɨʔ↓k	dˈyʔ↓c	1	0	0	0
đứch	TONE_SAC	dɨ↗k	dˈy↗c hˈa↗t	0	0	0	0
đựch	TONE_NANG	dɨʔ↓k	dˈyʔ↓c hˈa↗t	0	0	0	0
giê	TONE_NGANG	ʝe→	ʝˈe	0	0	0	0
giề	TONE_HUYEN	ʝe↘	ʝˈe↘	1	0	0	0
giế	TONE_SAC	ʝe↗	ʝˈe↗	1	0	0	0
giê̂	TONE_HOI	ʝe↓	ʝˈe	0	0	0	0
giễ	TONE_NGA	ʝeʔ↗	ʝˈeʔ↗	1	0	0	0
giệ	TONE_NANG	ʝeʔ↓	ʝˈeʔ↓	1	0	0	0
giêo	TONE_NGANG	ʝe→w	ʝˈe ˈɔ	0	0	0	0
giềo	TONE_HUYEN	ʝe↘w	ʝˈe↘ ˈɔ	1	0	0	0
giếo	TONE_SAC	ʝe↗w	ʝˈe↗ ˈɔ	1	0	0	0
giê̂o	TONE_HOI	ʝe↓w	ʝˈe ˈo	0	0	0	0
giễo	TONE_NGA	ʝeʔ↗w	ʝˈeʔ↗ ˈɔ	1	0	0	0
giệo	TONE_NANG	ʝeʔ↓w	ʝˈeʔ↓ ˈɔ	1	0	0	0
giêu	TONE_NGANG	ʝe→w	ʝˈe→w	1	0	0	0
giều	TONE_HUYEN	ʝe↘w	ʝˈe↘w	1	0	0	0
giếu	TONE_SAC	ʝe↗w	ʝˈe↗w	1	0	0	0
giê̂u	TONE_HOI	ʝe↓w	ʝˈe ˈu	0	0	0	0
giễu	TONE_NGA	ʝeʔ↗w	ʝˈeʔ↗w	1	0	0	0
giệu	TONE_NANG	ʝeʔ↓w	ʝˈeʔ↓w	1	0	0	0
giêm	TONE_NGANG	ʝe→m	ʝˈem	0	0	0	0
giềm	TONE_HUYEN	ʝe↘m	ʝˈe↘m	1	0	0	0
giếm	TONE_SAC	ʝe↗m	ʝˈe↗m	1	0	0	0
giê̂m	TONE_HOI	ʝe↓m	ʝˈe mˈəː↘	0	0	0	0
giễm	TONE_NGA	ʝeʔ↗m	ʝˈeʔ↗m	1	0	0	0
giệm	TONE_NANG	ʝeʔ↓m	ʝˈeʔ↓m	1	0	0	0
giên	TONE_NGANG	ʝe→n	ʝˈen	0	0	0	0
giền	TONE_HUYEN	ʝe↘n	ʝˈe↘n	1	0	0	0
giến	TONE_SAC	ʝe↗n	ʝˈe↗n	1	0	0	0
giê̂n	TONE_HOI	ʝe↓n	ʝˈe nˈəː↘	0	0	0	0
giễn	TONE_NGA	ʝeʔ↗n	ʝˈeʔ↗n	1	0	0	0
giện	TONE_NANG	ʝeʔ↓n	ʝˈeʔ↓n	1	0	0	0
giếp	TONE_SAC	ʝe↗p	ʝˈe↗p	1	0	0	0
giệp	TONE_NANG	ʝeʔ↓p	ʝˈeʔ↓p	1	0	0	0
giết	TONE_SAC	ʝe↗t	ʝˈiɛ↗t	1	0	0	0
giệt	TONE_NANG	ʝeʔ↓t	ʝˈiɛʔ↓t	1	0	0	0
giêng	TONE_NGANG	ɣiə→ŋ	ʝˈiɛ→ŋ	1	0	0	0
giềng	TONE_HUYEN	ɣiə↘ŋ	ʝˈiɛ↘ŋ	1	0	0	0
giếng	TONE_SAC	ɣiə↗ŋ	ʝˈiɛ↗ŋ	1	0	0	0
giê̂ng	TONE_HOI	ɣiə↓ŋ	ʝˈe ˌɛndʒˈiː	0	0	0	0
giễng	TONE_NGA	ɣiəʔ↗ŋ	ʝˈiɛʔ↗ŋ	1	0	0	0
giệng	TONE_NANG	ɣiəʔ↓ŋ	ʝˈiɛʔ↓ŋ	1	0	0	0
giênh	TONE_NGANG	ʝe→ɲ	ʝˈeɲ	0	0	0	0
giềnh	TONE_HUYEN	ʝe↘ɲ	ʝˈe↘ɲ	1	0	0	0
giếnh	TONE_SAC	ʝe↗ɲ	ʝˈe↗ɲ	1	0	0	0
giê̂nh	TONE_HOI	ʝe↓ɲ	ʝˈe ˌɛnˈeɪʧ	0	0	0	0
giễnh	TONE_NGA	ʝeʔ↗ɲ	ʝˈeʔ↗ɲ	1	0	0	0
giệnh	TONE_NANG	ʝeʔ↓ɲ	ʝˈeʔ↓ɲ	1	0	0	0
giếc	TONE_SAC	ʝe↗k	ʝˈiɛ↗kh	1	0	0	0
giệc	TONE_NANG	ʝeʔ↓k	ʝˈiɛʔ↓kh	1	0	0	0
giếch	TONE_SAC	ʝe↗k	ʝˈiɛ↗khh	1	0	0	0
giệch	TONE_NANG	ʝeʔ↓k	ʝˈiɛʔ↓khh	1	0	0	0
gyê	TONE_NGANG	ɣiə→	dʒˈaɪ ˈe	0	0	0	0
gyề	TONE_HUYEN	ɣiə↘	dʒˈaɪ ˈe↘	1	0	0	0
gyế	TONE_SAC	ɣiə↗	dʒˈaɪ ˈe↗	1	0	0	0
gyê̂	TONE_HOI	ɣiə↓	dʒˈaɪ ˈe	0	0	0	0
gyễ	TONE_NGA	ɣiəʔ↗	dʒˈaɪ ˈeʔ↗	1	0	0	0
gyệ	TONE_NANG	ɣiəʔ↓	dʒˈaɪ ˈeʔ↓	1	0	0	0
gyêo	TONE_NGANG	ɣiə→w	dʒˈaɪ ˈeˈɔ	0	0	0	0
gyềo	TONE_HUYEN	ɣiə↘w	dʒˈaɪ ˈe↘ˈɔ	1	0	0	0
gyếo	TONE_SAC	ɣiə↗w	dʒˈaɪ ˈe↗ˈɔ	1	0	0	0
gyê̂o	TONE_HOI	ɣiə↓w	dʒˈaɪ ˈe ˈo	0	0	0	0
gyễo	TONE_NGA	ɣiəʔ↗w	dʒˈaɪ ˈeʔ↗ˈɔ	1	0	0	0
gyệo	TONE_NANG	ɣiəʔ↓w	dʒˈaɪ ˈeʔ↓ˈɔ	1	0	0	0
gyêu	TONE_NGANG	ɣiə→w	dʒˈaɪ ˈeˈu	0	0	0	0
gyều	TONE_HUYEN	ɣiə↘w	dʒˈaɪ ˈe↘ˈu	0	0	0	0
gyếu	TONE_SAC	ɣiə↗w	dʒˈaɪ ˈe↗ˈu	0	0	0	0
gyê̂u	TONE_HOI	ɣiə↓w	dʒˈaɪ ˈe ˈu	0	0	0	0
gyễu	TONE_NGA	ɣiəʔ↗w	dʒˈaɪ ˈeʔ↗ˈu	0	0	0	0
gyệu	TONE_NANG	ɣiəʔ↓w	dʒˈaɪ ˈeʔ↓ˈu	0	0	0	0
gyêm	TONE_NGANG	ɣiə→m	dʒˈaɪ ˈem	0	0	0	0
gyềm	TONE_HUYEN	ɣiə↘m	dʒˈaɪ ˈe↘m	1	0	0	0
gyếm	TONE_SAC	ɣiə↗m	dʒˈaɪ ˈe↗m	1	0	0	0
gyê̂m	TONE_HOI	ɣiə↓m	dʒˈaɪ ˈe mˈəː↘	0	0	0	0
gyễm	TONE_NGA	ɣiəʔ↗m	dʒˈaɪ ˈeʔ↗m	1	0	0	0
gyệm	TONE_NANG	ɣiəʔ↓m	dʒˈaɪ ˈeʔ↓m	1	0	0	0
gyên	TONE_NGANG	ɣiə→n	dʒˈaɪ ˈen	0	0	0	0
gyền	TONE_HUYEN	ɣiə↘n	dʒˈaɪ ˈe↘n	1	0	0	0
gyến	TONE_SAC	ɣiə↗n	dʒˈaɪ ˈe↗n	1	0	0	0
gyê̂n	TONE_HOI	ɣiə↓n	dʒˈaɪ ˈe nˈəː↘	0	0	0	0
gyễn	TONE_NGA	ɣiəʔ↗n	dʒˈaɪ ˈeʔ↗n	1	0	0	0
gyện	TONE_NANG	ɣiəʔ↓n	dʒˈaɪ ˈeʔ↓n	1	0	0	0
gyếp	TONE_SAC	ɣiə↗p	dʒˈaɪ ˈe↗p	1	0	0	0
gyệp	TONE_NANG	ɣiəʔ↓p	dʒˈaɪ ˈeʔ↓p	1	0	0	0
gyết	TONE_SAC	ɣiə↗t	dʒˈaɪ ˈe↗t	1	0	0	0
gyệt	TONE_NANG	ɣiəʔ↓t	dʒˈaɪ ˈeʔ↓t	1	0	0	0
gyêng	TONE_NGANG	ɣiə→ŋ	ðˈe→ ˈiɛŋ	0	0	0	0
gyềng	TONE_HUYEN	ɣiə↘ŋ	ðˈe→ ˈiɛ↘ŋ	0	0	0	0
gyếng	TONE_SAC	ɣiə↗ŋ	ðˈe→ ˈiɛ↗ŋ	0	0	0	0
gyê̂ng	TONE_HOI	ɣiə↓ŋ	dʒˈaɪ ˈe ˌɛndʒˈiː	0	0	0	0
gyễng	TONE_NGA	ɣiəʔ↗ŋ	ðˈe→ ˈiɛʔ↗ŋ	0	0	0	0
gyệng	TONE_NANG	ɣiəʔ↓ŋ	ðˈe→ ˈiɛʔ↓ŋ	0	0	0	0
gyênh	TONE_NGANG	ɣiə→ɲ	dʒˈaɪ ˈeɲ	0	0	0	0
gyềnh	TONE_HUYEN	ɣiə↘ɲ	dʒˈaɪ ˈe↘ɲ	1	0	0	0
gyếnh	TONE_SAC	ɣiə↗ɲ	dʒˈaɪ ˈe↗ɲ	1	0	0	0
gyê̂nh	TONE_HOI	ɣiə↓ɲ	dʒˈaɪ ˈe ˌɛnˈeɪʧ	0	0	0	0
gyễnh	TONE_NGA	ɣiəʔ↗ɲ	dʒˈaɪ ˈeʔ↗ɲ	1	0	0	0
gyệnh	TONE_NANG	ɣiəʔ↓ɲ	dʒˈaɪ ˈeʔ↓ɲ	1	0	0	0
gyếc	TONE_SAC	ɣiə↗k	dʒˈaɪ ˈe↗sˈe	0	0	0	0
gyệc	TONE_NANG	ɣiəʔ↓k	dʒˈaɪ ˈeʔ↓sˈe	0	0	0	0
gyếch	TONE_SAC	ɣiə↗k	dʒˈaɪ ˈe↗c	1	0	0	0
gyệch	TONE_NANG	ɣiəʔ↓k	dʒˈaɪ ˈeʔ↓c	1	0	0	0
gia	TONE_NGANG	ʝaː→	ʝˈaː	0	0	0	0
già	TONE_HUYEN	ʝaː↘	ʝˈaː↘	1	0	0	0
giá	TONE_SAC	ʝaː↗	ʝˈaː↗	1	0	0	0
giâ	TONE_HOI	ʝaː↓	ʝ ˌeɪsˈ↗ːkəmflˌɛks	0	0	0	0
giã	TONE_NGA	ʝaːʔ↗	ʝˈaːʔ↗	1	0	0	0
giạ	TONE_NANG	ʝaːʔ↓	ʝˈaːʔ↓	1	0	0	0
giai	TONE_NGANG	ʝaː→j	ʝˈaːj	0	0	0	0
giài	TONE_HUYEN	ʝaː↘j	ʝˈaː↘j	1	0	0	0
giái	TONE_SAC	ʝaː↗j	ʝˈaː↗j	1	0	0	0
giâi	TONE_HOI	ʝaː↓j	ʝ ˌeɪsˈ↗ːkəmflˌɛksˈi	0	0	0	0
giãi	TONE_NGA	ʝaːʔ↗j	ʝˈaːʔ↗j	1	0	0	0
giại	TONE_NANG	ʝaːʔ↓j	ʝˈaːʔ↓j	1	0	0	0
giay	TONE_NGANG	ʝa→j	ʝˈaj	0	0	0	0
giày	TONE_HUYEN	ʝa↘j	ʝˈa↘j	1	0	0	0
giáy	TONE_SAC	ʝa↗j	ʝˈa↗j	1	0	0	0
giây	TONE_HOI	ʝa↓j	ʝˈəɪ	0	0	0	0
giãy	TONE_NGA	ʝaʔ↗j	ʝˈaʔ↗j	1	0	0	0
giạy	TONE_NANG	ʝaʔ↓j	ʝˈaʔ↓j	1	0	0	0
giao	TONE_NGANG	ʝaː→w	ʝˈaːw	0	0	0	0
giào	TONE_HUYEN	ʝaː↘w	ʝˈaː↘w	1	0	0	0
giáo	TONE_SAC	ʝaː↗w	ʝˈaː↗w	1	0	0	0
giâo	TONE_HOI	ʝaː↓w	ʝ ˌeɪsˈ↗ːkəmflˌɛksˈɔ	0	0	0	0
gião	TONE_NGA	ʝaːʔ↗w	ʝˈaːʔ↗w	1	0	0	0
giạo	TONE_NANG	ʝaːʔ↓w	ʝˈaːʔ↓w	1	0	0	0
giau	TONE_NGANG	ʝa→w	ʝˈaw	0	0	0	0
giàu	TONE_HUYEN	ʝa↘w	ʝˈa↘w	1	0	0	0
giáu	TONE_SAC	ʝa↗w	ʝˈa↗w	1	0	0	0
giâu	TONE_HOI	ʝa↓w	ʝˈə→w	0	0	0	0
giãu	TONE_NGA	ʝaʔ↗w	ʝˈaʔ↗w	1	0	0	0
giạu	TONE_NANG	ʝaʔ↓w	ʝˈaʔ↓w	1	0	0	0
giam	TONE_NGANG	ʝaː→m	ʝˈaːm	0	0	0	0
giàm	TONE_HUYEN	ʝaː↘m	ʝˈaː↘m	1	0	0	0
giám	TONE_SAC	ʝaː↗m	ʝˈaː↗m	1	0	0	0
giâm	TONE_HOI	ʝaː↓m	ʝˈəm	0	0	0	0
giãm	TONE_NGA	ʝaːʔ↗m	ʝˈaːʔ↗m	1	0	0	0
giạm	TONE_NANG	ʝaːʔ↓m	ʝˈaːʔ↓m	1	0	0	0
gian	TONE_NGANG	ʝaː→n	ʝˈaːn	0	0	0	0
giàn	TONE_HUYEN	ʝaː↘n	ʝˈaː↘n	1	0	0	0
gián	TONE_SAC	ʝaː↗n	ʝˈaː↗n	1	0	0	0
giân	TONE_HOI	ʝaː↓n	ʝˈən	0	0	0	0
giãn	TONE_NGA	ʝaːʔ↗n	ʝˈaːʔ↗n	1	0	0	0
giạn	TONE_NANG	ʝaːʔ↓n	ʝˈaːʔ↓n	1	0	0	0
giáp	TONE_SAC	ʝaː↗p	ʝˈaː↗p	1	0	0	0
giạp	TONE_NANG	ʝaːʔ↓p	ʝˈaːʔ↓p	1	0	0	0
giát	TONE_SAC	ʝaː↗t	ʝˈaː↗t	1	0	0	0
giạt	TONE_NANG	ʝaːʔ↓t	ʝˈaːʔ↓t	1	0	0	0
giang	TONE_NGANG	ʝaː→ŋ	ʝˈaːŋ	0	0	0	0
giàng	TONE_HUYEN	ʝaː↘ŋ	ʝˈaː↘ŋ	1	0	0	0
giáng	TONE_SAC	ʝaː↗ŋ	ʝˈaː↗ŋ	1	0	0	0
giâng	TONE_HOI	ʝaː↓ŋ	ʝˈəŋ	0	0	0	0
giãng	TONE_NGA	ʝaːʔ↗ŋ	ʝˈaːʔ↗ŋ	1	0	0	0
giạng	TONE_NANG	ʝaːʔ↓ŋ	ʝˈaːʔ↓ŋ	1	0	0	0
gianh	TONE_NGANG	ʝaː→ɲ	ʝˈæɲ	0	0	0	1
giành	TONE_HUYEN	ʝaː↘ɲ	ʝˈæ↘ɲ	1	0	0	1
giánh	TONE_SAC	ʝaː↗ɲ	ʝˈæ↗ɲ	1	0	0	1
giânh	TONE_HOI	ʝaː↓ɲ	ʝˈən hˈa↗t	0	0	0	1
giãnh	TONE_NGA	ʝaːʔ↗ɲ	ʝˈæʔ↗ɲ	1	0	0	1
giạnh	TONE_NANG	ʝaːʔ↓ɲ	ʝˈæʔ↓ɲ	1	0	0	1
giác	TONE_SAC	ʝaː↗k	ʝˈaː↗c	1	0	0	0
giạc	TONE_NANG	ʝaːʔ↓k	ʝˈaːʔ↓c	1	0	0	0
giách	TONE_SAC	ʝa↗k	ʝˈæ↗c	1	0	0	0
giạch	TONE_NANG	ʝaʔ↓k	ʝˈæʔ↓c	1	0	0	0
gya	TONE_NGANG	ɣiə→	dʒˈaɪə	0	0	0	0
gỳa	TONE_HUYEN	ɣiə↘	ðˈe→ˈi↘ˈaː	0	0	0	0
gýa	TONE_SAC	ɣiə↗	ðˈe→ˈi↗ˈaː	0	0	0	0
gŷa	TONE_HOI	ɣiə↓	dʒˈaɪə	0	0	0	0
gỹa	TONE_NGA	ɣiəʔ↗	ðˈe→ˈiʔ↗ˈaː	0	0	0	0
gỵa	TONE_NANG	ɣiəʔ↓	ðˈe→ˈiʔ↓ˈaː	0	0	0	0
gyao	TONE_NGANG	ɣiə→w	dʒˈaɪə ˈoʊ	0	0	0	0
gỳao	TONE_HUYEN	ɣiə↘w	ðˈe→ ˈi↘ˈaːˈɔ	0	0	0	0
gýao	TONE_SAC	ɣiə↗w	ðˈe→ ˈi↗ˈaːˈɔ	0	0	0	0
gŷao	TONE_HOI	ɣiə↓w	dʒˈaɪə ˈoʊ	0	0	0	0
gỹao	TONE_NGA	ɣiəʔ↗w	ðˈe→ ˈiʔ↗ˈaːˈɔ	0	0	0	0
gỵao	TONE_NANG	ɣiəʔ↓w	ðˈe→ ˈiʔ↓ˈaːˈɔ	0	0	0	0
gyau	TONE_NGANG	ɣiə→w	dʒˈaɪə jˈuː	0	0	0	0
gỳau	TONE_HUYEN	ɣiə↘w	ðˈe→ˈi↘ ˈaːˈu	0	0	0	0
gýau	TONE_SAC	ɣiə↗w	ðˈe→ˈi↗ ˈaːˈu	0	0	0	0
gŷau	TONE_HOI	ɣiə↓w	dʒˈaɪə jˈuː	0	0	0	0
gỹau	TONE_NGA	ɣiəʔ↗w	ðˈe→ˈiʔ↗ ˈaːˈu	0	0	0	0
gỵau	TONE_NANG	ɣiəʔ↓w	ðˈe→ˈiʔ↓ ˈaːˈu	0	0	0	0
gyam	TONE_NGANG	ɣiə→m	dʒˈaɪ æm	0	0	0	0
gỳam	TONE_HUYEN	ɣiə↘m	ðˈe→ˈi↘ ˈaːm	0	0	0	0
gýam	TONE_SAC	ɣiə↗m	ðˈe→ˈi↗ ˈaːm	0	0	0	0
gŷam	TONE_HOI	ɣiə↓m	dʒˈaɪ æm	0	0	0	0
gỹam	TONE_NGA	ɣiəʔ↗m	ðˈe→ˈiʔ↗ ˈaːm	0	0	0	0
gỵam	TONE_NANG	ɣiəʔ↓m	ðˈe→ˈiʔ↓ ˈaːm	0	0	0	0
gyan	TONE_NGANG	ɣiə→n	dʒˈaɪən	0	0	0	0
gỳan	TONE_HUYEN	ɣiə↘n	ðˈe→ˈi↘ ˈaːn	0	0	0	0
gýan	TONE_SAC	ɣiə↗n	ðˈe→ˈi↗ ˈaːn	0	0	0	0
gŷan	TONE_HOI	ɣiə↓n	dʒˈaɪən	0	0	0	0
gỹan	TONE_NGA	ɣiəʔ↗n	ðˈe→ˈiʔ↗ ˈaːn	0	0	0	0
gỵan	TONE_NANG	ɣiəʔ↓n	ðˈe→ˈiʔ↓ ˈaːn	0	0	0	0
gýap	TONE_SAC	ɣiə↗p	ðˈe→ˈi↗ ˈaː↗p	0	0	0	0
gỵap	TONE_NANG	ɣiəʔ↓p	ðˈe→ˈiʔ↓ ˈaː↗p	0	0	0	0
gýat	TONE_SAC	ɣiə↗t	ðˈe→ˈi↗ ˈaː↗t	0	0	0	0
gỵat	TONE_NANG	ɣiəʔ↓t	ðˈe→ˈiʔ↓ ˈaː↗t	0	0	0	0
gyang	TONE_NGANG	ɣiə→ŋ	dʒˈaɪ ˈaːŋ	0	0	0	0
gỳang	TONE_HUYEN	ɣiə↘ŋ	ðˈe→ˈi↘ ˈaːŋ	0	0	0	0
gýang	TONE_SAC	ɣiə↗ŋ	ðˈe→ˈi↗ ˈaːŋ	0	0	0	0
gŷang	TONE_HOI	ɣiə↓ŋ	dʒˈaɪ ˈaːŋ	0	0	0	0
gỹang	TONE_NGA	ɣiəʔ↗ŋ	ðˈe→ˈiʔ↗ ˈaːŋ	0	0	0	0
gỵang	TONE_NANG	ɣiəʔ↓ŋ	ðˈe→ˈiʔ↓ ˈaːŋ	0	0	0	0
gyanh	TONE_NGANG	ɣiə→ɲ	dʒˈaɪ ˈæɲ	0	0	0	0
gỳanh	TONE_HUYEN	ɣiə↘ɲ	ðˈe→ˈi↘ ˈæɲ	0	0	0	0
gýanh	TONE_SAC	ɣiə↗ɲ	ðˈe→ˈi↗ ˈæɲ	0	0	0	0
gŷanh	TONE_HOI	ɣiə↓ɲ	dʒˈaɪ ˈæɲ	0	0	0	0
gỹanh	TONE_NGA	ɣiəʔ↗ɲ	ðˈe→ˈiʔ↗ ˈæɲ	0	0	0	0
gỵanh	TONE_NANG	ɣiəʔ↓ɲ	ðˈe→ˈiʔ↓ ˈæɲ	0	0	0	0
gýac	TONE_SAC	ɣiə↗k	ðˈe→ˈi↗ ˈaː↗c	0	0	0	0
gỵac	TONE_NANG	ɣiəʔ↓k	ðˈe→ˈiʔ↓ ˈaː↗c	0	0	0	0
gýach	TONE_SAC	ɣiə↗k	ðˈe→ˈi↗ ˈæ↗c	0	0	0	0
gỵach	TONE_NANG	ɣiəʔ↓k	ðˈe→ˈiʔ↓ ˈæ↗c	0	0	0	0
gươ	TONE_NGANG	ɣɨə→	ɣˈy ˈəː	0	0	0	0
gườ	TONE_HUYEN	ɣɨə↘	ɣˈy ˈəː↘	1	0	0	0
gướ	TONE_SAC	ɣɨə↗	ɣˈy ˈəː↗	1	0	0	0
gươ̂	TONE_HOI	ɣɨə↓	ɣˈy ˈəː	0	0	0	0
gưỡ	TONE_NGA	ɣɨəʔ↗	ɣˈy ˈəːʔ↗	1	0	0	0
gượ	TONE_NANG	ɣɨəʔ↓	ɣˈy ˈəːʔ↓	1	0	0	0
gươi	TONE_NGANG	ɣɨə→j	ɣˈyəj	0	0	0	0
gười	TONE_HUYEN	ɣɨə↘j	ɣˈyə↘j	1	0	0	0
gưới	TONE_SAC	ɣɨə↗j	ɣˈyə↗j	1	0	0	0
gươ̂i	TONE_HOI	ɣɨə↓j	ɣˈy ˈəː ˈi	0	0	0	0
gưỡi	TONE_NGA	ɣɨəʔ↗j	ɣˈyəʔ↗j	1	0	0	0
gượi	TONE_NANG	ɣɨəʔ↓j	ɣˈyəʔ↓j	1	0	0	0
gươy	TONE_NGANG	ɣɨə→j	ɣˈy ˈəːˈi	0	0	0	0
gườy	TONE_HUYEN	ɣɨə↘j	ɣˈy ˈəː↘ˈi	0	0	0	0
gướy	TONE_SAC	ɣɨə↗j	ɣˈy ˈəː↗ˈi	0	0	0	0
gươ̂y	TONE_HOI	ɣɨə↓j	ɣˈy ˈəː ˈi	0	0	0	0
gưỡy	TONE_NGA	ɣɨəʔ↗j	ɣˈy ˈəːʔ↗ˈi	0	0	0	0
gượy	TONE_NANG	ɣɨəʔ↓j	ɣˈy ˈəːʔ↓ˈi	0	0	0	0
gươo	TONE_NGANG	ɣɨə→w	ɣˈy ˈəːˈɔ	0	0	0	0
gườo	TONE_HUYEN	ɣɨə↘w	ɣˈy ˈəː↘ˈɔ	1	0	0	0
gướo	TONE_SAC	ɣɨə↗w	ɣˈy ˈəː↗ˈɔ	1	0	0	0
gươ̂o	TONE_HOI	ɣɨə↓w	ɣˈy ˈəː ˈo	0	0	0	0
gưỡo	TONE_NGA	ɣɨəʔ↗w	ɣˈy ˈəːʔ↗ˈɔ	1	0	0	0
gượo	TONE_NANG	ɣɨəʔ↓w	ɣˈy ˈəːʔ↓ˈɔ	1	0	0	0
gươu	TONE_NGANG	ɣɨə→w	ɣˈyəw	0	0	0	0
gườu	TONE_HUYEN	ɣɨə↘w	ɣˈyə↘w	1	0	0	0
gướu	TONE_SAC	ɣɨə↗w	ɣˈyə↗w	1	0	0	0
gươ̂u	TONE_HOI	ɣɨə↓w	ɣˈy ˈəː ˈu	0	0	0	0
gưỡu	TONE_NGA	ɣɨəʔ↗w	ɣˈyəʔ↗w	1	0	0	0
gượu	TONE_NANG	ɣɨəʔ↓w	ɣˈyəʔ↓w	1	0	0	0
gươm	TONE_NGANG	ɣɨə→m	ɣˈyəm	0	0	0	0
gườm	TONE_HUYEN	ɣɨə↘m	ɣˈyə↘m	1	0	0	0
gướm	TONE_SAC	ɣɨə↗m	ɣˈyə↗m	1	0	0	0
gươ̂m	TONE_HOI	ɣɨə↓m	ɣˈy ˈəː mˈəː↘	0	0	0	0
gưỡm	TONE_NGA	ɣɨəʔ↗m	ɣˈyəʔ↗m	1	0	0	0
gượm	TONE_NANG	ɣɨəʔ↓m	ɣˈyəʔ↓m	1	0	0	0
gướp	TONE_SAC	ɣɨə↗p	ɣˈyə↗p	1	0	0	0
gượp	TONE_NANG	ɣɨəʔ↓p	ɣˈyəʔ↓p	1	0	0	0
gướt	TONE_SAC	ɣɨə↗t	ɣˈyə↗t	1	0	0	0
gượt	TONE_NANG	ɣɨəʔ↓t	ɣˈyəʔ↓t	1	0	0	0
gương	TONE_NGANG	ɣɨə→ŋ	ɣˈyəŋ	0	0	0	0
gường	TONE_HUYEN	ɣɨə↘ŋ	ɣˈyə↘ŋ	1	0	0	0
gướng	TONE_SAC	ɣɨə↗ŋ	ɣˈyə↗ŋ	1	0	0	0
gươ̂ng	TONE_HOI	ɣɨə↓ŋ	ɣˈy ˈəː ˌɛndʒˈiː	0	0	0	0
gưỡng	TONE_NGA	ɣɨəʔ↗ŋ	ɣˈyəʔ↗ŋ	1	0	0	0
gượng	TONE_NANG	ɣɨəʔ↓ŋ	ɣˈyəʔ↓ŋ	1	0	0	0
gước	TONE_SAC	ɣɨə↗k	ɣˈyə↗c	1	0	0	0
gược	TONE_NANG	ɣɨəʔ↓k	ɣˈyəʔ↓c	1	0	0	0
gướch	TONE_SAC	ɣɨə↗k	ɣˈyə↗c hˈa↗t	0	0	0	0
gượch	TONE_NANG	ɣɨəʔ↓k	ɣˈyəʔ↓c hˈa↗t	0	0	0	0
gưa	TONE_NGANG	ɣɨə→	ɣˈyə	0	0	0	0
gừa	TONE_HUYEN	ɣɨə↘	ɣˈyə↘	1	0	0	0
gứa	TONE_SAC	ɣɨə↗	ɣˈyə↗	1	0	0	0
gư̂a	TONE_HOI	ɣɨə↓	ɣˈy ˈaː	0	0	0	0
gữa	TONE_NGA	ɣɨəʔ↗	ɣˈyəʔ↗	1	0	0	0
gựa	TONE_NANG	ɣɨəʔ↓	ɣˈyəʔ↓	1	0	0	0
gưai	TONE_NGANG	ɣɨə→j	ɣˈyə ˈi	0	0	0	0
gừai	TONE_HUYEN	ɣɨə↘j	ɣˈyə↘ ˈi	0	0	0	0
gứai	TONE_SAC	ɣɨə↗j	ɣˈyə↗ ˈi	0	0	0	0
gư̂ai	TONE_HOI	ɣɨə↓j	ɣˈy ˈaːj	0	0	0	0
gữai	TONE_NGA	ɣɨəʔ↗j	ɣˈyəʔ↗ ˈi	0	0	0	0
gựai	TONE_NANG	ɣɨəʔ↓j	ɣˈyəʔ↓ ˈi	0	0	0	0
gưay	TONE_NGANG	ɣɨə→j	ɣˈyə ˈi	0	0	0	0
gừay	TONE_HUYEN	ɣɨə↘j	ɣˈyə↘ ˈi	0	0	0	0
gứay	TONE_SAC	ɣɨə↗j	ɣˈyə↗ ˈi	0	0	0	0
gư̂ay	TONE_HOI	ɣɨə↓j	ɣˈy ˈaj	0	0	0	0
gữay	TONE_NGA	ɣɨəʔ↗j	ɣˈyəʔ↗ ˈi	0	0	0	0
gựay	TONE_NANG	ɣɨəʔ↓j	ɣˈyəʔ↓ ˈi	0	0	0	0
gưao	TONE_NGANG	ɣɨə→w	ɣˈyə ˈɔ	0	0	0	0
gừao	TONE_HUYEN	ɣɨə↘w	ɣˈyə↘ ˈɔ	1	0	0	0
gứao	TONE_SAC	ɣɨə↗w	ɣˈyə↗ ˈɔ	1	0	0	0
gư̂ao	TONE_HOI	ɣɨə↓w	ɣˈy ˈaːw	0	0	0	0
gữao	TONE_NGA	ɣɨəʔ↗w	ɣˈyəʔ↗ ˈɔ	1	0	0	0
gựao	TONE_NANG	ɣɨəʔ↓w	ɣˈyəʔ↓ ˈɔ	1	0	0	0
gưau	TONE_NGANG	ɣɨə→w	ɣˈyə ˈu	0	0	0	0
gừau	TONE_HUYEN	ɣɨə↘w	ɣˈyə↘ ˈu	0	0	0	0
gứau	TONE_SAC	ɣɨə↗w	ɣˈyə↗ ˈu	0	0	0	0
gư̂au	TONE_HOI	ɣɨə↓w	ɣˈy ˈaw	0	0	0	0
gữau	TONE_NGA	ɣɨəʔ↗w	ɣˈyəʔ↗ ˈu	0	0	0	0
gựau	TONE_NANG	ɣɨəʔ↓w	ɣˈyəʔ↓ ˈu	0	0	0	0
gưam	TONE_NGANG	ɣɨə→m	ɣˈy ˈaːm	0	0	0	0
gừam	TONE_HUYEN	ɣɨə↘m	ɣˈy↘ ˈaːm	0	0	0	0
gứam	TONE_SAC	ɣɨə↗m	ɣˈy↗ ˈaːm	0	0	0	0
gư̂am	TONE_HOI	ɣɨə↓m	ɣˈy ˈaːm	0	0	0	0
gữam	TONE_NGA	ɣɨəʔ↗m	ɣˈyʔ↗ ˈaːm	0	0	0	0
gựam	TONE_NANG	ɣɨəʔ↓m	ɣˈyʔ↓ ˈaːm	0	0	0	0
gứap	TONE_SAC	ɣɨə↗p	ɣˈy↗ ˈaː↗p	0	0	0	0
gựap	TONE_NANG	ɣɨəʔ↓p	ɣˈyʔ↓ ˈaː↗p	0	0	0	0
gứat	TONE_SAC	ɣɨə↗t	ɣˈy↗ ˈaː↗t	0	0	0	0
gựat	TONE_NANG	ɣɨəʔ↓t	ɣˈyʔ↓ ˈaː↗t	0	0	0	0
gưang	TONE_NGANG	ɣɨə→ŋ	ɣˈy ˈaːŋ	0	0	0	0
gừang	TONE_HUYEN	ɣɨə↘ŋ	ɣˈy↘ ˈaːŋ	0	0	0	0
gứang	TONE_SAC	ɣɨə↗ŋ	ɣˈy↗ ˈaːŋ	0	0	0	0
gư̂ang	TONE_HOI	ɣɨə↓ŋ	ɣˈy ˈaːŋ	0	0	0	0
gữang	TONE_NGA	ɣɨəʔ↗ŋ	ɣˈyʔ↗ ˈaːŋ	0	0	0	0
gựang	TONE_NANG	ɣɨəʔ↓ŋ	ɣˈyʔ↓ ˈaːŋ	0	0	0	0
gứac	TONE_SAC	ɣɨə↗k	ɣˈy↗ ˈaː↗c	0	0	0	0
gựac	TONE_NANG	ɣɨəʔ↓k	ɣˈyʔ↓ ˈaː↗c	0	0	0	0
gứach	TONE_SAC	ɣɨə↗k	ɣˈy↗ ˈæ↗c	0	0	0	0
gựach	TONE_NANG	ɣɨəʔ↓k	ɣˈyʔ↓ ˈæ↗c	0	0	0	0
guô	TONE_NGANG	ɣuə→	ɣˈu ˈo	0	0	0	0
guồ	TONE_HUYEN	ɣuə↘	ɣˈu ˈo↘	1	0	0	0
guố	TONE_SAC	ɣuə↗	ɣˈu ˈo↗	1	0	0	0
guô̂	TONE_HOI	ɣuə↓	ɣˈu ˈo	0	0	0	0
guỗ	TONE_NGA	ɣuəʔ↗	ɣˈu ˈoʔ↗	1	0	0	0
guộ	TONE_NANG	ɣuəʔ↓	ɣˈu ˈoʔ↓	1	0	0	0
guôi	TONE_NGANG	ɣuə→j	ɣˈuəj	0	0	0	0
guồi	TONE_HUYEN	ɣuə↘j	ɣˈuə↘j	1	0	0	0
guối	TONE_SAC	ɣuə↗j	ɣˈuə↗j	1	0	0	0
guô̂i	TONE_HOI	ɣuə↓j	ɣˈu ˈo ˈi	0	0	0	0
guỗi	TONE_NGA	ɣuəʔ↗j	ɣˈuəʔ↗j	1	0	0	0
guội	TONE_NANG	ɣuəʔ↓j	ɣˈuəʔ↓j	1	0	0	0
guôy	TONE_NGANG	ɣuə→j	ɣˈu ˈoˈi	0	0	0	0
guồy	TONE_HUYEN	ɣuə↘j	ɣˈu ˈo↘ˈi	0	0	0	0
guốy	TONE_SAC	ɣuə↗j	ɣˈu ˈo↗ˈi	0	0	0	0
guô̂y	TONE_HOI	ɣuə↓j	ɣˈu ˈo ˈi	0	0	0	0
guỗy	TONE_NGA	ɣuəʔ↗j	ɣˈu ˈoʔ↗ˈi	0	0	0	0
guộy	TONE_NANG	ɣuəʔ↓j	ɣˈu ˈoʔ↓ˈi	0	0	0	0
guôn	TONE_NGANG	ɣuə→n	ɣˈuən	0	0	0	0
guồn	TONE_HUYEN	ɣuə↘n	ɣˈuə↘n	1	0	0	0
guốn	TONE_SAC	ɣuə↗n	ɣˈuə↗n	1	0	0	0
guô̂n	TONE_HOI	ɣuə↓n	ɣˈu ˈo nˈəː↘	0	0	0	0
guỗn	TONE_NGA	ɣuəʔ↗n	ɣˈuəʔ↗n	1	0	0	0
guộn	TONE_NANG	ɣuəʔ↓n	ɣˈuəʔ↓n	1	0	0	0
guốp	TONE_SAC	ɣuə↗p	ɣˈuə↗p	1	0	0	0
guộp	TONE_NANG	ɣuəʔ↓p	ɣˈuəʔ↓p	1	0	0	0
guốt	TONE_SAC	ɣuə↗t	ɣˈuə↗t	1	0	0	0
guột	TONE_NANG	ɣuəʔ↓t	ɣˈuəʔ↓t	1	0	0	0
guông	TONE_NGANG	ɣuə→ŋ	ɣˈuəŋ	0	0	0	0
guồng	TONE_HUYEN	ɣuə↘ŋ	ɣˈuə↘ŋ	1	0	0	0
guống	TONE_SAC	ɣuə↗ŋ	ɣˈuə↗ŋ	1	0	0	0
guô̂ng	TONE_HOI	ɣuə↓ŋ	ɣˈu ˈo ˌɛndʒˈiː	0	0	0	0
guỗng	TONE_NGA	ɣuəʔ↗ŋ	ɣˈuəʔ↗ŋ	1	0	0	0
guộng	TONE_NANG	ɣuəʔ↓ŋ	ɣˈuəʔ↓ŋ	1	0	0	0
guốc	TONE_SAC	ɣuə↗k	ɣˈuə↗c	1	0	0	0
guộc	TONE_NANG	ɣuəʔ↓k	ɣˈuəʔ↓c	1	0	0	0
guốch	TONE_SAC	ɣuə↗k	ɣˈuə↗c hˈa↗t	0	0	0	0
guộch	TONE_NANG	ɣuəʔ↓k	ɣˈuəʔ↓c hˈa↗t	0	0	0	0
gua	TONE_NGANG	ɣuə→	ɣˈuə	0	0	0	0
gùa	TONE_HUYEN	ɣuə↘	ɣˈuə↘	1	0	0	0
gúa	TONE_SAC	ɣuə↗	ɣˈuə↗	1	0	0	0
gûa	TONE_HOI	ɣuə↓	ɣˈuə	0	0	0	0
gũa	TONE_NGA	ɣuəʔ↗	ɣˈuəʔ↗	1	0	0	0
gụa	TONE_NANG	ɣuəʔ↓	ɣˈuəʔ↓	1	0	0	0
guai	TONE_NGANG	ɣuə→j	ɡwˈɑːi	0	0	0	0
gùai	TONE_HUYEN	ɣuə↘j	ɣˈuə↘ ˈi	0	0	0	0
gúai	TONE_SAC	ɣuə↗j	ɣˈuə↗ ˈi	0	0	0	0
gûai	TONE_HOI	ɣuə↓j	ɡwˈɑːi	0	0	0	0
gũai	TONE_NGA	ɣuəʔ↗j	ɣˈuəʔ↗ ˈi	0	0	0	0
gụai	TONE_NANG	ɣuəʔ↓j	ɣˈuəʔ↓ ˈi	0	0	0	0
guay	TONE_NGANG	ɣuə→j	ɡwˈaɪ	0	0	0	0
gùay	TONE_HUYEN	ɣuə↘j	ɣˈuə↘ ˈi	0	0	0	0
gúay	TONE_SAC	ɣuə↗j	ɣˈuə↗ ˈi	0	0	0	0
gûay	TONE_HOI	ɣuə↓j	ɡwˈaɪ	0	0	0	0
gũay	TONE_NGA	ɣuəʔ↗j	ɣˈuəʔ↗ ˈi	0	0	0	0
gụay	TONE_NANG	ɣuəʔ↓j	ɣˈuəʔ↓ ˈi	0	0	0	0
gao	TONE_NGANG	ɣaː→w	ɣˈaːw	0	0	0	0
gào	TONE_HUYEN	ɣaː↘w	ɣˈaː↘w	1	0	0	0
gáo	TONE_SAC	ɣaː↗w	ɣˈaː↗w	1	0	0	0
gâo	TONE_HOI	ɣaː↓w	ðˈe→ˌeɪsˈ↗ːkəmflˌɛksˈɔ	0	0	0	0
gão	TONE_NGA	ɣaːʔ↗w	ɣˈaːʔ↗w	1	0	0	0
gạo	TONE_NANG	ɣaːʔ↓w	ɣˈaːʔ↓w	1	0	0	0
gau	TONE_NGANG	ɣa→w	ɣˈaw	0	0	0	0
gàu	TONE_HUYEN	ɣa↘w	ɣˈa↘w	1	0	0	0
gáu	TONE_SAC	ɣa↗w	ɣˈa↗w	1	0	0	0
gâu	TONE_HOI	ɣa↓w	ɣˈə→w	0	0	0	0
gãu	TONE_NGA	ɣaʔ↗w	ɣˈaʔ↗w	1	0	0	0
gạu	TONE_NANG	ɣaʔ↓w	ɣˈaʔ↓w	1	0	0	0
guan	TONE_NGANG	ɣuə→n	ɡwˈɑːn	0	0	0	0
gùan	TONE_HUYEN	ɣuə↘n	ɣˈu↘ ˈaːn	0	0	0	0
gúan	TONE_SAC	ɣuə↗n	ɣˈu↗ ˈaːn	0	0	0	0
gûan	TONE_HOI	ɣuə↓n	ɡwˈɑːn	0	0	0	0
gũan	TONE_NGA	ɣuəʔ↗n	ɣˈuʔ↗ ˈaːn	0	0	0	0
gụan	TONE_NANG	ɣuəʔ↓n	ɣˈuʔ↓ ˈaːn	0	0	0	0
gúap	TONE_SAC	ɣuə↗p	ɣˈu↗ ˈaː↗p	0	0	0	0
gụap	TONE_NANG	ɣuəʔ↓p	ɣˈuʔ↓ ˈaː↗p	0	0	0	0
gúat	TONE_SAC	ɣuə↗t	ɣˈu↗ ˈaː↗t	0	0	0	0
gụat	TONE_NANG	ɣuəʔ↓t	ɣˈuʔ↓ ˈaː↗t	0	0	0	0
guang	TONE_NGANG	ɣuə→ŋ	ɡwˈɑːŋ	0	0	0	0
gùang	TONE_HUYEN	ɣuə↘ŋ	ɣˈu↘ ˈaːŋ	0	0	0	0
gúang	TONE_SAC	ɣuə↗ŋ	ɣˈu↗ ˈaːŋ	0	0	0	0
gûang	TONE_HOI	ɣuə↓ŋ	ɡwˈɑːŋ	0	0	0	0
gũang	TONE_NGA	ɣuəʔ↗ŋ	ɣˈuʔ↗ ˈaːŋ	0	0	0	0
gụang	TONE_NANG	ɣuəʔ↓ŋ	ɣˈuʔ↓ ˈaːŋ	0	0	0	0
ganh	TONE_NGANG	ɣaː→ɲ	ɣˈæɲ	0	0	0	1
gành	TONE_HUYEN	ɣaː↘ɲ	ɣˈæ↘ɲ	1	0	0	1
gánh	TONE_SAC	ɣaː↗ɲ	ɣˈæ↗ɲ	1	0	0	1
gânh	TONE_HOI	ɣaː↓ɲ	ɣˈən hˈa↗t	0	0	0	1
gãnh	TONE_NGA	ɣaːʔ↗ɲ	ɣˈæʔ↗ɲ	1	0	0	1
gạnh	TONE_NANG	ɣaːʔ↓ɲ	ɣˈæʔ↓ɲ	1	0	0	1
gúac	TONE_SAC	ɣuə↗k	ɣˈu↗ ˈaː↗c	0	0	0	0
gụac	TONE_NANG	ɣuəʔ↓k	ɣˈuʔ↓ ˈaː↗c	0	0	0	0
gúach	TONE_SAC	ɣuə↗k	ɣˈu↗ ˈæ↗c	0	0	0	0
gụach	TONE_NANG	ɣuəʔ↓k	ɣˈuʔ↓ ˈæ↗c	0	0	0	0
ga	TONE_NGANG	ɣaː→	ɣˈaː	0	0	0	0
gà	TONE_HUYEN	ɣaː↘	ɣˈaː↘	1	0	0	0
gá	TONE_SAC	ɣaː↗	ɣˈaː↗	1	0	0	0
gâ	TONE_HOI	ɣaː↓	ðˈe→ˌeɪsˈ↗ːkəmflˌɛks	0	0	0	0
gã	TONE_NGA	ɣaːʔ↗	ɣˈaːʔ↗	1	0	0	0
gạ	TONE_NANG	ɣaːʔ↓	ɣˈaːʔ↓	1	0	0	0
gai	TONE_NGANG	ɣaː→j	ɣˈaːj	0	0	0	0
gài	TONE_HUYEN	ɣaː↘j	ɣˈaː↘j	1	0	0	0
gái	TONE_SAC	ɣaː↗j	ɣˈaː↗j	1	0	0	0
gâi	TONE_HOI	ɣaː↓j	ðˈe→ˌeɪsˈ↗ːkəmflˌɛksˈi	0	0	0	0
gãi	TONE_NGA	ɣaːʔ↗j	ɣˈaːʔ↗j	1	0	0	0
gại	TONE_NANG	ɣaːʔ↓j	ɣˈaːʔ↓j	1	0	0	0
gay	TONE_NGANG	ɣa→j	ɡˈeɪ	0	0	0	0
gày	TONE_HUYEN	ɣa↘j	ɣˈa↘j	1	0	0	0
gáy	TONE_SAC	ɣa↗j	ɣˈa↗j	1	0	0	0
gây	TONE_HOI	ɣa↓j	ɣˈəɪ	0	0	0	0
gãy	TONE_NGA	ɣaʔ↗j	ɣˈaʔ↗j	1	0	0	0
gạy	TONE_NANG	ɣaʔ↓j	ɣˈaʔ↓j	1	0	0	0
gao	TONE_NGANG	ɣaː→w	ɣˈaːw	0	0	0	0
gào	TONE_HUYEN	ɣaː↘w	ɣˈaː↘w	1	0	0	0
gáo	TONE_SAC	ɣaː↗w	ɣˈaː↗w	1	0	0	0
gâo	TONE_HOI	ɣaː↓w	ðˈe→ˌeɪsˈ↗ːkəmflˌɛksˈɔ	0	0	0	0
gão	TONE_NGA	ɣaːʔ↗w	ɣˈaːʔ↗w	1	0	0	0
gạo	TONE_NANG	ɣaːʔ↓w	ɣˈaːʔ↓w	1	0	0	0
gau	TONE_NGANG	ɣa→w	ɣˈaw	0	0	0	0
gàu	TONE_HUYEN	ɣa↘w	ɣˈa↘w	1	0	0	0
gáu	TONE_SAC	ɣa↗w	ɣˈa↗w	1	0	0	0
gâu	TONE_HOI	ɣa↓w	ɣˈə→w	0	0	0	0
gãu	TONE_NGA	ɣaʔ↗w	ɣˈaʔ↗w	1	0	0	0
gạu	TONE_NANG	ɣaʔ↓w	ɣˈaʔ↓w	1	0	0	0
gam	TONE_NGANG	ɣaː→m	ɣˈaːm	0	0	0	0
gàm	TONE_HUYEN	ɣaː↘m	ɣˈaː↘m	1	0	0	0
gám	TONE_SAC	ɣaː↗m	ɣˈaː↗m	1	0	0	0
gâm	TONE_HOI	ɣaː↓m	ɣˈəm	0	0	0	0
gãm	TONE_NGA	ɣaːʔ↗m	ɣˈaːʔ↗m	1	0	0	0
gạm	TONE_NANG	ɣaːʔ↓m	ɣˈaːʔ↓m	1	0	0	0
gan	TONE_NGANG	ɣaː→n	ɣˈaːn	0	0	0	0
gàn	TONE_HUYEN	ɣaː↘n	ɣˈaː↘n	1	0	0	0
gán	TONE_SAC	ɣaː↗n	ɣˈaː↗n	1	0	0	0
gân	TONE_HOI	ɣaː↓n	ɣˈən	0	0	0	0
gãn	TONE_NGA	ɣaːʔ↗n	ɣˈaːʔ↗n	1	0	0	0
gạn	TONE_NANG	ɣaːʔ↓n	ɣˈaːʔ↓n	1	0	0	0
gáp	TONE_SAC	ɣaː↗p	ɣˈaː↗p	1	0	0	0
gạp	TONE_NANG	ɣaːʔ↓p	ɣˈaːʔ↓p	1	0	0	0
gát	TONE_SAC	ɣaː↗t	ɣˈaː↗t	1	0	0	0
gạt	TONE_NANG	ɣaːʔ↓t	ɣˈaːʔ↓t	1	0	0	0
gang	TONE_NGANG	ɣaː→ŋ	ɡˈæŋ	0	0	0	0
gàng	TONE_HUYEN	ɣaː↘ŋ	ɣˈaː↘ŋ	1	0	0	0
gáng	TONE_SAC	ɣaː↗ŋ	ɣˈaː↗ŋ	1	0	0	0
gâng	TONE_HOI	ɣaː↓ŋ	ɣˈəŋ	0	0	0	0
gãng	TONE_NGA	ɣaːʔ↗ŋ	ɣˈaːʔ↗ŋ	1	0	0	0
gạng	TONE_NANG	ɣaːʔ↓ŋ	ɣˈaːʔ↓ŋ	1	0	0	0
ganh	TONE_NGANG	ɣaː→ɲ	ɣˈæɲ	0	0	0	1
gành	TONE_HUYEN	ɣaː↘ɲ	ɣˈæ↘ɲ	1	0	0	1
gánh	TONE_SAC	ɣaː↗ɲ	ɣˈæ↗ɲ	1	0	0	1
gânh	TONE_HOI	ɣaː↓ɲ	ɣˈən hˈa↗t	0	0	0	1
gãnh	TONE_NGA	ɣaːʔ↗ɲ	ɣˈæʔ↗ɲ	1	0	0	1
gạnh	TONE_NANG	ɣaːʔ↓ɲ	ɣˈæʔ↓ɲ	1	0	0	1
gác	TONE_SAC	ɣaː↗k	ɣˈaː↗c	1	0	0	0
gạc	TONE_NANG	ɣaːʔ↓k	ɣˈaːʔ↓c	1	0	0	0
gách	TONE_SAC	ɣa↗k	ɣˈæ↗c	1	0	0	0
gạch	TONE_NANG	ɣaʔ↓k	ɣˈæʔ↓c	1	0	0	0
gă	TONE_NGANG	ɣa→	ðˈe→ă	0	1	0	0
gằ	TONE_HUYEN	ɣa↘	ðˈe→ằ	0	1	0	0
gắ	TONE_SAC	ɣa↗	ðˈe→ắ	0	1	0	0
gă̂	TONE_HOI	ɣa↓	ðˈe→ă	0	1	0	0
gẵ	TONE_NGA	ɣaʔ↗	ðˈe→ẵ	0	1	0	0
gặ	TONE_NANG	ɣaʔ↓	ðˈe→ặ	0	1	0	0
găm	TONE_NGANG	ɣa→m	ɣˈam	0	0	0	0
gằm	TONE_HUYEN	ɣa↘m	ɣˈa↘m	1	0	0	0
gắm	TONE_SAC	ɣa↗m	ɣˈa↗m	1	0	0	0
gă̂m	TONE_HOI	ɣa↓m	ðˈe→ă mˈəː↘	0	1	0	0
gẵm	TONE_NGA	ɣaʔ↗m	ɣˈaʔ↗m	1	0	0	0
gặm	TONE_NANG	ɣaʔ↓m	ɣˈaʔ↓m	1	0	0	0
găn	TONE_NGANG	ɣa→n	ɣˈan	0	0	0	0
gằn	TONE_HUYEN	ɣa↘n	ɣˈa↘n	1	0	0	0
gắn	TONE_SAC	ɣa↗n	ɣˈa↗n	1	0	0	0
gă̂n	TONE_HOI	ɣa↓n	ðˈe→ă nˈəː↘	0	1	0	0
gẵn	TONE_NGA	ɣaʔ↗n	ɣˈaʔ↗n	1	0	0	0
gặn	TONE_NANG	ɣaʔ↓n	ɣˈaʔ↓n	1	0	0	0
gắp	TONE_SAC	ɣa↗p	ɣˈa↗p	1	0	0	0
gặp	TONE_NANG	ɣaʔ↓p	ɣˈaʔ↓p	1	0	0	0
gắt	TONE_SAC	ɣa↗t	ɣˈa↗t	1	0	0	0
gặt	TONE_NANG	ɣaʔ↓t	ɣˈaʔ↓t	1	0	0	0
găng	TONE_NGANG	ɣa→ŋ	ɣˈaŋ	0	0	0	0
gằng	TONE_HUYEN	ɣa↘ŋ	ɣˈa↘ŋ	1	0	0	0
gắng	TONE_SAC	ɣa↗ŋ	ɣˈa↗ŋ	1	0	0	0
gă̂ng	TONE_HOI	ɣa↓ŋ	ðˈe→ă ˌɛndʒˈiː	0	1	0	0
gẵng	TONE_NGA	ɣaʔ↗ŋ	ɣˈaʔ↗ŋ	1	0	0	0
gặng	TONE_NANG	ɣaʔ↓ŋ	ɣˈaʔ↓ŋ	1	0	0	0
gắc	TONE_SAC	ɣa↗k	ɣˈa↗c	1	0	0	0
gặc	TONE_NANG	ɣaʔ↓k	ɣˈaʔ↓c	1	0	0	0
gắch	TONE_SAC	ɣa↗k	ɣˈa↗c hˈa↗t	0	0	0	0
gặch	TONE_NANG	ɣaʔ↓k	ɣˈaʔ↓c hˈa↗t	0	0	0	0
gâ	TONE_NGANG	ɣə→	ðˈe→ˌeɪsˈ↗ːkəmflˌɛks	0	0	0	0
gầ	TONE_HUYEN	ɣə↘	ðˈe→ầ	0	1	0	0
gấ	TONE_SAC	ɣə↗	ðˈe→ấ	0	1	0	0
gâ̂	TONE_HOI	ɣə↓	ðˈe→ˌeɪsˈ↗ːkəmflˌɛks	0	0	0	0
gẫ	TONE_NGA	ɣəʔ↗	ðˈe→ẫ	0	1	0	0
gậ	TONE_NANG	ɣəʔ↓	ðˈe→ậ	0	1	0	0
gâi	TONE_NGANG	ɣə→j	ðˈe→ˌeɪsˈ↗ːkəmflˌɛksˈi	0	0	0	0
gầi	TONE_HUYEN	ɣə↘j	ðˈe→ầˈi	0	1	0	0
gấi	TONE_SAC	ɣə↗j	ðˈe→ấˈi	0	1	0	0
gâ̂i	TONE_HOI	ɣə↓j	ðˈe→ˌeɪsˈ↗ːkəmflˌɛks ˈi	0	0	0	0
gẫi	TONE_NGA	ɣəʔ↗j	ðˈe→ẫˈi	0	1	0	0
gậi	TONE_NANG	ɣəʔ↓j	ðˈe→ậˈi	0	1	0	0
gây	TONE_NGANG	ɣə→j	ɣˈəɪ	0	0	0	0
gầy	TONE_HUYEN	ɣə↘j	ɣˈəɪ↘	1	0	0	0
gấy	TONE_SAC	ɣə↗j	ɣˈəɪ↗	1	0	0	0
gâ̂y	TONE_HOI	ɣə↓j	ðˈe→ˌeɪsˈ↗ːkəmflˌɛks ˈi	0	0	0	0
gẫy	TONE_NGA	ɣəʔ↗j	ɣˈəɪʔ↗	1	0	0	0
gậy	TONE_NANG	ɣəʔ↓j	ɣˈəɪʔ↓	1	0	0	0
gâo	TONE_NGANG	ɣə→w	ðˈe→ˌeɪsˈ↗ːkəmflˌɛksˈɔ	0	0	0	0
gầo	TONE_HUYEN	ɣə↘w	ðˈe→ầˈɔ	0	1	0	0
gấo	TONE_SAC	ɣə↗w	ðˈe→ấˈɔ	0	1	0	0
gâ̂o	TONE_HOI	ɣə↓w	ðˈe→ˌeɪsˈ↗ːkəmflˌɛks ˈo	0	0	0	0
gẫo	TONE_NGA	ɣəʔ↗w	ðˈe→ẫˈɔ	0	1	0	0
gậo	TONE_NANG	ɣəʔ↓w	ðˈe→ậˈɔ	0	1	0	0
gâu	TONE_NGANG	ɣə→w	ɣˈə→w	1	0	0	0
gầu	TONE_HUYEN	ɣə↘w	ɣˈə↘w	1	0	0	0
gấu	TONE_SAC	ɣə↗w	ɣˈə↗w	1	0	0	0
gâ̂u	TONE_HOI	ɣə↓w	ðˈe→ˌeɪsˈ↗ːkəmflˌɛks ˈu	0	0	0	0
gẫu	TONE_NGA	ɣəʔ↗w	ɣˈəʔ↗w	1	0	0	0
gậu	TONE_NANG	ɣəʔ↓w	ɣˈəʔ↓w	1	0	0	0
gâm	TONE_NGANG	ɣə→m	ɣˈəm	0	0	0	0
gầm	TONE_HUYEN	ɣə↘m	ɣˈə↘m	1	0	0	0
gấm	TONE_SAC	ɣə↗m	ɣˈə↗m	1	0	0	0
gâ̂m	TONE_HOI	ɣə↓m	ðˈe→ˌeɪsˈ↗ːkəmflˌɛks mˈəː↘	0	0	0	0
gẫm	TONE_NGA	ɣəʔ↗m	ɣˈəʔ↗m	1	0	0	0
gậm	TONE_NANG	ɣəʔ↓m	ɣˈəʔ↓m	1	0	0	0
gân	TONE_NGANG	ɣə→n	ɣˈən	0	0	0	0
gần	TONE_HUYEN	ɣə↘n	ɣˈə↘n	1	0	0	0
gấn	TONE_SAC	ɣə↗n	ɣˈə↗n	1	0	0	0
gâ̂n	TONE_HOI	ɣə↓n	ðˈe→ˌeɪsˈ↗ːkəmflˌɛks nˈəː↘	0	0	0	0
gẫn	TONE_NGA	ɣəʔ↗n	ɣˈəʔ↗n	1	0	0	0
gận	TONE_NANG	ɣəʔ↓n	ɣˈəʔ↓n	1	0	0	0
gấp	TONE_SAC	ɣə↗p	ɣˈə↗p	1	0	0	0
gập	TONE_NANG	ɣəʔ↓p	ɣˈəʔ↓p	1	0	0	0
gất	TONE_SAC	ɣə↗t	ɣˈə↗t	1	0	0	0
gật	TONE_NANG	ɣəʔ↓t	ɣˈəʔ↓t	1	0	0	0
gâng	TONE_NGANG	ɣə→ŋ	ɣˈəŋ	0	0	0	0
gầng	TONE_HUYEN	ɣə↘ŋ	ɣˈə↘ŋ	1	0	0	0
gấng	TONE_SAC	ɣə↗ŋ	ɣˈə↗ŋ	1	0	0	0
gâ̂ng	TONE_HOI	ɣə↓ŋ	ðˈe→ˌeɪsˈ↗ːkəmflˌɛks ˌɛndʒˈiː	0	0	0	0
gẫng	TONE_NGA	ɣəʔ↗ŋ	ɣˈəʔ↗ŋ	1	0	0	0
gậng	TONE_NANG	ɣəʔ↓ŋ	ɣˈəʔ↓ŋ	1	0	0	0
gấc	TONE_SAC	ɣə↗k	ɣˈə↗c	1	0	0	0
gậc	TONE_NANG	ɣəʔ↓k	ɣˈəʔ↓c	1	0	0	0
gấch	TONE_SAC	ɣə↗k	ɣˈə↗c hˈa↗t	0	0	0	0
gậch	TONE_NANG	ɣəʔ↓k	ɣˈəʔ↓c hˈa↗t	0	0	0	0
ge	TONE_NGANG	ɣɛ→	dʒˈiː	0	0	0	0
gè	TONE_HUYEN	ɣɛ↘	ðˈe→ˈɛ↘	0	0	0	0
gé	TONE_SAC	ɣɛ↗	ɡˈeɪ	0	0	0	0
gê	TONE_HOI	ɣɛ↓	ɡˈɛɹ	0	0	0	0
gẽ	TONE_NGA	ɣɛʔ↗	ðˈe→ˈɛʔ↗	0	0	0	0
gẹ	TONE_NANG	ɣɛʔ↓	ðˈe→ˈɛʔ↓	0	0	0	0
geo	TONE_NGANG	ɣɛ→w	dʒˈiːoʊ	0	0	0	0
gèo	TONE_HUYEN	ɣɛ↘w	ðˈe→ˈɛ↘ˈɔ	0	0	0	0
géo	TONE_SAC	ɣɛ↗w	ɡˈeɪ ˈɔ	0	0	0	0
gêo	TONE_HOI	ɣɛ↓w	ɡˈɛɹ ˈɔ	0	0	0	0
gẽo	TONE_NGA	ɣɛʔ↗w	ðˈe→ˈɛʔ↗ˈɔ	0	0	0	0
gẹo	TONE_NANG	ɣɛʔ↓w	ðˈe→ˈɛʔ↓ˈɔ	0	0	0	0
geu	TONE_NGANG	ɣɛ→w	dʒˈuː	0	0	0	0
gèu	TONE_HUYEN	ɣɛ↘w	ðˈe→ˈɛ↘ˈu	0	0	0	0
géu	TONE_SAC	ɣɛ↗w	ɡˈeɪ ˈu	0	0	0	0
gêu	TONE_HOI	ɣɛ↓w	ɡˈɛɹ ˈu	0	0	0	0
gẽu	TONE_NGA	ɣɛʔ↗w	ðˈe→ˈɛʔ↗ˈu	0	0	0	0
gẹu	TONE_NANG	ɣɛʔ↓w	ðˈe→ˈɛʔ↓ˈu	0	0	0	0
gem	TONE_NGANG	ɣɛ→m	dʒˈɛm	0	0	0	0
gèm	TONE_HUYEN	ɣɛ↘m	ðˈe→ ˈɛ↘m	0	0	0	0
gém	TONE_SAC	ɣɛ↗m	ðˈe→ ˈɛ↗m	0	0	0	0
gêm	TONE_HOI	ɣɛ↓m	ðˈe→ ˈem	0	0	0	0
gẽm	TONE_NGA	ɣɛʔ↗m	ðˈe→ ˈɛʔ↗m	0	0	0	0
gẹm	TONE_NANG	ɣɛʔ↓m	ðˈe→ ˈɛʔ↓m	0	0	0	0
gen	TONE_NGANG	ɣɛ→n	dʒˈɛn	0	0	0	0
gèn	TONE_HUYEN	ɣɛ↘n	ðˈe→ ˈɛ↘n	0	0	0	0
gén	TONE_SAC	ɣɛ↗n	ðˈe→ ˈɛ↗n	0	0	0	0
gên	TONE_HOI	ɣɛ↓n	ðˈe→ ˈen	0	0	0	0
gẽn	TONE_NGA	ɣɛʔ↗n	ðˈe→ ˈɛʔ↗n	0	0	0	0
gẹn	TONE_NANG	ɣɛʔ↓n	ðˈe→ ˈɛʔ↓n	0	0	0	0
gép	TONE_SAC	ɣɛ↗p	ðˈe→ ˈɛ↗p	0	0	0	0
gẹp	TONE_NANG	ɣɛʔ↓p	ðˈe→ ˈɛʔ↓p	0	0	0	0
gét	TONE_SAC	ɣɛ↗t	ðˈe→ ˈɛ↗t	0	0	0	0
gẹt	TONE_NANG	ɣɛʔ↓t	ðˈe→ ˈɛʔ↓t	0	0	0	0
geng	TONE_NGANG	ɣɛ→ŋ	dʒˈɛŋ	0	0	0	0
gèng	TONE_HUYEN	ɣɛ↘ŋ	ðˈe→ ˈɛ↘ŋ	0	0	0	0
géng	TONE_SAC	ɣɛ↗ŋ	ðˈe→ ˈɛ↗ŋ	0	0	0	0
gêng	TONE_HOI	ɣɛ↓ŋ	ɡˈɛɹ ˈɛnəː↘ðˈe→	0	0	0	0
gẽng	TONE_NGA	ɣɛʔ↗ŋ	ðˈe→ ˈɛʔ↗ŋ	0	0	0	0
gẹng	TONE_NANG	ɣɛʔ↓ŋ	ðˈe→ ˈɛʔ↓ŋ	0	0	0	0
géc	TONE_SAC	ɣɛ↗k	ðˈe→ ˈɛ↗c	0	0	0	0
gẹc	TONE_NANG	ɣɛʔ↓k	ðˈe→ ˈɛʔ↓c	0	0	0	0
géch	TONE_SAC	ɣɛ↗k	ɡˈeɪ sˈehˈa↗t	1	0	0	0
gẹch	TONE_NANG	ɣɛʔ↓k	ðˈe→ ˈɛʔ↓c hˈa↗t	0	0	0	0
gê	TONE_NGANG	ɣe→	ɡˈɛɹ	0	0	0	0
gề	TONE_HUYEN	ɣe↘	ðˈe→ˈe↘	0	0	0	0
gế	TONE_SAC	ɣe↗	ðˈe→ˈe↗	0	0	0	0
gê̂	TONE_HOI	ɣe↓	ɡˈɛɹ	0	0	0	0
gễ	TONE_NGA	ɣeʔ↗	ðˈe→ˈeʔ↗	0	0	0	0
gệ	TONE_NANG	ɣeʔ↓	ðˈe→ˈeʔ↓	0	0	0	0
gêo	TONE_NGANG	ɣe→w	ɡˈɛɹ ˈɔ	0	0	0	0
gềo	TONE_HUYEN	ɣe↘w	ðˈe→ˈe↘ˈɔ	0	0	0	0
gếo	TONE_SAC	ɣe↗w	ðˈe→ˈe↗ˈɔ	0	0	0	0
gê̂o	TONE_HOI	ɣe↓w	ɡˈɛɹ ˈo	0	0	0	0
gễo	TONE_NGA	ɣeʔ↗w	ðˈe→ˈeʔ↗ˈɔ	0	0	0	0
gệo	TONE_NANG	ɣeʔ↓w	ðˈe→ˈeʔ↓ˈɔ	0	0	0	0
gêu	TONE_NGANG	ɣe→w	ɡˈɛɹ ˈu	0	0	0	0
gều	TONE_HUYEN	ɣe↘w	ðˈe→ˈe↘ˈu	0	0	0	0
gếu	TONE_SAC	ɣe↗w	ðˈe→ˈe↗ˈu	0	0	0	0
gê̂u	TONE_HOI	ɣe↓w	ɡˈɛɹ jˈuː	0	0	0	0
gễu	TONE_NGA	ɣeʔ↗w	ðˈe→ˈeʔ↗ˈu	0	0	0	0
gệu	TONE_NANG	ɣeʔ↓w	ðˈe→ˈeʔ↓ˈu	0	0	0	0
gêm	TONE_NGANG	ɣe→m	ðˈe→ ˈem	0	0	0	0
gềm	TONE_HUYEN	ɣe↘m	ðˈe→ ˈe↘m	0	0	0	0
gếm	TONE_SAC	ɣe↗m	ðˈe→ ˈe↗m	0	0	0	0
gê̂m	TONE_HOI	ɣe↓m	ɡˈɛɹ mˈəː↘	0	0	0	0
gễm	TONE_NGA	ɣeʔ↗m	ðˈe→ ˈeʔ↗m	0	0	0	0
gệm	TONE_NANG	ɣeʔ↓m	ðˈe→ ˈeʔ↓m	0	0	0	0
gên	TONE_NGANG	ɣe→n	ðˈe→ ˈen	0	0	0	0
gền	TONE_HUYEN	ɣe↘n	ðˈe→ ˈe↘n	0	0	0	0
gến	TONE_SAC	ɣe↗n	ðˈe→ ˈe↗n	0	0	0	0
gê̂n	TONE_HOI	ɣe↓n	ɡˈɛɹ nˈəː↘	0	0	0	0
gễn	TONE_NGA	ɣeʔ↗n	ðˈe→ ˈeʔ↗n	0	0	0	0
gện	TONE_NANG	ɣeʔ↓n	ðˈe→ ˈeʔ↓n	0	0	0	0
gếp	TONE_SAC	ɣe↗p	ðˈe→ ˈe↗p	0	0	0	0
gệp	TONE_NANG	ɣeʔ↓p	ðˈe→ ˈeʔ↓p	0	0	0	0
gết	TONE_SAC	ɣe↗t	ðˈe→ ˈe↗t	0	0	0	0
gệt	TONE_NANG	ɣeʔ↓t	ðˈe→ ˈeʔ↓t	0	0	0	0
gênh	TONE_NGANG	ɣe→ɲ	ðˈe→ ˈeɲ	0	0	0	0
gềnh	TONE_HUYEN	ɣe↘ɲ	ðˈe→ ˈe↘ɲ	0	0	0	0
gếnh	TONE_SAC	ɣe↗ɲ	ðˈe→ ˈe↗ɲ	0	0	0	0
gê̂nh	TONE_HOI	ɣe↓ɲ	ɡˈɛɹ ˌɛnˈeɪʧ	0	0	0	0
gễnh	TONE_NGA	ɣeʔ↗ɲ	ðˈe→ ˈeʔ↗ɲ	0	0	0	0
gệnh	TONE_NANG	ɣeʔ↓ɲ	ðˈe→ ˈeʔ↓ɲ	0	0	0	0
gếc	TONE_SAC	ɣe↗k	ðˈe→ˈe↗sˈe	0	0	0	0
gệc	TONE_NANG	ɣeʔ↓k	ðˈe→ˈeʔ↓sˈe	0	0	0	0
gếch	TONE_SAC	ɣe↗k	ðˈe→ ˈe↗c	0	0	0	0
gệch	TONE_NANG	ɣeʔ↓k	ðˈe→ ˈeʔ↓c	0	0	0	0
gi	TONE_NGANG	ɣi→	ʝ	0	0	0	0
gì	TONE_HUYEN	ɣi↘	ʝˈi↘	1	0	0	0
gí	TONE_SAC	ɣi↗	ʝˈi↗	1	0	0	0
gî	TONE_HOI	ɣi↓	ʝ	0	0	0	0
gĩ	TONE_NGA	ɣiʔ↗	ʝˈiʔ↗	1	0	0	0
gị	TONE_NANG	ɣiʔ↓	ʝˈiʔ↓	1	0	0	0
gii	TONE_NGANG	ʝi→	dʒˈɪaɪ	0	0	0	0
giì	TONE_HUYEN	ʝi↘	ʝ ˈi↘	1	0	0	0
gií	TONE_SAC	ʝi↗	ʝ ˈi↗	1	0	0	0
giî	TONE_HOI	ʝi↓	dʒˈɪaɪ	0	0	0	0
giĩ	TONE_NGA	ʝiʔ↗	ʝ ˈiʔ↗	1	0	0	0
giị	TONE_NANG	ʝiʔ↓	ʝ ˈiʔ↓	1	0	0	0
giy	TONE_NGANG	ʝi→	ʝˈi	0	0	0	0
giỳ	TONE_HUYEN	ʝi↘	ʝˈi↘	1	0	0	0
giý	TONE_SAC	ʝi↗	ʝˈi↗	1	0	0	0
giŷ	TONE_HOI	ʝi↓	ʝˈi	0	0	0	0
giỹ	TONE_NGA	ʝiʔ↗	ʝˈiʔ↗	1	0	0	0
giỵ	TONE_NANG	ʝiʔ↓	ʝˈiʔ↓	1	0	0	0
gio	TONE_NGANG	ʝɔ→	ʝˈɔ	0	0	0	0
giò	TONE_HUYEN	ʝɔ↘	ʝˈɔ↘	1	0	0	0
gió	TONE_SAC	ʝɔ↗	ʝˈɔ↗	1	0	0	0
giô	TONE_HOI	ʝɔ↓	ʝˈo	0	0	0	0
giõ	TONE_NGA	ʝɔʔ↗	ʝˈɔʔ↗	1	0	0	0
giọ	TONE_NANG	ʝɔʔ↓	ʝˈɔʔ↓	1	0	0	0
giu	TONE_NGANG	ʝu→	ʝˈu	0	0	0	0
giù	TONE_HUYEN	ʝu↘	ʝˈu↘	1	0	0	0
giú	TONE_SAC	ʝu↗	ʝˈu↗	1	0	0	0
giû	TONE_HOI	ʝu↓	ʝˈu	0	0	0	0
giũ	TONE_NGA	ʝuʔ↗	ʝˈuʔ↗	1	0	0	0
giụ	TONE_NANG	ʝuʔ↓	ʝˈuʔ↓	1	0	0	0
gim	TONE_NGANG	ɣi→m	ʝm	0	0	0	0
gìm	TONE_HUYEN	ɣi↘m	ʝˈi↘m	1	0	0	0
gím	TONE_SAC	ɣi↗m	ʝˈi↗m	1	0	0	0
gîm	TONE_HOI	ɣi↓m	ʝm	0	0	0	0
gĩm	TONE_NGA	ɣiʔ↗m	ʝˈiʔ↗m	1	0	0	0
gịm	TONE_NANG	ɣiʔ↓m	ʝˈiʔ↓m	1	0	0	0
gin	TONE_NGANG	ɣi→n	dʒˈɪn	0	0	0	0
gìn	TONE_HUYEN	ɣi↘n	ʝˈi↘n	1	0	0	0
gín	TONE_SAC	ɣi↗n	ʝˈi↗n	1	0	0	0
gîn	TONE_HOI	ɣi↓n	dʒˈɪn	0	0	0	0
gĩn	TONE_NGA	ɣiʔ↗n	ʝˈiʔ↗n	1	0	0	0
gịn	TONE_NANG	ɣiʔ↓n	ʝˈiʔ↓n	1	0	0	0
gíp	TONE_SAC	ɣi↗p	ʝˈi↗p	1	0	0	0
gịp	TONE_NANG	ɣiʔ↓p	ʝˈiʔ↓p	1	0	0	0
gít	TONE_SAC	ɣi↗t	ʝˈi↗t	1	0	0	0
gịt	TONE_NANG	ɣiʔ↓t	ʝˈiʔ↓t	1	0	0	0
ginh	TONE_NGANG	ɣi→ɲ	ʝɲ	0	0	0	1
gình	TONE_HUYEN	ɣi↘ɲ	ʝˈi↘ɲ	1	0	0	1
gính	TONE_SAC	ɣi↗ɲ	ʝˈi↗ɲ	1	0	0	1
gînh	TONE_HOI	ɣi↓ɲ	ʝɲ	0	0	0	1
gĩnh	TONE_NGA	ɣiʔ↗ɲ	ʝˈiʔ↗ɲ	1	0	0	1
gịnh	TONE_NANG	ɣiʔ↓ɲ	ʝˈiʔ↓ɲ	1	0	0	1
gíc	TONE_SAC	ɣi↗k	ʝˈi↗ sˈe	0	0	0	0
gịc	TONE_NANG	ɣiʔ↓k	ʝˈiʔ↓ sˈe	0	0	0	0
gích	TONE_SAC	ɣi↗k	ʝˈi↗c	1	0	0	0
gịch	TONE_NANG	ɣiʔ↓k	ʝˈiʔ↓c	1	0	0	0
gy	TONE_NGANG	ɣi→	dʒˈaɪ	0	0	0	0
gỳ	TONE_HUYEN	ɣi↘	ðˈe→ˈi↘	0	0	0	0
gý	TONE_SAC	ɣi↗	ðˈe→ˈi↗	0	0	0	0
gŷ	TONE_HOI	ɣi↓	dʒˈaɪ	0	0	0	0
gỹ	TONE_NGA	ɣiʔ↗	ðˈe→ˈiʔ↗	0	0	0	0
gỵ	TONE_NANG	ɣiʔ↓	ðˈe→ˈiʔ↓	0	0	0	0
gyo	TONE_NGANG	ɣi→w	dʒˈaɪoʊ	0	0	0	0
gỳo	TONE_HUYEN	ɣi↘w	ðˈe→ˈi↘ˈɔ	0	0	0	0
gýo	TONE_SAC	ɣi↗w	ðˈe→ˈi↗ˈɔ	0	0	0	0
gŷo	TONE_HOI	ɣi↓w	dʒˈaɪoʊ	0	0	0	0
gỹo	TONE_NGA	ɣiʔ↗w	ðˈe→ˈiʔ↗ˈɔ	0	0	0	0
gỵo	TONE_NANG	ɣiʔ↓w	ðˈe→ˈiʔ↓ˈɔ	0	0	0	0
gyu	TONE_NGANG	ɣi→w	dʒˈaɪuː	0	0	0	0
gỳu	TONE_HUYEN	ɣi↘w	ðˈe→ˈi↘ˈu	0	0	0	0
gýu	TONE_SAC	ɣi↗w	ðˈe→ˈi↗ˈu	0	0	0	0
gŷu	TONE_HOI	ɣi↓w	dʒˈaɪuː	0	0	0	0
gỹu	TONE_NGA	ɣiʔ↗w	ðˈe→ˈiʔ↗ˈu	0	0	0	0
gỵu	TONE_NANG	ɣiʔ↓w	ðˈe→ˈiʔ↓ˈu	0	0	0	0
gym	TONE_NGANG	ɣi→m	dʒˈɪm	0	0	0	0
gỳm	TONE_HUYEN	ɣi↘m	ðˈe→ˈi↘ˈməː↘	0	0	0	0
gým	TONE_SAC	ɣi↗m	ðˈe→ˈi↗ˈməː↘	0	0	0	0
gŷm	TONE_HOI	ɣi↓m	dʒˈɪm	0	0	0	0
gỹm	TONE_NGA	ɣiʔ↗m	ðˈe→ˈiʔ↗ˈməː↘	0	0	0	0
gỵm	TONE_NANG	ɣiʔ↓m	ðˈe→ˈiʔ↓ˈməː↘	0	0	0	0
gyn	TONE_NGANG	ɣi→n	ɡˈɪn	0	0	0	0
gỳn	TONE_HUYEN	ɣi↘n	ðˈe→ˈi↘ˈɛnəː↘	0	0	0	0
gýn	TONE_SAC	ɣi↗n	ðˈe→ˈi↗ˈɛnəː↘	0	0	0	0
gŷn	TONE_HOI	ɣi↓n	ɡˈɪn	0	0	0	0
gỹn	TONE_NGA	ɣiʔ↗n	ðˈe→ˈiʔ↗ˈɛnəː↘	0	0	0	0
gỵn	TONE_NANG	ɣiʔ↓n	ðˈe→ˈiʔ↓ˈɛnəː↘	0	0	0	0
gýp	TONE_SAC	ɣi↗p	ðˈe→ˈi↗pˈe	0	0	0	0
gỵp	TONE_NANG	ɣiʔ↓p	ðˈe→ˈiʔ↓pˈe	0	0	0	0
gýt	TONE_SAC	ɣi↗t	ðˈe→ˈi↗tˈe	0	0	0	0
gỵt	TONE_NANG	ɣiʔ↓t	ðˈe→ˈiʔ↓tˈe	0	0	0	0
gynh	TONE_NGANG	ɣi→ɲ	dʒˈiː ˈɪn	0	0	0	0
gỳnh	TONE_HUYEN	ɣi↘ɲ	ðˈe→ˈi↘ ˈɛnəː↘hˈa↗t	0	0	0	0
gýnh	TONE_SAC	ɣi↗ɲ	ðˈe→ˈi↗ ˈɛnəː↘hˈa↗t	0	0	0	0
gŷnh	TONE_HOI	ɣi↓ɲ	dʒˈiː ˈɪn	0	0	0	0
gỹnh	TONE_NGA	ɣiʔ↗ɲ	ðˈe→ˈiʔ↗ ˈɛnəː↘hˈa↗t	0	0	0	0
gỵnh	TONE_NANG	ɣiʔ↓ɲ	ðˈe→ˈiʔ↓ ˈɛnəː↘hˈa↗t	0	0	0	0
gýc	TONE_SAC	ɣi↗k	ðˈe→ˈi↗sˈe	0	0	0	0
gỵc	TONE_NANG	ɣiʔ↓k	ðˈe→ˈiʔ↓sˈe	0	0	0	0
gých	TONE_SAC	ɣi↗k	ðˈe→ˈi↗ sˈehˈa↗t	0	0	0	0
gỵch	TONE_NANG	ɣiʔ↓k	ðˈe→ˈiʔ↓ sˈehˈa↗t	0	0	0	0
go	TONE_NGANG	ɣɔ→	ɡˈoʊ	0	0	0	0
gò	TONE_HUYEN	ɣɔ↘	ɣˈɔ↘	1	0	0	0
gó	TONE_SAC	ɣɔ↗	ɣˈɔ↗	1	0	0	0
gô	TONE_HOI	ɣɔ↓	ɣˈo	0	0	0	0
gõ	TONE_NGA	ɣɔʔ↗	ɣˈɔʔ↗	1	0	0	0
gọ	TONE_NANG	ɣɔʔ↓	ɣˈɔʔ↓	1	0	0	0
goi	TONE_NGANG	ɣɔ→j	ɣˈɔj	0	0	0	0
gòi	TONE_HUYEN	ɣɔ↘j	ɣˈɔ↘j	1	0	0	0
gói	TONE_SAC	ɣɔ↗j	ɣˈɔ↗j	1	0	0	0
gôi	TONE_HOI	ɣɔ↓j	ɣˈoj	0	0	0	0
gõi	TONE_NGA	ɣɔʔ↗j	ɣˈɔʔ↗j	1	0	0	0
gọi	TONE_NANG	ɣɔʔ↓j	ɣˈɔʔ↓j	1	0	0	0
goy	TONE_NGANG	ɣɔ→j	ɡˈɔɪ	0	0	0	0
gòy	TONE_HUYEN	ɣɔ↘j	ɣˈɔ↘ ˈi	0	0	0	0
góy	TONE_SAC	ɣɔ↗j	ɣˈɔ↗ ˈi	0	0	0	0
gôy	TONE_HOI	ɣɔ↓j	ɣˈo ˈi	0	0	0	0
gõy	TONE_NGA	ɣɔʔ↗j	ɣˈɔʔ↗ ˈi	0	0	0	0
gọy	TONE_NANG	ɣɔʔ↓j	ɣˈɔʔ↓ ˈi	0	0	0	0
gom	TONE_NGANG	ɣɔ→m	ɣˈɔm	0	0	0	0
gòm	TONE_HUYEN	ɣɔ↘m	ɣˈɔ↘m	1	0	0	0
góm	TONE_SAC	ɣɔ↗m	ɣˈɔ↗m	1	0	0	0
gôm	TONE_HOI	ɣɔ↓m	ɣˈom	0	0	0	0
gõm	TONE_NGA	ɣɔʔ↗m	ɣˈɔʔ↗m	1	0	0	0
gọm	TONE_NANG	ɣɔʔ↓m	ɣˈɔʔ↓m	1	0	0	0
gon	TONE_NGANG	ɣɔ→n	ɣˈɔn	0	0	0	0
gòn	TONE_HUYEN	ɣɔ↘n	ɣˈɔ↘n	1	0	0	0
gón	TONE_SAC	ɣɔ↗n	ɣˈɔ↗n	1	0	0	0
gôn	TONE_HOI	ɣɔ↓n	ɣˈon	0	0	0	0
gõn	TONE_NGA	ɣɔʔ↗n	ɣˈɔʔ↗n	1	0	0	0
gọn	TONE_NANG	ɣɔʔ↓n	ɣˈɔʔ↓n	1	0	0	0
góp	TONE_SAC	ɣɔ↗p	ɣˈɔ↗p	1	0	0	0
gọp	TONE_NANG	ɣɔʔ↓p	ɣˈɔʔ↓p	1	0	0	0
gót	TONE_SAC	ɣɔ↗t	ɣˈɔ↗t	1	0	0	0
gọt	TONE_NANG	ɣɔʔ↓t	ɣˈɔʔ↓t	1	0	0	0
gong	TONE_NGANG	ɣɔ→ŋ	ɡˈɔŋ	0	0	0	0
gòng	TONE_HUYEN	ɣɔ↘ŋ	ɣˈɔ↘ŋ	1	0	0	0
góng	TONE_SAC	ɣɔ↗ŋ	ɣˈɔ↗ŋ	1	0	0	0
gông	TONE_HOI	ɣɔ↓ŋ	ɣˈoŋ	0	0	0	0
gõng	TONE_NGA	ɣɔʔ↗ŋ	ɣˈɔʔ↗ŋ	1	0	0	0
gọng	TONE_NANG	ɣɔʔ↓ŋ	ɣˈɔʔ↓ŋ	1	0	0	0
góc	TONE_SAC	ɣɔ↗k	ɣˈɔ↗k	1	0	0	0
gọc	TONE_NANG	ɣɔʔ↓k	ɣˈɔʔ↓k	1	0	0	0
góch	TONE_SAC	ɣɔ↗k	ɣˈɔ↗k hˈa↗t	0	0	0	0
gọch	TONE_NANG	ɣɔʔ↓k	ɣˈɔʔ↓k hˈa↗t	0	0	0	0
gô	TONE_NGANG	ɣo→	ɣˈo	0	0	0	0
gồ	TONE_HUYEN	ɣo↘	ɣˈo↘	1	0	0	0
gố	TONE_SAC	ɣo↗	ɣˈo↗	1	0	0	0
gô̂	TONE_HOI	ɣo↓	ɣˈo	0	0	0	0
gỗ	TONE_NGA	ɣoʔ↗	ɣˈoʔ↗	1	0	0	0
gộ	TONE_NANG	ɣoʔ↓	ɣˈoʔ↓	1	0	0	0
gôi	TONE_NGANG	ɣo→j	ɣˈoj	0	0	0	0
gồi	TONE_HUYEN	ɣo↘j	ɣˈo↘j	1	0	0	0
gối	TONE_SAC	ɣo↗j	ɣˈo↗j	1	0	0	0
gô̂i	TONE_HOI	ɣo↓j	ɣˈo ˈi	0	0	0	0
gỗi	TONE_NGA	ɣoʔ↗j	ɣˈoʔ↗j	1	0	0	0
gội	TONE_NANG	ɣoʔ↓j	ɣˈoʔ↓j	1	0	0	0
gôy	TONE_NGANG	ɣo→j	ɣˈo ˈi	0	0	0	0
gồy	TONE_HUYEN	ɣo↘j	ɣˈo↘ ˈi	0	0	0	0
gốy	TONE_SAC	ɣo↗j	ɣˈo↗ ˈi	0	0	0	0
gô̂y	TONE_HOI	ɣo↓j	ɣˈo ˈi	0	0	0	0
gỗy	TONE_NGA	ɣoʔ↗j	ɣˈoʔ↗ ˈi	0	0	0	0
gộy	TONE_NANG	ɣoʔ↓j	ɣˈoʔ↓ ˈi	0	0	0	0
gôm	TONE_NGANG	ɣo→m	ɣˈom	0	0	0	0
gồm	TONE_HUYEN	ɣo↘m	ɣˈo↘m	1	0	0	0
gốm	TONE_SAC	ɣo↗m	ɣˈo↗m	1	0	0	0
gô̂m	TONE_HOI	ɣo↓m	ɣˈo mˈəː↘	0	0	0	0
gỗm	TONE_NGA	ɣoʔ↗m	ɣˈoʔ↗m	1	0	0	0
gộm	TONE_NANG	ɣoʔ↓m	ɣˈoʔ↓m	1	0	0	0
gôn	TONE_NGANG	ɣo→n	ɣˈon	0	0	0	0
gồn	TONE_HUYEN	ɣo↘n	ɣˈo↘n	1	0	0	0
gốn	TONE_SAC	ɣo↗n	ɣˈo↗n	1	0	0	0
gô̂n	TONE_HOI	ɣo↓n	ɣˈo nˈəː↘	0	0	0	0
gỗn	TONE_NGA	ɣoʔ↗n	ɣˈoʔ↗n	1	0	0	0
gộn	TONE_NANG	ɣoʔ↓n	ɣˈoʔ↓n	1	0	0	0
gốp	TONE_SAC	ɣo↗p	ɣˈo↗p	1	0	0	0
gộp	TONE_NANG	ɣoʔ↓p	ɣˈoʔ↓p	1	0	0	0
gốt	TONE_SAC	ɣo↗t	ɣˈo↗t	1	0	0	0
gột	TONE_NANG	ɣoʔ↓t	ɣˈoʔ↓t	1	0	0	0
gông	TONE_NGANG	ɣo→ŋ	ɣˈoŋ	0	0	0	0
gồng	TONE_HUYEN	ɣo↘ŋ	ɣˈo↘ŋ	1	0	0	0
gống	TONE_SAC	ɣo↗ŋ	ɣˈo↗ŋ	1	0	0	0
gô̂ng	TONE_HOI	ɣo↓ŋ	ɣˈo ˌɛndʒˈiː	0	0	0	0
gỗng	TONE_NGA	ɣoʔ↗ŋ	ɣˈoʔ↗ŋ	1	0	0	0
gộng	TONE_NANG	ɣoʔ↓ŋ	ɣˈoʔ↓ŋ	1	0	0	0
gốc	TONE_SAC	ɣo↗k	ɣˈo↗k	1	0	0	0
gộc	TONE_NANG	ɣoʔ↓k	ɣˈoʔ↓k	1	0	0	0
gốch	TONE_SAC	ɣo↗k	ɣˈo↗k hˈa↗t	0	0	0	0
gộch	TONE_NANG	ɣoʔ↓k	ɣˈoʔ↓k hˈa↗t	0	0	0	0
gơ	TONE_NGANG	ɣəː→	ɣˈəː	0	0	0	0
gờ	TONE_HUYEN	ɣəː↘	ɣˈəː↘	1	0	0	0
gớ	TONE_SAC	ɣəː↗	ɣˈəː↗	1	0	0	0
gơ̂	TONE_HOI	ɣəː↓	ɣˈəː	0	0	0	0
gỡ	TONE_NGA	ɣəːʔ↗	ɣˈəːʔ↗	1	0	0	0
gợ	TONE_NANG	ɣəːʔ↓	ɣˈəːʔ↓	1	0	0	0
gơi	TONE_NGANG	ɣəː→j	ɣˈəːj	0	0	0	0
gời	TONE_HUYEN	ɣəː↘j	ɣˈəː↘j	1	0	0	0
gới	TONE_SAC	ɣəː↗j	ɣˈəː↗j	1	0	0	0
gơ̂i	TONE_HOI	ɣəː↓j	ɣˈəː ˈi	0	0	0	0
gỡi	TONE_NGA	ɣəːʔ↗j	ɣˈəːʔ↗j	1	0	0	0
gợi	TONE_NANG	ɣəːʔ↓j	ɣˈəːʔ↓j	1	0	0	0
gơy	TONE_NGANG	ɣəː→j	ɣˈəː ˈi	0	0	0	0
gờy	TONE_HUYEN	ɣəː↘j	ɣˈəː↘ ˈi	0	0	0	0
gớy	TONE_SAC	ɣəː↗j	ɣˈəː↗ ˈi	0	0	0	0
gơ̂y	TONE_HOI	ɣəː↓j	ɣˈəː ˈi	0	0	0	0
gỡy	TONE_NGA	ɣəːʔ↗j	ɣˈəːʔ↗ ˈi	0	0	0	0
gợy	TONE_NANG	ɣəːʔ↓j	ɣˈəːʔ↓ ˈi	0	0	0	0
gơm	TONE_NGANG	ɣəː→m	ɣˈəːm	0	0	0	0
gờm	TONE_HUYEN	ɣəː↘m	ɣˈəː↘m	1	0	0	0
gớm	TONE_SAC	ɣəː↗m	ɣˈəː↗m	1	0	0	0
gơ̂m	TONE_HOI	ɣəː↓m	ɣˈəː mˈəː↘	0	0	0	0
gỡm	TONE_NGA	ɣəːʔ↗m	ɣˈəːʔ↗m	1	0	0	0
gợm	TONE_NANG	ɣəːʔ↓m	ɣˈəːʔ↓m	1	0	0	0
gơn	TONE_NGANG	ɣəː→n	ɣˈəːn	0	0	0	0
gờn	TONE_HUYEN	ɣəː↘n	ɣˈəː↘n	1	0	0	0
gớn	TONE_SAC	ɣəː↗n	ɣˈəː↗n	1	0	0	0
gơ̂n	TONE_HOI	ɣəː↓n	ɣˈəː nˈəː↘	0	0	0	0
gỡn	TONE_NGA	ɣəːʔ↗n	ɣˈəːʔ↗n	1	0	0	0
gợn	TONE_NANG	ɣəːʔ↓n	ɣˈəːʔ↓n	1	0	0	0
gớp	TONE_SAC	ɣəː↗p	ɣˈəː↗p	1	0	0	0
gợp	TONE_NANG	ɣəːʔ↓p	ɣˈəːʔ↓p	1	0	0	0
gớt	TONE_SAC	ɣəː↗t	ɣˈəː↗t	1	0	0	0
gợt	TONE_NANG	ɣəːʔ↓t	ɣˈəːʔ↓t	1	0	0	0
gớc	TONE_SAC	ɣəː↗k	ɣˈəː↗ sˈe	0	0	0	0
gợc	TONE_NANG	ɣəːʔ↓k	ɣˈəːʔ↓ sˈe	0	0	0	0
gớch	TONE_SAC	ɣəː↗k	ɣˈəː↗ sˈehˈa↗t	0	0	0	0
gợch	TONE_NANG	ɣəːʔ↓k	ɣˈəːʔ↓ sˈehˈa↗t	0	0	0	0
gu	TONE_NGANG	ɣu→	ɣˈu	0	0	0	0
gù	TONE_HUYEN	ɣu↘	ɣˈu↘	1	0	0	0
gú	TONE_SAC	ɣu↗	ɣˈu↗	1	0	0	0
gû	TONE_HOI	ɣu↓	ɣˈu	0	0	0	0
gũ	TONE_NGA	ɣuʔ↗	ɣˈuʔ↗	1	0	0	0
gụ	TONE_NANG	ɣuʔ↓	ɣˈuʔ↓	1	0	0	0
gui	TONE_NGANG	ɣu→j	ɣˈuj	0	0	0	0
gùi	TONE_HUYEN	ɣu↘j	ɣˈu↘j	1	0	0	0
gúi	TONE_SAC	ɣu↗j	ɣˈu↗j	1	0	0	0
gûi	TONE_HOI	ɣu↓j	ɣˈuj	0	0	0	0
gũi	TONE_NGA	ɣuʔ↗j	ɣˈuʔ↗j	1	0	0	0
gụi	TONE_NANG	ɣuʔ↓j	ɣˈuʔ↓j	1	0	0	0
guy	TONE_NGANG	ɣu→j	ɡˈaɪ	0	0	0	0
gùy	TONE_HUYEN	ɣu↘j	ɣˈu↘ ˈi	0	0	0	0
gúy	TONE_SAC	ɣu↗j	ɣˈu↗ ˈi	0	0	0	0
gûy	TONE_HOI	ɣu↓j	ɡˈaɪ	0	0	0	0
gũy	TONE_NGA	ɣuʔ↗j	ɣˈuʔ↗ ˈi	0	0	0	0
gụy	TONE_NANG	ɣuʔ↓j	ɣˈuʔ↓ ˈi	0	0	0	0
gum	TONE_NGANG	ɣu→m	ɡˈʌm	0	0	0	0
gùm	TONE_HUYEN	ɣu↘m	ɣˈu↘m	1	0	0	0
gúm	TONE_SAC	ɣu↗m	ɣˈu↗m	1	0	0	0
gûm	TONE_HOI	ɣu↓m	ɡˈʌm	0	0	0	0
gũm	TONE_NGA	ɣuʔ↗m	ɣˈuʔ↗m	1	0	0	0
gụm	TONE_NANG	ɣuʔ↓m	ɣˈuʔ↓m	1	0	0	0
gun	TONE_NGANG	ɣu→n	ɡˈʌn	0	0	0	0
gùn	TONE_HUYEN	ɣu↘n	ɣˈu↘n	1	0	0	0
gún	TONE_SAC	ɣu↗n	ɣˈu↗n	1	0	0	0
gûn	TONE_HOI	ɣu↓n	ɡˈʌn	0	0	0	0
gũn	TONE_NGA	ɣuʔ↗n	ɣˈuʔ↗n	1	0	0	0
gụn	TONE_NANG	ɣuʔ↓n	ɣˈuʔ↓n	1	0	0	0
gúp	TONE_SAC	ɣu↗p	ɣˈu↗p	1	0	0	0
gụp	TONE_NANG	ɣuʔ↓p	ɣˈuʔ↓p	1	0	0	0
gút	TONE_SAC	ɣu↗t	ɣˈu↗t	1	0	0	0
gụt	TONE_NANG	ɣuʔ↓t	ɣˈuʔ↓t	1	0	0	0
gung	TONE_NGANG	ɣu→ŋ	ɣˈuŋ	0	0	0	0
gùng	TONE_HUYEN	ɣu↘ŋ	ɣˈu↘ŋ	1	0	0	0
gúng	TONE_SAC	ɣu↗ŋ	ɣˈu↗ŋ	1	0	0	0
gûng	TONE_HOI	ɣu↓ŋ	ɣˈuŋ	0	0	0	0
gũng	TONE_NGA	ɣuʔ↗ŋ	ɣˈuʔ↗ŋ	1	0	0	0
gụng	TONE_NANG	ɣuʔ↓ŋ	ɣˈuʔ↓ŋ	1	0	0	0
gúc	TONE_SAC	ɣu↗k	ɣˈu↗c	1	0	0	0
gục	TONE_NANG	ɣuʔ↓k	ɣˈuʔ↓c	1	0	0	0
gúch	TONE_SAC	ɣu↗k	ɣˈu↗c hˈa↗t	0	0	0	0
gụch	TONE_NANG	ɣuʔ↓k	ɣˈuʔ↓c hˈa↗t	0	0	0	0
gư	TONE_NGANG	ɣɨ→	ɣˈy	0	0	0	0
gừ	TONE_HUYEN	ɣɨ↘	ɣˈy↘	1	0	0	0
gứ	TONE_SAC	ɣɨ↗	ɣˈy↗	1	0	0	0
gư̂	TONE_HOI	ɣɨ↓	ɣˈy	0	0	0	0
gữ	TONE_NGA	ɣɨʔ↗	ɣˈyʔ↗	1	0	0	0
gự	TONE_NANG	ɣɨʔ↓	ɣˈyʔ↓	1	0	0	0
gưi	TONE_NGANG	ɣɨ→j	ɣˈyj	0	0	0	0
gừi	TONE_HUYEN	ɣɨ↘j	ɣˈy↘j	1	0	0	0
gứi	TONE_SAC	ɣɨ↗j	ɣˈy↗j	1	0	0	0
gư̂i	TONE_HOI	ɣɨ↓j	ɣˈy ˈi	0	0	0	0
gữi	TONE_NGA	ɣɨʔ↗j	ɣˈyʔ↗j	1	0	0	0
gựi	TONE_NANG	ɣɨʔ↓j	ɣˈyʔ↓j	1	0	0	0
gưy	TONE_NGANG	ɣɨ→j	ɣˈy ˈi	0	0	0	0
gừy	TONE_HUYEN	ɣɨ↘j	ɣˈy↘ ˈi	0	0	0	0
gứy	TONE_SAC	ɣɨ↗j	ɣˈy↗ ˈi	0	0	0	0
gư̂y	TONE_HOI	ɣɨ↓j	ɣˈy ˈi	0	0	0	0
gữy	TONE_NGA	ɣɨʔ↗j	ɣˈyʔ↗ ˈi	0	0	0	0
gựy	TONE_NANG	ɣɨʔ↓j	ɣˈyʔ↓ ˈi	0	0	0	0
gưo	TONE_NGANG	ɣɨ→w	ɣˈy ˈɔ	0	0	0	0
gừo	TONE_HUYEN	ɣɨ↘w	ɣˈy↘ ˈɔ	1	0	0	0
gứo	TONE_SAC	ɣɨ↗w	ɣˈy↗ ˈɔ	1	0	0	0
gư̂o	TONE_HOI	ɣɨ↓w	ɣˈy ˈo	0	0	0	0
gữo	TONE_NGA	ɣɨʔ↗w	ɣˈyʔ↗ ˈɔ	1	0	0	0
gựo	TONE_NANG	ɣɨʔ↓w	ɣˈyʔ↓ ˈɔ	1	0	0	0
gưu	TONE_NGANG	ɣɨ→w	ɣˈiw	0	0	0	0
gừu	TONE_HUYEN	ɣɨ↘w	ɣˈi↘w	1	0	0	0
gứu	TONE_SAC	ɣɨ↗w	ɣˈi↗w	1	0	0	0
gư̂u	TONE_HOI	ɣɨ↓w	ɣˈy ˈu	0	0	0	0
gữu	TONE_NGA	ɣɨʔ↗w	ɣˈiʔ↗w	1	0	0	0
gựu	TONE_NANG	ɣɨʔ↓w	ɣˈiʔ↓w	1	0	0	0
gưm	TONE_NGANG	ɣɨ→m	ɣˈym	0	0	0	0
gừm	TONE_HUYEN	ɣɨ↘m	ɣˈy↘m	1	0	0	0
gứm	TONE_SAC	ɣɨ↗m	ɣˈy↗m	1	0	0	0
gư̂m	TONE_HOI	ɣɨ↓m	ɣˈy mˈəː↘	0	0	0	0
gữm	TONE_NGA	ɣɨʔ↗m	ɣˈyʔ↗m	1	0	0	0
gựm	TONE_NANG	ɣɨʔ↓m	ɣˈyʔ↓m	1	0	0	0
gưn	TONE_NGANG	ɣɨ→n	ɣˈyn	0	0	0	0
gừn	TONE_HUYEN	ɣɨ↘n	ɣˈy↘n	1	0	0	0
gứn	TONE_SAC	ɣɨ↗n	ɣˈy↗n	1	0	0	0
gư̂n	TONE_HOI	ɣɨ↓n	ɣˈy nˈəː↘	0	0	0	0
gữn	TONE_NGA	ɣɨʔ↗n	ɣˈyʔ↗n	1	0	0	0
gựn	TONE_NANG	ɣɨʔ↓n	ɣˈyʔ↓n	1	0	0	0
gứp	TONE_SAC	ɣɨ↗p	ɣˈy↗ pˈe	0	0	0	0
gựp	TONE_NANG	ɣɨʔ↓p	ɣˈyʔ↓ pˈe	0	0	0	0
gứt	TONE_SAC	ɣɨ↗t	ɣˈy↗t	1	0	0	0
gựt	TONE_NANG	ɣɨʔ↓t	ɣˈyʔ↓t	1	0	0	0
gưng	TONE_NGANG	ɣɨ→ŋ	ɣˈyŋ	0	0	0	0
gừng	TONE_HUYEN	ɣɨ↘ŋ	ɣˈy↘ŋ	1	0	0	0
gứng	TONE_SAC	ɣɨ↗ŋ	ɣˈy↗ŋ	1	0	0	0
gư̂ng	TONE_HOI	ɣɨ↓ŋ	ɣˈy ˌɛndʒˈiː	0	0	0	0
gững	TONE_NGA	ɣɨʔ↗ŋ	ɣˈyʔ↗ŋ	1	0	0	0
gựng	TONE_NANG	ɣɨʔ↓ŋ	ɣˈyʔ↓ŋ	1	0	0	0
gức	TONE_SAC	ɣɨ↗k	ɣˈy↗c	1	0	0	0
gực	TONE_NANG	ɣɨʔ↓k	ɣˈyʔ↓c	1	0	0	0
gứch	TONE_SAC	ɣɨ↗k	ɣˈy↗c hˈa↗t	0	0	0	0
gựch	TONE_NANG	ɣɨʔ↓k	ɣˈyʔ↓c hˈa↗t	0	0	0	0
hiê	TONE_NGANG	hiə→	hˈi ˈe	0	0	0	0
hiề	TONE_HUYEN	hiə↘	hˈi ˈe↘	1	0	0	0
hiế	TONE_SAC	hiə↗	hˈi ˈe↗	1	0	0	0
hiê̂	TONE_HOI	hiə↓	hˈi ˈe	0	0	0	0
hiễ	TONE_NGA	hiəʔ↗	hˈi ˈeʔ↗	1	0	0	0
hiệ	TONE_NANG	hiəʔ↓	hˈi ˈeʔ↓	1	0	0	0
hiêo	TONE_NGANG	hiə→w	hˈi ˈeˈɔ	0	0	0	0
hiềo	TONE_HUYEN	hiə↘w	hˈi ˈe↘ˈɔ	1	0	0	0
hiếo	TONE_SAC	hiə↗w	hˈi ˈe↗ˈɔ	1	0	0	0
hiê̂o	TONE_HOI	hiə↓w	hˈi ˈe ˈo	0	0	0	0
hiễo	TONE_NGA	hiəʔ↗w	hˈi ˈeʔ↗ˈɔ	1	0	0	0
hiệo	TONE_NANG	hiəʔ↓w	hˈi ˈeʔ↓ˈɔ	1	0	0	0
hiêu	TONE_NGANG	hiə→w	hˈiɛw	0	0	0	0
hiều	TONE_HUYEN	hiə↘w	hˈiɛ↘w	1	0	0	0
hiếu	TONE_SAC	hiə↗w	hˈiɛ↗w	1	0	0	0
hiê̂u	TONE_HOI	hiə↓w	hˈi ˈe ˈu	0	0	0	0
hiễu	TONE_NGA	hiəʔ↗w	hˈiɛʔ↗w	1	0	0	0
hiệu	TONE_NANG	hiəʔ↓w	hˈiɛʔ↓w	1	0	0	0
hiêm	TONE_NGANG	hiə→m	hˈiɛm	0	0	0	0
hiềm	TONE_HUYEN	hiə↘m	hˈiɛ↘m	1	0	0	0
hiếm	TONE_SAC	hiə↗m	hˈiɛ↗m	1	0	0	0
hiê̂m	TONE_HOI	hiə↓m	hˈi ˈe mˈəː↘	0	0	0	0
hiễm	TONE_NGA	hiəʔ↗m	hˈiɛʔ↗m	1	0	0	0
hiệm	TONE_NANG	hiəʔ↓m	hˈiɛʔ↓m	1	0	0	0
hiên	TONE_NGANG	hiə→n	hˈiɛn	0	0	0	0
hiền	TONE_HUYEN	hiə↘n	hˈiɛ↘n	1	0	0	0
hiến	TONE_SAC	hiə↗n	hˈiɛ↗n	1	0	0	0
hiê̂n	TONE_HOI	hiə↓n	hˈi ˈe nˈəː↘	0	0	0	0
hiễn	TONE_NGA	hiəʔ↗n	hˈiɛʔ↗n	1	0	0	0
hiện	TONE_NANG	hiəʔ↓n	hˈiɛʔ↓n	1	0	0	0
hiếp	TONE_SAC	hiə↗p	hˈiɛ↗p	1	0	0	0
hiệp	TONE_NANG	hiəʔ↓p	hˈiɛʔ↓p	1	0	0	0
hiết	TONE_SAC	hiə↗t	hˈiɛ↗t	1	0	0	0
hiệt	TONE_NANG	hiəʔ↓t	hˈiɛʔ↓t	1	0	0	0
hiêng	TONE_NGANG	hiə→ŋ	hˈiɛŋ	0	0	0	0
hiềng	TONE_HUYEN	hiə↘ŋ	hˈiɛ↘ŋ	1	0	0	0
hiếng	TONE_SAC	hiə↗ŋ	hˈiɛ↗ŋ	1	0	0	0
hiê̂ng	TONE_HOI	hiə↓ŋ	hˈi ˈe ˌɛndʒˈiː	0	0	0	0
hiễng	TONE_NGA	hiəʔ↗ŋ	hˈiɛʔ↗ŋ	1	0	0	0
hiệng	TONE_NANG	hiəʔ↓ŋ	hˈiɛʔ↓ŋ	1	0	0	0
hiênh	TONE_NGANG	hiə→ɲ	hˈi ˈeɲ	0	0	0	0
hiềnh	TONE_HUYEN	hiə↘ɲ	hˈi ˈe↘ɲ	1	0	0	0
hiếnh	TONE_SAC	hiə↗ɲ	hˈi ˈe↗ɲ	1	0	0	0
hiê̂nh	TONE_HOI	hiə↓ɲ	hˈi ˈe ˌɛnˈeɪʧ	0	0	0	0
hiễnh	TONE_NGA	hiəʔ↗ɲ	hˈi ˈeʔ↗ɲ	1	0	0	0
hiệnh	TONE_NANG	hiəʔ↓ɲ	hˈi ˈeʔ↓ɲ	1	0	0	0
hiếc	TONE_SAC	hiə↗k	hˈiɛ↗c	1	0	0	0
hiệc	TONE_NANG	hiəʔ↓k	hˈiɛʔ↓c	1	0	0	0
hiếch	TONE_SAC	hiə↗k	hˈi ˈe↗c	1	0	0	0
hiệch	TONE_NANG	hiəʔ↓k	hˈi ˈeʔ↓c	1	0	0	0
hyê	TONE_NGANG	hiə→	hˈi ˈe	0	0	0	0
hyề	TONE_HUYEN	hiə↘	hˈi ˈe↘	1	0	0	0
hyế	TONE_SAC	hiə↗	hˈi ˈe↗	1	0	0	0
hyê̂	TONE_HOI	hiə↓	hˈi ˈe	0	0	0	0
hyễ	TONE_NGA	hiəʔ↗	hˈi ˈeʔ↗	1	0	0	0
hyệ	TONE_NANG	hiəʔ↓	hˈi ˈeʔ↓	1	0	0	0
hyêo	TONE_NGANG	hiə→w	hˈi ˈeˈɔ	0	0	0	0
hyềo	TONE_HUYEN	hiə↘w	hˈi ˈe↘ˈɔ	1	0	0	0
hyếo	TONE_SAC	hiə↗w	hˈi ˈe↗ˈɔ	1	0	0	0
hyê̂o	TONE_HOI	hiə↓w	hˈi ˈe ˈo	0	0	0	0
hyễo	TONE_NGA	hiəʔ↗w	hˈi ˈeʔ↗ˈɔ	1	0	0	0
hyệo	TONE_NANG	hiəʔ↓w	hˈi ˈeʔ↓ˈɔ	1	0	0	0
hyêu	TONE_NGANG	hiə→w	hˈi ˈeˈu	0	0	0	0
hyều	TONE_HUYEN	hiə↘w	hˈi ˈe↘ˈu	0	0	0	0
hyếu	TONE_SAC	hiə↗w	hˈi ˈe↗ˈu	0	0	0	0
hyê̂u	TONE_HOI	hiə↓w	hˈi ˈe ˈu	0	0	0	0
hyễu	TONE_NGA	hiəʔ↗w	hˈi ˈeʔ↗ˈu	0	0	0	0
hyệu	TONE_NANG	hiəʔ↓w	hˈi ˈeʔ↓ˈu	0	0	0	0
hyêm	TONE_NGANG	hiə→m	hˈi ˈem	0	0	0	0
hyềm	TONE_HUYEN	hiə↘m	hˈi ˈe↘m	1	0	0	0
hyếm	TONE_SAC	hiə↗m	hˈi ˈe↗m	1	0	0	0
hyê̂m	TONE_HOI	hiə↓m	hˈi ˈe mˈəː↘	0	0	0	0
hyễm	TONE_NGA	hiəʔ↗m	hˈi ˈeʔ↗m	1	0	0	0
hyệm	TONE_NANG	hiəʔ↓m	hˈi ˈeʔ↓m	1	0	0	0
hyên	TONE_NGANG	hiə→n	hˈi ˈen	0	0	0	0
hyền	TONE_HUYEN	hiə↘n	hˈi ˈe↘n	1	0	0	0
hyến	TONE_SAC	hiə↗n	hˈi ˈe↗n	1	0	0	0
hyê̂n	TONE_HOI	hiə↓n	hˈi ˈe nˈəː↘	0	0	0	0
hyễn	TONE_NGA	hiəʔ↗n	hˈi ˈeʔ↗n	1	0	0	0
hyện	TONE_NANG	hiəʔ↓n	hˈi ˈeʔ↓n	1	0	0	0
hyếp	TONE_SAC	hiə↗p	hˈi ˈe↗p	1	0	0	0
hyệp	TONE_NANG	hiəʔ↓p	hˈi ˈeʔ↓p	1	0	0	0
hyết	TONE_SAC	hiə↗t	hˈi ˈe↗t	1	0	0	0
hyệt	TONE_NANG	hiəʔ↓t	hˈi ˈeʔ↓t	1	0	0	0
hyêng	TONE_NGANG	hiə→ŋ	hˈa↗t ˈiɛŋ	0	0	0	0
hyềng	TONE_HUYEN	hiə↘ŋ	hˈa↗t ˈiɛ↘ŋ	0	0	0	0
hyếng	TONE_SAC	hiə↗ŋ	hˈa↗t ˈiɛ↗ŋ	0	0	0	0
hyê̂ng	TONE_HOI	hiə↓ŋ	hˈi ˈe ˌɛndʒˈiː	0	0	0	0
hyễng	TONE_NGA	hiəʔ↗ŋ	hˈa↗t ˈiɛʔ↗ŋ	0	0	0	0
hyệng	TONE_NANG	hiəʔ↓ŋ	hˈa↗t ˈiɛʔ↓ŋ	0	0	0	0
hyênh	TONE_NGANG	hiə→ɲ	hˈi ˈeɲ	0	0	0	0
hyềnh	TONE_HUYEN	hiə↘ɲ	hˈi ˈe↘ɲ	1	0	0	0
hyếnh	TONE_SAC	hiə↗ɲ	hˈi ˈe↗ɲ	1	0	0	0
hyê̂nh	TONE_HOI	hiə↓ɲ	hˈi ˈe ˌɛnˈeɪʧ	0	0	0	0
hyễnh	TONE_NGA	hiəʔ↗ɲ	hˈi ˈeʔ↗ɲ	1	0	0	0
hyệnh	TONE_NANG	hiəʔ↓ɲ	hˈi ˈeʔ↓ɲ	1	0	0	0
hyếc	TONE_SAC	hiə↗k	hˈi ˈe↗sˈe	0	0	0	0
hyệc	TONE_NANG	hiəʔ↓k	hˈi ˈeʔ↓sˈe	0	0	0	0
hyếch	TONE_SAC	hiə↗k	hˈi ˈe↗c	1	0	0	0
hyệch	TONE_NANG	hiəʔ↓k	hˈi ˈeʔ↓c	1	0	0	0
hia	TONE_NGANG	hiə→	hˈiə	0	0	0	0
hìa	TONE_HUYEN	hiə↘	hˈiə↘	1	0	0	0
hía	TONE_SAC	hiə↗	hˈiə↗	1	0	0	0
hîa	TONE_HOI	hiə↓	hˈiə	0	0	0	0
hĩa	TONE_NGA	hiəʔ↗	hˈiəʔ↗	1	0	0	0
hịa	TONE_NANG	hiəʔ↓	hˈiəʔ↓	1	0	0	0
hiao	TONE_NGANG	hiə→w	hˈiə ˈoʊ	0	0	0	0
hìao	TONE_HUYEN	hiə↘w	hˈiə↘ ˈɔ	1	0	0	0
híao	TONE_SAC	hiə↗w	hˈiə↗ ˈɔ	1	0	0	0
hîao	TONE_HOI	hiə↓w	hˈiə ˈoʊ	0	0	0	0
hĩao	TONE_NGA	hiəʔ↗w	hˈiəʔ↗ ˈɔ	1	0	0	0
hịao	TONE_NANG	hiəʔ↓w	hˈiəʔ↓ ˈɔ	1	0	0	0
hiau	TONE_NGANG	hiə→w	hˈaɪəˌuː	0	0	0	0
hìau	TONE_HUYEN	hiə↘w	hˈiə↘ ˈu	0	0	0	0
híau	TONE_SAC	hiə↗w	hˈiə↗ ˈu	0	0	0	0
hîau	TONE_HOI	hiə↓w	hˈaɪəˌuː	0	0	0	0
hĩau	TONE_NGA	hiəʔ↗w	hˈiəʔ↗ ˈu	0	0	0	0
hịau	TONE_NANG	hiəʔ↓w	hˈiəʔ↓ ˈu	0	0	0	0
hiam	TONE_NGANG	hiə→m	hˈiəm	0	0	0	0
hìam	TONE_HUYEN	hiə↘m	hˈi↘ ˈaːm	0	0	0	0
híam	TONE_SAC	hiə↗m	hˈi↗ ˈaːm	0	0	0	0
hîam	TONE_HOI	hiə↓m	hˈiəm	0	0	0	0
hĩam	TONE_NGA	hiəʔ↗m	hˈiʔ↗ ˈaːm	0	0	0	0
hịam	TONE_NANG	hiəʔ↓m	hˈiʔ↓ ˈaːm	0	0	0	0
hian	TONE_NGANG	hiə→n	hˈaɪən	0	0	0	0
hìan	TONE_HUYEN	hiə↘n	hˈi↘ ˈaːn	0	0	0	0
hían	TONE_SAC	hiə↗n	hˈi↗ ˈaːn	0	0	0	0
hîan	TONE_HOI	hiə↓n	hˈaɪən	0	0	0	0
hĩan	TONE_NGA	hiəʔ↗n	hˈiʔ↗ ˈaːn	0	0	0	0
hịan	TONE_NANG	hiəʔ↓n	hˈiʔ↓ ˈaːn	0	0	0	0
híap	TONE_SAC	hiə↗p	hˈi↗ ˈaː↗p	0	0	0	0
hịap	TONE_NANG	hiəʔ↓p	hˈiʔ↓ ˈaː↗p	0	0	0	0
híat	TONE_SAC	hiə↗t	hˈi↗ ˈaː↗t	0	0	0	0
hịat	TONE_NANG	hiəʔ↓t	hˈiʔ↓ ˈaː↗t	0	0	0	0
hiang	TONE_NGANG	hiə→ŋ	hjˈæŋ	0	0	0	0
hìang	TONE_HUYEN	hiə↘ŋ	hˈi↘ ˈaːŋ	0	0	0	0
híang	TONE_SAC	hiə↗ŋ	hˈi↗ ˈaːŋ	0	0	0	0
hîang	TONE_HOI	hiə↓ŋ	hjˈæŋ	0	0	0	0
hĩang	TONE_NGA	hiəʔ↗ŋ	hˈiʔ↗ ˈaːŋ	0	0	0	0
hịang	TONE_NANG	hiəʔ↓ŋ	hˈiʔ↓ ˈaːŋ	0	0	0	0
hianh	TONE_NGANG	hiə→ɲ	hˈaɪ ˈæɲ	0	0	0	0
hìanh	TONE_HUYEN	hiə↘ɲ	hˈi↘ ˈæɲ	0	0	0	0
híanh	TONE_SAC	hiə↗ɲ	hˈi↗ ˈæɲ	0	0	0	0
hîanh	TONE_HOI	hiə↓ɲ	hˈaɪ ˈæɲ	0	0	0	0
hĩanh	TONE_NGA	hiəʔ↗ɲ	hˈiʔ↗ ˈæɲ	0	0	0	0
hịanh	TONE_NANG	hiəʔ↓ɲ	hˈiʔ↓ ˈæɲ	0	0	0	0
híac	TONE_SAC	hiə↗k	hˈi↗ ˈaː↗c	0	0	0	0
hịac	TONE_NANG	hiəʔ↓k	hˈiʔ↓ ˈaː↗c	0	0	0	0
híach	TONE_SAC	hiə↗k	hˈi↗ ˈæ↗c	0	0	0	0
hịach	TONE_NANG	hiəʔ↓k	hˈiʔ↓ ˈæ↗c	0	0	0	0
hya	TONE_NGANG	hiə→	hˈaɪə	0	0	0	0
hỳa	TONE_HUYEN	hiə↘	hˈi↘ ˈaː	0	0	0	0
hýa	TONE_SAC	hiə↗	hˈi↗ ˈaː	0	0	0	0
hŷa	TONE_HOI	hiə↓	hˈaɪə	0	0	0	0
hỹa	TONE_NGA	hiəʔ↗	hˈiʔ↗ ˈaː	0	0	0	0
hỵa	TONE_NANG	hiəʔ↓	hˈiʔ↓ ˈaː	0	0	0	0
hyao	TONE_NGANG	hiə→w	hˈaɪaʊ	0	0	0	0
hỳao	TONE_HUYEN	hiə↘w	hˈi↘ ˈaːˈɔ	0	0	0	0
hýao	TONE_SAC	hiə↗w	hˈi↗ ˈaːˈɔ	0	0	0	0
hŷao	TONE_HOI	hiə↓w	hˈaɪaʊ	0	0	0	0
hỹao	TONE_NGA	hiəʔ↗w	hˈiʔ↗ ˈaːˈɔ	0	0	0	0
hỵao	TONE_NANG	hiəʔ↓w	hˈiʔ↓ ˈaːˈɔ	0	0	0	0
hyau	TONE_NGANG	hiə→w	hˈaɪə jˈuː	0	0	0	0
hỳau	TONE_HUYEN	hiə↘w	hˈi↘ ˈaːˈu	0	0	0	0
hýau	TONE_SAC	hiə↗w	hˈi↗ ˈaːˈu	0	0	0	0
hŷau	TONE_HOI	hiə↓w	hˈaɪə jˈuː	0	0	0	0
hỹau	TONE_NGA	hiəʔ↗w	hˈiʔ↗ ˈaːˈu	0	0	0	0
hỵau	TONE_NANG	hiəʔ↓w	hˈiʔ↓ ˈaːˈu	0	0	0	0
hyam	TONE_NGANG	hiə→m	hˈaɪæm	0	0	0	0
hỳam	TONE_HUYEN	hiə↘m	hˈi↘ ˈaːm	0	0	0	0
hýam	TONE_SAC	hiə↗m	hˈi↗ ˈaːm	0	0	0	0
hŷam	TONE_HOI	hiə↓m	hˈaɪæm	0	0	0	0
hỹam	TONE_NGA	hiəʔ↗m	hˈiʔ↗ ˈaːm	0	0	0	0
hỵam	TONE_NANG	hiəʔ↓m	hˈiʔ↓ ˈaːm	0	0	0	0
hyan	TONE_NGANG	hiə→n	hˈi æn	0	0	0	0
hỳan	TONE_HUYEN	hiə↘n	hˈi↘ ˈaːn	0	0	0	0
hýan	TONE_SAC	hiə↗n	hˈi↗ ˈaːn	0	0	0	0
hŷan	TONE_HOI	hiə↓n	hˈi æn	0	0	0	0
hỹan	TONE_NGA	hiəʔ↗n	hˈiʔ↗ ˈaːn	0	0	0	0
hỵan	TONE_NANG	hiəʔ↓n	hˈiʔ↓ ˈaːn	0	0	0	0
hýap	TONE_SAC	hiə↗p	hˈi↗ ˈaː↗p	0	0	0	0
hỵap	TONE_NANG	hiəʔ↓p	hˈiʔ↓ ˈaː↗p	0	0	0	0
hýat	TONE_SAC	hiə↗t	hˈi↗ ˈaː↗t	0	0	0	0
hỵat	TONE_NANG	hiəʔ↓t	hˈiʔ↓ ˈaː↗t	0	0	0	0
hyang	TONE_NGANG	hiə→ŋ	hjˈɑːŋ	0	0	0	0
hỳang	TONE_HUYEN	hiə↘ŋ	hˈi↘ ˈaːŋ	0	0	0	0
hýang	TONE_SAC	hiə↗ŋ	hˈi↗ ˈaːŋ	0	0	0	0
hŷang	TONE_HOI	hiə↓ŋ	hjˈɑːŋ	0	0	0	0
hỹang	TONE_NGA	hiəʔ↗ŋ	hˈiʔ↗ ˈaːŋ	0	0	0	0
hỵang	TONE_NANG	hiəʔ↓ŋ	hˈiʔ↓ ˈaːŋ	0	0	0	0
hyanh	TONE_NGANG	hiə→ɲ	hˈi ˈæɲ	0	0	0	0
hỳanh	TONE_HUYEN	hiə↘ɲ	hˈi↘ ˈæɲ	0	0	0	0
hýanh	TONE_SAC	hiə↗ɲ	hˈi↗ ˈæɲ	0	0	0	0
hŷanh	TONE_HOI	hiə↓ɲ	hˈi ˈæɲ	0	0	0	0
hỹanh	TONE_NGA	hiəʔ↗ɲ	hˈiʔ↗ ˈæɲ	0	0	0	0
hỵanh	TONE_NANG	hiəʔ↓ɲ	hˈiʔ↓ ˈæɲ	0	0	0	0
hýac	TONE_SAC	hiə↗k	hˈi↗ ˈaː↗c	0	0	0	0
hỵac	TONE_NANG	hiəʔ↓k	hˈiʔ↓ ˈaː↗c	0	0	0	0
hýach	TONE_SAC	hiə↗k	hˈi↗ ˈæ↗c	0	0	0	0
hỵach	TONE_NANG	hiəʔ↓k	hˈiʔ↓ ˈæ↗c	0	0	0	0
hươ	TONE_NGANG	hɨə→	hˈy ˈəː	0	0	0	0
hườ	TONE_HUYEN	hɨə↘	hˈy ˈəː↘	1	0	0	0
hướ	TONE_SAC	hɨə↗	hˈy ˈəː↗	1	0	0	0
hươ̂	TONE_HOI	hɨə↓	hˈy ˈəː	0	0	0	0
hưỡ	TONE_NGA	hɨəʔ↗	hˈy ˈəːʔ↗	1	0	0	0
hượ	TONE_NANG	hɨəʔ↓	hˈy ˈəːʔ↓	1	0	0	0
hươi	TONE_NGANG	hɨə→j	hˈyəj	0	0	0	0
hười	TONE_HUYEN	hɨə↘j	hˈyə↘j	1	0	0	0
hưới	TONE_SAC	hɨə↗j	hˈyə↗j	1	0	0	0
hươ̂i	TONE_HOI	hɨə↓j	hˈy ˈəː ˈi	0	0	0	0
hưỡi	TONE_NGA	hɨəʔ↗j	hˈyəʔ↗j	1	0	0	0
hượi	TONE_NANG	hɨəʔ↓j	hˈyəʔ↓j	1	0	0	0
hươy	TONE_NGANG	hɨə→j	hˈy ˈəːˈi	0	0	0	0
hườy	TONE_HUYEN	hɨə↘j	hˈy ˈəː↘ˈi	0	0	0	0
hướy	TONE_SAC	hɨə↗j	hˈy ˈəː↗ˈi	0	0	0	0
hươ̂y	TONE_HOI	hɨə↓j	hˈy ˈəː ˈi	0	0	0	0
hưỡy	TONE_NGA	hɨəʔ↗j	hˈy ˈəːʔ↗ˈi	0	0	0	0
hượy	TONE_NANG	hɨəʔ↓j	hˈy ˈəːʔ↓ˈi	0	0	0	0
hươo	TONE_NGANG	hɨə→w	hˈy ˈəːˈɔ	0	0	0	0
hườo	TONE_HUYEN	hɨə↘w	hˈy ˈəː↘ˈɔ	1	0	0	0
hướo	TONE_SAC	hɨə↗w	hˈy ˈəː↗ˈɔ	1	0	0	0
hươ̂o	TONE_HOI	hɨə↓w	hˈy ˈəː ˈo	0	0	0	0
hưỡo	TONE_NGA	hɨəʔ↗w	hˈy ˈəːʔ↗ˈɔ	1	0	0	0
hượo	TONE_NANG	hɨəʔ↓w	hˈy ˈəːʔ↓ˈɔ	1	0	0	0
hươu	TONE_NGANG	hɨə→w	hˈyəw	0	0	0	0
hườu	TONE_HUYEN	hɨə↘w	hˈyə↘w	1	0	0	0
hướu	TONE_SAC	hɨə↗w	hˈyə↗w	1	0	0	0
hươ̂u	TONE_HOI	hɨə↓w	hˈy ˈəː ˈu	0	0	0	0
hưỡu	TONE_NGA	hɨəʔ↗w	hˈyəʔ↗w	1	0	0	0
hượu	TONE_NANG	hɨəʔ↓w	hˈyəʔ↓w	1	0	0	0
hươm	TONE_NGANG	hɨə→m	hˈyəm	0	0	0	0
hườm	TONE_HUYEN	hɨə↘m	hˈyə↘m	1	0	0	0
hướm	TONE_SAC	hɨə↗m	hˈyə↗m	1	0	0	0
hươ̂m	TONE_HOI	hɨə↓m	hˈy ˈəː mˈəː↘	0	0	0	0
hưỡm	TONE_NGA	hɨəʔ↗m	hˈyəʔ↗m	1	0	0	0
hượm	TONE_NANG	hɨəʔ↓m	hˈyəʔ↓m	1	0	0	0
hướp	TONE_SAC	hɨə↗p	hˈyə↗p	1	0	0	0
hượp	TONE_NANG	hɨəʔ↓p	hˈyəʔ↓p	1	0	0	0
hướt	TONE_SAC	hɨə↗t	hˈyə↗t	1	0	0	0
hượt	TONE_NANG	hɨəʔ↓t	hˈyəʔ↓t	1	0	0	0
hương	TONE_NGANG	hɨə→ŋ	hˈyəŋ	0	0	0	0
hường	TONE_HUYEN	hɨə↘ŋ	hˈyə↘ŋ	1	0	0	0
hướng	TONE_SAC	hɨə↗ŋ	hˈyə↗ŋ	1	0	0	0
hươ̂ng	TONE_HOI	hɨə↓ŋ	hˈy ˈəː ˌɛndʒˈiː	0	0	0	0
hưỡng	TONE_NGA	hɨəʔ↗ŋ	hˈyəʔ↗ŋ	1	0	0	0
hượng	TONE_NANG	hɨəʔ↓ŋ	hˈyəʔ↓ŋ	1	0	0	0
hước	TONE_SAC	hɨə↗k	hˈyə↗c	1	0	0	0
hược	TONE_NANG	hɨəʔ↓k	hˈyəʔ↓c	1	0	0	0
hướch	TONE_SAC	hɨə↗k	hˈyə↗c hˈa↗t	0	0	0	0
hượch	TONE_NANG	hɨəʔ↓k	hˈyəʔ↓c hˈa↗t	0	0	0	0
hưa	TONE_NGANG	hɨə→	hˈyə	0	0	0	0
hừa	TONE_HUYEN	hɨə↘	hˈyə↘	1	0	0	0
hứa	TONE_SAC	hɨə↗	hˈyə↗	1	0	0	0
hư̂a	TONE_HOI	hɨə↓	hˈy ˈaː	0	0	0	0
hữa	TONE_NGA	hɨəʔ↗	hˈyəʔ↗	1	0	0	0
hựa	TONE_NANG	hɨəʔ↓	hˈyəʔ↓	1	0	0	0
hưai	TONE_NGANG	hɨə→j	hˈyə ˈi	0	0	0	0
hừai	TONE_HUYEN	hɨə↘j	hˈyə↘ ˈi	0	0	0	0
hứai	TONE_SAC	hɨə↗j	hˈyə↗ ˈi	0	0	0	0
hư̂ai	TONE_HOI	hɨə↓j	hˈy ˈaːj	0	0	0	0
hữai	TONE_NGA	hɨəʔ↗j	hˈyəʔ↗ ˈi	0	0	0	0
hựai	TONE_NANG	hɨəʔ↓j	hˈyəʔ↓ ˈi	0	0	0	0
hưay	TONE_NGANG	hɨə→j	hˈyə ˈi	0	0	0	0
hừay	TONE_HUYEN	hɨə↘j	hˈyə↘ ˈi	0	0	0	0
hứay	TONE_SAC	hɨə↗j	hˈyə↗ ˈi	0	0	0	0
hư̂ay	TONE_HOI	hɨə↓j	hˈy ˈaj	0	0	0	0
hữay	TONE_NGA	hɨəʔ↗j	hˈyəʔ↗ ˈi	0	0	0	0
hựay	TONE_NANG	hɨəʔ↓j	hˈyəʔ↓ ˈi	0	0	0	0
hưao	TONE_NGANG	hɨə→w	hˈyə ˈɔ	0	0	0	0
hừao	TONE_HUYEN	hɨə↘w	hˈyə↘ ˈɔ	1	0	0	0
hứao	TONE_SAC	hɨə↗w	hˈyə↗ ˈɔ	1	0	0	0
hư̂ao	TONE_HOI	hɨə↓w	hˈy ˈaːw	0	0	0	0
hữao	TONE_NGA	hɨəʔ↗w	hˈyəʔ↗ ˈɔ	1	0	0	0
hựao	TONE_NANG	hɨəʔ↓w	hˈyəʔ↓ ˈɔ	1	0	0	0
hưau	TONE_NGANG	hɨə→w	hˈyə ˈu	0	0	0	0
hừau	TONE_HUYEN	hɨə↘w	hˈyə↘ ˈu	0	0	0	0
hứau	TONE_SAC	hɨə↗w	hˈyə↗ ˈu	0	0	0	0
hư̂au	TONE_HOI	hɨə↓w	hˈy ˈaw	0	0	0	0
hữau	TONE_NGA	hɨəʔ↗w	hˈyəʔ↗ ˈu	0	0	0	0
hựau	TONE_NANG	hɨəʔ↓w	hˈyəʔ↓ ˈu	0	0	0	0
hưam	TONE_NGANG	hɨə→m	hˈy ˈaːm	0	0	0	0
hừam	TONE_HUYEN	hɨə↘m	hˈy↘ ˈaːm	0	0	0	0
hứam	TONE_SAC	hɨə↗m	hˈy↗ ˈaːm	0	0	0	0
hư̂am	TONE_HOI	hɨə↓m	hˈy ˈaːm	0	0	0	0
hữam	TONE_NGA	hɨəʔ↗m	hˈyʔ↗ ˈaːm	0	0	0	0
hựam	TONE_NANG	hɨəʔ↓m	hˈyʔ↓ ˈaːm	0	0	0	0
hứap	TONE_SAC	hɨə↗p	hˈy↗ ˈaː↗p	0	0	0	0
hựap	TONE_NANG	hɨəʔ↓p	hˈyʔ↓ ˈaː↗p	0	0	0	0
hứat	TONE_SAC	hɨə↗t	hˈy↗ ˈaː↗t	0	0	0	0
hựat	TONE_NANG	hɨəʔ↓t	hˈyʔ↓ ˈaː↗t	0	0	0	0
hưang	TONE_NGANG	hɨə→ŋ	hˈy ˈaːŋ	0	0	0	0
hừang	TONE_HUYEN	hɨə↘ŋ	hˈy↘ ˈaːŋ	0	0	0	0
hứang	TONE_SAC	hɨə↗ŋ	hˈy↗ ˈaːŋ	0	0	0	0
hư̂ang	TONE_HOI	hɨə↓ŋ	hˈy ˈaːŋ	0	0	0	0
hữang	TONE_NGA	hɨəʔ↗ŋ	hˈyʔ↗ ˈaːŋ	0	0	0	0
hựang	TONE_NANG	hɨəʔ↓ŋ	hˈyʔ↓ ˈaːŋ	0	0	0	0
hứac	TONE_SAC	hɨə↗k	hˈy↗ ˈaː↗c	0	0	0	0
hựac	TONE_NANG	hɨəʔ↓k	hˈyʔ↓ ˈaː↗c	0	0	0	0
hứach	TONE_SAC	hɨə↗k	hˈy↗ ˈæ↗c	0	0	0	0
hựach	TONE_NANG	hɨəʔ↓k	hˈyʔ↓ ˈæ↗c	0	0	0	0
huô	TONE_NGANG	huə→	hˈu ˈo	0	0	0	0
huồ	TONE_HUYEN	huə↘	hˈu ˈo↘	1	0	0	0
huố	TONE_SAC	huə↗	hˈu ˈo↗	1	0	0	0
huô̂	TONE_HOI	huə↓	hˈu ˈo	0	0	0	0
huỗ	TONE_NGA	huəʔ↗	hˈu ˈoʔ↗	1	0	0	0
huộ	TONE_NANG	huəʔ↓	hˈu ˈoʔ↓	1	0	0	0
huôi	TONE_NGANG	huə→j	hˈuəj	0	0	0	0
huồi	TONE_HUYEN	huə↘j	hˈuə↘j	1	0	0	0
huối	TONE_SAC	huə↗j	hˈuə↗j	1	0	0	0
huô̂i	TONE_HOI	huə↓j	hˈu ˈo ˈi	0	0	0	0
huỗi	TONE_NGA	huəʔ↗j	hˈuəʔ↗j	1	0	0	0
huội	TONE_NANG	huəʔ↓j	hˈuəʔ↓j	1	0	0	0
huôy	TONE_NGANG	huə→j	hˈu ˈoˈi	0	0	0	0
huồy	TONE_HUYEN	huə↘j	hˈu ˈo↘ˈi	0	0	0	0
huốy	TONE_SAC	huə↗j	hˈu ˈo↗ˈi	0	0	0	0
huô̂y	TONE_HOI	huə↓j	hˈu ˈo ˈi	0	0	0	0
huỗy	TONE_NGA	huəʔ↗j	hˈu ˈoʔ↗ˈi	0	0	0	0
huộy	TONE_NANG	huəʔ↓j	hˈu ˈoʔ↓ˈi	0	0	0	0
huôn	TONE_NGANG	huə→n	hˈuən	0	0	0	0
huồn	TONE_HUYEN	huə↘n	hˈuə↘n	1	0	0	0
huốn	TONE_SAC	huə↗n	hˈuə↗n	1	0	0	0
huô̂n	TONE_HOI	huə↓n	hˈu ˈo nˈəː↘	0	0	0	0
huỗn	TONE_NGA	huəʔ↗n	hˈuəʔ↗n	1	0	0	0
huộn	TONE_NANG	huəʔ↓n	hˈuəʔ↓n	1	0	0	0
huốp	TONE_SAC	huə↗p	hˈuə↗p	1	0	0	0
huộp	TONE_NANG	huəʔ↓p	hˈuəʔ↓p	1	0	0	0
huốt	TONE_SAC	huə↗t	hˈuə↗t	1	0	0	0
huột	TONE_NANG	huəʔ↓t	hˈuəʔ↓t	1	0	0	0
huông	TONE_NGANG	huə→ŋ	hˈuəŋ	0	0	0	0
huồng	TONE_HUYEN	huə↘ŋ	hˈuə↘ŋ	1	0	0	0
huống	TONE_SAC	huə↗ŋ	hˈuə↗ŋ	1	0	0	0
huô̂ng	TONE_HOI	huə↓ŋ	hˈu ˈo ˌɛndʒˈiː	0	0	0	0
huỗng	TONE_NGA	huəʔ↗ŋ	hˈuəʔ↗ŋ	1	0	0	0
huộng	TONE_NANG	huəʔ↓ŋ	hˈuəʔ↓ŋ	1	0	0	0
huốc	TONE_SAC	huə↗k	hˈuə↗c	1	0	0	0
huộc	TONE_NANG	huəʔ↓k	hˈuəʔ↓c	1	0	0	0
huốch	TONE_SAC	huə↗k	hˈuə↗c hˈa↗t	0	0	0	0
huộch	TONE_NANG	huəʔ↓k	hˈuəʔ↓c hˈa↗t	0	0	0	0
hua	TONE_NGANG	huə→	hˈuə	0	0	0	0
hùa	TONE_HUYEN	huə↘	hˈuə↘	1	0	0	0
húa	TONE_SAC	huə↗	hˈuə↗	1	0	0	0
hûa	TONE_HOI	huə↓	hˈuə	0	0	0	0
hũa	TONE_NGA	huəʔ↗	hˈuəʔ↗	1	0	0	0
hụa	TONE_NANG	huəʔ↓	hˈuəʔ↓	1	0	0	0
huai	TONE_NGANG	huə→j	hjˈuːaɪ	0	0	0	0
hùai	TONE_HUYEN	huə↘j	hˈuə↘ ˈi	0	0	0	0
húai	TONE_SAC	huə↗j	hˈuə↗ ˈi	0	0	0	0
hûai	TONE_HOI	huə↓j	hjˈuːaɪ	0	0	0	0
hũai	TONE_NGA	huəʔ↗j	hˈuəʔ↗ ˈi	0	0	0	0
hụai	TONE_NANG	huəʔ↓j	hˈuəʔ↓ ˈi	0	0	0	0
huay	TONE_NGANG	huə→j	hwˈəɪ↘	0	0	0	0
hùay	TONE_HUYEN	huə↘j	hˈuə↘ ˈi	0	0	0	0
húay	TONE_SAC	huə↗j	hˈuə↗ ˈi	0	0	0	0
hûay	TONE_HOI	huə↓j	hwˈəɪ↘	0	0	0	0
hũay	TONE_NGA	huəʔ↗j	hˈuəʔ↗ ˈi	0	0	0	0
hụay	TONE_NANG	huəʔ↓j	hˈuəʔ↓ ˈi	0	0	0	0
hao	TONE_NGANG	haː→w	hˈaːw	0	0	0	0
hào	TONE_HUYEN	haː↘w	hˈaː↘w	1	0	0	0
háo	TONE_SAC	haː↗w	hˈaː↗w	1	0	0	0
hâo	TONE_HOI	haː↓w	hˈa↗tˌeɪsˈ↗ːkəmflˌɛksˈɔ	0	0	0	0
hão	TONE_NGA	haːʔ↗w	hˈaːʔ↗w	1	0	0	0
hạo	TONE_NANG	haːʔ↓w	hˈaːʔ↓w	1	0	0	0
hau	TONE_NGANG	ha→w	hˈaw	0	0	0	0
hàu	TONE_HUYEN	ha↘w	hˈa↘w	1	0	0	0
háu	TONE_SAC	ha↗w	hˈa↗w	1	0	0	0
hâu	TONE_HOI	ha↓w	hˈə→w	0	0	0	0
hãu	TONE_NGA	haʔ↗w	hˈaʔ↗w	1	0	0	0
hạu	TONE_NANG	haʔ↓w	hˈaʔ↓w	1	0	0	0
huan	TONE_NGANG	huə→n	hwˈən	0	0	0	0
hùan	TONE_HUYEN	huə↘n	hˈu↘ ˈaːn	0	0	0	0
húan	TONE_SAC	huə↗n	hˈu↗ ˈaːn	0	0	0	0
hûan	TONE_HOI	huə↓n	hwˈən	0	0	0	0
hũan	TONE_NGA	huəʔ↗n	hˈuʔ↗ ˈaːn	0	0	0	0
hụan	TONE_NANG	huəʔ↓n	hˈuʔ↓ ˈaːn	0	0	0	0
húap	TONE_SAC	huə↗p	hˈu↗ ˈaː↗p	0	0	0	0
hụap	TONE_NANG	huəʔ↓p	hˈuʔ↓ ˈaː↗p	0	0	0	0
húat	TONE_SAC	huə↗t	hˈu↗ ˈaː↗t	0	0	0	0
hụat	TONE_NANG	huəʔ↓t	hˈuʔ↓ ˈaː↗t	0	0	0	0
huang	TONE_NGANG	huə→ŋ	hwˈɑːŋ	0	0	0	0
hùang	TONE_HUYEN	huə↘ŋ	hˈu↘ ˈaːŋ	0	0	0	0
húang	TONE_SAC	huə↗ŋ	hˈu↗ ˈaːŋ	0	0	0	0
hûang	TONE_HOI	huə↓ŋ	hwˈɑːŋ	0	0	0	0
hũang	TONE_NGA	huəʔ↗ŋ	hˈuʔ↗ ˈaːŋ	0	0	0	0
hụang	TONE_NANG	huəʔ↓ŋ	hˈuʔ↓ ˈaːŋ	0	0	0	0
hanh	TONE_NGANG	haː→ɲ	hˈæɲ	0	0	0	1
hành	TONE_HUYEN	haː↘ɲ	hˈæ↘ɲ	1	0	0	1
hánh	TONE_SAC	haː↗ɲ	hˈæ↗ɲ	1	0	0	1
hânh	TONE_HOI	haː↓ɲ	hˈən hˈa↗t	0	0	0	1
hãnh	TONE_NGA	haːʔ↗ɲ	hˈæʔ↗ɲ	1	0	0	1
hạnh	TONE_NANG	haːʔ↓ɲ	hˈæʔ↓ɲ	1	0	0	1
húac	TONE_SAC	huə↗k	hˈu↗ ˈaː↗c	0	0	0	0
hụac	TONE_NANG	huəʔ↓k	hˈuʔ↓ ˈaː↗c	0	0	0	0
húach	TONE_SAC	huə↗k	hˈu↗ ˈæ↗c	0	0	0	0
hụach	TONE_NANG	huəʔ↓k	hˈuʔ↓ ˈæ↗c	0	0	0	0
ha	TONE_NGANG	haː→	hˈaː	0	0	0	0
hà	TONE_HUYEN	haː↘	hˈaː↘	1	0	0	0
há	TONE_SAC	haː↗	hˈaː↗	1	0	0	0
hâ	TONE_HOI	haː↓	hˈa↗tˌeɪsˈ↗ːkəmflˌɛks	0	0	0	0
hã	TONE_NGA	haːʔ↗	hˈaːʔ↗	1	0	0	0
hạ	TONE_NANG	haːʔ↓	hˈaːʔ↓	1	0	0	0
hai	TONE_NGANG	haː→j	hˈaːj	0	0	0	0
hài	TONE_HUYEN	haː↘j	hˈaː↘j	1	0	0	0
hái	TONE_SAC	haː↗j	hˈaː↗j	1	0	0	0
hâi	TONE_HOI	haː↓j	hˈa↗tˌeɪsˈ↗ːkəmflˌɛksˈi	0	0	0	0
hãi	TONE_NGA	haːʔ↗j	hˈaːʔ↗j	1	0	0	0
hại	TONE_NANG	haːʔ↓j	hˈaːʔ↓j	1	0	0	0
hay	TONE_NGANG	ha→j	hˈaj	0	0	0	0
hày	TONE_HUYEN	ha↘j	hˈa↘j	1	0	0	0
háy	TONE_SAC	ha↗j	hˈa↗j	1	0	0	0
hây	TONE_HOI	ha↓j	hˈəɪ	0	0	0	0
hãy	TONE_NGA	haʔ↗j	hˈaʔ↗j	1	0	0	0
hạy	TONE_NANG	haʔ↓j	hˈaʔ↓j	1	0	0	0
hao	TONE_NGANG	haː→w	hˈaːw	0	0	0	0
hào	TONE_HUYEN	haː↘w	hˈaː↘w	1	0	0	0
háo	TONE_SAC	haː↗w	hˈaː↗w	1	0	0	0
hâo	TONE_HOI	haː↓w	hˈa↗tˌeɪsˈ↗ːkəmflˌɛksˈɔ	0	0	0	0
hão	TONE_NGA	haːʔ↗w	hˈaːʔ↗w	1	0	0	0
hạo	TONE_NANG	haːʔ↓w	hˈaːʔ↓w	1	0	0	0
hau	TONE_NGANG	ha→w	hˈaw	0	0	0	0
hàu	TONE_HUYEN	ha↘w	hˈa↘w	1	0	0	0
háu	TONE_SAC	ha↗w	hˈa↗w	1	0	0	0
hâu	TONE_HOI	ha↓w	hˈə→w	0	0	0	0
hãu	TONE_NGA	haʔ↗w	hˈaʔ↗w	1	0	0	0
hạu	TONE_NANG	haʔ↓w	hˈaʔ↓w	1	0	0	0
ham	TONE_NGANG	haː→m	hˈaːm	0	0	0	0
hàm	TONE_HUYEN	haː↘m	hˈaː↘m	1	0	0	0
hám	TONE_SAC	haː↗m	hˈaː↗m	1	0	0	0
hâm	TONE_HOI	haː↓m	hˈəm	0	0	0	0
hãm	TONE_NGA	haːʔ↗m	hˈaːʔ↗m	1	0	0	0
hạm	TONE_NANG	haːʔ↓m	hˈaːʔ↓m	1	0	0	0
han	TONE_NGANG	haː→n	hˈaːn	0	0	0	0
hàn	TONE_HUYEN	haː↘n	hˈaː↘n	1	0	0	0
hán	TONE_SAC	haː↗n	hˈaː↗n	1	0	0	0
hân	TONE_HOI	haː↓n	hˈən	0	0	0	0
hãn	TONE_NGA	haːʔ↗n	hˈaːʔ↗n	1	0	0	0
hạn	TONE_NANG	haːʔ↓n	hˈaːʔ↓n	1	0	0	0
háp	TONE_SAC	haː↗p	hˈaː↗p	1	0	0	0
hạp	TONE_NANG	haːʔ↓p	hˈaːʔ↓p	1	0	0	0
hát	TONE_SAC	haː↗t	hˈaː↗t	1	0	0	0
hạt	TONE_NANG	haːʔ↓t	hˈaːʔ↓t	1	0	0	0
hang	TONE_NGANG	haː→ŋ	hˈaːŋ	0	0	0	0
hàng	TONE_HUYEN	haː↘ŋ	hˈaː↘ŋ	1	0	0	0
háng	TONE_SAC	haː↗ŋ	hˈaː↗ŋ	1	0	0	0
hâng	TONE_HOI	haː↓ŋ	hˈəŋ	0	0	0	0
hãng	TONE_NGA	haːʔ↗ŋ	hˈaːʔ↗ŋ	1	0	0	0
hạng	TONE_NANG	haːʔ↓ŋ	hˈaːʔ↓ŋ	1	0	0	0
hanh	TONE_NGANG	haː→ɲ	hˈæɲ	0	0	0	1
hành	TONE_HUYEN	haː↘ɲ	hˈæ↘ɲ	1	0	0	1
hánh	TONE_SAC	haː↗ɲ	hˈæ↗ɲ	1	0	0	1
hânh	TONE_HOI	haː↓ɲ	hˈən hˈa↗t	0	0	0	1
hãnh	TONE_NGA	haːʔ↗ɲ	hˈæʔ↗ɲ	1	0	0	1
hạnh	TONE_NANG	haːʔ↓ɲ	hˈæʔ↓ɲ	1	0	0	1
hác	TONE_SAC	haː↗k	hˈaː↗c	1	0	0	0
hạc	TONE_NANG	haːʔ↓k	hˈaːʔ↓c	1	0	0	0
hách	TONE_SAC	ha↗k	hˈæ↗c	1	0	0	0
hạch	TONE_NANG	haʔ↓k	hˈæʔ↓c	1	0	0	0
hă	TONE_NGANG	ha→	hˈa↗tă	0	1	0	0
hằ	TONE_HUYEN	ha↘	hˈa↗tằ	0	1	0	0
hắ	TONE_SAC	ha↗	hˈa↗tắ	1	1	0	0
hă̂	TONE_HOI	ha↓	hˈa↗tă	0	1	0	0
hẵ	TONE_NGA	haʔ↗	hˈa↗tẵ	0	1	0	0
hặ	TONE_NANG	haʔ↓	hˈa↗tặ	0	1	0	0
hăm	TONE_NGANG	ha→m	hˈam	0	0	0	0
hằm	TONE_HUYEN	ha↘m	hˈa↘m	1	0	0	0
hắm	TONE_SAC	ha↗m	hˈa↗m	1	0	0	0
hă̂m	TONE_HOI	ha↓m	hˈa↗tă mˈəː↘	0	1	0	0
hẵm	TONE_NGA	haʔ↗m	hˈaʔ↗m	1	0	0	0
hặm	TONE_NANG	haʔ↓m	hˈaʔ↓m	1	0	0	0
hăn	TONE_NGANG	ha→n	hˈan	0	0	0	0
hằn	TONE_HUYEN	ha↘n	hˈa↘n	1	0	0	0
hắn	TONE_SAC	ha↗n	hˈa↗n	1	0	0	0
hă̂n	TONE_HOI	ha↓n	hˈa↗tă nˈəː↘	0	1	0	0
hẵn	TONE_NGA	haʔ↗n	hˈaʔ↗n	1	0	0	0
hặn	TONE_NANG	haʔ↓n	hˈaʔ↓n	1	0	0	0
hắp	TONE_SAC	ha↗p	hˈa↗p	1	0	0	0
hặp	TONE_NANG	haʔ↓p	hˈaʔ↓p	1	0	0	0
hắt	TONE_SAC	ha↗t	hˈa↗t	1	0	0	0
hặt	TONE_NANG	haʔ↓t	hˈaʔ↓t	1	0	0	0
hăng	TONE_NGANG	ha→ŋ	hˈaŋ	0	0	0	0
hằng	TONE_HUYEN	ha↘ŋ	hˈa↘ŋ	1	0	0	0
hắng	TONE_SAC	ha↗ŋ	hˈa↗ŋ	1	0	0	0
hă̂ng	TONE_HOI	ha↓ŋ	hˈa↗tă ˌɛndʒˈiː	0	1	0	0
hẵng	TONE_NGA	haʔ↗ŋ	hˈaʔ↗ŋ	1	0	0	0
hặng	TONE_NANG	haʔ↓ŋ	hˈaʔ↓ŋ	1	0	0	0
hắc	TONE_SAC	ha↗k	hˈa↗c	1	0	0	0
hặc	TONE_NANG	haʔ↓k	hˈaʔ↓c	1	0	0	0
hắch	TONE_SAC	ha↗k	hˈa↗c hˈa↗t	0	0	0	0
hặch	TONE_NANG	haʔ↓k	hˈaʔ↓c hˈa↗t	0	0	0	0
hâ	TONE_NGANG	hə→	hˈa↗tˌeɪsˈ↗ːkəmflˌɛks	0	0	0	0
hầ	TONE_HUYEN	hə↘	hˈa↗tầ	0	1	0	0
hấ	TONE_SAC	hə↗	hˈa↗tấ	1	1	0	0
hâ̂	TONE_HOI	hə↓	hˈa↗tˌeɪsˈ↗ːkəmflˌɛks	0	0	0	0
hẫ	TONE_NGA	həʔ↗	hˈa↗tẫ	0	1	0	0
hậ	TONE_NANG	həʔ↓	hˈa↗tậ	0	1	0	0
hâi	TONE_NGANG	hə→j	hˈa↗tˌeɪsˈ↗ːkəmflˌɛksˈi	0	0	0	0
hầi	TONE_HUYEN	hə↘j	hˈa↗tầˈi	0	1	0	0
hấi	TONE_SAC	hə↗j	hˈa↗tấˈi	0	1	0	0
hâ̂i	TONE_HOI	hə↓j	hˈa↗tˌeɪsˈ↗ːkəmflˌɛks ˈi	0	0	0	0
hẫi	TONE_NGA	həʔ↗j	hˈa↗tẫˈi	0	1	0	0
hậi	TONE_NANG	həʔ↓j	hˈa↗tậˈi	0	1	0	0
hây	TONE_NGANG	hə→j	hˈəɪ	0	0	0	0
hầy	TONE_HUYEN	hə↘j	hˈəɪ↘	1	0	0	0
hấy	TONE_SAC	hə↗j	hˈəɪ↗	1	0	0	0
hâ̂y	TONE_HOI	hə↓j	hˈa↗tˌeɪsˈ↗ːkəmflˌɛks ˈi	0	0	0	0
hẫy	TONE_NGA	həʔ↗j	hˈəɪʔ↗	1	0	0	0
hậy	TONE_NANG	həʔ↓j	hˈəɪʔ↓	1	0	0	0
hâo	TONE_NGANG	hə→w	hˈa↗tˌeɪsˈ↗ːkəmflˌɛksˈɔ	0	0	0	0
hầo	TONE_HUYEN	hə↘w	hˈa↗tầˈɔ	0	1	0	0
hấo	TONE_SAC	hə↗w	hˈa↗tấˈɔ	1	1	0	0
hâ̂o	TONE_HOI	hə↓w	hˈa↗tˌeɪsˈ↗ːkəmflˌɛks ˈo	0	0	0	0
hẫo	TONE_NGA	həʔ↗w	hˈa↗tẫˈɔ	0	1	0	0
hậo	TONE_NANG	həʔ↓w	hˈa↗tậˈɔ	0	1	0	0
hâu	TONE_NGANG	hə→w	hˈə→w	1	0	0	0
hầu	TONE_HUYEN	hə↘w	hˈə↘w	1	0	0	0
hấu	TONE_SAC	hə↗w	hˈə↗w	1	0	0	0
hâ̂u	TONE_HOI	hə↓w	hˈa↗tˌeɪsˈ↗ːkəmflˌɛks ˈu	0	0	0	0
hẫu	TONE_NGA	həʔ↗w	hˈəʔ↗w	1	0	0	0
hậu	TONE_NANG	həʔ↓w	hˈəʔ↓w	1	0	0	0
hâm	TONE_NGANG	hə→m	hˈəm	0	0	0	0
hầm	TONE_HUYEN	hə↘m	hˈə↘m	1	0	0	0
hấm	TONE_SAC	hə↗m	hˈə↗m	1	0	0	0
hâ̂m	TONE_HOI	hə↓m	hˈa↗tˌeɪsˈ↗ːkəmflˌɛks mˈəː↘	0	0	0	0
hẫm	TONE_NGA	həʔ↗m	hˈəʔ↗m	1	0	0	0
hậm	TONE_NANG	həʔ↓m	hˈəʔ↓m	1	0	0	0
hân	TONE_NGANG	hə→n	hˈən	0	0	0	0
hần	TONE_HUYEN	hə↘n	hˈə↘n	1	0	0	0
hấn	TONE_SAC	hə↗n	hˈə↗n	1	0	0	0
hâ̂n	TONE_HOI	hə↓n	hˈa↗tˌeɪsˈ↗ːkəmflˌɛks nˈəː↘	0	0	0	0
hẫn	TONE_NGA	həʔ↗n	hˈəʔ↗n	1	0	0	0
hận	TONE_NANG	həʔ↓n	hˈəʔ↓n	1	0	0	0
hấp	TONE_SAC	hə↗p	hˈə↗p	1	0	0	0
hập	TONE_NANG	həʔ↓p	hˈəʔ↓p	1	0	0	0
hất	TONE_SAC	hə↗t	hˈə↗t	1	0	0	0
hật	TONE_NANG	həʔ↓t	hˈəʔ↓t	1	0	0	0
hâng	TONE_NGANG	hə→ŋ	hˈəŋ	0	0	0	0
hầng	TONE_HUYEN	hə↘ŋ	hˈə↘ŋ	1	0	0	0
hấng	TONE_SAC	hə↗ŋ	hˈə↗ŋ	1	0	0	0
hâ̂ng	TONE_HOI	hə↓ŋ	hˈa↗tˌeɪsˈ↗ːkəmflˌɛks ˌɛndʒˈiː	0	0	0	0
hẫng	TONE_NGA	həʔ↗ŋ	hˈəʔ↗ŋ	1	0	0	0
hậng	TONE_NANG	həʔ↓ŋ	hˈəʔ↓ŋ	1	0	0	0
hấc	TONE_SAC	hə↗k	hˈə↗c	1	0	0	0
hậc	TONE_NANG	həʔ↓k	hˈəʔ↓c	1	0	0	0
hấch	TONE_SAC	hə↗k	hˈə↗c hˈa↗t	0	0	0	0
hậch	TONE_NANG	həʔ↓k	hˈəʔ↓c hˈa↗t	0	0	0	0
he	TONE_NGANG	hɛ→	hiː	0	0	0	0
hè	TONE_HUYEN	hɛ↘	hˈɛ↘	1	0	0	0
hé	TONE_SAC	hɛ↗	hˈɛ↗	1	0	0	0
hê	TONE_HOI	hɛ↓	hˈe	0	0	0	0
hẽ	TONE_NGA	hɛʔ↗	hˈɛʔ↗	1	0	0	0
hẹ	TONE_NANG	hɛʔ↓	hˈɛʔ↓	1	0	0	0
heo	TONE_NGANG	hɛ→w	hˈɛw	0	0	0	0
hèo	TONE_HUYEN	hɛ↘w	hˈɛ↘w	1	0	0	0
héo	TONE_SAC	hɛ↗w	hˈɛ↗w	1	0	0	0
hêo	TONE_HOI	hɛ↓w	hˈe ˈɔ	0	0	0	0
hẽo	TONE_NGA	hɛʔ↗w	hˈɛʔ↗w	1	0	0	0
hẹo	TONE_NANG	hɛʔ↓w	hˈɛʔ↓w	1	0	0	0
heu	TONE_NGANG	hɛ→w	hˈe↘w	0	0	0	0
hèu	TONE_HUYEN	hɛ↘w	hˈɛ↘ ˈu	0	0	0	0
héu	TONE_SAC	hɛ↗w	hˈɛ↗ ˈu	0	0	0	0
hêu	TONE_HOI	hɛ↓w	hˈe→w	0	0	0	0
hẽu	TONE_NGA	hɛʔ↗w	hˈɛʔ↗ ˈu	0	0	0	0
hẹu	TONE_NANG	hɛʔ↓w	hˈɛʔ↓ ˈu	0	0	0	0
hem	TONE_NGANG	hɛ→m	hˈɛm	0	0	0	0
hèm	TONE_HUYEN	hɛ↘m	hˈɛ↘m	1	0	0	0
hém	TONE_SAC	hɛ↗m	hˈɛ↗m	1	0	0	0
hêm	TONE_HOI	hɛ↓m	hˈem	0	0	0	0
hẽm	TONE_NGA	hɛʔ↗m	hˈɛʔ↗m	1	0	0	0
hẹm	TONE_NANG	hɛʔ↓m	hˈɛʔ↓m	1	0	0	0
hen	TONE_NGANG	hɛ→n	hˈɛn	0	0	0	0
hèn	TONE_HUYEN	hɛ↘n	hˈɛ↘n	1	0	0	0
hén	TONE_SAC	hɛ↗n	hˈɛ↗n	1	0	0	0
hên	TONE_HOI	hɛ↓n	hˈen	0	0	0	0
hẽn	TONE_NGA	hɛʔ↗n	hˈɛʔ↗n	1	0	0	0
hẹn	TONE_NANG	hɛʔ↓n	hˈɛʔ↓n	1	0	0	0
hép	TONE_SAC	hɛ↗p	hˈɛ↗p	1	0	0	0
hẹp	TONE_NANG	hɛʔ↓p	hˈɛʔ↓p	1	0	0	0
hét	TONE_SAC	hɛ↗t	hˈɛ↗t	1	0	0	0
hẹt	TONE_NANG	hɛʔ↓t	hˈɛʔ↓t	1	0	0	0
heng	TONE_NGANG	hɛ→ŋ	hˈɛŋ	0	0	0	0
hèng	TONE_HUYEN	hɛ↘ŋ	hˈɛ↘ŋ	1	0	0	0
héng	TONE_SAC	hɛ↗ŋ	hˈɛ↗ŋ	1	0	0	0
hêng	TONE_HOI	hɛ↓ŋ	hˈen ðˈe→	0	0	0	0
hẽng	TONE_NGA	hɛʔ↗ŋ	hˈɛʔ↗ŋ	1	0	0	0
hẹng	TONE_NANG	hɛʔ↓ŋ	hˈɛʔ↓ŋ	1	0	0	0
héc	TONE_SAC	hɛ↗k	hˈɛ↗c	1	0	0	0
hẹc	TONE_NANG	hɛʔ↓k	hˈɛʔ↓c	1	0	0	0
héch	TONE_SAC	hɛ↗k	hˈɛ↗c hˈa↗t	0	0	0	0
hẹch	TONE_NANG	hɛʔ↓k	hˈɛʔ↓c hˈa↗t	0	0	0	0
hê	TONE_NGANG	he→	hˈe	0	0	0	0
hề	TONE_HUYEN	he↘	hˈe↘	1	0	0	0
hế	TONE_SAC	he↗	hˈe↗	1	0	0	0
hê̂	TONE_HOI	he↓	hˈe	0	0	0	0
hễ	TONE_NGA	heʔ↗	hˈeʔ↗	1	0	0	0
hệ	TONE_NANG	heʔ↓	hˈeʔ↓	1	0	0	0
hêo	TONE_NGANG	he→w	hˈe ˈɔ	0	0	0	0
hềo	TONE_HUYEN	he↘w	hˈe↘ ˈɔ	1	0	0	0
hếo	TONE_SAC	he↗w	hˈe↗ ˈɔ	1	0	0	0
hê̂o	TONE_HOI	he↓w	hˈe ˈo	0	0	0	0
hễo	TONE_NGA	heʔ↗w	hˈeʔ↗ ˈɔ	1	0	0	0
hệo	TONE_NANG	heʔ↓w	hˈeʔ↓ ˈɔ	1	0	0	0
hêu	TONE_NGANG	he→w	hˈe→w	1	0	0	0
hều	TONE_HUYEN	he↘w	hˈe↘w	1	0	0	0
hếu	TONE_SAC	he↗w	hˈe↗w	1	0	0	0
hê̂u	TONE_HOI	he↓w	hˈe ˈu	0	0	0	0
hễu	TONE_NGA	heʔ↗w	hˈeʔ↗w	1	0	0	0
hệu	TONE_NANG	heʔ↓w	hˈeʔ↓w	1	0	0	0
hêm	TONE_NGANG	he→m	hˈem	0	0	0	0
hềm	TONE_HUYEN	he↘m	hˈe↘m	1	0	0	0
hếm	TONE_SAC	he↗m	hˈe↗m	1	0	0	0
hê̂m	TONE_HOI	he↓m	hˈe mˈəː↘	0	0	0	0
hễm	TONE_NGA	heʔ↗m	hˈeʔ↗m	1	0	0	0
hệm	TONE_NANG	heʔ↓m	hˈeʔ↓m	1	0	0	0
hên	TONE_NGANG	he→n	hˈen	0	0	0	0
hền	TONE_HUYEN	he↘n	hˈe↘n	1	0	0	0
hến	TONE_SAC	he↗n	hˈe↗n	1	0	0	0
hê̂n	TONE_HOI	he↓n	hˈe nˈəː↘	0	0	0	0
hễn	TONE_NGA	heʔ↗n	hˈeʔ↗n	1	0	0	0
hện	TONE_NANG	heʔ↓n	hˈeʔ↓n	1	0	0	0
hếp	TONE_SAC	he↗p	hˈe↗p	1	0	0	0
hệp	TONE_NANG	heʔ↓p	hˈeʔ↓p	1	0	0	0
hết	TONE_SAC	he↗t	hˈe↗t	1	0	0	0
hệt	TONE_NANG	heʔ↓t	hˈeʔ↓t	1	0	0	0
hênh	TONE_NGANG	he→ɲ	hˈeɲ	0	0	0	0
hềnh	TONE_HUYEN	he↘ɲ	hˈe↘ɲ	1	0	0	0
hếnh	TONE_SAC	he↗ɲ	hˈe↗ɲ	1	0	0	0
hê̂nh	TONE_HOI	he↓ɲ	hˈe ˌɛnˈeɪʧ	0	0	0	0
hễnh	TONE_NGA	heʔ↗ɲ	hˈeʔ↗ɲ	1	0	0	0
hệnh	TONE_NANG	heʔ↓ɲ	hˈeʔ↓ɲ	1	0	0	0
hếc	TONE_SAC	he↗k	hˈe↗ sˈe	0	0	0	0
hệc	TONE_NANG	heʔ↓k	hˈeʔ↓ sˈe	0	0	0	0
hếch	TONE_SAC	he↗k	hˈe↗c	1	0	0	0
hệch	TONE_NANG	heʔ↓k	hˈeʔ↓c	1	0	0	0
hi	TONE_NGANG	hi→	hˈaɪ	0	0	0	0
hì	TONE_HUYEN	hi↘	hˈi↘	1	0	0	0
hí	TONE_SAC	hi↗	hˈi↗	1	0	0	0
hî	TONE_HOI	hi↓	hˈaɪ	0	0	0	0
hĩ	TONE_NGA	hiʔ↗	hˈiʔ↗	1	0	0	0
hị	TONE_NANG	hiʔ↓	hˈiʔ↓	1	0	0	0
hio	TONE_NGANG	hi→w	hˈiːoʊ	0	0	0	0
hìo	TONE_HUYEN	hi↘w	hˈi↘ ˈɔ	1	0	0	0
hío	TONE_SAC	hi↗w	hˈi↗ ˈɔ	1	0	0	0
hîo	TONE_HOI	hi↓w	hˈiːoʊ	0	0	0	0
hĩo	TONE_NGA	hiʔ↗w	hˈiʔ↗ ˈɔ	1	0	0	0
hịo	TONE_NANG	hiʔ↓w	hˈiʔ↓ ˈɔ	1	0	0	0
hiu	TONE_NGANG	hi→w	hˈiw	0	0	0	0
hìu	TONE_HUYEN	hi↘w	hˈi↘w	1	0	0	0
híu	TONE_SAC	hi↗w	hˈi↗w	1	0	0	0
hîu	TONE_HOI	hi↓w	hˈiw	0	0	0	0
hĩu	TONE_NGA	hiʔ↗w	hˈiʔ↗w	1	0	0	0
hịu	TONE_NANG	hiʔ↓w	hˈiʔ↓w	1	0	0	0
him	TONE_NGANG	hi→m	hˌɪm	0	0	0	0
hìm	TONE_HUYEN	hi↘m	hˈi↘m	1	0	0	0
hím	TONE_SAC	hi↗m	hˈi↗m	1	0	0	0
hîm	TONE_HOI	hi↓m	hˌɪm	0	0	0	0
hĩm	TONE_NGA	hiʔ↗m	hˈiʔ↗m	1	0	0	0
hịm	TONE_NANG	hiʔ↓m	hˈiʔ↓m	1	0	0	0
hin	TONE_NGANG	hi→n	hˈin	0	0	0	0
hìn	TONE_HUYEN	hi↘n	hˈi↘n	1	0	0	0
hín	TONE_SAC	hi↗n	hˈi↗n	1	0	0	0
hîn	TONE_HOI	hi↓n	hˈin	0	0	0	0
hĩn	TONE_NGA	hiʔ↗n	hˈiʔ↗n	1	0	0	0
hịn	TONE_NANG	hiʔ↓n	hˈiʔ↓n	1	0	0	0
híp	TONE_SAC	hi↗p	hˈi↗p	1	0	0	0
hịp	TONE_NANG	hiʔ↓p	hˈiʔ↓p	1	0	0	0
hít	TONE_SAC	hi↗t	hˈi↗t	1	0	0	0
hịt	TONE_NANG	hiʔ↓t	hˈiʔ↓t	1	0	0	0
hinh	TONE_NGANG	hi→ɲ	hˈiɲ	0	0	0	1
hình	TONE_HUYEN	hi↘ɲ	hˈi↘ɲ	1	0	0	1
hính	TONE_SAC	hi↗ɲ	hˈi↗ɲ	1	0	0	1
hînh	TONE_HOI	hi↓ɲ	hˈiɲ	0	0	0	1
hĩnh	TONE_NGA	hiʔ↗ɲ	hˈiʔ↗ɲ	1	0	0	1
hịnh	TONE_NANG	hiʔ↓ɲ	hˈiʔ↓ɲ	1	0	0	1
híc	TONE_SAC	hi↗k	hˈi↗ sˈe	0	0	0	0
hịc	TONE_NANG	hiʔ↓k	hˈiʔ↓ sˈe	0	0	0	0
hích	TONE_SAC	hi↗k	hˈi↗c	1	0	0	0
hịch	TONE_NANG	hiʔ↓k	hˈiʔ↓c	1	0	0	0
hy	TONE_NGANG	hi→	hˈi	0	0	0	0
hỳ	TONE_HUYEN	hi↘	hˈi↘	1	0	0	0
hý	TONE_SAC	hi↗	hˈi↗	1	0	0	0
hŷ	TONE_HOI	hi↓	hˈi	0	0	0	0
hỹ	TONE_NGA	hiʔ↗	hˈiʔ↗	1	0	0	0
hỵ	TONE_NANG	hiʔ↓	hˈiʔ↓	1	0	0	0
hyo	TONE_NGANG	hi→w	hˈaɪoʊ	0	0	0	0
hỳo	TONE_HUYEN	hi↘w	hˈi↘ ˈɔ	1	0	0	0
hýo	TONE_SAC	hi↗w	hˈi↗ ˈɔ	1	0	0	0
hŷo	TONE_HOI	hi↓w	hˈaɪoʊ	0	0	0	0
hỹo	TONE_NGA	hiʔ↗w	hˈiʔ↗ ˈɔ	1	0	0	0
hỵo	TONE_NANG	hiʔ↓w	hˈiʔ↓ ˈɔ	1	0	0	0
hyu	TONE_NGANG	hi→w	hˈaɪuː	0	0	0	0
hỳu	TONE_HUYEN	hi↘w	hˈi↘ ˈu	0	0	0	0
hýu	TONE_SAC	hi↗w	hˈi↗ ˈu	0	0	0	0
hŷu	TONE_HOI	hi↓w	hˈaɪuː	0	0	0	0
hỹu	TONE_NGA	hiʔ↗w	hˈiʔ↗ ˈu	0	0	0	0
hỵu	TONE_NANG	hiʔ↓w	hˈiʔ↓ ˈu	0	0	0	0
hym	TONE_NGANG	hi→m	hˈɪm	0	0	0	0
hỳm	TONE_HUYEN	hi↘m	hˈi↘ ˈməː↘	0	0	0	0
hým	TONE_SAC	hi↗m	hˈi↗ ˈməː↘	0	0	0	0
hŷm	TONE_HOI	hi↓m	hˈɪm	0	0	0	0
hỹm	TONE_NGA	hiʔ↗m	hˈiʔ↗ ˈməː↘	0	0	0	0
hỵm	TONE_NANG	hiʔ↓m	hˈiʔ↓ ˈməː↘	0	0	0	0
hyn	TONE_NGANG	hi→n	ˈeɪʧ ˈɪn	0	0	0	0
hỳn	TONE_HUYEN	hi↘n	hˈi↘ ˈɛnəː↘	0	0	0	0
hýn	TONE_SAC	hi↗n	hˈi↗ ˈɛnəː↘	0	0	0	0
hŷn	TONE_HOI	hi↓n	ˈeɪʧ ˈɪn	0	0	0	0
hỹn	TONE_NGA	hiʔ↗n	hˈiʔ↗ ˈɛnəː↘	0	0	0	0
hỵn	TONE_NANG	hiʔ↓n	hˈiʔ↓ ˈɛnəː↘	0	0	0	0
hýp	TONE_SAC	hi↗p	hˈi↗ pˈe	0	0	0	0
hỵp	TONE_NANG	hiʔ↓p	hˈiʔ↓ pˈe	0	0	0	0
hýt	TONE_SAC	hi↗t	hˈi↗ tˈe	0	0	0	0
hỵt	TONE_NANG	hiʔ↓t	hˈiʔ↓ tˈe	0	0	0	0
hynh	TONE_NGANG	hi→ɲ	ˈeɪʧ ˈɪn	0	0	0	0
hỳnh	TONE_HUYEN	hi↘ɲ	hˈi↘ ˈɛnəː↘hˈa↗t	0	0	0	0
hýnh	TONE_SAC	hi↗ɲ	hˈi↗ ˈɛnəː↘hˈa↗t	0	0	0	0
hŷnh	TONE_HOI	hi↓ɲ	ˈeɪʧ ˈɪn	0	0	0	0
hỹnh	TONE_NGA	hiʔ↗ɲ	hˈiʔ↗ ˈɛnəː↘hˈa↗t	0	0	0	0
hỵnh	TONE_NANG	hiʔ↓ɲ	hˈiʔ↓ ˈɛnəː↘hˈa↗t	0	0	0	0
hýc	TONE_SAC	hi↗k	hˈi↗ sˈe	0	0	0	0
hỵc	TONE_NANG	hiʔ↓k	hˈiʔ↓ sˈe	0	0	0	0
hých	TONE_SAC	hi↗k	hˈi↗ sˈehˈa↗t	0	0	0	0
hỵch	TONE_NANG	hiʔ↓k	hˈiʔ↓ sˈehˈa↗t	0	0	0	0
ho	TONE_NGANG	hɔ→	hˈɔ	0	0	0	0
hò	TONE_HUYEN	hɔ↘	hˈɔ↘	1	0	0	0
hó	TONE_SAC	hɔ↗	hˈɔ↗	1	0	0	0
hô	TONE_HOI	hɔ↓	hˈo	0	0	0	0
hõ	TONE_NGA	hɔʔ↗	hˈɔʔ↗	1	0	0	0
họ	TONE_NANG	hɔʔ↓	hˈɔʔ↓	1	0	0	0
hoi	TONE_NGANG	hɔ→j	hˈɔj	0	0	0	0
hòi	TONE_HUYEN	hɔ↘j	hˈɔ↘j	1	0	0	0
hói	TONE_SAC	hɔ↗j	hˈɔ↗j	1	0	0	0
hôi	TONE_HOI	hɔ↓j	hˈoj	0	0	0	0
hõi	TONE_NGA	hɔʔ↗j	hˈɔʔ↗j	1	0	0	0
họi	TONE_NANG	hɔʔ↓j	hˈɔʔ↓j	1	0	0	0
hoy	TONE_NGANG	hɔ→j	hˈɔɪ	0	0	0	0
hòy	TONE_HUYEN	hɔ↘j	hˈɔ↘ ˈi	0	0	0	0
hóy	TONE_SAC	hɔ↗j	hˈɔ↗ ˈi	0	0	0	0
hôy	TONE_HOI	hɔ↓j	hˈo ˈi	0	0	0	0
hõy	TONE_NGA	hɔʔ↗j	hˈɔʔ↗ ˈi	0	0	0	0
họy	TONE_NANG	hɔʔ↓j	hˈɔʔ↓ ˈi	0	0	0	0
hom	TONE_NGANG	hɔ→m	hˈɔm	0	0	0	0
hòm	TONE_HUYEN	hɔ↘m	hˈɔ↘m	1	0	0	0
hóm	TONE_SAC	hɔ↗m	hˈɔ↗m	1	0	0	0
hôm	TONE_HOI	hɔ↓m	hˈom	0	0	0	0
hõm	TONE_NGA	hɔʔ↗m	hˈɔʔ↗m	1	0	0	0
họm	TONE_NANG	hɔʔ↓m	hˈɔʔ↓m	1	0	0	0
hon	TONE_NGANG	hɔ→n	hˈɔn	0	0	0	0
hòn	TONE_HUYEN	hɔ↘n	hˈɔ↘n	1	0	0	0
hón	TONE_SAC	hɔ↗n	hˈɔ↗n	1	0	0	0
hôn	TONE_HOI	hɔ↓n	hˈon	0	0	0	0
hõn	TONE_NGA	hɔʔ↗n	hˈɔʔ↗n	1	0	0	0
họn	TONE_NANG	hɔʔ↓n	hˈɔʔ↓n	1	0	0	0
hóp	TONE_SAC	hɔ↗p	hˈɔ↗p	1	0	0	0
họp	TONE_NANG	hɔʔ↓p	hˈɔʔ↓p	1	0	0	0
hót	TONE_SAC	hɔ↗t	hˈɔ↗t	1	0	0	0
họt	TONE_NANG	hɔʔ↓t	hˈɔʔ↓t	1	0	0	0
hong	TONE_NGANG	hɔ→ŋ	hˈɔŋ	0	0	0	0
hòng	TONE_HUYEN	hɔ↘ŋ	hˈɔ↘ŋ	1	0	0	0
hóng	TONE_SAC	hɔ↗ŋ	hˈɔ↗ŋ	1	0	0	0
hông	TONE_HOI	hɔ↓ŋ	hˈoŋ	0	0	0	0
hõng	TONE_NGA	hɔʔ↗ŋ	hˈɔʔ↗ŋ	1	0	0	0
họng	TONE_NANG	hɔʔ↓ŋ	hˈɔʔ↓ŋ	1	0	0	0
hóc	TONE_SAC	hɔ↗k	hˈɔ↗k	1	0	0	0
học	TONE_NANG	hɔʔ↓k	hˈɔʔ↓k	1	0	0	0
hóch	TONE_SAC	hɔ↗k	hˈɔ↗k hˈa↗t	0	0	0	0
họch	TONE_NANG	hɔʔ↓k	hˈɔʔ↓k hˈa↗t	0	0	0	0
hô	TONE_NGANG	ho→	hˈo	0	0	0	0
hồ	TONE_HUYEN	ho↘	hˈo↘	1	0	0	0
hố	TONE_SAC	ho↗	hˈo↗	1	0	0	0
hô̂	TONE_HOI	ho↓	hˈo	0	0	0	0
hỗ	TONE_NGA	hoʔ↗	hˈoʔ↗	1	0	0	0
hộ	TONE_NANG	hoʔ↓	hˈoʔ↓	1	0	0	0
hôi	TONE_NGANG	ho→j	hˈoj	0	0	0	0
hồi	TONE_HUYEN	ho↘j	hˈo↘j	1	0	0	0
hối	TONE_SAC	ho↗j	hˈo↗j	1	0	0	0
hô̂i	TONE_HOI	ho↓j	hˈo ˈi	0	0	0	0
hỗi	TONE_NGA	hoʔ↗j	hˈoʔ↗j	1	0	0	0
hội	TONE_NANG	hoʔ↓j	hˈoʔ↓j	1	0	0	0
hôy	TONE_NGANG	ho→j	hˈo ˈi	0	0	0	0
hồy	TONE_HUYEN	ho↘j	hˈo↘ ˈi	0	0	0	0
hốy	TONE_SAC	ho↗j	hˈo↗ ˈi	0	0	0	0
hô̂y	TONE_HOI	ho↓j	hˈo ˈi	0	0	0	0
hỗy	TONE_NGA	hoʔ↗j	hˈoʔ↗ ˈi	0	0	0	0
hộy	TONE_NANG	hoʔ↓j	hˈoʔ↓ ˈi	0	0	0	0
hôm	TONE_NGANG	ho→m	hˈom	0	0	0	0
hồm	TONE_HUYEN	ho↘m	hˈo↘m	1	0	0	0
hốm	TONE_SAC	ho↗m	hˈo↗m	1	0	0	0
hô̂m	TONE_HOI	ho↓m	hˈo mˈəː↘	0	0	0	0
hỗm	TONE_NGA	hoʔ↗m	hˈoʔ↗m	1	0	0	0
hộm	TONE_NANG	hoʔ↓m	hˈoʔ↓m	1	0	0	0
hôn	TONE_NGANG	ho→n	hˈon	0	0	0	0
hồn	TONE_HUYEN	ho↘n	hˈo↘n	1	0	0	0
hốn	TONE_SAC	ho↗n	hˈo↗n	1	0	0	0
hô̂n	TONE_HOI	ho↓n	hˈo nˈəː↘	0	0	0	0
hỗn	TONE_NGA	hoʔ↗n	hˈoʔ↗n	1	0	0	0
hộn	TONE_NANG	hoʔ↓n	hˈoʔ↓n	1	0	0	0
hốp	TONE_SAC	ho↗p	hˈo↗p	1	0	0	0
hộp	TONE_NANG	hoʔ↓p	hˈoʔ↓p	1	0	0	0
hốt	TONE_SAC	ho↗t	hˈo↗t	1	0	0	0
hột	TONE_NANG	hoʔ↓t	hˈoʔ↓t	1	0	0	0
hông	TONE_NGANG	ho→ŋ	hˈoŋ	0	0	0	0
hồng	TONE_HUYEN	ho↘ŋ	hˈo↘ŋ	1	0	0	0
hống	TONE_SAC	ho↗ŋ	hˈo↗ŋ	1	0	0	0
hô̂ng	TONE_HOI	ho↓ŋ	hˈo ˌɛndʒˈiː	0	0	0	0
hỗng	TONE_NGA	hoʔ↗ŋ	hˈoʔ↗ŋ	1	0	0	0
hộng	TONE_NANG	hoʔ↓ŋ	hˈoʔ↓ŋ	1	0	0	0
hốc	TONE_SAC	ho↗k	hˈo↗k	1	0	0	0
hộc	TONE_NANG	hoʔ↓k	hˈoʔ↓k	1	0	0	0
hốch	TONE_SAC	ho↗k	hˈo↗k hˈa↗t	0	0	0	0
hộch	TONE_NANG	hoʔ↓k	hˈoʔ↓k hˈa↗t	0	0	0	0
hơ	TONE_NGANG	həː→	hˈəː	0	0	0	0
hờ	TONE_HUYEN	həː↘	hˈəː↘	1	0	0	0
hớ	TONE_SAC	həː↗	hˈəː↗	1	0	0	0
hơ̂	TONE_HOI	həː↓	hˈəː	0	0	0	0
hỡ	TONE_NGA	həːʔ↗	hˈəːʔ↗	1	0	0	0
hợ	TONE_NANG	həːʔ↓	hˈəːʔ↓	1	0	0	0
hơi	TONE_NGANG	həː→j	hˈəːj	0	0	0	0
hời	TONE_HUYEN	həː↘j	hˈəː↘j	1	0	0	0
hới	TONE_SAC	həː↗j	hˈəː↗j	1	0	0	0
hơ̂i	TONE_HOI	həː↓j	hˈəː ˈi	0	0	0	0
hỡi	TONE_NGA	həːʔ↗j	hˈəːʔ↗j	1	0	0	0
hợi	TONE_NANG	həːʔ↓j	hˈəːʔ↓j	1	0	0	0
hơy	TONE_NGANG	həː→j	hˈəː ˈi	0	0	0	0
hờy	TONE_HUYEN	həː↘j	hˈəː↘ ˈi	0	0	0	0
hớy	TONE_SAC	həː↗j	hˈəː↗ ˈi	0	0	0	0
hơ̂y	TONE_HOI	həː↓j	hˈəː ˈi	0	0	0	0
hỡy	TONE_NGA	həːʔ↗j	hˈəːʔ↗ ˈi	0	0	0	0
hợy	TONE_NANG	həːʔ↓j	hˈəːʔ↓ ˈi	0	0	0	0
hơm	TONE_NGANG	həː→m	hˈəːm	0	0	0	0
hờm	TONE_HUYEN	həː↘m	hˈəː↘m	1	0	0	0
hớm	TONE_SAC	həː↗m	hˈəː↗m	1	0	0	0
hơ̂m	TONE_HOI	həː↓m	hˈəː mˈəː↘	0	0	0	0
hỡm	TONE_NGA	həːʔ↗m	hˈəːʔ↗m	1	0	0	0
hợm	TONE_NANG	həːʔ↓m	hˈəːʔ↓m	1	0	0	0
hơn	TONE_NGANG	həː→n	hˈəːn	0	0	0	0
hờn	TONE_HUYEN	həː↘n	hˈəː↘n	1	0	0	0
hớn	TONE_SAC	həː↗n	hˈəː↗n	1	0	0	0
hơ̂n	TONE_HOI	həː↓n	hˈəː nˈəː↘	0	0	0	0
hỡn	TONE_NGA	həːʔ↗n	hˈəːʔ↗n	1	0	0	0
hợn	TONE_NANG	həːʔ↓n	hˈəːʔ↓n	1	0	0	0
hớp	TONE_SAC	həː↗p	hˈəː↗p	1	0	0	0
hợp	TONE_NANG	həːʔ↓p	hˈəːʔ↓p	1	0	0	0
hớt	TONE_SAC	həː↗t	hˈəː↗t	1	0	0	0
hợt	TONE_NANG	həːʔ↓t	hˈəːʔ↓t	1	0	0	0
hớc	TONE_SAC	həː↗k	hˈəː↗ sˈe	0	0	0	0
hợc	TONE_NANG	həːʔ↓k	hˈəːʔ↓ sˈe	0	0	0	0
hớch	TONE_SAC	həː↗k	hˈəː↗ sˈehˈa↗t	0	0	0	0
hợch	TONE_NANG	həːʔ↓k	hˈəːʔ↓ sˈehˈa↗t	0	0	0	0
hu	TONE_NGANG	hu→	hˈu	0	0	0	0
hù	TONE_HUYEN	hu↘	hˈu↘	1	0	0	0
hú	TONE_SAC	hu↗	hˈu↗	1	0	0	0
hû	TONE_HOI	hu↓	hˈu	0	0	0	0
hũ	TONE_NGA	huʔ↗	hˈuʔ↗	1	0	0	0
hụ	TONE_NANG	huʔ↓	hˈuʔ↓	1	0	0	0
hui	TONE_NGANG	hu→j	hˈuj	0	0	0	0
hùi	TONE_HUYEN	hu↘j	hˈu↘j	1	0	0	0
húi	TONE_SAC	hu↗j	hˈu↗j	1	0	0	0
hûi	TONE_HOI	hu↓j	hˈuj	0	0	0	0
hũi	TONE_NGA	huʔ↗j	hˈuʔ↗j	1	0	0	0
hụi	TONE_NANG	huʔ↓j	hˈuʔ↓j	1	0	0	0
huy	TONE_NGANG	hu→j	hwˈi	0	0	0	0
hùy	TONE_HUYEN	hu↘j	hˈu↘ ˈi	0	0	0	0
húy	TONE_SAC	hu↗j	hwˈi↗	1	0	0	0
hûy	TONE_HOI	hu↓j	hwˈi	0	0	0	0
hũy	TONE_NGA	huʔ↗j	hˈuʔ↗ ˈi	0	0	0	0
hụy	TONE_NANG	huʔ↓j	hˈuʔ↓ ˈi	0	0	0	0
hum	TONE_NGANG	hu→m	hˈum	0	0	0	0
hùm	TONE_HUYEN	hu↘m	hˈu↘m	1	0	0	0
húm	TONE_SAC	hu↗m	hˈu↗m	1	0	0	0
hûm	TONE_HOI	hu↓m	hˈum	0	0	0	0
hũm	TONE_NGA	huʔ↗m	hˈuʔ↗m	1	0	0	0
hụm	TONE_NANG	huʔ↓m	hˈuʔ↓m	1	0	0	0
hun	TONE_NGANG	hu→n	hˈun	0	0	0	0
hùn	TONE_HUYEN	hu↘n	hˈu↘n	1	0	0	0
hún	TONE_SAC	hu↗n	hˈu↗n	1	0	0	0
hûn	TONE_HOI	hu↓n	hˈun	0	0	0	0
hũn	TONE_NGA	huʔ↗n	hˈuʔ↗n	1	0	0	0
hụn	TONE_NANG	huʔ↓n	hˈuʔ↓n	1	0	0	0
húp	TONE_SAC	hu↗p	hˈu↗p	1	0	0	0
hụp	TONE_NANG	huʔ↓p	hˈuʔ↓p	1	0	0	0
hút	TONE_SAC	hu↗t	hˈu↗t	1	0	0	0
hụt	TONE_NANG	huʔ↓t	hˈuʔ↓t	1	0	0	0
hung	TONE_NGANG	hu→ŋ	hˈuŋ	0	0	0	0
hùng	TONE_HUYEN	hu↘ŋ	hˈu↘ŋ	1	0	0	0
húng	TONE_SAC	hu↗ŋ	hˈu↗ŋ	1	0	0	0
hûng	TONE_HOI	hu↓ŋ	hˈuŋ	0	0	0	0
hũng	TONE_NGA	huʔ↗ŋ	hˈuʔ↗ŋ	1	0	0	0
hụng	TONE_NANG	huʔ↓ŋ	hˈuʔ↓ŋ	1	0	0	0
húc	TONE_SAC	hu↗k	hˈu↗c	1	0	0	0
hục	TONE_NANG	huʔ↓k	hˈuʔ↓c	1	0	0	0
húch	TONE_SAC	hu↗k	hˈu↗c hˈa↗t	0	0	0	0
hụch	TONE_NANG	huʔ↓k	hˈuʔ↓c hˈa↗t	0	0	0	0
hư	TONE_NGANG	hɨ→	hˈy	0	0	0	0
hừ	TONE_HUYEN	hɨ↘	hˈy↘	1	0	0	0
hứ	TONE_SAC	hɨ↗	hˈy↗	1	0	0	0
hư̂	TONE_HOI	hɨ↓	hˈy	0	0	0	0
hữ	TONE_NGA	hɨʔ↗	hˈyʔ↗	1	0	0	0
hự	TONE_NANG	hɨʔ↓	hˈyʔ↓	1	0	0	0
hưi	TONE_NGANG	hɨ→j	hˈyj	0	0	0	0
hừi	TONE_HUYEN	hɨ↘j	hˈy↘j	1	0	0	0
hứi	TONE_SAC	hɨ↗j	hˈy↗j	1	0	0	0
hư̂i	TONE_HOI	hɨ↓j	hˈy ˈi	0	0	0	0
hữi	TONE_NGA	hɨʔ↗j	hˈyʔ↗j	1	0	0	0
hựi	TONE_NANG	hɨʔ↓j	hˈyʔ↓j	1	0	0	0
hưy	TONE_NGANG	hɨ→j	hˈy ˈi	0	0	0	0
hừy	TONE_HUYEN	hɨ↘j	hˈy↘ ˈi	0	0	0	0
hứy	TONE_SAC	hɨ↗j	hˈy↗ ˈi	0	0	0	0
hư̂y	TONE_HOI	hɨ↓j	hˈy ˈi	0	0	0	0
hữy	TONE_NGA	hɨʔ↗j	hˈyʔ↗ ˈi	0	0	0	0
hựy	TONE_NANG	hɨʔ↓j	hˈyʔ↓ ˈi	0	0	0	0
hưo	TONE_NGANG	hɨ→w	hˈy ˈɔ	0	0	0	0
hừo	TONE_HUYEN	hɨ↘w	hˈy↘ ˈɔ	1	0	0	0
hứo	TONE_SAC	hɨ↗w	hˈy↗ ˈɔ	1	0	0	0
hư̂o	TONE_HOI	hɨ↓w	hˈy ˈo	0	0	0	0
hữo	TONE_NGA	hɨʔ↗w	hˈyʔ↗ ˈɔ	1	0	0	0
hựo	TONE_NANG	hɨʔ↓w	hˈyʔ↓ ˈɔ	1	0	0	0
hưu	TONE_NGANG	hɨ→w	hˈiw	0	0	0	0
hừu	TONE_HUYEN	hɨ↘w	hˈi↘w	1	0	0	0
hứu	TONE_SAC	hɨ↗w	hˈi↗w	1	0	0	0
hư̂u	TONE_HOI	hɨ↓w	hˈy ˈu	0	0	0	0
hữu	TONE_NGA	hɨʔ↗w	hˈiʔ↗w	1	0	0	0
hựu	TONE_NANG	hɨʔ↓w	hˈiʔ↓w	1	0	0	0
hưm	TONE_NGANG	hɨ→m	hˈym	0	0	0	0
hừm	TONE_HUYEN	hɨ↘m	hˈy↘m	1	0	0	0
hứm	TONE_SAC	hɨ↗m	hˈy↗m	1	0	0	0
hư̂m	TONE_HOI	hɨ↓m	hˈy mˈəː↘	0	0	0	0
hữm	TONE_NGA	hɨʔ↗m	hˈyʔ↗m	1	0	0	0
hựm	TONE_NANG	hɨʔ↓m	hˈyʔ↓m	1	0	0	0
hưn	TONE_NGANG	hɨ→n	hˈyn	0	0	0	0
hừn	TONE_HUYEN	hɨ↘n	hˈy↘n	1	0	0	0
hứn	TONE_SAC	hɨ↗n	hˈy↗n	1	0	0	0
hư̂n	TONE_HOI	hɨ↓n	hˈy nˈəː↘	0	0	0	0
hữn	TONE_NGA	hɨʔ↗n	hˈyʔ↗n	1	0	0	0
hựn	TONE_NANG	hɨʔ↓n	hˈyʔ↓n	1	0	0	0
hứp	TONE_SAC	hɨ↗p	hˈy↗ pˈe	0	0	0	0
hựp	TONE_NANG	hɨʔ↓p	hˈyʔ↓ pˈe	0	0	0	0
hứt	TONE_SAC	hɨ↗t	hˈy↗t	1	0	0	0
hựt	TONE_NANG	hɨʔ↓t	hˈyʔ↓t	1	0	0	0
hưng	TONE_NGANG	hɨ→ŋ	hˈyŋ	0	0	0	0
hừng	TONE_HUYEN	hɨ↘ŋ	hˈy↘ŋ	1	0	0	0
hứng	TONE_SAC	hɨ↗ŋ	hˈy↗ŋ	1	0	0	0
hư̂ng	TONE_HOI	hɨ↓ŋ	hˈy ˌɛndʒˈiː	0	0	0	0
hững	TONE_NGA	hɨʔ↗ŋ	hˈyʔ↗ŋ	1	0	0	0
hựng	TONE_NANG	hɨʔ↓ŋ	hˈyʔ↓ŋ	1	0	0	0
hức	TONE_SAC	hɨ↗k	hˈy↗c	1	0	0	0
hực	TONE_NANG	hɨʔ↓k	hˈyʔ↓c	1	0	0	0
hứch	TONE_SAC	hɨ↗k	hˈy↗c hˈa↗t	0	0	0	0
hựch	TONE_NANG	hɨʔ↓k	hˈyʔ↓c hˈa↗t	0	0	0	0
kiê	TONE_NGANG	kiə→	kˈi ˈe	0	0	0	0
kiề	TONE_HUYEN	kiə↘	kˈi ˈe↘	1	0	0	0
kiế	TONE_SAC	kiə↗	kˈi ˈe↗	1	0	0	0
kiê̂	TONE_HOI	kiə↓	kˈi ˈe	0	0	0	0
kiễ	TONE_NGA	kiəʔ↗	kˈi ˈeʔ↗	1	0	0	0
kiệ	TONE_NANG	kiəʔ↓	kˈi ˈeʔ↓	1	0	0	0
kiêo	TONE_NGANG	kiə→w	kˈi ˈeˈɔ	0	0	0	0
kiềo	TONE_HUYEN	kiə↘w	kˈi ˈe↘ˈɔ	1	0	0	0
kiếo	TONE_SAC	kiə↗w	kˈi ˈe↗ˈɔ	1	0	0	0
kiê̂o	TONE_HOI	kiə↓w	kˈi ˈe ˈo	0	0	0	0
kiễo	TONE_NGA	kiəʔ↗w	kˈi ˈeʔ↗ˈɔ	1	0	0	0
kiệo	TONE_NANG	kiəʔ↓w	kˈi ˈeʔ↓ˈɔ	1	0	0	0
kiêu	TONE_NGANG	kiə→w	kˈiɛw	0	0	0	0
kiều	TONE_HUYEN	kiə↘w	kˈiɛ↘w	1	0	0	0
kiếu	TONE_SAC	kiə↗w	kˈiɛ↗w	1	0	0	0
kiê̂u	TONE_HOI	kiə↓w	kˈi ˈe ˈu	0	0	0	0
kiễu	TONE_NGA	kiəʔ↗w	kˈiɛʔ↗w	1	0	0	0
kiệu	TONE_NANG	kiəʔ↓w	kˈiɛʔ↓w	1	0	0	0
kiêm	TONE_NGANG	kiə→m	kˈiɛm	0	0	0	0
kiềm	TONE_HUYEN	kiə↘m	kˈiɛ↘m	1	0	0	0
kiếm	TONE_SAC	kiə↗m	kˈiɛ↗m	1	0	0	0
kiê̂m	TONE_HOI	kiə↓m	kˈi ˈe mˈəː↘	0	0	0	0
kiễm	TONE_NGA	kiəʔ↗m	kˈiɛʔ↗m	1	0	0	0
kiệm	TONE_NANG	kiəʔ↓m	kˈiɛʔ↓m	1	0	0	0
kiên	TONE_NGANG	kiə→n	kˈiɛn	0	0	0	0
kiền	TONE_HUYEN	kiə↘n	kˈiɛ↘n	1	0	0	0
kiến	TONE_SAC	kiə↗n	kˈiɛ↗n	1	0	0	0
kiê̂n	TONE_HOI	kiə↓n	kˈi ˈe nˈəː↘	0	0	0	0
kiễn	TONE_NGA	kiəʔ↗n	kˈiɛʔ↗n	1	0	0	0
kiện	TONE_NANG	kiəʔ↓n	kˈiɛʔ↓n	1	0	0	0
kiếp	TONE_SAC	kiə↗p	kˈiɛ↗p	1	0	0	0
kiệp	TONE_NANG	kiəʔ↓p	kˈiɛʔ↓p	1	0	0	0
kiết	TONE_SAC	kiə↗t	kˈiɛ↗t	1	0	0	0
kiệt	TONE_NANG	kiəʔ↓t	kˈiɛʔ↓t	1	0	0	0
kiêng	TONE_NGANG	kiə→ŋ	kˈiɛŋ	0	0	0	0
kiềng	TONE_HUYEN	kiə↘ŋ	kˈiɛ↘ŋ	1	0	0	0
kiếng	TONE_SAC	kiə↗ŋ	kˈiɛ↗ŋ	1	0	0	0
kiê̂ng	TONE_HOI	kiə↓ŋ	kˈi ˈe ˌɛndʒˈiː	0	0	0	0
kiễng	TONE_NGA	kiəʔ↗ŋ	kˈiɛʔ↗ŋ	1	0	0	0
kiệng	TONE_NANG	kiəʔ↓ŋ	kˈiɛʔ↓ŋ	1	0	0	0
kiênh	TONE_NGANG	kiə→ɲ	kˈi ˈeɲ	0	0	0	0
kiềnh	TONE_HUYEN	kiə↘ɲ	kˈi ˈe↘ɲ	1	0	0	0
kiếnh	TONE_SAC	kiə↗ɲ	kˈi ˈe↗ɲ	1	0	0	0
kiê̂nh	TONE_HOI	kiə↓ɲ	kˈi ˈe ˌɛnˈeɪʧ	0	0	0	0
kiễnh	TONE_NGA	kiəʔ↗ɲ	kˈi ˈeʔ↗ɲ	1	0	0	0
kiệnh	TONE_NANG	kiəʔ↓ɲ	kˈi ˈeʔ↓ɲ	1	0	0	0
kiếc	TONE_SAC	kiə↗k	kˈiɛ↗c	1	0	0	0
kiệc	TONE_NANG	kiəʔ↓k	kˈiɛʔ↓c	1	0	0	0
kiếch	TONE_SAC	kiə↗k	kˈi ˈe↗c	1	0	0	0
kiệch	TONE_NANG	kiəʔ↓k	kˈi ˈeʔ↓c	1	0	0	0
kyê	TONE_NGANG	kiə→	kˈi ˈe	0	0	0	0
kyề	TONE_HUYEN	kiə↘	kˈi ˈe↘	1	0	0	0
kyế	TONE_SAC	kiə↗	kˈi ˈe↗	1	0	0	0
kyê̂	TONE_HOI	kiə↓	kˈi ˈe	0	0	0	0
kyễ	TONE_NGA	kiəʔ↗	kˈi ˈeʔ↗	1	0	0	0
kyệ	TONE_NANG	kiəʔ↓	kˈi ˈeʔ↓	1	0	0	0
kyêo	TONE_NGANG	kiə→w	kˈi ˈeˈɔ	0	0	0	0
kyềo	TONE_HUYEN	kiə↘w	kˈi ˈe↘ˈɔ	1	0	0	0
kyếo	TONE_SAC	kiə↗w	kˈi ˈe↗ˈɔ	1	0	0	0
kyê̂o	TONE_HOI	kiə↓w	kˈi ˈe ˈo	0	0	0	0
kyễo	TONE_NGA	kiəʔ↗w	kˈi ˈeʔ↗ˈɔ	1	0	0	0
kyệo	TONE_NANG	kiəʔ↓w	kˈi ˈeʔ↓ˈɔ	1	0	0	0
kyêu	TONE_NGANG	kiə→w	kˈi ˈeˈu	0	0	0	0
kyều	TONE_HUYEN	kiə↘w	kˈi ˈe↘ˈu	0	0	0	0
kyếu	TONE_SAC	kiə↗w	kˈi ˈe↗ˈu	0	0	0	0
kyê̂u	TONE_HOI	kiə↓w	kˈi ˈe ˈu	0	0	0	0
kyễu	TONE_NGA	kiəʔ↗w	kˈi ˈeʔ↗ˈu	0	0	0	0
kyệu	TONE_NANG	kiəʔ↓w	kˈi ˈeʔ↓ˈu	0	0	0	0
kyêm	TONE_NGANG	kiə→m	kˈi ˈem	0	0	0	0
kyềm	TONE_HUYEN	kiə↘m	kˈi ˈe↘m	1	0	0	0
kyếm	TONE_SAC	kiə↗m	kˈi ˈe↗m	1	0	0	0
kyê̂m	TONE_HOI	kiə↓m	kˈi ˈe mˈəː↘	0	0	0	0
kyễm	TONE_NGA	kiəʔ↗m	kˈi ˈeʔ↗m	1	0	0	0
kyệm	TONE_NANG	kiəʔ↓m	kˈi ˈeʔ↓m	1	0	0	0
kyên	TONE_NGANG	kiə→n	kˈi ˈen	0	0	0	0
kyền	TONE_HUYEN	kiə↘n	kˈi ˈe↘n	1	0	0	0
kyến	TONE_SAC	kiə↗n	kˈi ˈe↗n	1	0	0	0
kyê̂n	TONE_HOI	kiə↓n	kˈi ˈe nˈəː↘	0	0	0	0
kyễn	TONE_NGA	kiəʔ↗n	kˈi ˈeʔ↗n	1	0	0	0
kyện	TONE_NANG	kiəʔ↓n	kˈi ˈeʔ↓n	1	0	0	0
kyếp	TONE_SAC	kiə↗p	kˈi ˈe↗p	1	0	0	0
kyệp	TONE_NANG	kiəʔ↓p	kˈi ˈeʔ↓p	1	0	0	0
kyết	TONE_SAC	kiə↗t	kˈi ˈe↗t	1	0	0	0
kyệt	TONE_NANG	kiəʔ↓t	kˈi ˈeʔ↓t	1	0	0	0
kyêng	TONE_NGANG	kiə→ŋ	kˈaː ˈiɛŋ	0	0	0	0
kyềng	TONE_HUYEN	kiə↘ŋ	kˈaː ˈiɛ↘ŋ	1	0	0	0
kyếng	TONE_SAC	kiə↗ŋ	kˈaː ˈiɛ↗ŋ	1	0	0	0
kyê̂ng	TONE_HOI	kiə↓ŋ	kˈi ˈe ˌɛndʒˈiː	0	0	0	0
kyễng	TONE_NGA	kiəʔ↗ŋ	kˈaː ˈiɛʔ↗ŋ	1	0	0	0
kyệng	TONE_NANG	kiəʔ↓ŋ	kˈaː ˈiɛʔ↓ŋ	1	0	0	0
kyênh	TONE_NGANG	kiə→ɲ	kˈi ˈeɲ	0	0	0	0
kyềnh	TONE_HUYEN	kiə↘ɲ	kˈi ˈe↘ɲ	1	0	0	0
kyếnh	TONE_SAC	kiə↗ɲ	kˈi ˈe↗ɲ	1	0	0	0
kyê̂nh	TONE_HOI	kiə↓ɲ	kˈi ˈe ˌɛnˈeɪʧ	0	0	0	0
kyễnh	TONE_NGA	kiəʔ↗ɲ	kˈi ˈeʔ↗ɲ	1	0	0	0
kyệnh	TONE_NANG	kiəʔ↓ɲ	kˈi ˈeʔ↓ɲ	1	0	0	0
kyếc	TONE_SAC	kiə↗k	kˈi ˈe↗sˈe	0	0	0	0
kyệc	TONE_NANG	kiəʔ↓k	kˈi ˈeʔ↓sˈe	0	0	0	0
kyếch	TONE_SAC	kiə↗k	kˈi ˈe↗c	1	0	0	0
kyệch	TONE_NANG	kiəʔ↓k	kˈi ˈeʔ↓c	1	0	0	0
kia	TONE_NGANG	kiə→	kˈiə	0	0	0	0
kìa	TONE_HUYEN	kiə↘	kˈiə↘	1	0	0	0
kía	TONE_SAC	kiə↗	kˈiə↗	1	0	0	0
kîa	TONE_HOI	kiə↓	kˈiə	0	0	0	0
kĩa	TONE_NGA	kiəʔ↗	kˈiəʔ↗	1	0	0	0
kịa	TONE_NANG	kiəʔ↓	kˈiəʔ↓	1	0	0	0
kiao	TONE_NGANG	kiə→w	kˈaɪəˌoʊ	0	0	0	0
kìao	TONE_HUYEN	kiə↘w	kˈiə↘ ˈɔ	1	0	0	0
kíao	TONE_SAC	kiə↗w	kˈiə↗ ˈɔ	1	0	0	0
kîao	TONE_HOI	kiə↓w	kˈaɪəˌoʊ	0	0	0	0
kĩao	TONE_NGA	kiəʔ↗w	kˈiəʔ↗ ˈɔ	1	0	0	0
kịao	TONE_NANG	kiəʔ↓w	kˈiəʔ↓ ˈɔ	1	0	0	0
kiau	TONE_NGANG	kiə→w	kˈaɪəˌuː	0	0	0	0
kìau	TONE_HUYEN	kiə↘w	kˈiə↘ ˈu	0	0	0	0
kíau	TONE_SAC	kiə↗w	kˈiə↗ ˈu	0	0	0	0
kîau	TONE_HOI	kiə↓w	kˈaɪəˌuː	0	0	0	0
kĩau	TONE_NGA	kiəʔ↗w	kˈiəʔ↗ ˈu	0	0	0	0
kịau	TONE_NANG	kiəʔ↓w	kˈiəʔ↓ ˈu	0	0	0	0
kiam	TONE_NGANG	kiə→m	kˈiəm	0	0	0	0
kìam	TONE_HUYEN	kiə↘m	kˈi↘ ˈaːm	0	0	0	0
kíam	TONE_SAC	kiə↗m	kˈi↗ ˈaːm	0	0	0	0
kîam	TONE_HOI	kiə↓m	kˈiəm	0	0	0	0
kĩam	TONE_NGA	kiəʔ↗m	kˈiʔ↗ ˈaːm	0	0	0	0
kịam	TONE_NANG	kiəʔ↓m	kˈiʔ↓ ˈaːm	0	0	0	0
kian	TONE_NGANG	kiə→n	kˈaɪən	0	0	0	0
kìan	TONE_HUYEN	kiə↘n	kˈi↘ ˈaːn	0	0	0	0
kían	TONE_SAC	kiə↗n	kˈi↗ ˈaːn	0	0	0	0
kîan	TONE_HOI	kiə↓n	kˈaɪən	0	0	0	0
kĩan	TONE_NGA	kiəʔ↗n	kˈiʔ↗ ˈaːn	0	0	0	0
kịan	TONE_NANG	kiəʔ↓n	kˈiʔ↓ ˈaːn	0	0	0	0
kíap	TONE_SAC	kiə↗p	kˈi↗ ˈaː↗p	0	0	0	0
kịap	TONE_NANG	kiəʔ↓p	kˈiʔ↓ ˈaː↗p	0	0	0	0
kíat	TONE_SAC	kiə↗t	kˈi↗ ˈaː↗t	0	0	0	0
kịat	TONE_NANG	kiəʔ↓t	kˈiʔ↓ ˈaː↗t	0	0	0	0
kiang	TONE_NGANG	kiə→ŋ	kjˈæŋ	0	0	0	0
kìang	TONE_HUYEN	kiə↘ŋ	kˈi↘ ˈaːŋ	0	0	0	0
kíang	TONE_SAC	kiə↗ŋ	kˈi↗ ˈaːŋ	0	0	0	0
kîang	TONE_HOI	kiə↓ŋ	kjˈæŋ	0	0	0	0
kĩang	TONE_NGA	kiəʔ↗ŋ	kˈiʔ↗ ˈaːŋ	0	0	0	0
kịang	TONE_NANG	kiəʔ↓ŋ	kˈiʔ↓ ˈaːŋ	0	0	0	0
kianh	TONE_NGANG	kiə→ɲ	kˈi ˈæɲ	0	0	0	0
kìanh	TONE_HUYEN	kiə↘ɲ	kˈi↘ ˈæɲ	0	0	0	0
kíanh	TONE_SAC	kiə↗ɲ	kˈi↗ ˈæɲ	0	0	0	0
kîanh	TONE_HOI	kiə↓ɲ	kˈi ˈæɲ	0	0	0	0
kĩanh	TONE_NGA	kiəʔ↗ɲ	kˈiʔ↗ ˈæɲ	0	0	0	0
kịanh	TONE_NANG	kiəʔ↓ɲ	kˈiʔ↓ ˈæɲ	0	0	0	0
kíac	TONE_SAC	kiə↗k	kˈi↗ ˈaː↗c	0	0	0	0
kịac	TONE_NANG	kiəʔ↓k	kˈiʔ↓ ˈaː↗c	0	0	0	0
kíach	TONE_SAC	kiə↗k	kˈi↗ ˈæ↗c	0	0	0	0
kịach	TONE_NANG	kiəʔ↓k	kˈiʔ↓ ˈæ↗c	0	0	0	0
kya	TONE_NGANG	kiə→	kˈaɪə	0	0	0	0
kỳa	TONE_HUYEN	kiə↘	kˈi↘ ˈaː	0	0	0	0
kýa	TONE_SAC	kiə↗	kˈi↗ ˈaː	0	0	0	0
kŷa	TONE_HOI	kiə↓	kˈaɪə	0	0	0	0
kỹa	TONE_NGA	kiəʔ↗	kˈiʔ↗ ˈaː	0	0	0	0
kỵa	TONE_NANG	kiəʔ↓	kˈiʔ↓ ˈaː	0	0	0	0
kyao	TONE_NGANG	kiə→w	kˈaɪə ˈoʊ	0	0	0	0
kỳao	TONE_HUYEN	kiə↘w	kˈi↘ ˈaːˈɔ	0	0	0	0
kýao	TONE_SAC	kiə↗w	kˈi↗ ˈaːˈɔ	0	0	0	0
kŷao	TONE_HOI	kiə↓w	kˈaɪə ˈoʊ	0	0	0	0
kỹao	TONE_NGA	kiəʔ↗w	kˈiʔ↗ ˈaːˈɔ	0	0	0	0
kỵao	TONE_NANG	kiəʔ↓w	kˈiʔ↓ ˈaːˈɔ	0	0	0	0
kyau	TONE_NGANG	kiə→w	kˈaɪə jˈuː	0	0	0	0
kỳau	TONE_HUYEN	kiə↘w	kˈi↘ ˈaːˈu	0	0	0	0
kýau	TONE_SAC	kiə↗w	kˈi↗ ˈaːˈu	0	0	0	0
kŷau	TONE_HOI	kiə↓w	kˈaɪə jˈuː	0	0	0	0
kỹau	TONE_NGA	kiəʔ↗w	kˈiʔ↗ ˈaːˈu	0	0	0	0
kỵau	TONE_NANG	kiəʔ↓w	kˈiʔ↓ ˈaːˈu	0	0	0	0
kyam	TONE_NGANG	kiə→m	kˈi æm	0	0	0	0
kỳam	TONE_HUYEN	kiə↘m	kˈi↘ ˈaːm	0	0	0	0
kýam	TONE_SAC	kiə↗m	kˈi↗ ˈaːm	0	0	0	0
kŷam	TONE_HOI	kiə↓m	kˈi æm	0	0	0	0
kỹam	TONE_NGA	kiəʔ↗m	kˈiʔ↗ ˈaːm	0	0	0	0
kỵam	TONE_NANG	kiəʔ↓m	kˈiʔ↓ ˈaːm	0	0	0	0
kyan	TONE_NGANG	kiə→n	kˈaɪən	0	0	0	0
kỳan	TONE_HUYEN	kiə↘n	kˈi↘ ˈaːn	0	0	0	0
kýan	TONE_SAC	kiə↗n	kˈi↗ ˈaːn	0	0	0	0
kŷan	TONE_HOI	kiə↓n	kˈaɪən	0	0	0	0
kỹan	TONE_NGA	kiəʔ↗n	kˈiʔ↗ ˈaːn	0	0	0	0
kỵan	TONE_NANG	kiəʔ↓n	kˈiʔ↓ ˈaːn	0	0	0	0
kýap	TONE_SAC	kiə↗p	kˈi↗ ˈaː↗p	0	0	0	0
kỵap	TONE_NANG	kiəʔ↓p	kˈiʔ↓ ˈaː↗p	0	0	0	0
kýat	TONE_SAC	kiə↗t	kˈi↗ ˈaː↗t	0	0	0	0
kỵat	TONE_NANG	kiəʔ↓t	kˈiʔ↓ ˈaː↗t	0	0	0	0
kyang	TONE_NGANG	kiə→ŋ	kˈi ˈaːŋ	0	0	0	0
kỳang	TONE_HUYEN	kiə↘ŋ	kˈi↘ ˈaːŋ	0	0	0	0
kýang	TONE_SAC	kiə↗ŋ	kˈi↗ ˈaːŋ	0	0	0	0
kŷang	TONE_HOI	kiə↓ŋ	kˈi ˈaːŋ	0	0	0	0
kỹang	TONE_NGA	kiəʔ↗ŋ	kˈiʔ↗ ˈaːŋ	0	0	0	0
kỵang	TONE_NANG	kiəʔ↓ŋ	kˈiʔ↓ ˈaːŋ	0	0	0	0
kyanh	TONE_NGANG	kiə→ɲ	kˈi ˈæɲ	0	0	0	0
kỳanh	TONE_HUYEN	kiə↘ɲ	kˈi↘ ˈæɲ	0	0	0	0
kýanh	TONE_SAC	kiə↗ɲ	kˈi↗ ˈæɲ	0	0	0	0
kŷanh	TONE_HOI	kiə↓ɲ	kˈi ˈæɲ	0	0	0	0
kỹanh	TONE_NGA	kiəʔ↗ɲ	kˈiʔ↗ ˈæɲ	0	0	0	0
kỵanh	TONE_NANG	kiəʔ↓ɲ	kˈiʔ↓ ˈæɲ	0	0	0	0
kýac	TONE_SAC	kiə↗k	kˈi↗ ˈaː↗c	0	0	0	0
kỵac	TONE_NANG	kiəʔ↓k	kˈiʔ↓ ˈaː↗c	0	0	0	0
kýach	TONE_SAC	kiə↗k	kˈi↗ ˈæ↗c	0	0	0	0
kỵach	TONE_NANG	kiəʔ↓k	kˈiʔ↓ ˈæ↗c	0	0	0	0
kươ	TONE_NGANG	kɨə→	kˈaːˈyˈəː	0	0	0	0
kườ	TONE_HUYEN	kɨə↘	kˈaːˈyˈəː↘	1	0	0	0
kướ	TONE_SAC	kɨə↗	kˈaːˈyˈəː↗	1	0	0	0
kươ̂	TONE_HOI	kɨə↓	kˈaːˈyˈəː	0	0	0	0
kưỡ	TONE_NGA	kɨəʔ↗	kˈaːˈyˈəːʔ↗	1	0	0	0
kượ	TONE_NANG	kɨəʔ↓	kˈaːˈyˈəːʔ↓	1	0	0	0
kươi	TONE_NGANG	kɨə→j	kˈaː ˈyˈəːˈi	0	0	0	0
kười	TONE_HUYEN	kɨə↘j	kˈaː ˈyˈəː↘ˈi	0	0	0	0
kưới	TONE_SAC	kɨə↗j	kˈaː ˈyˈəː↗ˈi	0	0	0	0
kươ̂i	TONE_HOI	kɨə↓j	kˈaːˈyˈəː ˈi	0	0	0	0
kưỡi	TONE_NGA	kɨəʔ↗j	kˈaː ˈyˈəːʔ↗ˈi	0	0	0	0
kượi	TONE_NANG	kɨəʔ↓j	kˈaː ˈyˈəːʔ↓ˈi	0	0	0	0
kươy	TONE_NGANG	kɨə→j	kˈaː ˈyˈəːˈi	0	0	0	0
kườy	TONE_HUYEN	kɨə↘j	kˈaː ˈyˈəː↘ˈi	0	0	0	0
kướy	TONE_SAC	kɨə↗j	kˈaː ˈyˈəː↗ˈi	0	0	0	0
kươ̂y	TONE_HOI	kɨə↓j	kˈaːˈyˈəː ˈi	0	0	0	0
kưỡy	TONE_NGA	kɨəʔ↗j	kˈaː ˈyˈəːʔ↗ˈi	0	0	0	0
kượy	TONE_NANG	kɨəʔ↓j	kˈaː ˈyˈəːʔ↓ˈi	0	0	0	0
kươo	TONE_NGANG	kɨə→w	kˈaː ˈyˈəːˈɔ	0	0	0	0
kườo	TONE_HUYEN	kɨə↘w	kˈaː ˈyˈəː↘ˈɔ	1	0	0	0
kướo	TONE_SAC	kɨə↗w	kˈaː ˈyˈəː↗ˈɔ	1	0	0	0
kươ̂o	TONE_HOI	kɨə↓w	kˈaːˈyˈəː ˈo	0	0	0	0
kưỡo	TONE_NGA	kɨəʔ↗w	kˈaː ˈyˈəːʔ↗ˈɔ	1	0	0	0
kượo	TONE_NANG	kɨəʔ↓w	kˈaː ˈyˈəːʔ↓ˈɔ	1	0	0	0
kươu	TONE_NGANG	kɨə→w	kˈaː ˈyˈəːˈu	0	0	0	0
kườu	TONE_HUYEN	kɨə↘w	kˈaː ˈyˈəː↘ˈu	0	0	0	0
kướu	TONE_SAC	kɨə↗w	kˈaː ˈyˈəː↗ˈu	0	0	0	0
kươ̂u	TONE_HOI	kɨə↓w	kˈaːˈyˈəː ˈu	0	0	0	0
kưỡu	TONE_NGA	kɨəʔ↗w	kˈaː ˈyˈəːʔ↗ˈu	0	0	0	0
kượu	TONE_NANG	kɨəʔ↓w	kˈaː ˈyˈəːʔ↓ˈu	0	0	0	0
kươm	TONE_NGANG	kɨə→m	kˈaː ˈyəm	0	0	0	0
kườm	TONE_HUYEN	kɨə↘m	kˈaː ˈyə↘m	1	0	0	0
kướm	TONE_SAC	kɨə↗m	kˈaː ˈyə↗m	1	0	0	0
kươ̂m	TONE_HOI	kɨə↓m	kˈaːˈyˈəː mˈəː↘	0	0	0	0
kưỡm	TONE_NGA	kɨəʔ↗m	kˈaː ˈyəʔ↗m	1	0	0	0
kượm	TONE_NANG	kɨəʔ↓m	kˈaː ˈyəʔ↓m	1	0	0	0
kướp	TONE_SAC	kɨə↗p	kˈaː ˈyə↗p	1	0	0	0
kượp	TONE_NANG	kɨəʔ↓p	kˈaː ˈyəʔ↓p	1	0	0	0
kướt	TONE_SAC	kɨə↗t	kˈaː ˈyə↗t	1	0	0	0
kượt	TONE_NANG	kɨəʔ↓t	kˈaː ˈyəʔ↓t	1	0	0	0
kương	TONE_NGANG	kɨə→ŋ	kˈaː ˈyəŋ	0	0	0	0
kường	TONE_HUYEN	kɨə↘ŋ	kˈaː ˈyə↘ŋ	1	0	0	0
kướng	TONE_SAC	kɨə↗ŋ	kˈaː ˈyə↗ŋ	1	0	0	0
kươ̂ng	TONE_HOI	kɨə↓ŋ	kˈaːˈyˈəː ˌɛndʒˈiː	0	0	0	0
kưỡng	TONE_NGA	kɨəʔ↗ŋ	kˈaː ˈyəʔ↗ŋ	1	0	0	0
kượng	TONE_NANG	kɨəʔ↓ŋ	kˈaː ˈyəʔ↓ŋ	1	0	0	0
kước	TONE_SAC	kɨə↗k	kˈaː ˈyə↗c	1	0	0	0
kược	TONE_NANG	kɨəʔ↓k	kˈaː ˈyəʔ↓c	1	0	0	0
kướch	TONE_SAC	kɨə↗k	kˈaː ˈyə↗c hˈa↗t	0	0	0	0
kượch	TONE_NANG	kɨəʔ↓k	kˈaː ˈyəʔ↓c hˈa↗t	0	0	0	0
kưa	TONE_NGANG	kɨə→	kˈaːˈyˈaː	0	0	0	0
kừa	TONE_HUYEN	kɨə↘	kˈaːˈy↘ˈaː	0	0	0	0
kứa	TONE_SAC	kɨə↗	kˈaːˈy↗ˈaː	0	0	0	0
kư̂a	TONE_HOI	kɨə↓	kˈaːˈy ˈaː	0	0	0	0
kữa	TONE_NGA	kɨəʔ↗	kˈaːˈyʔ↗ˈaː	0	0	0	0
kựa	TONE_NANG	kɨəʔ↓	kˈaːˈyʔ↓ˈaː	0	0	0	0
kưai	TONE_NGANG	kɨə→j	kˈaːˈy ˈaːˈi	0	0	0	0
kừai	TONE_HUYEN	kɨə↘j	kˈaːˈy↘ ˈaːˈi	0	0	0	0
kứai	TONE_SAC	kɨə↗j	kˈaːˈy↗ ˈaːˈi	0	0	0	0
kư̂ai	TONE_HOI	kɨə↓j	kˈaːˈy ˈaːj	0	0	0	0
kữai	TONE_NGA	kɨəʔ↗j	kˈaːˈyʔ↗ ˈaːˈi	0	0	0	0
kựai	TONE_NANG	kɨəʔ↓j	kˈaːˈyʔ↓ ˈaːˈi	0	0	0	0
kưay	TONE_NGANG	kɨə→j	kˈaː ˈyˈaːˈi	0	0	0	0
kừay	TONE_HUYEN	kɨə↘j	kˈaː ˈy↘ˈaːˈi	0	0	0	0
kứay	TONE_SAC	kɨə↗j	kˈaː ˈy↗ˈaːˈi	0	0	0	0
kư̂ay	TONE_HOI	kɨə↓j	kˈaːˈy ˈaj	0	0	0	0
kữay	TONE_NGA	kɨəʔ↗j	kˈaː ˈyʔ↗ˈaːˈi	0	0	0	0
kựay	TONE_NANG	kɨəʔ↓j	kˈaː ˈyʔ↓ˈaːˈi	0	0	0	0
kưao	TONE_NGANG	kɨə→w	kˈaː ˈyˈaːˈɔ	0	0	0	0
kừao	TONE_HUYEN	kɨə↘w	kˈaː ˈy↘ˈaːˈɔ	0	0	0	0
kứao	TONE_SAC	kɨə↗w	kˈaː ˈy↗ˈaːˈɔ	0	0	0	0
kư̂ao	TONE_HOI	kɨə↓w	kˈaːˈy ˈaːw	0	0	0	0
kữao	TONE_NGA	kɨəʔ↗w	kˈaː ˈyʔ↗ˈaːˈɔ	0	0	0	0
kựao	TONE_NANG	kɨəʔ↓w	kˈaː ˈyʔ↓ˈaːˈɔ	0	0	0	0
kưau	TONE_NGANG	kɨə→w	kˈaːˈy ˈaːˈu	0	0	0	0
kừau	TONE_HUYEN	kɨə↘w	kˈaːˈy↘ ˈaːˈu	0	0	0	0
kứau	TONE_SAC	kɨə↗w	kˈaːˈy↗ ˈaːˈu	0	0	0	0
kư̂au	TONE_HOI	kɨə↓w	kˈaːˈy ˈaw	0	0	0	0
kữau	TONE_NGA	kɨəʔ↗w	kˈaːˈyʔ↗ ˈaːˈu	0	0	0	0
kựau	TONE_NANG	kɨəʔ↓w	kˈaːˈyʔ↓ ˈaːˈu	0	0	0	0
kưam	TONE_NGANG	kɨə→m	kˈaːˈy ˈaːm	0	0	0	0
kừam	TONE_HUYEN	kɨə↘m	kˈaːˈy↘ ˈaːm	0	0	0	0
kứam	TONE_SAC	kɨə↗m	kˈaːˈy↗ ˈaːm	0	0	0	0
kư̂am	TONE_HOI	kɨə↓m	kˈaːˈy ˈaːm	0	0	0	0
kữam	TONE_NGA	kɨəʔ↗m	kˈaːˈyʔ↗ ˈaːm	0	0	0	0
kựam	TONE_NANG	kɨəʔ↓m	kˈaːˈyʔ↓ ˈaːm	0	0	0	0
kứap	TONE_SAC	kɨə↗p	kˈaːˈy↗ ˈaː↗p	0	0	0	0
kựap	TONE_NANG	kɨəʔ↓p	kˈaːˈyʔ↓ ˈaː↗p	0	0	0	0
kứat	TONE_SAC	kɨə↗t	kˈaːˈy↗ ˈaː↗t	0	0	0	0
kựat	TONE_NANG	kɨəʔ↓t	kˈaːˈyʔ↓ ˈaː↗t	0	0	0	0
kưang	TONE_NGANG	kɨə→ŋ	kˈaːˈy ˈaːŋ	0	0	0	0
kừang	TONE_HUYEN	kɨə↘ŋ	kˈaːˈy↘ ˈaːŋ	0	0	0	0
kứang	TONE_SAC	kɨə↗ŋ	kˈaːˈy↗ ˈaːŋ	0	0	0	0
kư̂ang	TONE_HOI	kɨə↓ŋ	kˈaːˈy ˈaːŋ	0	0	0	0
kữang	TONE_NGA	kɨəʔ↗ŋ	kˈaːˈyʔ↗ ˈaːŋ	0	0	0	0
kựang	TONE_NANG	kɨəʔ↓ŋ	kˈaːˈyʔ↓ ˈaːŋ	0	0	0	0
kứac	TONE_SAC	kɨə↗k	kˈaːˈy↗ ˈaː↗c	0	0	0	0
kựac	TONE_NANG	kɨəʔ↓k	kˈaːˈyʔ↓ ˈaː↗c	0	0	0	0
kứach	TONE_SAC	kɨə↗k	kˈaːˈy↗ ˈæ↗c	0	0	0	0
kựach	TONE_NANG	kɨəʔ↓k	kˈaːˈyʔ↓ ˈæ↗c	0	0	0	0
kuô	TONE_NGANG	kuə→	kˈuː ˈo	0	0	0	0
kuồ	TONE_HUYEN	kuə↘	kˈuː ˈo↘	1	0	0	0
kuố	TONE_SAC	kuə↗	kˈuː ˈo↗	1	0	0	0
kuô̂	TONE_HOI	kuə↓	kˈuː ˈo	0	0	0	0
kuỗ	TONE_NGA	kuəʔ↗	kˈuː ˈoʔ↗	1	0	0	0
kuộ	TONE_NANG	kuəʔ↓	kˈuː ˈoʔ↓	1	0	0	0
kuôi	TONE_NGANG	kuə→j	kˈuː ˈoˈi	0	0	0	0
kuồi	TONE_HUYEN	kuə↘j	kˈuː ˈo↘ˈi	0	0	0	0
kuối	TONE_SAC	kuə↗j	kˈuː ˈo↗ˈi	0	0	0	0
kuô̂i	TONE_HOI	kuə↓j	kˈuː ˈo ˈi	0	0	0	0
kuỗi	TONE_NGA	kuəʔ↗j	kˈuː ˈoʔ↗ˈi	0	0	0	0
kuội	TONE_NANG	kuəʔ↓j	kˈuː ˈoʔ↓ˈi	0	0	0	0
kuôy	TONE_NGANG	kuə→j	kˈuː ˈoˈi	0	0	0	0
kuồy	TONE_HUYEN	kuə↘j	kˈuː ˈo↘ˈi	0	0	0	0
kuốy	TONE_SAC	kuə↗j	kˈuː ˈo↗ˈi	0	0	0	0
kuô̂y	TONE_HOI	kuə↓j	kˈuː ˈo ˈi	0	0	0	0
kuỗy	TONE_NGA	kuəʔ↗j	kˈuː ˈoʔ↗ˈi	0	0	0	0
kuộy	TONE_NANG	kuəʔ↓j	kˈuː ˈoʔ↓ˈi	0	0	0	0
kuôn	TONE_NGANG	kuə→n	kˈuː ˈon	0	0	0	0
kuồn	TONE_HUYEN	kuə↘n	kˈuː ˈo↘n	1	0	0	0
kuốn	TONE_SAC	kuə↗n	kˈuː ˈo↗n	1	0	0	0
kuô̂n	TONE_HOI	kuə↓n	kˈuː ˈo nˈəː↘	0	0	0	0
kuỗn	TONE_NGA	kuəʔ↗n	kˈuː ˈoʔ↗n	1	0	0	0
kuộn	TONE_NANG	kuəʔ↓n	kˈuː ˈoʔ↓n	1	0	0	0
kuốp	TONE_SAC	kuə↗p	kˈuː ˈo↗p	1	0	0	0
kuộp	TONE_NANG	kuəʔ↓p	kˈuː ˈoʔ↓p	1	0	0	0
kuốt	TONE_SAC	kuə↗t	kˈuː ˈo↗t	1	0	0	0
kuột	TONE_NANG	kuəʔ↓t	kˈuː ˈoʔ↓t	1	0	0	0
kuông	TONE_NGANG	kuə→ŋ	kˈuː ˈoŋ	0	0	0	0
kuồng	TONE_HUYEN	kuə↘ŋ	kˈuː ˈo↘ŋ	1	0	0	0
kuống	TONE_SAC	kuə↗ŋ	kˈuː ˈo↗ŋ	1	0	0	0
kuô̂ng	TONE_HOI	kuə↓ŋ	kˈuː ˈo ˌɛndʒˈiː	0	0	0	0
kuỗng	TONE_NGA	kuəʔ↗ŋ	kˈuː ˈoʔ↗ŋ	1	0	0	0
kuộng	TONE_NANG	kuəʔ↓ŋ	kˈuː ˈoʔ↓ŋ	1	0	0	0
kuốc	TONE_SAC	kuə↗k	kˈuː ˈo↗k	1	0	0	0
kuộc	TONE_NANG	kuəʔ↓k	kˈuː ˈoʔ↓k	1	0	0	0
kuốch	TONE_SAC	kuə↗k	kˈuː ˈo↗k hˈa↗t	0	0	0	0
kuộch	TONE_NANG	kuəʔ↓k	kˈuː ˈoʔ↓k hˈa↗t	0	0	0	0
kua	TONE_NGANG	kuə→	kjˈuːæ	0	0	0	0
kùa	TONE_HUYEN	kuə↘	kˈaːˈu↘ˈaː	0	0	0	0
kúa	TONE_SAC	kuə↗	kˈaːˈu↗ˈaː	0	0	0	0
kûa	TONE_HOI	kuə↓	kjˈuːæ	0	0	0	0
kũa	TONE_NGA	kuəʔ↗	kˈaːˈuʔ↗ˈaː	0	0	0	0
kụa	TONE_NANG	kuəʔ↓	kˈaːˈuʔ↓ˈaː	0	0	0	0
kuai	TONE_NGANG	kuə→j	kjˈuːaɪ	0	0	0	0
kùai	TONE_HUYEN	kuə↘j	kˈaːˈu↘ ˈaːˈi	0	0	0	0
kúai	TONE_SAC	kuə↗j	kˈaːˈu↗ ˈaːˈi	0	0	0	0
kûai	TONE_HOI	kuə↓j	kjˈuːaɪ	0	0	0	0
kũai	TONE_NGA	kuəʔ↗j	kˈaːˈuʔ↗ ˈaːˈi	0	0	0	0
kụai	TONE_NANG	kuəʔ↓j	kˈaːˈuʔ↓ ˈaːˈi	0	0	0	0
kuay	TONE_NGANG	kuə→j	kjˈuːæ wˈaɪ	0	0	0	0
kùay	TONE_HUYEN	kuə↘j	kˈaː ˈu↘ˈaːˈi	0	0	0	0
kúay	TONE_SAC	kuə↗j	kˈaː ˈu↗ˈaːˈi	0	0	0	0
kûay	TONE_HOI	kuə↓j	kjˈuːæ wˈaɪ	0	0	0	0
kũay	TONE_NGA	kuəʔ↗j	kˈaː ˈuʔ↗ˈaːˈi	0	0	0	0
kụay	TONE_NANG	kuəʔ↓j	kˈaː ˈuʔ↓ˈaːˈi	0	0	0	0
kao	TONE_NGANG	kaː→w	kˈaʊ	0	0	0	0
kào	TONE_HUYEN	kaː↘w	kˈaːˈaː↘ˈɔ	1	0	0	0
káo	TONE_SAC	kaː↗w	kˈaːˈaː↗ˈɔ	1	0	0	0
kâo	TONE_HOI	kaː↓w	kˈaːˌeɪsˈ↗ːkəmflˌɛksˈɔ	0	0	0	0
kão	TONE_NGA	kaːʔ↗w	kˈaːˈaːʔ↗ˈɔ	1	0	0	0
kạo	TONE_NANG	kaːʔ↓w	kˈaːˈaːʔ↓ˈɔ	1	0	0	0
kau	TONE_NGANG	ka→w	kˈaʊ	0	0	0	0
kàu	TONE_HUYEN	ka↘w	kˈaːˈaː↘ˈu	0	0	0	0
káu	TONE_SAC	ka↗w	kˈaːˈaː↗ˈu	0	0	0	0
kâu	TONE_HOI	ka↓w	kˈaːˌeɪsˈ↗ːkəmflˌɛksˈu	0	0	0	0
kãu	TONE_NGA	kaʔ↗w	kˈaːˈaːʔ↗ˈu	0	0	0	0
kạu	TONE_NANG	kaʔ↓w	kˈaːˈaːʔ↓ˈu	0	0	0	0
kuan	TONE_NGANG	kuə→n	kwˈæn	0	0	0	0
kùan	TONE_HUYEN	kuə↘n	kˈaːˈu↘ ˈaːn	0	0	0	0
kúan	TONE_SAC	kuə↗n	kˈaːˈu↗ ˈaːn	0	0	0	0
kûan	TONE_HOI	kuə↓n	kwˈæn	0	0	0	0
kũan	TONE_NGA	kuəʔ↗n	kˈaːˈuʔ↗ ˈaːn	0	0	0	0
kụan	TONE_NANG	kuəʔ↓n	kˈaːˈuʔ↓ ˈaːn	0	0	0	0
kúap	TONE_SAC	kuə↗p	kˈaːˈu↗ ˈaː↗p	0	0	0	0
kụap	TONE_NANG	kuəʔ↓p	kˈaːˈuʔ↓ ˈaː↗p	0	0	0	0
kúat	TONE_SAC	kuə↗t	kˈaːˈu↗ ˈaː↗t	0	0	0	0
kụat	TONE_NANG	kuəʔ↓t	kˈaːˈuʔ↓ ˈaː↗t	0	0	0	0
kuang	TONE_NGANG	kuə→ŋ	kwˈæŋɡ	0	0	0	0
kùang	TONE_HUYEN	kuə↘ŋ	kˈaːˈu↘ ˈaːŋ	0	0	0	0
kúang	TONE_SAC	kuə↗ŋ	kˈaːˈu↗ ˈaːŋ	0	0	0	0
kûang	TONE_HOI	kuə↓ŋ	kwˈæŋɡ	0	0	0	0
kũang	TONE_NGA	kuəʔ↗ŋ	kˈaːˈuʔ↗ ˈaːŋ	0	0	0	0
kụang	TONE_NANG	kuəʔ↓ŋ	kˈaːˈuʔ↓ ˈaːŋ	0	0	0	0
kanh	TONE_NGANG	kaː→ɲ	kˈeɪ ˈæɲ	0	0	0	1
kành	TONE_HUYEN	kaː↘ɲ	kˈaː ˈæ↘ɲ	1	0	0	1
kánh	TONE_SAC	kaː↗ɲ	kˈaː ˈæ↗ɲ	1	0	0	1
kânh	TONE_HOI	kaː↓ɲ	kˈaː ˈən hˈa↗t	0	0	0	1
kãnh	TONE_NGA	kaːʔ↗ɲ	kˈaː ˈæʔ↗ɲ	1	0	0	1
kạnh	TONE_NANG	kaːʔ↓ɲ	kˈaː ˈæʔ↓ɲ	1	0	0	1
kúac	TONE_SAC	kuə↗k	kˈaːˈu↗ ˈaː↗c	0	0	0	0
kụac	TONE_NANG	kuəʔ↓k	kˈaːˈuʔ↓ ˈaː↗c	0	0	0	0
kúach	TONE_SAC	kuə↗k	kˈaːˈu↗ ˈæ↗c	0	0	0	0
kụach	TONE_NANG	kuəʔ↓k	kˈaːˈuʔ↓ ˈæ↗c	0	0	0	0
ka	TONE_NGANG	kaː→	kˈɑː	0	0	0	0
kà	TONE_HUYEN	kaː↘	kˈaːˈaː↘	1	0	0	0
ká	TONE_SAC	kaː↗	kˈaːˈaː↗	1	0	0	0
kâ	TONE_HOI	kaː↓	kˈaːˌeɪsˈ↗ːkəmflˌɛks	0	0	0	0
kã	TONE_NGA	kaːʔ↗	kˈaːˈaːʔ↗	1	0	0	0
kạ	TONE_NANG	kaːʔ↓	kˈaːˈaːʔ↓	1	0	0	0
kai	TONE_NGANG	kaː→j	kˈaɪ	0	0	0	0
kài	TONE_HUYEN	kaː↘j	kˈaːˈaː↘ˈi	0	0	0	0
kái	TONE_SAC	kaː↗j	kˈaːˈaː↗ˈi	0	0	0	0
kâi	TONE_HOI	kaː↓j	kˈaːˌeɪsˈ↗ːkəmflˌɛksˈi	0	0	0	0
kãi	TONE_NGA	kaːʔ↗j	kˈaːˈaːʔ↗ˈi	0	0	0	0
kại	TONE_NANG	kaːʔ↓j	kˈaːˈaːʔ↓ˈi	0	0	0	0
kay	TONE_NGANG	ka→j	kˈeɪ	0	0	0	0
kày	TONE_HUYEN	ka↘j	kˈaːˈaː↘ˈi	0	0	0	0
káy	TONE_SAC	ka↗j	kˈaːˈaː↗ˈi	0	0	0	0
kây	TONE_HOI	ka↓j	kˈaːˌeɪsˈ↗ːkəmflˌɛksˈi	0	0	0	0
kãy	TONE_NGA	kaʔ↗j	kˈaːˈaːʔ↗ˈi	0	0	0	0
kạy	TONE_NANG	kaʔ↓j	kˈaːˈaːʔ↓ˈi	0	0	0	0
kao	TONE_NGANG	kaː→w	kˈaʊ	0	0	0	0
kào	TONE_HUYEN	kaː↘w	kˈaːˈaː↘ˈɔ	1	0	0	0
káo	TONE_SAC	kaː↗w	kˈaːˈaː↗ˈɔ	1	0	0	0
kâo	TONE_HOI	kaː↓w	kˈaːˌeɪsˈ↗ːkəmflˌɛksˈɔ	0	0	0	0
kão	TONE_NGA	kaːʔ↗w	kˈaːˈaːʔ↗ˈɔ	1	0	0	0
kạo	TONE_NANG	kaːʔ↓w	kˈaːˈaːʔ↓ˈɔ	1	0	0	0
kau	TONE_NGANG	ka→w	kˈaʊ	0	0	0	0
kàu	TONE_HUYEN	ka↘w	kˈaːˈaː↘ˈu	0	0	0	0
káu	TONE_SAC	ka↗w	kˈaːˈaː↗ˈu	0	0	0	0
kâu	TONE_HOI	ka↓w	kˈaːˌeɪsˈ↗ːkəmflˌɛksˈu	0	0	0	0
kãu	TONE_NGA	kaʔ↗w	kˈaːˈaːʔ↗ˈu	0	0	0	0
kạu	TONE_NANG	kaʔ↓w	kˈaːˈaːʔ↓ˈu	0	0	0	0
kam	TONE_NGANG	kaː→m	kˈæm	0	0	0	0
kàm	TONE_HUYEN	kaː↘m	kˈaː ˈaː↘m	1	0	0	0
kám	TONE_SAC	kaː↗m	kˈaː ˈaː↗m	1	0	0	0
kâm	TONE_HOI	kaː↓m	kˈaː ˈəm	0	0	0	0
kãm	TONE_NGA	kaːʔ↗m	kˈaː ˈaːʔ↗m	1	0	0	0
kạm	TONE_NANG	kaːʔ↓m	kˈaː ˈaːʔ↓m	1	0	0	0
kan	TONE_NGANG	kaː→n	kˈæn	0	0	0	0
kàn	TONE_HUYEN	kaː↘n	kˈaː ˈaː↘n	1	0	0	0
kán	TONE_SAC	kaː↗n	kˈaː ˈaː↗n	1	0	0	0
kân	TONE_HOI	kaː↓n	kˈaː ˈən	0	0	0	0
kãn	TONE_NGA	kaːʔ↗n	kˈaː ˈaːʔ↗n	1	0	0	0
kạn	TONE_NANG	kaːʔ↓n	kˈaːʔ↓n	1	0	0	0
káp	TONE_SAC	kaː↗p	kˈaː ˈaː↗p	1	0	0	0
kạp	TONE_NANG	kaːʔ↓p	kˈaː ˈaːʔ↓p	1	0	0	0
kát	TONE_SAC	kaː↗t	kˈaː ˈaː↗t	1	0	0	0
kạt	TONE_NANG	kaːʔ↓t	kˈaː ˈaːʔ↓t	1	0	0	0
kang	TONE_NGANG	kaː→ŋ	kˈæŋ	0	0	0	0
kàng	TONE_HUYEN	kaː↘ŋ	kˈaː ˈaː↘ŋ	1	0	0	0
káng	TONE_SAC	kaː↗ŋ	kˈaː ˈaː↗ŋ	1	0	0	0
kâng	TONE_HOI	kaː↓ŋ	kˈaː ˈəŋ	0	0	0	0
kãng	TONE_NGA	kaːʔ↗ŋ	kˈaː ˈaːʔ↗ŋ	1	0	0	0
kạng	TONE_NANG	kaːʔ↓ŋ	kˈaː ˈaːʔ↓ŋ	1	0	0	0
kanh	TONE_NGANG	kaː→ɲ	kˈeɪ ˈæɲ	0	0	0	1
kành	TONE_HUYEN	kaː↘ɲ	kˈaː ˈæ↘ɲ	1	0	0	1
kánh	TONE_SAC	kaː↗ɲ	kˈaː ˈæ↗ɲ	1	0	0	1
kânh	TONE_HOI	kaː↓ɲ	kˈaː ˈən hˈa↗t	0	0	0	1
kãnh	TONE_NGA	kaːʔ↗ɲ	kˈaː ˈæʔ↗ɲ	1	0	0	1
kạnh	TONE_NANG	kaːʔ↓ɲ	kˈaː ˈæʔ↓ɲ	1	0	0	1
kác	TONE_SAC	kaː↗k	kˈaː ˈaː↗c	1	0	0	0
kạc	TONE_NANG	kaːʔ↓k	kˈaː ˈaːʔ↓c	1	0	0	0
kách	TONE_SAC	ka↗k	kˈaː ˈæ↗c	1	0	0	0
kạch	TONE_NANG	kaʔ↓k	kˈaː ˈæʔ↓c	1	0	0	0
kă	TONE_NGANG	ka→	kˈaːă	0	1	0	0
kằ	TONE_HUYEN	ka↘	kˈaːằ	0	1	0	0
kắ	TONE_SAC	ka↗	kˈaːắ	0	1	0	0
kă̂	TONE_HOI	ka↓	kˈaːă	0	1	0	0
kẵ	TONE_NGA	kaʔ↗	kˈaːẵ	0	1	0	0
kặ	TONE_NANG	kaʔ↓	kˈaːặ	0	1	0	0
kăm	TONE_NGANG	ka→m	kˈaː ˈam	0	0	0	0
kằm	TONE_HUYEN	ka↘m	kˈaː ˈa↘m	1	0	0	0
kắm	TONE_SAC	ka↗m	kˈaː ˈa↗m	1	0	0	0
kă̂m	TONE_HOI	ka↓m	kˈaːă mˈəː↘	0	1	0	0
kẵm	TONE_NGA	kaʔ↗m	kˈaː ˈaʔ↗m	1	0	0	0
kặm	TONE_NANG	kaʔ↓m	kˈaː ˈaʔ↓m	1	0	0	0
kăn	TONE_NGANG	ka→n	kˈaː ˈan	0	0	0	0
kằn	TONE_HUYEN	ka↘n	kˈaː ˈa↘n	1	0	0	0
kắn	TONE_SAC	ka↗n	kˈaː ˈa↗n	1	0	0	0
kă̂n	TONE_HOI	ka↓n	kˈaːă nˈəː↘	0	1	0	0
kẵn	TONE_NGA	kaʔ↗n	kˈaː ˈaʔ↗n	1	0	0	0
kặn	TONE_NANG	kaʔ↓n	kˈaː ˈaʔ↓n	1	0	0	0
kắp	TONE_SAC	ka↗p	kˈaː ˈa↗p	1	0	0	0
kặp	TONE_NANG	kaʔ↓p	kˈaː ˈaʔ↓p	1	0	0	0
kắt	TONE_SAC	ka↗t	kˈaː ˈa↗t	1	0	0	0
kặt	TONE_NANG	kaʔ↓t	kˈaː ˈaʔ↓t	1	0	0	0
kăng	TONE_NGANG	ka→ŋ	kˈaː ˈaŋ	0	0	0	0
kằng	TONE_HUYEN	ka↘ŋ	kˈaː ˈa↘ŋ	1	0	0	0
kắng	TONE_SAC	ka↗ŋ	kˈaː ˈa↗ŋ	1	0	0	0
kă̂ng	TONE_HOI	ka↓ŋ	kˈaːă ˌɛndʒˈiː	0	1	0	0
kẵng	TONE_NGA	kaʔ↗ŋ	kˈaː ˈaʔ↗ŋ	1	0	0	0
kặng	TONE_NANG	kaʔ↓ŋ	kˈaː ˈaʔ↓ŋ	1	0	0	0
kắc	TONE_SAC	ka↗k	kˈaː ˈa↗c	1	0	0	0
kặc	TONE_NANG	kaʔ↓k	kˈaː ˈaʔ↓c	1	0	0	0
kắch	TONE_SAC	ka↗k	kˈaː ˈa↗c hˈa↗t	0	0	0	0
kặch	TONE_NANG	kaʔ↓k	kˈaː ˈaʔ↓c hˈa↗t	0	0	0	0
kâ	TONE_NGANG	kə→	kˈaːˌeɪsˈ↗ːkəmflˌɛks	0	0	0	0
kầ	TONE_HUYEN	kə↘	kˈaːầ	0	1	0	0
kấ	TONE_SAC	kə↗	kˈaːấ	0	1	0	0
kâ̂	TONE_HOI	kə↓	kˈaːˌeɪsˈ↗ːkəmflˌɛks	0	0	0	0
kẫ	TONE_NGA	kəʔ↗	kˈaːẫ	0	1	0	0
kậ	TONE_NANG	kəʔ↓	kˈaːậ	0	1	0	0
kâi	TONE_NGANG	kə→j	kˈaːˌeɪsˈ↗ːkəmflˌɛksˈi	0	0	0	0
kầi	TONE_HUYEN	kə↘j	kˈaːầˈi	0	1	0	0
kấi	TONE_SAC	kə↗j	kˈaːấˈi	0	1	0	0
kâ̂i	TONE_HOI	kə↓j	kˈaːˌeɪsˈ↗ːkəmflˌɛks ˈi	0	0	0	0
kẫi	TONE_NGA	kəʔ↗j	kˈaːẫˈi	0	1	0	0
kậi	TONE_NANG	kəʔ↓j	kˈaːậˈi	0	1	0	0
kây	TONE_NGANG	kə→j	kˈaːˌeɪsˈ↗ːkəmflˌɛksˈi	0	0	0	0
kầy	TONE_HUYEN	kə↘j	kˈaːầˈi	0	1	0	0
kấy	TONE_SAC	kə↗j	kˈaːấˈi	0	1	0	0
kâ̂y	TONE_HOI	kə↓j	kˈaːˌeɪsˈ↗ːkəmflˌɛks ˈi	0	0	0	0
kẫy	TONE_NGA	kəʔ↗j	kˈaːẫˈi	0	1	0	0
kậy	TONE_NANG	kəʔ↓j	kˈaːậˈi	0	1	0	0
kâo	TONE_NGANG	kə→w	kˈaːˌeɪsˈ↗ːkəmflˌɛksˈɔ	0	0	0	0
kầo	TONE_HUYEN	kə↘w	kˈaːầˈɔ	0	1	0	0
kấo	TONE_SAC	kə↗w	kˈaːấˈɔ	0	1	0	0
kâ̂o	TONE_HOI	kə↓w	kˈaːˌeɪsˈ↗ːkəmflˌɛks ˈo	0	0	0	0
kẫo	TONE_NGA	kəʔ↗w	kˈaːẫˈɔ	0	1	0	0
kậo	TONE_NANG	kəʔ↓w	kˈaːậˈɔ	0	1	0	0
kâu	TONE_NGANG	kə→w	kˈaːˌeɪsˈ↗ːkəmflˌɛksˈu	0	0	0	0
kầu	TONE_HUYEN	kə↘w	kˈaːầˈu	0	1	0	0
kấu	TONE_SAC	kə↗w	kˈaːấˈu	0	1	0	0
kâ̂u	TONE_HOI	kə↓w	kˈaːˌeɪsˈ↗ːkəmflˌɛks ˈu	0	0	0	0
kẫu	TONE_NGA	kəʔ↗w	kˈaːẫˈu	0	1	0	0
kậu	TONE_NANG	kəʔ↓w	kˈaːậˈu	0	1	0	0
kâm	TONE_NGANG	kə→m	kˈaː ˈəm	0	0	0	0
kầm	TONE_HUYEN	kə↘m	kˈaː ˈə↘m	1	0	0	0
kấm	TONE_SAC	kə↗m	kˈaː ˈə↗m	1	0	0	0
kâ̂m	TONE_HOI	kə↓m	kˈaːˌeɪsˈ↗ːkəmflˌɛks mˈəː↘	0	0	0	0
kẫm	TONE_NGA	kəʔ↗m	kˈaː ˈəʔ↗m	1	0	0	0
kậm	TONE_NANG	kəʔ↓m	kˈaː ˈəʔ↓m	1	0	0	0
kân	TONE_NGANG	kə→n	kˈaː ˈən	0	0	0	0
kần	TONE_HUYEN	kə↘n	kˈaː ˈə↘n	1	0	0	0
kấn	TONE_SAC	kə↗n	kˈaː ˈə↗n	1	0	0	0
kâ̂n	TONE_HOI	kə↓n	kˈaːˌeɪsˈ↗ːkəmflˌɛks nˈəː↘	0	0	0	0
kẫn	TONE_NGA	kəʔ↗n	kˈaː ˈəʔ↗n	1	0	0	0
kận	TONE_NANG	kəʔ↓n	kˈaː ˈəʔ↓n	1	0	0	0
kấp	TONE_SAC	kə↗p	kˈaː ˈə↗p	1	0	0	0
kập	TONE_NANG	kəʔ↓p	kˈaː ˈəʔ↓p	1	0	0	0
kất	TONE_SAC	kə↗t	kˈaː ˈə↗t	1	0	0	0
kật	TONE_NANG	kəʔ↓t	kˈaː ˈəʔ↓t	1	0	0	0
kâng	TONE_NGANG	kə→ŋ	kˈaː ˈəŋ	0	0	0	0
kầng	TONE_HUYEN	kə↘ŋ	kˈaː ˈə↘ŋ	1	0	0	0
kấng	TONE_SAC	kə↗ŋ	kˈaː ˈə↗ŋ	1	0	0	0
kâ̂ng	TONE_HOI	kə↓ŋ	kˈaːˌeɪsˈ↗ːkəmflˌɛks ˌɛndʒˈiː	0	0	0	0
kẫng	TONE_NGA	kəʔ↗ŋ	kˈaː ˈəʔ↗ŋ	1	0	0	0
kậng	TONE_NANG	kəʔ↓ŋ	kˈaː ˈəʔ↓ŋ	1	0	0	0
kấc	TONE_SAC	kə↗k	kˈaː ˈə↗c	1	0	0	0
kậc	TONE_NANG	kəʔ↓k	kˈaː ˈəʔ↓c	1	0	0	0
kấch	TONE_SAC	kə↗k	kˈaː ˈə↗c hˈa↗t	0	0	0	0
kậch	TONE_NANG	kəʔ↓k	kˈaː ˈəʔ↓c hˈa↗t	0	0	0	0
ke	TONE_NGANG	kɛ→	kˈɛ	0	0	0	0
kè	TONE_HUYEN	kɛ↘	kˈɛ↘	1	0	0	0
ké	TONE_SAC	kɛ↗	kˈɛ↗	1	0	0	0
kê	TONE_HOI	kɛ↓	kˈe	0	0	0	0
kẽ	TONE_NGA	kɛʔ↗	kˈɛʔ↗	1	0	0	0
kẹ	TONE_NANG	kɛʔ↓	kˈɛʔ↓	1	0	0	0
keo	TONE_NGANG	kɛ→w	kˈɛw	0	0	0	0
kèo	TONE_HUYEN	kɛ↘w	kˈɛ↘w	1	0	0	0
kéo	TONE_SAC	kɛ↗w	kˈɛ↗w	1	0	0	0
kêo	TONE_HOI	kɛ↓w	kˈe ˈɔ	0	0	0	0
kẽo	TONE_NGA	kɛʔ↗w	kˈɛʔ↗w	1	0	0	0
kẹo	TONE_NANG	kɛʔ↓w	kˈɛʔ↓w	1	0	0	0
keu	TONE_NGANG	kɛ→w	kˈe→w	1	0	0	0
kèu	TONE_HUYEN	kɛ↘w	kˈɛ↘ ˈu	0	0	0	0
kéu	TONE_SAC	kɛ↗w	kˈɛ↗ ˈu	0	0	0	0
kêu	TONE_HOI	kɛ↓w	kˈe→w	0	0	0	0
kẽu	TONE_NGA	kɛʔ↗w	kˈɛʔ↗ ˈu	0	0	0	0
kẹu	TONE_NANG	kɛʔ↓w	kˈɛʔ↓ ˈu	0	0	0	0
kem	TONE_NGANG	kɛ→m	kˈɛm	0	0	0	0
kèm	TONE_HUYEN	kɛ↘m	kˈɛ↘m	1	0	0	0
kém	TONE_SAC	kɛ↗m	kˈɛ↗m	1	0	0	0
kêm	TONE_HOI	kɛ↓m	kˈem	0	0	0	0
kẽm	TONE_NGA	kɛʔ↗m	kˈɛʔ↗m	1	0	0	0
kẹm	TONE_NANG	kɛʔ↓m	kˈɛʔ↓m	1	0	0	0
ken	TONE_NGANG	kɛ→n	kˈɛn	0	0	0	0
kèn	TONE_HUYEN	kɛ↘n	kˈɛ↘n	1	0	0	0
kén	TONE_SAC	kɛ↗n	kˈɛ↗n	1	0	0	0
kên	TONE_HOI	kɛ↓n	kˈen	0	0	0	0
kẽn	TONE_NGA	kɛʔ↗n	kˈɛʔ↗n	1	0	0	0
kẹn	TONE_NANG	kɛʔ↓n	kˈɛʔ↓n	1	0	0	0
kép	TONE_SAC	kɛ↗p	kˈɛ↗p	1	0	0	0
kẹp	TONE_NANG	kɛʔ↓p	kˈɛʔ↓p	1	0	0	0
két	TONE_SAC	kɛ↗t	kˈɛ↗t	1	0	0	0
kẹt	TONE_NANG	kɛʔ↓t	kˈɛʔ↓t	1	0	0	0
keng	TONE_NGANG	kɛ→ŋ	kˈɛŋ	0	0	0	0
kèng	TONE_HUYEN	kɛ↘ŋ	kˈɛ↘ŋ	1	0	0	0
kéng	TONE_SAC	kɛ↗ŋ	kˈɛ↗ŋ	1	0	0	0
kêng	TONE_HOI	kɛ↓ŋ	kˈen ðˈe→	0	0	0	0
kẽng	TONE_NGA	kɛʔ↗ŋ	kˈɛʔ↗ŋ	1	0	0	0
kẹng	TONE_NANG	kɛʔ↓ŋ	kˈɛʔ↓ŋ	1	0	0	0
kéc	TONE_SAC	kɛ↗k	kˈɛ↗c	1	0	0	0
kẹc	TONE_NANG	kɛʔ↓k	kˈɛʔ↓c	1	0	0	0
kéch	TONE_SAC	kɛ↗k	kˈɛ↗c hˈa↗t	0	0	0	0
kẹch	TONE_NANG	kɛʔ↓k	kˈɛʔ↓c hˈa↗t	0	0	0	0
kê	TONE_NGANG	ke→	kˈe	0	0	0	0
kề	TONE_HUYEN	ke↘	kˈe↘	1	0	0	0
kế	TONE_SAC	ke↗	kˈe↗	1	0	0	0
kê̂	TONE_HOI	ke↓	kˈe	0	0	0	0
kễ	TONE_NGA	keʔ↗	kˈeʔ↗	1	0	0	0
kệ	TONE_NANG	keʔ↓	kˈeʔ↓	1	0	0	0
kêo	TONE_NGANG	ke→w	kˈe ˈɔ	0	0	0	0
kềo	TONE_HUYEN	ke↘w	kˈe↘ ˈɔ	1	0	0	0
kếo	TONE_SAC	ke↗w	kˈe↗ ˈɔ	1	0	0	0
kê̂o	TONE_HOI	ke↓w	kˈe ˈo	0	0	0	0
kễo	TONE_NGA	keʔ↗w	kˈeʔ↗ ˈɔ	1	0	0	0
kệo	TONE_NANG	keʔ↓w	kˈeʔ↓ ˈɔ	1	0	0	0
kêu	TONE_NGANG	ke→w	kˈe→w	1	0	0	0
kều	TONE_HUYEN	ke↘w	kˈe↘w	1	0	0	0
kếu	TONE_SAC	ke↗w	kˈe↗w	1	0	0	0
kê̂u	TONE_HOI	ke↓w	kˈe ˈu	0	0	0	0
kễu	TONE_NGA	keʔ↗w	kˈeʔ↗w	1	0	0	0
kệu	TONE_NANG	keʔ↓w	kˈeʔ↓w	1	0	0	0
kêm	TONE_NGANG	ke→m	kˈem	0	0	0	0
kềm	TONE_HUYEN	ke↘m	kˈe↘m	1	0	0	0
kếm	TONE_SAC	ke↗m	kˈe↗m	1	0	0	0
kê̂m	TONE_HOI	ke↓m	kˈe mˈəː↘	0	0	0	0
kễm	TONE_NGA	keʔ↗m	kˈeʔ↗m	1	0	0	0
kệm	TONE_NANG	keʔ↓m	kˈeʔ↓m	1	0	0	0
kên	TONE_NGANG	ke→n	kˈen	0	0	0	0
kền	TONE_HUYEN	ke↘n	kˈe↘n	1	0	0	0
kến	TONE_SAC	ke↗n	kˈe↗n	1	0	0	0
kê̂n	TONE_HOI	ke↓n	kˈe nˈəː↘	0	0	0	0
kễn	TONE_NGA	keʔ↗n	kˈeʔ↗n	1	0	0	0
kện	TONE_NANG	keʔ↓n	kˈeʔ↓n	1	0	0	0
kếp	TONE_SAC	ke↗p	kˈe↗p	1	0	0	0
kệp	TONE_NANG	keʔ↓p	kˈeʔ↓p	1	0	0	0
kết	TONE_SAC	ke↗t	kˈe↗t	1	0	0	0
kệt	TONE_NANG	keʔ↓t	kˈeʔ↓t	1	0	0	0
kênh	TONE_NGANG	ke→ɲ	kˈeɲ	0	0	0	0
kềnh	TONE_HUYEN	ke↘ɲ	kˈe↘ɲ	1	0	0	0
kếnh	TONE_SAC	ke↗ɲ	kˈe↗ɲ	1	0	0	0
kê̂nh	TONE_HOI	ke↓ɲ	kˈe ˌɛnˈeɪʧ	0	0	0	0
kễnh	TONE_NGA	keʔ↗ɲ	kˈeʔ↗ɲ	1	0	0	0
kệnh	TONE_NANG	keʔ↓ɲ	kˈeʔ↓ɲ	1	0	0	0
kếc	TONE_SAC	ke↗k	kˈe↗ sˈe	0	0	0	0
kệc	TONE_NANG	keʔ↓k	kˈeʔ↓ sˈe	0	0	0	0
kếch	TONE_SAC	ke↗k	kˈe↗c	1	0	0	0
kệch	TONE_NANG	keʔ↓k	kˈeʔ↓c	1	0	0	0
ki	TONE_NGANG	ki→	kˈi	0	0	0	0
kì	TONE_HUYEN	ki↘	kˈi↘	1	0	0	0
kí	TONE_SAC	ki↗	kˈi↗	1	0	0	0
kî	TONE_HOI	ki↓	kˈi	0	0	0	0
kĩ	TONE_NGA	kiʔ↗	kˈiʔ↗	1	0	0	0
kị	TONE_NANG	kiʔ↓	kˈiʔ↓	1	0	0	0
kio	TONE_NGANG	ki→w	kˈiːoʊ	0	0	0	0
kìo	TONE_HUYEN	ki↘w	kˈi↘ ˈɔ	1	0	0	0
kío	TONE_SAC	ki↗w	kˈi↗ ˈɔ	1	0	0	0
kîo	TONE_HOI	ki↓w	kˈiːoʊ	0	0	0	0
kĩo	TONE_NGA	kiʔ↗w	kˈiʔ↗ ˈɔ	1	0	0	0
kịo	TONE_NANG	kiʔ↓w	kˈiʔ↓ ˈɔ	1	0	0	0
kiu	TONE_NGANG	ki→w	kˈiw	0	0	0	0
kìu	TONE_HUYEN	ki↘w	kˈi↘w	1	0	0	0
kíu	TONE_SAC	ki↗w	kˈi↗w	1	0	0	0
kîu	TONE_HOI	ki↓w	kˈiw	0	0	0	0
kĩu	TONE_NGA	kiʔ↗w	kˈiʔ↗w	1	0	0	0
kịu	TONE_NANG	kiʔ↓w	kˈiʔ↓w	1	0	0	0
kim	TONE_NGANG	ki→m	kˈim	0	0	0	0
kìm	TONE_HUYEN	ki↘m	kˈi↘m	1	0	0	0
kím	TONE_SAC	ki↗m	kˈi↗m	1	0	0	0
kîm	TONE_HOI	ki↓m	kˈim	0	0	0	0
kĩm	TONE_NGA	kiʔ↗m	kˈiʔ↗m	1	0	0	0
kịm	TONE_NANG	kiʔ↓m	kˈiʔ↓m	1	0	0	0
kin	TONE_NGANG	ki→n	kˈin	0	0	0	0
kìn	TONE_HUYEN	ki↘n	kˈi↘n	1	0	0	0
kín	TONE_SAC	ki↗n	kˈi↗n	1	0	0	0
kîn	TONE_HOI	ki↓n	kˈin	0	0	0	0
kĩn	TONE_NGA	kiʔ↗n	kˈiʔ↗n	1	0	0	0
kịn	TONE_NANG	kiʔ↓n	kˈiʔ↓n	1	0	0	0
kíp	TONE_SAC	ki↗p	kˈi↗p	1	0	0	0
kịp	TONE_NANG	kiʔ↓p	kˈiʔ↓p	1	0	0	0
kít	TONE_SAC	ki↗t	kˈi↗t	1	0	0	0
kịt	TONE_NANG	kiʔ↓t	kˈiʔ↓t	1	0	0	0
kinh	TONE_NGANG	ki→ɲ	kˈiɲ	0	0	0	1
kình	TONE_HUYEN	ki↘ɲ	kˈi↘ɲ	1	0	0	1
kính	TONE_SAC	ki↗ɲ	kˈi↗ɲ	1	0	0	1
kînh	TONE_HOI	ki↓ɲ	kˈiɲ	0	0	0	1
kĩnh	TONE_NGA	kiʔ↗ɲ	kˈiʔ↗ɲ	1	0	0	1
kịnh	TONE_NANG	kiʔ↓ɲ	kˈiʔ↓ɲ	1	0	0	1
kíc	TONE_SAC	ki↗k	kˈi↗ sˈe	0	0	0	0
kịc	TONE_NANG	kiʔ↓k	kˈiʔ↓ sˈe	0	0	0	0
kích	TONE_SAC	ki↗k	kˈi↗c	1	0	0	0
kịch	TONE_NANG	kiʔ↓k	kˈiʔ↓c	1	0	0	0
ky	TONE_NGANG	ki→	kˈi	0	0	0	0
kỳ	TONE_HUYEN	ki↘	kˈi↘	1	0	0	0
ký	TONE_SAC	ki↗	kˈi↗	1	0	0	0
kŷ	TONE_HOI	ki↓	kˈi	0	0	0	0
kỹ	TONE_NGA	kiʔ↗	kˈiʔ↗	1	0	0	0
kỵ	TONE_NANG	kiʔ↓	kˈiʔ↓	1	0	0	0
kyo	TONE_NGANG	ki→w	kˈaɪoʊ	0	0	0	0
kỳo	TONE_HUYEN	ki↘w	kˈi↘ ˈɔ	1	0	0	0
kýo	TONE_SAC	ki↗w	kˈi↗ ˈɔ	1	0	0	0
kŷo	TONE_HOI	ki↓w	kˈaɪoʊ	0	0	0	0
kỹo	TONE_NGA	kiʔ↗w	kˈiʔ↗ ˈɔ	1	0	0	0
kỵo	TONE_NANG	kiʔ↓w	kˈiʔ↓ ˈɔ	1	0	0	0
kyu	TONE_NGANG	ki→w	kˈaɪuː	0	0	0	0
kỳu	TONE_HUYEN	ki↘w	kˈi↘ ˈu	0	0	0	0
kýu	TONE_SAC	ki↗w	kˈi↗ ˈu	0	0	0	0
kŷu	TONE_HOI	ki↓w	kˈaɪuː	0	0	0	0
kỹu	TONE_NGA	kiʔ↗w	kˈiʔ↗ ˈu	0	0	0	0
kỵu	TONE_NANG	kiʔ↓w	kˈiʔ↓ ˈu	0	0	0	0
kym	TONE_NGANG	ki→m	kˈɪm	0	0	0	0
kỳm	TONE_HUYEN	ki↘m	kˈi↘ ˈməː↘	0	0	0	0
kým	TONE_SAC	ki↗m	kˈi↗ ˈməː↘	0	0	0	0
kŷm	TONE_HOI	ki↓m	kˈɪm	0	0	0	0
kỹm	TONE_NGA	kiʔ↗m	kˈiʔ↗ ˈməː↘	0	0	0	0
kỵm	TONE_NANG	kiʔ↓m	kˈiʔ↓ ˈməː↘	0	0	0	0
kyn	TONE_NGANG	ki→n	kˈɪn	0	0	0	0
kỳn	TONE_HUYEN	ki↘n	kˈi↘ ˈɛnəː↘	0	0	0	0
kýn	TONE_SAC	ki↗n	kˈi↗ ˈɛnəː↘	0	0	0	0
kŷn	TONE_HOI	ki↓n	kˈɪn	0	0	0	0
kỹn	TONE_NGA	kiʔ↗n	kˈiʔ↗ ˈɛnəː↘	0	0	0	0
kỵn	TONE_NANG	kiʔ↓n	kˈiʔ↓ ˈɛnəː↘	0	0	0	0
kýp	TONE_SAC	ki↗p	kˈi↗ pˈe	0	0	0	0
kỵp	TONE_NANG	kiʔ↓p	kˈiʔ↓ pˈe	0	0	0	0
kýt	TONE_SAC	ki↗t	kˈi↗ tˈe	0	0	0	0
kỵt	TONE_NANG	kiʔ↓t	kˈiʔ↓ tˈe	0	0	0	0
kynh	TONE_NGANG	ki→ɲ	kˈeɪ ˈɪn	0	0	0	0
kỳnh	TONE_HUYEN	ki↘ɲ	kˈi↘ ˈɛnəː↘hˈa↗t	0	0	0	0
kýnh	TONE_SAC	ki↗ɲ	kˈi↗ ˈɛnəː↘hˈa↗t	0	0	0	0
kŷnh	TONE_HOI	ki↓ɲ	kˈeɪ ˈɪn	0	0	0	0
kỹnh	TONE_NGA	kiʔ↗ɲ	kˈiʔ↗ ˈɛnəː↘hˈa↗t	0	0	0	0
kỵnh	TONE_NANG	kiʔ↓ɲ	kˈiʔ↓ ˈɛnəː↘hˈa↗t	0	0	0	0
kýc	TONE_SAC	ki↗k	kˈi↗ sˈe	0	0	0	0
kỵc	TONE_NANG	kiʔ↓k	kˈiʔ↓ sˈe	0	0	0	0
kých	TONE_SAC	ki↗k	kˈi↗ sˈehˈa↗t	0	0	0	0
kỵch	TONE_NANG	kiʔ↓k	kˈiʔ↓ sˈehˈa↗t	0	0	0	0
ko	TONE_NGANG	kɔ→	kˈoʊ	0	0	0	0
kò	TONE_HUYEN	kɔ↘	kˈaːˈɔ↘	1	0	0	0
kó	TONE_SAC	kɔ↗	kˈoʊ	0	0	0	0
kô	TONE_HOI	kɔ↓	kˈaːˈo	0	0	0	0
kõ	TONE_NGA	kɔʔ↗	kˈaːˈɔʔ↗	1	0	0	0
kọ	TONE_NANG	kɔʔ↓	kˈaːˈɔʔ↓	1	0	0	0
koi	TONE_NGANG	kɔ→j	kˈɔɪ	0	0	0	0
kòi	TONE_HUYEN	kɔ↘j	kˈaːˈɔ↘ˈi	0	0	0	0
kói	TONE_SAC	kɔ↗j	kˈoʊ ˈi	0	0	0	0
kôi	TONE_HOI	kɔ↓j	kˈaːˈoˈi	0	0	0	0
kõi	TONE_NGA	kɔʔ↗j	kˈaːˈɔʔ↗ˈi	0	0	0	0
kọi	TONE_NANG	kɔʔ↓j	kˈaːˈɔʔ↓ˈi	0	0	0	0
koy	TONE_NGANG	kɔ→j	kˈɔɪ	0	0	0	0
kòy	TONE_HUYEN	kɔ↘j	kˈaːˈɔ↘ˈi	0	0	0	0
kóy	TONE_SAC	kɔ↗j	kˈoʊ ˈi	0	0	0	0
kôy	TONE_HOI	kɔ↓j	kˈaːˈoˈi	0	0	0	0
kõy	TONE_NGA	kɔʔ↗j	kˈaːˈɔʔ↗ˈi	0	0	0	0
kọy	TONE_NANG	kɔʔ↓j	kˈaːˈɔʔ↓ˈi	0	0	0	0
kom	TONE_NGANG	kɔ→m	kˈɑːm	0	0	0	0
kòm	TONE_HUYEN	kɔ↘m	kˈaː ˈɔ↘m	1	0	0	0
kóm	TONE_SAC	kɔ↗m	kˈaː ˈɔ↗m	1	0	0	0
kôm	TONE_HOI	kɔ↓m	kˈaː ˈom	0	0	0	0
kõm	TONE_NGA	kɔʔ↗m	kˈaː ˈɔʔ↗m	1	0	0	0
kọm	TONE_NANG	kɔʔ↓m	kˈaː ˈɔʔ↓m	1	0	0	0
kon	TONE_NGANG	kɔ→n	kˈɑːn	0	0	0	0
kòn	TONE_HUYEN	kɔ↘n	kˈaː ˈɔ↘n	1	0	0	0
kón	TONE_SAC	kɔ↗n	kˈaː ˈɔ↗n	1	0	0	0
kôn	TONE_HOI	kɔ↓n	kˈaː ˈon	0	0	0	0
kõn	TONE_NGA	kɔʔ↗n	kˈaː ˈɔʔ↗n	1	0	0	0
kọn	TONE_NANG	kɔʔ↓n	kˈaː ˈɔʔ↓n	1	0	0	0
kóp	TONE_SAC	kɔ↗p	kˈaː ˈɔ↗p	1	0	0	0
kọp	TONE_NANG	kɔʔ↓p	kˈaː ˈɔʔ↓p	1	0	0	0
kót	TONE_SAC	kɔ↗t	kˈaː ˈɔ↗t	1	0	0	0
kọt	TONE_NANG	kɔʔ↓t	kˈaː ˈɔʔ↓t	1	0	0	0
kong	TONE_NGANG	kɔ→ŋ	kˈɑːŋ	0	0	0	0
kòng	TONE_HUYEN	kɔ↘ŋ	kˈaː ˈɔ↘ŋ	1	0	0	0
kóng	TONE_SAC	kɔ↗ŋ	kˈaː ˈɔ↗ŋ	1	0	0	0
kông	TONE_HOI	kɔ↓ŋ	kˈoŋ	0	0	0	0
kõng	TONE_NGA	kɔʔ↗ŋ	kˈaː ˈɔʔ↗ŋ	1	0	0	0
kọng	TONE_NANG	kɔʔ↓ŋ	kˈaː ˈɔʔ↓ŋ	1	0	0	0
kóc	TONE_SAC	kɔ↗k	kˈaː ˈɔ↗k	1	0	0	0
kọc	TONE_NANG	kɔʔ↓k	kˈaː ˈɔʔ↓k	1	0	0	0
kóch	TONE_SAC	kɔ↗k	kˈoʊ sˈehˈa↗t	1	0	0	0
kọch	TONE_NANG	kɔʔ↓k	kˈaː ˈɔʔ↓k hˈa↗t	0	0	0	0
kô	TONE_NGANG	ko→	kˈaːˈo	0	0	0	0
kồ	TONE_HUYEN	ko↘	kˈaːˈo↘	1	0	0	0
kố	TONE_SAC	ko↗	kˈaːˈo↗	1	0	0	0
kô̂	TONE_HOI	ko↓	kˈaːˈo	0	0	0	0
kỗ	TONE_NGA	koʔ↗	kˈaːˈoʔ↗	1	0	0	0
kộ	TONE_NANG	koʔ↓	kˈaːˈoʔ↓	1	0	0	0
kôi	TONE_NGANG	ko→j	kˈaːˈoˈi	0	0	0	0
kồi	TONE_HUYEN	ko↘j	kˈaːˈo↘ˈi	0	0	0	0
kối	TONE_SAC	ko↗j	kˈaːˈo↗ˈi	0	0	0	0
kô̂i	TONE_HOI	ko↓j	kˈaːˈo ˈi	0	0	0	0
kỗi	TONE_NGA	koʔ↗j	kˈaːˈoʔ↗ˈi	0	0	0	0
kội	TONE_NANG	koʔ↓j	kˈaːˈoʔ↓ˈi	0	0	0	0
kôy	TONE_NGANG	ko→j	kˈaːˈoˈi	0	0	0	0
kồy	TONE_HUYEN	ko↘j	kˈaːˈo↘ˈi	0	0	0	0
kốy	TONE_SAC	ko↗j	kˈaːˈo↗ˈi	0	0	0	0
kô̂y	TONE_HOI	ko↓j	kˈaːˈo ˈi	0	0	0	0
kỗy	TONE_NGA	koʔ↗j	kˈaːˈoʔ↗ˈi	0	0	0	0
kộy	TONE_NANG	koʔ↓j	kˈaːˈoʔ↓ˈi	0	0	0	0
kôm	TONE_NGANG	ko→m	kˈaː ˈom	0	0	0	0
kồm	TONE_HUYEN	ko↘m	kˈaː ˈo↘m	1	0	0	0
kốm	TONE_SAC	ko↗m	kˈaː ˈo↗m	1	0	0	0
kô̂m	TONE_HOI	ko↓m	kˈaːˈo mˈəː↘	0	0	0	0
kỗm	TONE_NGA	koʔ↗m	kˈaː ˈoʔ↗m	1	0	0	0
kộm	TONE_NANG	koʔ↓m	kˈaː ˈoʔ↓m	1	0	0	0
kôn	TONE_NGANG	ko→n	kˈaː ˈon	0	0	0	0
kồn	TONE_HUYEN	ko↘n	kˈaː ˈo↘n	1	0	0	0
kốn	TONE_SAC	ko↗n	kˈaː ˈo↗n	1	0	0	0
kô̂n	TONE_HOI	ko↓n	kˈaːˈo nˈəː↘	0	0	0	0
kỗn	TONE_NGA	koʔ↗n	kˈaː ˈoʔ↗n	1	0	0	0
kộn	TONE_NANG	koʔ↓n	kˈaː ˈoʔ↓n	1	0	0	0
kốp	TONE_SAC	ko↗p	kˈaː ˈo↗p	1	0	0	0
kộp	TONE_NANG	koʔ↓p	kˈaː ˈoʔ↓p	1	0	0	0
kốt	TONE_SAC	ko↗t	kˈaː ˈo↗t	1	0	0	0
kột	TONE_NANG	koʔ↓t	kˈaː ˈoʔ↓t	1	0	0	0
kông	TONE_NGANG	ko→ŋ	kˈoŋ	0	0	0	0
kồng	TONE_HUYEN	ko↘ŋ	kˈaː ˈo↘ŋ	1	0	0	0
kống	TONE_SAC	ko↗ŋ	kˈaː ˈo↗ŋ	1	0	0	0
kô̂ng	TONE_HOI	ko↓ŋ	kˈaːˈo ˌɛndʒˈiː	0	0	0	0
kỗng	TONE_NGA	koʔ↗ŋ	kˈaː ˈoʔ↗ŋ	1	0	0	0
kộng	TONE_NANG	koʔ↓ŋ	kˈaː ˈoʔ↓ŋ	1	0	0	0
kốc	TONE_SAC	ko↗k	kˈaː ˈo↗k	1	0	0	0
kộc	TONE_NANG	koʔ↓k	kˈaː ˈoʔ↓k	1	0	0	0
kốch	TONE_SAC	ko↗k	kˈaː ˈo↗k hˈa↗t	0	0	0	0
kộch	TONE_NANG	koʔ↓k	kˈaː ˈoʔ↓k hˈa↗t	0	0	0	0
kơ	TONE_NGANG	kəː→	kˈaːˈəː	0	0	0	0
kờ	TONE_HUYEN	kəː↘	kˈaːˈəː↘	1	0	0	0
kớ	TONE_SAC	kəː↗	kˈaːˈəː↗	1	0	0	0
kơ̂	TONE_HOI	kəː↓	kˈaːˈəː	0	0	0	0
kỡ	TONE_NGA	kəːʔ↗	kˈaːˈəːʔ↗	1	0	0	0
kợ	TONE_NANG	kəːʔ↓	kˈaːˈəːʔ↓	1	0	0	0
kơi	TONE_NGANG	kəː→j	kˈaːˈəːˈi	0	0	0	0
kời	TONE_HUYEN	kəː↘j	kˈaːˈəː↘ˈi	0	0	0	0
kới	TONE_SAC	kəː↗j	kˈaːˈəː↗ˈi	0	0	0	0
kơ̂i	TONE_HOI	kəː↓j	kˈaːˈəː ˈi	0	0	0	0
kỡi	TONE_NGA	kəːʔ↗j	kˈaːˈəːʔ↗ˈi	0	0	0	0
kợi	TONE_NANG	kəːʔ↓j	kˈaːˈəːʔ↓ˈi	0	0	0	0
kơy	TONE_NGANG	kəː→j	kˈaːˈəːˈi	0	0	0	0
kờy	TONE_HUYEN	kəː↘j	kˈaːˈəː↘ˈi	0	0	0	0
kớy	TONE_SAC	kəː↗j	kˈaːˈəː↗ˈi	0	0	0	0
kơ̂y	TONE_HOI	kəː↓j	kˈaːˈəː ˈi	0	0	0	0
kỡy	TONE_NGA	kəːʔ↗j	kˈaːˈəːʔ↗ˈi	0	0	0	0
kợy	TONE_NANG	kəːʔ↓j	kˈaːˈəːʔ↓ˈi	0	0	0	0
kơm	TONE_NGANG	kəː→m	kˈaː ˈəːm	0	0	0	0
kờm	TONE_HUYEN	kəː↘m	kˈaː ˈəː↘m	1	0	0	0
kớm	TONE_SAC	kəː↗m	kˈaː ˈəː↗m	1	0	0	0
kơ̂m	TONE_HOI	kəː↓m	kˈaːˈəː mˈəː↘	0	0	0	0
kỡm	TONE_NGA	kəːʔ↗m	kˈaː ˈəːʔ↗m	1	0	0	0
kợm	TONE_NANG	kəːʔ↓m	kˈaː ˈəːʔ↓m	1	0	0	0
kơn	TONE_NGANG	kəː→n	kˈaː ˈəːn	0	0	0	0
kờn	TONE_HUYEN	kəː↘n	kˈaː ˈəː↘n	1	0	0	0
kớn	TONE_SAC	kəː↗n	kˈaː ˈəː↗n	1	0	0	0
kơ̂n	TONE_HOI	kəː↓n	kˈaːˈəː nˈəː↘	0	0	0	0
kỡn	TONE_NGA	kəːʔ↗n	kˈaː ˈəːʔ↗n	1	0	0	0
kợn	TONE_NANG	kəːʔ↓n	kˈaː ˈəːʔ↓n	1	0	0	0
kớp	TONE_SAC	kəː↗p	kˈaː ˈəː↗p	1	0	0	0
kợp	TONE_NANG	kəːʔ↓p	kˈaː ˈəːʔ↓p	1	0	0	0
kớt	TONE_SAC	kəː↗t	kˈaː ˈəː↗t	1	0	0	0
kợt	TONE_NANG	kəːʔ↓t	kˈaː ˈəːʔ↓t	1	0	0	0
kớc	TONE_SAC	kəː↗k	kˈaːˈəː↗sˈe	0	0	0	0
kợc	TONE_NANG	kəːʔ↓k	kˈaːˈəːʔ↓sˈe	0	0	0	0
kớch	TONE_SAC	kəː↗k	kˈaːˈəː↗ sˈehˈa↗t	0	0	0	0
kợch	TONE_NANG	kəːʔ↓k	kˈaːˈəːʔ↓ sˈehˈa↗t	0	0	0	0
ku	TONE_NGANG	ku→	kˈuː	0	0	0	0
kù	TONE_HUYEN	ku↘	kˈaːˈu↘	1	0	0	0
kú	TONE_SAC	ku↗	kˈaːˈu↗	1	0	0	0
kû	TONE_HOI	ku↓	kˈuː	0	0	0	0
kũ	TONE_NGA	kuʔ↗	kˈaːˈuʔ↗	1	0	0	0
kụ	TONE_NANG	kuʔ↓	kˈaːˈuʔ↓	1	0	0	0
kui	TONE_NGANG	ku→j	kjˈuːi	0	0	0	0
kùi	TONE_HUYEN	ku↘j	kˈaːˈu↘ˈi	0	0	0	0
kúi	TONE_SAC	ku↗j	kˈaːˈu↗ˈi	0	0	0	0
kûi	TONE_HOI	ku↓j	kjˈuːi	0	0	0	0
kũi	TONE_NGA	kuʔ↗j	kˈaːˈuʔ↗ˈi	0	0	0	0
kụi	TONE_NANG	kuʔ↓j	kˈaːˈuʔ↓ˈi	0	0	0	0
kuy	TONE_NGANG	ku→j	kˈaɪ	0	0	0	0
kùy	TONE_HUYEN	ku↘j	kˈaːˈu↘ˈi	0	0	0	0
kúy	TONE_SAC	ku↗j	kˈaːˈu↗ˈi	0	0	0	0
kûy	TONE_HOI	ku↓j	kˈaɪ	0	0	0	0
kũy	TONE_NGA	kuʔ↗j	kˈaːˈuʔ↗ˈi	0	0	0	0
kụy	TONE_NANG	kuʔ↓j	kˈaːˈuʔ↓ˈi	0	0	0	0
kum	TONE_NGANG	ku→m	kˈʌm	0	0	0	0
kùm	TONE_HUYEN	ku↘m	kˈaː ˈu↘m	1	0	0	0
kúm	TONE_SAC	ku↗m	kˈaː ˈu↗m	1	0	0	0
kûm	TONE_HOI	ku↓m	kˈʌm	0	0	0	0
kũm	TONE_NGA	kuʔ↗m	kˈaː ˈuʔ↗m	1	0	0	0
kụm	TONE_NANG	kuʔ↓m	kˈaː ˈuʔ↓m	1	0	0	0
kun	TONE_NGANG	ku→n	kˈʌn	0	0	0	0
kùn	TONE_HUYEN	ku↘n	kˈaː ˈu↘n	1	0	0	0
kún	TONE_SAC	ku↗n	kˈaː ˈu↗n	1	0	0	0
kûn	TONE_HOI	ku↓n	kˈʌn	0	0	0	0
kũn	TONE_NGA	kuʔ↗n	kˈaː ˈuʔ↗n	1	0	0	0
kụn	TONE_NANG	kuʔ↓n	kˈaː ˈuʔ↓n	1	0	0	0
kúp	TONE_SAC	ku↗p	kˈaː ˈu↗p	1	0	0	0
kụp	TONE_NANG	kuʔ↓p	kˈaː ˈuʔ↓p	1	0	0	0
kút	TONE_SAC	ku↗t	kˈaː ˈu↗t	1	0	0	0
kụt	TONE_NANG	kuʔ↓t	kˈaː ˈuʔ↓t	1	0	0	0
kung	TONE_NGANG	ku→ŋ	kˈʌŋ	0	0	0	0
kùng	TONE_HUYEN	ku↘ŋ	kˈaː ˈu↘ŋ	1	0	0	0
kúng	TONE_SAC	ku↗ŋ	kˈaː ˈu↗ŋ	1	0	0	0
kûng	TONE_HOI	ku↓ŋ	kˈʌŋ	0	0	0	0
kũng	TONE_NGA	kuʔ↗ŋ	kˈaː ˈuʔ↗ŋ	1	0	0	0
kụng	TONE_NANG	kuʔ↓ŋ	kˈaː ˈuʔ↓ŋ	1	0	0	0
kúc	TONE_SAC	ku↗k	kˈaː ˈu↗c	1	0	0	0
kục	TONE_NANG	kuʔ↓k	kˈaː ˈuʔ↓c	1	0	0	0
kúch	TONE_SAC	ku↗k	kˈaː ˈu↗c hˈa↗t	0	0	0	0
kụch	TONE_NANG	kuʔ↓k	kˈaː ˈuʔ↓c hˈa↗t	0	0	0	0
kư	TONE_NGANG	kɨ→	kˈaːˈy	0	0	0	0
kừ	TONE_HUYEN	kɨ↘	kˈaːˈy↘	1	0	0	0
kứ	TONE_SAC	kɨ↗	kˈaːˈy↗	1	0	0	0
kư̂	TONE_HOI	kɨ↓	kˈaːˈy	0	0	0	0
kữ	TONE_NGA	kɨʔ↗	kˈaːˈyʔ↗	1	0	0	0
kự	TONE_NANG	kɨʔ↓	kˈaːˈyʔ↓	1	0	0	0
kưi	TONE_NGANG	kɨ→j	kˈaːˈyˈi	0	0	0	0
kừi	TONE_HUYEN	kɨ↘j	kˈaːˈy↘ˈi	0	0	0	0
kứi	TONE_SAC	kɨ↗j	kˈaːˈy↗ˈi	0	0	0	0
kư̂i	TONE_HOI	kɨ↓j	kˈaːˈy ˈi	0	0	0	0
kữi	TONE_NGA	kɨʔ↗j	kˈaːˈyʔ↗ˈi	0	0	0	0
kựi	TONE_NANG	kɨʔ↓j	kˈaːˈyʔ↓ˈi	0	0	0	0
kưy	TONE_NGANG	kɨ→j	kˈaːˈyˈi	0	0	0	0
kừy	TONE_HUYEN	kɨ↘j	kˈaːˈy↘ˈi	0	0	0	0
kứy	TONE_SAC	kɨ↗j	kˈaːˈy↗ˈi	0	0	0	0
kư̂y	TONE_HOI	kɨ↓j	kˈaːˈy ˈi	0	0	0	0
kữy	TONE_NGA	kɨʔ↗j	kˈaːˈyʔ↗ˈi	0	0	0	0
kựy	TONE_NANG	kɨʔ↓j	kˈaːˈyʔ↓ˈi	0	0	0	0
kưo	TONE_NGANG	kɨ→w	kˈaːˈyˈɔ	0	0	0	0
kừo	TONE_HUYEN	kɨ↘w	kˈaːˈy↘ˈɔ	1	0	0	0
kứo	TONE_SAC	kɨ↗w	kˈaːˈy↗ˈɔ	1	0	0	0
kư̂o	TONE_HOI	kɨ↓w	kˈaːˈy ˈo	0	0	0	0
kữo	TONE_NGA	kɨʔ↗w	kˈaːˈyʔ↗ˈɔ	1	0	0	0
kựo	TONE_NANG	kɨʔ↓w	kˈaːˈyʔ↓ˈɔ	1	0	0	0
kưu	TONE_NGANG	kɨ→w	kˈaːˈyˈu	0	0	0	0
kừu	TONE_HUYEN	kɨ↘w	kˈaːˈy↘ˈu	0	0	0	0
kứu	TONE_SAC	kɨ↗w	kˈaːˈy↗ˈu	0	0	0	0
kư̂u	TONE_HOI	kɨ↓w	kˈaːˈy ˈu	0	0	0	0
kữu	TONE_NGA	kɨʔ↗w	kˈaːˈyʔ↗ˈu	0	0	0	0
kựu	TONE_NANG	kɨʔ↓w	kˈaːˈyʔ↓ˈu	0	0	0	0
kưm	TONE_NGANG	kɨ→m	kˈaː ˈym	0	0	0	0
kừm	TONE_HUYEN	kɨ↘m	kˈaː ˈy↘m	1	0	0	0
kứm	TONE_SAC	kɨ↗m	kˈaː ˈy↗m	1	0	0	0
kư̂m	TONE_HOI	kɨ↓m	kˈaːˈy mˈəː↘	0	0	0	0
kữm	TONE_NGA	kɨʔ↗m	kˈaː ˈyʔ↗m	1	0	0	0
kựm	TONE_NANG	kɨʔ↓m	kˈaː ˈyʔ↓m	1	0	0	0
kưn	TONE_NGANG	kɨ→n	kˈaː ˈyn	0	0	0	0
kừn	TONE_HUYEN	kɨ↘n	kˈaː ˈy↘n	1	0	0	0
kứn	TONE_SAC	kɨ↗n	kˈaː ˈy↗n	1	0	0	0
kư̂n	TONE_HOI	kɨ↓n	kˈaːˈy nˈəː↘	0	0	0	0
kữn	TONE_NGA	kɨʔ↗n	kˈaː ˈyʔ↗n	1	0	0	0
kựn	TONE_NANG	kɨʔ↓n	kˈaː ˈyʔ↓n	1	0	0	0
kứp	TONE_SAC	kɨ↗p	kˈaːˈy↗pˈe	0	0	0	0
kựp	TONE_NANG	kɨʔ↓p	kˈaːˈyʔ↓pˈe	0	0	0	0
kứt	TONE_SAC	kɨ↗t	kˈaː ˈy↗t	1	0	0	0
kựt	TONE_NANG	kɨʔ↓t	kˈaː ˈyʔ↓t	1	0	0	0
kưng	TONE_NGANG	kɨ→ŋ	kˈaː ˈyŋ	0	0	0	0
kừng	TONE_HUYEN	kɨ↘ŋ	kˈaː ˈy↘ŋ	1	0	0	0
kứng	TONE_SAC	kɨ↗ŋ	kˈaː ˈy↗ŋ	1	0	0	0
kư̂ng	TONE_HOI	kɨ↓ŋ	kˈaːˈy ˌɛndʒˈiː	0	0	0	0
kững	TONE_NGA	kɨʔ↗ŋ	kˈaː ˈyʔ↗ŋ	1	0	0	0
kựng	TONE_NANG	kɨʔ↓ŋ	kˈaː ˈyʔ↓ŋ	1	0	0	0
kức	TONE_SAC	kɨ↗k	kˈaː ˈy↗c	1	0	0	0
kực	TONE_NANG	kɨʔ↓k	kˈaː ˈyʔ↓c	1	0	0	0
kứch	TONE_SAC	kɨ↗k	kˈaː ˈy↗c hˈa↗t	0	0	0	0
kựch	TONE_NANG	kɨʔ↓k	kˈaː ˈyʔ↓c hˈa↗t	0	0	0	0
liê	TONE_NGANG	liə→	lˈi ˈe	0	0	0	0
liề	TONE_HUYEN	liə↘	lˈi ˈe↘	1	0	0	0
liế	TONE_SAC	liə↗	lˈi ˈe↗	1	0	0	0
liê̂	TONE_HOI	liə↓	lˈi ˈe	0	0	0	0
liễ	TONE_NGA	liəʔ↗	lˈi ˈeʔ↗	1	0	0	0
liệ	TONE_NANG	liəʔ↓	lˈi ˈeʔ↓	1	0	0	0
liêo	TONE_NGANG	liə→w	lˈi ˈeˈɔ	0	0	0	0
liềo	TONE_HUYEN	liə↘w	lˈi ˈe↘ˈɔ	1	0	0	0
liếo	TONE_SAC	liə↗w	lˈi ˈe↗ˈɔ	1	0	0	0
liê̂o	TONE_HOI	liə↓w	lˈi ˈe ˈo	0	0	0	0
liễo	TONE_NGA	liəʔ↗w	lˈi ˈeʔ↗ˈɔ	1	0	0	0
liệo	TONE_NANG	liəʔ↓w	lˈi ˈeʔ↓ˈɔ	1	0	0	0
liêu	TONE_NGANG	liə→w	lˈiɛw	0	0	0	0
liều	TONE_HUYEN	liə↘w	lˈiɛ↘w	1	0	0	0
liếu	TONE_SAC	liə↗w	lˈiɛ↗w	1	0	0	0
liê̂u	TONE_HOI	liə↓w	lˈi ˈe ˈu	0	0	0	0
liễu	TONE_NGA	liəʔ↗w	lˈiɛʔ↗w	1	0	0	0
liệu	TONE_NANG	liəʔ↓w	lˈiɛʔ↓w	1	0	0	0
liêm	TONE_NGANG	liə→m	lˈiɛm	0	0	0	0
liềm	TONE_HUYEN	liə↘m	lˈiɛ↘m	1	0	0	0
liếm	TONE_SAC	liə↗m	lˈiɛ↗m	1	0	0	0
liê̂m	TONE_HOI	liə↓m	lˈi ˈe mˈəː↘	0	0	0	0
liễm	TONE_NGA	liəʔ↗m	lˈiɛʔ↗m	1	0	0	0
liệm	TONE_NANG	liəʔ↓m	lˈiɛʔ↓m	1	0	0	0
liên	TONE_NGANG	liə→n	lˈiɛn	0	0	0	0
liền	TONE_HUYEN	liə↘n	lˈiɛ↘n	1	0	0	0
liến	TONE_SAC	liə↗n	lˈiɛ↗n	1	0	0	0
liê̂n	TONE_HOI	liə↓n	lˈi ˈe nˈəː↘	0	0	0	0
liễn	TONE_NGA	liəʔ↗n	lˈiɛʔ↗n	1	0	0	0
liện	TONE_NANG	liəʔ↓n	lˈiɛʔ↓n	1	0	0	0
liếp	TONE_SAC	liə↗p	lˈiɛ↗p	1	0	0	0
liệp	TONE_NANG	liəʔ↓p	lˈiɛʔ↓p	1	0	0	0
liết	TONE_SAC	liə↗t	lˈiɛ↗t	1	0	0	0
liệt	TONE_NANG	liəʔ↓t	lˈiɛʔ↓t	1	0	0	0
liêng	TONE_NGANG	liə→ŋ	lˈiɛŋ	0	0	0	0
liềng	TONE_HUYEN	liə↘ŋ	lˈiɛ↘ŋ	1	0	0	0
liếng	TONE_SAC	liə↗ŋ	lˈiɛ↗ŋ	1	0	0	0
liê̂ng	TONE_HOI	liə↓ŋ	lˈi ˈe ˌɛndʒˈiː	0	0	0	0
liễng	TONE_NGA	liəʔ↗ŋ	lˈiɛʔ↗ŋ	1	0	0	0
liệng	TONE_NANG	liəʔ↓ŋ	lˈiɛʔ↓ŋ	1	0	0	0
liênh	TONE_NGANG	liə→ɲ	lˈi ˈeɲ	0	0	0	0
liềnh	TONE_HUYEN	liə↘ɲ	lˈi ˈe↘ɲ	1	0	0	0
liếnh	TONE_SAC	liə↗ɲ	lˈi ˈe↗ɲ	1	0	0	0
liê̂nh	TONE_HOI	liə↓ɲ	lˈi ˈe ˌɛnˈeɪʧ	0	0	0	0
liễnh	TONE_NGA	liəʔ↗ɲ	lˈi ˈeʔ↗ɲ	1	0	0	0
liệnh	TONE_NANG	liəʔ↓ɲ	lˈi ˈeʔ↓ɲ	1	0	0	0
liếc	TONE_SAC	liə↗k	lˈiɛ↗c	1	0	0	0
liệc	TONE_NANG	liəʔ↓k	lˈiɛʔ↓c	1	0	0	0
liếch	TONE_SAC	liə↗k	lˈi ˈe↗c	1	0	0	0
liệch	TONE_NANG	liəʔ↓k	lˈi ˈeʔ↓c	1	0	0	0
lyê	TONE_NGANG	liə→	lˈi ˈe	0	0	0	0
lyề	TONE_HUYEN	liə↘	lˈi ˈe↘	1	0	0	0
lyế	TONE_SAC	liə↗	lˈi ˈe↗	1	0	0	0
lyê̂	TONE_HOI	liə↓	lˈi ˈe	0	0	0	0
lyễ	TONE_NGA	liəʔ↗	lˈi ˈeʔ↗	1	0	0	0
lyệ	TONE_NANG	liəʔ↓	lˈi ˈeʔ↓	1	0	0	0
lyêo	TONE_NGANG	liə→w	lˈi ˈeˈɔ	0	0	0	0
lyềo	TONE_HUYEN	liə↘w	lˈi ˈe↘ˈɔ	1	0	0	0
lyếo	TONE_SAC	liə↗w	lˈi ˈe↗ˈɔ	1	0	0	0
lyê̂o	TONE_HOI	liə↓w	lˈi ˈe ˈo	0	0	0	0
lyễo	TONE_NGA	liəʔ↗w	lˈi ˈeʔ↗ˈɔ	1	0	0	0
lyệo	TONE_NANG	liəʔ↓w	lˈi ˈeʔ↓ˈɔ	1	0	0	0
lyêu	TONE_NGANG	liə→w	lˈi ˈeˈu	0	0	0	0
lyều	TONE_HUYEN	liə↘w	lˈi ˈe↘ˈu	0	0	0	0
lyếu	TONE_SAC	liə↗w	lˈi ˈe↗ˈu	0	0	0	0
lyê̂u	TONE_HOI	liə↓w	lˈi ˈe ˈu	0	0	0	0
lyễu	TONE_NGA	liəʔ↗w	lˈi ˈeʔ↗ˈu	0	0	0	0
lyệu	TONE_NANG	liəʔ↓w	lˈi ˈeʔ↓ˈu	0	0	0	0
lyêm	TONE_NGANG	liə→m	lˈi ˈem	0	0	0	0
lyềm	TONE_HUYEN	liə↘m	lˈi ˈe↘m	1	0	0	0
lyếm	TONE_SAC	liə↗m	lˈi ˈe↗m	1	0	0	0
lyê̂m	TONE_HOI	liə↓m	lˈi ˈe mˈəː↘	0	0	0	0
lyễm	TONE_NGA	liəʔ↗m	lˈi ˈeʔ↗m	1	0	0	0
lyệm	TONE_NANG	liəʔ↓m	lˈi ˈeʔ↓m	1	0	0	0
lyên	TONE_NGANG	liə→n	lˈi ˈen	0	0	0	0
lyền	TONE_HUYEN	liə↘n	lˈi ˈe↘n	1	0	0	0
lyến	TONE_SAC	liə↗n	lˈi ˈe↗n	1	0	0	0
lyê̂n	TONE_HOI	liə↓n	lˈi ˈe nˈəː↘	0	0	0	0
lyễn	TONE_NGA	liəʔ↗n	lˈi ˈeʔ↗n	1	0	0	0
lyện	TONE_NANG	liəʔ↓n	lˈi ˈeʔ↓n	1	0	0	0
lyếp	TONE_SAC	liə↗p	lˈi ˈe↗p	1	0	0	0
lyệp	TONE_NANG	liəʔ↓p	lˈi ˈeʔ↓p	1	0	0	0
lyết	TONE_SAC	liə↗t	lˈi ˈe↗t	1	0	0	0
lyệt	TONE_NANG	liəʔ↓t	lˈi ˈeʔ↓t	1	0	0	0
lyêng	TONE_NGANG	liə→ŋ	ləː↘ ˈiɛŋ	0	0	0	0
lyềng	TONE_HUYEN	liə↘ŋ	ləː↘ ˈiɛ↘ŋ	0	0	0	0
lyếng	TONE_SAC	liə↗ŋ	ləː↘ ˈiɛ↗ŋ	0	0	0	0
lyê̂ng	TONE_HOI	liə↓ŋ	lˈi ˈe ˌɛndʒˈiː	0	0	0	0
lyễng	TONE_NGA	liəʔ↗ŋ	ləː↘ ˈiɛʔ↗ŋ	0	0	0	0
lyệng	TONE_NANG	liəʔ↓ŋ	ləː↘ ˈiɛʔ↓ŋ	0	0	0	0
lyênh	TONE_NGANG	liə→ɲ	lˈi ˈeɲ	0	0	0	0
lyềnh	TONE_HUYEN	liə↘ɲ	lˈi ˈe↘ɲ	1	0	0	0
lyếnh	TONE_SAC	liə↗ɲ	lˈi ˈe↗ɲ	1	0	0	0
lyê̂nh	TONE_HOI	liə↓ɲ	lˈi ˈe ˌɛnˈeɪʧ	0	0	0	0
lyễnh	TONE_NGA	liəʔ↗ɲ	lˈi ˈeʔ↗ɲ	1	0	0	0
lyệnh	TONE_NANG	liəʔ↓ɲ	lˈi ˈeʔ↓ɲ	1	0	0	0
lyếc	TONE_SAC	liə↗k	lˈi ˈe↗sˈe	0	0	0	0
lyệc	TONE_NANG	liəʔ↓k	lˈi ˈeʔ↓sˈe	0	0	0	0
lyếch	TONE_SAC	liə↗k	lˈi ˈe↗c	1	0	0	0
lyệch	TONE_NANG	liəʔ↓k	lˈi ˈeʔ↓c	1	0	0	0
lia	TONE_NGANG	liə→	lˈiə	0	0	0	0
lìa	TONE_HUYEN	liə↘	lˈiə↘	1	0	0	0
lía	TONE_SAC	liə↗	lˈiə↗	1	0	0	0
lîa	TONE_HOI	liə↓	lˈiə	0	0	0	0
lĩa	TONE_NGA	liəʔ↗	lˈiəʔ↗	1	0	0	0
lịa	TONE_NANG	liəʔ↓	lˈiəʔ↓	1	0	0	0
liao	TONE_NGANG	liə→w	lˈaɪəˌoʊ	0	0	0	0
lìao	TONE_HUYEN	liə↘w	lˈiə↘ ˈɔ	1	0	0	0
líao	TONE_SAC	liə↗w	lˈiə↗ ˈɔ	1	0	0	0
lîao	TONE_HOI	liə↓w	lˈaɪəˌoʊ	0	0	0	0
lĩao	TONE_NGA	liəʔ↗w	lˈiəʔ↗ ˈɔ	1	0	0	0
lịao	TONE_NANG	liəʔ↓w	lˈiəʔ↓ ˈɔ	1	0	0	0
liau	TONE_NGANG	liə→w	lˈiə jˈuː	0	0	0	0
lìau	TONE_HUYEN	liə↘w	lˈiə↘ ˈu	0	0	0	0
líau	TONE_SAC	liə↗w	lˈiə↗ ˈu	0	0	0	0
lîau	TONE_HOI	liə↓w	lˈiə jˈuː	0	0	0	0
lĩau	TONE_NGA	liəʔ↗w	lˈiəʔ↗ ˈu	0	0	0	0
lịau	TONE_NANG	liəʔ↓w	lˈiəʔ↓ ˈu	0	0	0	0
liam	TONE_NGANG	liə→m	lˈiːəm	0	0	0	0
lìam	TONE_HUYEN	liə↘m	lˈi↘ ˈaːm	0	0	0	0
líam	TONE_SAC	liə↗m	lˈi↗ ˈaːm	0	0	0	0
lîam	TONE_HOI	liə↓m	lˈiːəm	0	0	0	0
lĩam	TONE_NGA	liəʔ↗m	lˈiʔ↗ ˈaːm	0	0	0	0
lịam	TONE_NANG	liəʔ↓m	lˈiʔ↓ ˈaːm	0	0	0	0
lian	TONE_NGANG	liə→n	lˈaɪən	0	0	0	0
lìan	TONE_HUYEN	liə↘n	lˈi↘ ˈaːn	0	0	0	0
lían	TONE_SAC	liə↗n	lˈi↗ ˈaːn	0	0	0	0
lîan	TONE_HOI	liə↓n	lˈaɪən	0	0	0	0
lĩan	TONE_NGA	liəʔ↗n	lˈiʔ↗ ˈaːn	0	0	0	0
lịan	TONE_NANG	liəʔ↓n	lˈiʔ↓ ˈaːn	0	0	0	0
líap	TONE_SAC	liə↗p	lˈi↗ ˈaː↗p	0	0	0	0
lịap	TONE_NANG	liəʔ↓p	lˈiʔ↓ ˈaː↗p	0	0	0	0
líat	TONE_SAC	liə↗t	lˈi↗ ˈaː↗t	0	0	0	0
lịat	TONE_NANG	liəʔ↓t	lˈiʔ↓ ˈaː↗t	0	0	0	0
liang	TONE_NGANG	liə→ŋ	ljˈæŋ	0	0	0	0
lìang	TONE_HUYEN	liə↘ŋ	lˈi↘ ˈaːŋ	0	0	0	0
líang	TONE_SAC	liə↗ŋ	lˈi↗ ˈaːŋ	0	0	0	0
lîang	TONE_HOI	liə↓ŋ	ljˈæŋ	0	0	0	0
lĩang	TONE_NGA	liəʔ↗ŋ	lˈiʔ↗ ˈaːŋ	0	0	0	0
lịang	TONE_NANG	liəʔ↓ŋ	lˈiʔ↓ ˈaːŋ	0	0	0	0
lianh	TONE_NGANG	liə→ɲ	lˈi ˈæɲ	0	0	0	0
lìanh	TONE_HUYEN	liə↘ɲ	lˈi↘ ˈæɲ	0	0	0	0
líanh	TONE_SAC	liə↗ɲ	lˈi↗ ˈæɲ	0	0	0	0
lîanh	TONE_HOI	liə↓ɲ	lˈi ˈæɲ	0	0	0	0
lĩanh	TONE_NGA	liəʔ↗ɲ	lˈiʔ↗ ˈæɲ	0	0	0	0
lịanh	TONE_NANG	liəʔ↓ɲ	lˈiʔ↓ ˈæɲ	0	0	0	0
líac	TONE_SAC	liə↗k	lˈi↗ ˈaː↗c	0	0	0	0
lịac	TONE_NANG	liəʔ↓k	lˈiʔ↓ ˈaː↗c	0	0	0	0
líach	TONE_SAC	liə↗k	lˈi↗ ˈæ↗c	0	0	0	0
lịach	TONE_NANG	liəʔ↓k	lˈiʔ↓ ˈæ↗c	0	0	0	0
lya	TONE_NGANG	liə→	lˈaɪə	0	0	0	0
lỳa	TONE_HUYEN	liə↘	lˈi↘ ˈaː	0	0	0	0
lýa	TONE_SAC	liə↗	lˈi↗ ˈaː	0	0	0	0
lŷa	TONE_HOI	liə↓	lˈaɪə	0	0	0	0
lỹa	TONE_NGA	liəʔ↗	lˈiʔ↗ ˈaː	0	0	0	0
lỵa	TONE_NANG	liəʔ↓	lˈiʔ↓ ˈaː	0	0	0	0
lyao	TONE_NGANG	liə→w	lˈaɪə ˈoʊ	0	0	0	0
lỳao	TONE_HUYEN	liə↘w	lˈi↘ ˈaːˈɔ	0	0	0	0
lýao	TONE_SAC	liə↗w	lˈi↗ ˈaːˈɔ	0	0	0	0
lŷao	TONE_HOI	liə↓w	lˈaɪə ˈoʊ	0	0	0	0
lỹao	TONE_NGA	liəʔ↗w	lˈiʔ↗ ˈaːˈɔ	0	0	0	0
lỵao	TONE_NANG	liəʔ↓w	lˈiʔ↓ ˈaːˈɔ	0	0	0	0
lyau	TONE_NGANG	liə→w	lˈaɪə jˈuː	0	0	0	0
lỳau	TONE_HUYEN	liə↘w	lˈi↘ ˈaːˈu	0	0	0	0
lýau	TONE_SAC	liə↗w	lˈi↗ ˈaːˈu	0	0	0	0
lŷau	TONE_HOI	liə↓w	lˈaɪə jˈuː	0	0	0	0
lỹau	TONE_NGA	liəʔ↗w	lˈiʔ↗ ˈaːˈu	0	0	0	0
lỵau	TONE_NANG	liəʔ↓w	lˈiʔ↓ ˈaːˈu	0	0	0	0
lyam	TONE_NGANG	liə→m	lˈi æm	0	0	0	0
lỳam	TONE_HUYEN	liə↘m	lˈi↘ ˈaːm	0	0	0	0
lýam	TONE_SAC	liə↗m	lˈi↗ ˈaːm	0	0	0	0
lŷam	TONE_HOI	liə↓m	lˈi æm	0	0	0	0
lỹam	TONE_NGA	liəʔ↗m	lˈiʔ↗ ˈaːm	0	0	0	0
lỵam	TONE_NANG	liəʔ↓m	lˈiʔ↓ ˈaːm	0	0	0	0
lyan	TONE_NGANG	liə→n	lˈi æn	0	0	0	0
lỳan	TONE_HUYEN	liə↘n	lˈi↘ ˈaːn	0	0	0	0
lýan	TONE_SAC	liə↗n	lˈi↗ ˈaːn	0	0	0	0
lŷan	TONE_HOI	liə↓n	lˈi æn	0	0	0	0
lỹan	TONE_NGA	liəʔ↗n	lˈiʔ↗ ˈaːn	0	0	0	0
lỵan	TONE_NANG	liəʔ↓n	lˈiʔ↓ ˈaːn	0	0	0	0
lýap	TONE_SAC	liə↗p	lˈi↗ ˈaː↗p	0	0	0	0
lỵap	TONE_NANG	liəʔ↓p	lˈiʔ↓ ˈaː↗p	0	0	0	0
lýat	TONE_SAC	liə↗t	lˈi↗ ˈaː↗t	0	0	0	0
lỵat	TONE_NANG	liəʔ↓t	lˈiʔ↓ ˈaː↗t	0	0	0	0
lyang	TONE_NGANG	liə→ŋ	lˈi ˈaːŋ	0	0	0	0
lỳang	TONE_HUYEN	liə↘ŋ	lˈi↘ ˈaːŋ	0	0	0	0
lýang	TONE_SAC	liə↗ŋ	lˈi↗ ˈaːŋ	0	0	0	0
lŷang	TONE_HOI	liə↓ŋ	lˈi ˈaːŋ	0	0	0	0
lỹang	TONE_NGA	liəʔ↗ŋ	lˈiʔ↗ ˈaːŋ	0	0	0	0
lỵang	TONE_NANG	liəʔ↓ŋ	lˈiʔ↓ ˈaːŋ	0	0	0	0
lyanh	TONE_NGANG	liə→ɲ	lˈi ˈæɲ	0	0	0	0
lỳanh	TONE_HUYEN	liə↘ɲ	lˈi↘ ˈæɲ	0	0	0	0
lýanh	TONE_SAC	liə↗ɲ	lˈi↗ ˈæɲ	0	0	0	0
lŷanh	TONE_HOI	liə↓ɲ	lˈi ˈæɲ	0	0	0	0
lỹanh	TONE_NGA	liəʔ↗ɲ	lˈiʔ↗ ˈæɲ	0	0	0	0
lỵanh	TONE_NANG	liəʔ↓ɲ	lˈiʔ↓ ˈæɲ	0	0	0	0
lýac	TONE_SAC	liə↗k	lˈi↗ ˈaː↗c	0	0	0	0
lỵac	TONE_NANG	liəʔ↓k	lˈiʔ↓ ˈaː↗c	0	0	0	0
lýach	TONE_SAC	liə↗k	lˈi↗ ˈæ↗c	0	0	0	0
lỵach	TONE_NANG	liəʔ↓k	lˈiʔ↓ ˈæ↗c	0	0	0	0
lươ	TONE_NGANG	lɨə→	lˈy ˈəː	0	0	0	0
lườ	TONE_HUYEN	lɨə↘	lˈy ˈəː↘	1	0	0	0
lướ	TONE_SAC	lɨə↗	lˈy ˈəː↗	1	0	0	0
lươ̂	TONE_HOI	lɨə↓	lˈy ˈəː	0	0	0	0
lưỡ	TONE_NGA	lɨəʔ↗	lˈy ˈəːʔ↗	1	0	0	0
lượ	TONE_NANG	lɨəʔ↓	lˈy ˈəːʔ↓	1	0	0	0
lươi	TONE_NGANG	lɨə→j	lˈyəj	0	0	0	0
lười	TONE_HUYEN	lɨə↘j	lˈyə↘j	1	0	0	0
lưới	TONE_SAC	lɨə↗j	lˈyə↗j	1	0	0	0
lươ̂i	TONE_HOI	lɨə↓j	lˈy ˈəː ˈi	0	0	0	0
lưỡi	TONE_NGA	lɨəʔ↗j	lˈyəʔ↗j	1	0	0	0
lượi	TONE_NANG	lɨəʔ↓j	lˈyəʔ↓j	1	0	0	0
lươy	TONE_NGANG	lɨə→j	lˈy ˈəːˈi	0	0	0	0
lườy	TONE_HUYEN	lɨə↘j	lˈy ˈəː↘ˈi	0	0	0	0
lướy	TONE_SAC	lɨə↗j	lˈy ˈəː↗ˈi	0	0	0	0
lươ̂y	TONE_HOI	lɨə↓j	lˈy ˈəː ˈi	0	0	0	0
lưỡy	TONE_NGA	lɨəʔ↗j	lˈy ˈəːʔ↗ˈi	0	0	0	0
lượy	TONE_NANG	lɨəʔ↓j	lˈy ˈəːʔ↓ˈi	0	0	0	0
lươo	TONE_NGANG	lɨə→w	lˈy ˈəːˈɔ	0	0	0	0
lườo	TONE_HUYEN	lɨə↘w	lˈy ˈəː↘ˈɔ	1	0	0	0
lướo	TONE_SAC	lɨə↗w	lˈy ˈəː↗ˈɔ	1	0	0	0
lươ̂o	TONE_HOI	lɨə↓w	lˈy ˈəː ˈo	0	0	0	0
lưỡo	TONE_NGA	lɨəʔ↗w	lˈy ˈəːʔ↗ˈɔ	1	0	0	0
lượo	TONE_NANG	lɨəʔ↓w	lˈy ˈəːʔ↓ˈɔ	1	0	0	0
lươu	TONE_NGANG	lɨə→w	lˈyəw	0	0	0	0
lườu	TONE_HUYEN	lɨə↘w	lˈyə↘w	1	0	0	0
lướu	TONE_SAC	lɨə↗w	lˈyə↗w	1	0	0	0
lươ̂u	TONE_HOI	lɨə↓w	lˈy ˈəː ˈu	0	0	0	0
lưỡu	TONE_NGA	lɨəʔ↗w	lˈyəʔ↗w	1	0	0	0
lượu	TONE_NANG	lɨəʔ↓w	lˈyəʔ↓w	1	0	0	0
lươm	TONE_NGANG	lɨə→m	lˈyəm	0	0	0	0
lườm	TONE_HUYEN	lɨə↘m	lˈyə↘m	1	0	0	0
lướm	TONE_SAC	lɨə↗m	lˈyə↗m	1	0	0	0
lươ̂m	TONE_HOI	lɨə↓m	lˈy ˈəː mˈəː↘	0	0	0	0
lưỡm	TONE_NGA	lɨəʔ↗m	lˈyəʔ↗m	1	0	0	0
lượm	TONE_NANG	lɨəʔ↓m	lˈyəʔ↓m	1	0	0	0
lướp	TONE_SAC	lɨə↗p	lˈyə↗p	1	0	0	0
lượp	TONE_NANG	lɨəʔ↓p	lˈyəʔ↓p	1	0	0	0
lướt	TONE_SAC	lɨə↗t	lˈyə↗t	1	0	0	0
lượt	TONE_NANG	lɨəʔ↓t	lˈyəʔ↓t	1	0	0	0
lương	TONE_NGANG	lɨə→ŋ	lˈyəŋ	0	0	0	0
lường	TONE_HUYEN	lɨə↘ŋ	lˈyə↘ŋ	1	0	0	0
lướng	TONE_SAC	lɨə↗ŋ	lˈyə↗ŋ	1	0	0	0
lươ̂ng	TONE_HOI	lɨə↓ŋ	lˈy ˈəː ˌɛndʒˈiː	0	0	0	0
lưỡng	TONE_NGA	lɨəʔ↗ŋ	lˈyəʔ↗ŋ	1	0	0	0
lượng	TONE_NANG	lɨəʔ↓ŋ	lˈyəʔ↓ŋ	1	0	0	0
lước	TONE_SAC	lɨə↗k	lˈyə↗c	1	0	0	0
lược	TONE_NANG	lɨəʔ↓k	lˈyəʔ↓c	1	0	0	0
lướch	TONE_SAC	lɨə↗k	lˈyə↗c hˈa↗t	0	0	0	0
lượch	TONE_NANG	lɨəʔ↓k	lˈyəʔ↓c hˈa↗t	0	0	0	0
lưa	TONE_NGANG	lɨə→	lˈyə	0	0	0	0
lừa	TONE_HUYEN	lɨə↘	lˈyə↘	1	0	0	0
lứa	TONE_SAC	lɨə↗	lˈyə↗	1	0	0	0
lư̂a	TONE_HOI	lɨə↓	lˈy ˈaː	0	0	0	0
lữa	TONE_NGA	lɨəʔ↗	lˈyəʔ↗	1	0	0	0
lựa	TONE_NANG	lɨəʔ↓	lˈyəʔ↓	1	0	0	0
lưai	TONE_NGANG	lɨə→j	lˈyə ˈi	0	0	0	0
lừai	TONE_HUYEN	lɨə↘j	lˈyə↘ ˈi	0	0	0	0
lứai	TONE_SAC	lɨə↗j	lˈyə↗ ˈi	0	0	0	0
lư̂ai	TONE_HOI	lɨə↓j	lˈy ˈaːj	0	0	0	0
lữai	TONE_NGA	lɨəʔ↗j	lˈyəʔ↗ ˈi	0	0	0	0
lựai	TONE_NANG	lɨəʔ↓j	lˈyəʔ↓ ˈi	0	0	0	0
lưay	TONE_NGANG	lɨə→j	lˈyə ˈi	0	0	0	0
lừay	TONE_HUYEN	lɨə↘j	lˈyə↘ ˈi	0	0	0	0
lứay	TONE_SAC	lɨə↗j	lˈyə↗ ˈi	0	0	0	0
lư̂ay	TONE_HOI	lɨə↓j	lˈy ˈaj	0	0	0	0
lữay	TONE_NGA	lɨəʔ↗j	lˈyəʔ↗ ˈi	0	0	0	0
lựay	TONE_NANG	lɨəʔ↓j	lˈyəʔ↓ ˈi	0	0	0	0
lưao	TONE_NGANG	lɨə→w	lˈyə ˈɔ	0	0	0	0
lừao	TONE_HUYEN	lɨə↘w	lˈyə↘ ˈɔ	1	0	0	0
lứao	TONE_SAC	lɨə↗w	lˈyə↗ ˈɔ	1	0	0	0
lư̂ao	TONE_HOI	lɨə↓w	lˈy ˈaːw	0	0	0	0
lữao	TONE_NGA	lɨəʔ↗w	lˈyəʔ↗ ˈɔ	1	0	0	0
lựao	TONE_NANG	lɨəʔ↓w	lˈyəʔ↓ ˈɔ	1	0	0	0
lưau	TONE_NGANG	lɨə→w	lˈyə ˈu	0	0	0	0
lừau	TONE_HUYEN	lɨə↘w	lˈyə↘ ˈu	0	0	0	0
lứau	TONE_SAC	lɨə↗w	lˈyə↗ ˈu	0	0	0	0
lư̂au	TONE_HOI	lɨə↓w	lˈy ˈaw	0	0	0	0
lữau	TONE_NGA	lɨəʔ↗w	lˈyəʔ↗ ˈu	0	0	0	0
lựau	TONE_NANG	lɨəʔ↓w	lˈyəʔ↓ ˈu	0	0	0	0
lưam	TONE_NGANG	lɨə→m	lˈy ˈaːm	0	0	0	0
lừam	TONE_HUYEN	lɨə↘m	lˈy↘ ˈaːm	0	0	0	0
lứam	TONE_SAC	lɨə↗m	lˈy↗ ˈaːm	0	0	0	0
lư̂am	TONE_HOI	lɨə↓m	lˈy ˈaːm	0	0	0	0
lữam	TONE_NGA	lɨəʔ↗m	lˈyʔ↗ ˈaːm	0	0	0	0
lựam	TONE_NANG	lɨəʔ↓m	lˈyʔ↓ ˈaːm	0	0	0	0
lứap	TONE_SAC	lɨə↗p	lˈy↗ ˈaː↗p	0	0	0	0
lựap	TONE_NANG	lɨəʔ↓p	lˈyʔ↓ ˈaː↗p	0	0	0	0
lứat	TONE_SAC	lɨə↗t	lˈy↗ ˈaː↗t	0	0	0	0
lựat	TONE_NANG	lɨəʔ↓t	lˈyʔ↓ ˈaː↗t	0	0	0	0
lưang	TONE_NGANG	lɨə→ŋ	lˈy ˈaːŋ	0	0	0	0
lừang	TONE_HUYEN	lɨə↘ŋ	lˈy↘ ˈaːŋ	0	0	0	0
lứang	TONE_SAC	lɨə↗ŋ	lˈy↗ ˈaːŋ	0	0	0	0
lư̂ang	TONE_HOI	lɨə↓ŋ	lˈy ˈaːŋ	0	0	0	0
lữang	TONE_NGA	lɨəʔ↗ŋ	lˈyʔ↗ ˈaːŋ	0	0	0	0
lựang	TONE_NANG	lɨəʔ↓ŋ	lˈyʔ↓ ˈaːŋ	0	0	0	0
lứac	TONE_SAC	lɨə↗k	lˈy↗ ˈaː↗c	0	0	0	0
lựac	TONE_NANG	lɨəʔ↓k	lˈyʔ↓ ˈaː↗c	0	0	0	0
lứach	TONE_SAC	lɨə↗k	lˈy↗ ˈæ↗c	0	0	0	0
lựach	TONE_NANG	lɨəʔ↓k	lˈyʔ↓ ˈæ↗c	0	0	0	0
luô	TONE_NGANG	luə→	lˈu ˈo	0	0	0	0
luồ	TONE_HUYEN	luə↘	lˈu ˈo↘	1	0	0	0
luố	TONE_SAC	luə↗	lˈu ˈo↗	1	0	0	0
luô̂	TONE_HOI	luə↓	lˈu ˈo	0	0	0	0
luỗ	TONE_NGA	luəʔ↗	lˈu ˈoʔ↗	1	0	0	0
luộ	TONE_NANG	luəʔ↓	lˈu ˈoʔ↓	1	0	0	0
luôi	TONE_NGANG	luə→j	lˈuəj	0	0	0	0
luồi	TONE_HUYEN	luə↘j	lˈuə↘j	1	0	0	0
luối	TONE_SAC	luə↗j	lˈuə↗j	1	0	0	0
luô̂i	TONE_HOI	luə↓j	lˈu ˈo ˈi	0	0	0	0
luỗi	TONE_NGA	luəʔ↗j	lˈuəʔ↗j	1	0	0	0
luội	TONE_NANG	luəʔ↓j	lˈuəʔ↓j	1	0	0	0
luôy	TONE_NGANG	luə→j	lˈu ˈoˈi	0	0	0	0
luồy	TONE_HUYEN	luə↘j	lˈu ˈo↘ˈi	0	0	0	0
luốy	TONE_SAC	luə↗j	lˈu ˈo↗ˈi	0	0	0	0
luô̂y	TONE_HOI	luə↓j	lˈu ˈo ˈi	0	0	0	0
luỗy	TONE_NGA	luəʔ↗j	lˈu ˈoʔ↗ˈi	0	0	0	0
luộy	TONE_NANG	luəʔ↓j	lˈu ˈoʔ↓ˈi	0	0	0	0
luôn	TONE_NGANG	luə→n	lˈuən	0	0	0	0
luồn	TONE_HUYEN	luə↘n	lˈuə↘n	1	0	0	0
luốn	TONE_SAC	luə↗n	lˈuə↗n	1	0	0	0
luô̂n	TONE_HOI	luə↓n	lˈu ˈo nˈəː↘	0	0	0	0
luỗn	TONE_NGA	luəʔ↗n	lˈuəʔ↗n	1	0	0	0
luộn	TONE_NANG	luəʔ↓n	lˈuəʔ↓n	1	0	0	0
luốp	TONE_SAC	luə↗p	lˈuə↗p	1	0	0	0
luộp	TONE_NANG	luəʔ↓p	lˈuəʔ↓p	1	0	0	0
luốt	TONE_SAC	luə↗t	lˈuə↗t	1	0	0	0
luột	TONE_NANG	luəʔ↓t	lˈuəʔ↓t	1	0	0	0
luông	TONE_NGANG	luə→ŋ	lˈuəŋ	0	0	0	0
luồng	TONE_HUYEN	luə↘ŋ	lˈuə↘ŋ	1	0	0	0
luống	TONE_SAC	luə↗ŋ	lˈuə↗ŋ	1	0	0	0
luô̂ng	TONE_HOI	luə↓ŋ	lˈu ˈo ˌɛndʒˈiː	0	0	0	0
luỗng	TONE_NGA	luəʔ↗ŋ	lˈuəʔ↗ŋ	1	0	0	0
luộng	TONE_NANG	luəʔ↓ŋ	lˈuəʔ↓ŋ	1	0	0	0
luốc	TONE_SAC	luə↗k	lˈuə↗c	1	0	0	0
luộc	TONE_NANG	luəʔ↓k	lˈuəʔ↓c	1	0	0	0
luốch	TONE_SAC	luə↗k	lˈuə↗c hˈa↗t	0	0	0	0
luộch	TONE_NANG	luəʔ↓k	lˈuəʔ↓c hˈa↗t	0	0	0	0
lua	TONE_NGANG	luə→	lˈuə	0	0	0	0
lùa	TONE_HUYEN	luə↘	lˈuə↘	1	0	0	0
lúa	TONE_SAC	luə↗	lˈuə↗	1	0	0	0
lûa	TONE_HOI	luə↓	lˈuə	0	0	0	0
lũa	TONE_NGA	luəʔ↗	lˈuəʔ↗	1	0	0	0
lụa	TONE_NANG	luəʔ↓	lˈuəʔ↓	1	0	0	0
luai	TONE_NGANG	luə→j	lˈuə ˈaɪ	0	0	0	0
lùai	TONE_HUYEN	luə↘j	lˈuə↘ ˈi	0	0	0	0
lúai	TONE_SAC	luə↗j	lˈuə↗ ˈi	0	0	0	0
lûai	TONE_HOI	luə↓j	lˈuə ˈaɪ	0	0	0	0
lũai	TONE_NGA	luəʔ↗j	lˈuəʔ↗ ˈi	0	0	0	0
lụai	TONE_NANG	luəʔ↓j	lˈuəʔ↓ ˈi	0	0	0	0
luay	TONE_NGANG	luə→j	lˈuːeɪ	0	0	0	0
lùay	TONE_HUYEN	luə↘j	lˈuə↘ ˈi	0	0	0	0
lúay	TONE_SAC	luə↗j	lˈuə↗ ˈi	0	0	0	0
lûay	TONE_HOI	luə↓j	lˈuːeɪ	0	0	0	0
lũay	TONE_NGA	luəʔ↗j	lˈuəʔ↗ ˈi	0	0	0	0
lụay	TONE_NANG	luəʔ↓j	lˈuəʔ↓ ˈi	0	0	0	0
lao	TONE_NGANG	laː→w	lˈaːw	0	0	0	0
lào	TONE_HUYEN	laː↘w	lˈaː↘w	1	0	0	0
láo	TONE_SAC	laː↗w	lˈaː↗w	1	0	0	0
lâo	TONE_HOI	laː↓w	ləː↘ˌeɪsˈ↗ːkəmflˌɛksˈɔ	0	0	0	0
lão	TONE_NGA	laːʔ↗w	lˈaːʔ↗w	1	0	0	0
lạo	TONE_NANG	laːʔ↓w	lˈaːʔ↓w	1	0	0	0
lau	TONE_NGANG	la→w	lˈaw	0	0	0	0
làu	TONE_HUYEN	la↘w	lˈa↘w	1	0	0	0
láu	TONE_SAC	la↗w	lˈa↗w	1	0	0	0
lâu	TONE_HOI	la↓w	lˈə→w	0	0	0	0
lãu	TONE_NGA	laʔ↗w	lˈaʔ↗w	1	0	0	0
lạu	TONE_NANG	laʔ↓w	lˈaʔ↓w	1	0	0	0
luan	TONE_NGANG	luə→n	lwˈən	0	0	0	0
lùan	TONE_HUYEN	luə↘n	lˈu↘ ˈaːn	0	0	0	0
lúan	TONE_SAC	luə↗n	lˈu↗ ˈaːn	0	0	0	0
lûan	TONE_HOI	luə↓n	lwˈən	0	0	0	0
lũan	TONE_NGA	luəʔ↗n	lˈuʔ↗ ˈaːn	0	0	0	0
lụan	TONE_NANG	luəʔ↓n	lˈuʔ↓ ˈaːn	0	0	0	0
lúap	TONE_SAC	luə↗p	lˈu↗ ˈaː↗p	0	0	0	0
lụap	TONE_NANG	luəʔ↓p	lˈuʔ↓ ˈaː↗p	0	0	0	0
lúat	TONE_SAC	luə↗t	lˈu↗ ˈaː↗t	0	0	0	0
lụat	TONE_NANG	luəʔ↓t	lˈuʔ↓ ˈaː↗t	0	0	0	0
luang	TONE_NGANG	luə→ŋ	lwˈɑːŋ	0	0	0	0
lùang	TONE_HUYEN	luə↘ŋ	lˈu↘ ˈaːŋ	0	0	0	0
lúang	TONE_SAC	luə↗ŋ	lˈu↗ ˈaːŋ	0	0	0	0
lûang	TONE_HOI	luə↓ŋ	lwˈɑːŋ	0	0	0	0
lũang	TONE_NGA	luəʔ↗ŋ	lˈuʔ↗ ˈaːŋ	0	0	0	0
lụang	TONE_NANG	luəʔ↓ŋ	lˈuʔ↓ ˈaːŋ	0	0	0	0
lanh	TONE_NGANG	laː→ɲ	lˈæɲ	0	0	0	1
lành	TONE_HUYEN	laː↘ɲ	lˈæ↘ɲ	1	0	0	1
lánh	TONE_SAC	laː↗ɲ	lˈæ↗ɲ	1	0	0	1
lânh	TONE_HOI	laː↓ɲ	lˈən hˈa↗t	0	0	0	1
lãnh	TONE_NGA	laːʔ↗ɲ	lˈæʔ↗ɲ	1	0	0	1
lạnh	TONE_NANG	laːʔ↓ɲ	lˈæʔ↓ɲ	1	0	0	1
lúac	TONE_SAC	luə↗k	lˈu↗ ˈaː↗c	0	0	0	0
lụac	TONE_NANG	luəʔ↓k	lˈuʔ↓ ˈaː↗c	0	0	0	0
lúach	TONE_SAC	luə↗k	lˈu↗ ˈæ↗c	0	0	0	0
lụach	TONE_NANG	luəʔ↓k	lˈuʔ↓ ˈæ↗c	0	0	0	0
la	TONE_NGANG	laː→	lˈaː	0	0	0	0
là	TONE_HUYEN	laː↘	lˌaː↘	1	0	0	0
lá	TONE_SAC	laː↗	lˈaː↗	1	0	0	0
lâ	TONE_HOI	laː↓	ləː↘ˌeɪsˈ↗ːkəmflˌɛks	0	0	0	0
lã	TONE_NGA	laːʔ↗	lˈaːʔ↗	1	0	0	0
lạ	TONE_NANG	laːʔ↓	lˈaːʔ↓	1	0	0	0
lai	TONE_NGANG	laː→j	lˈaːj	0	0	0	0
lài	TONE_HUYEN	laː↘j	lˈaː↘j	1	0	0	0
lái	TONE_SAC	laː↗j	lˈaː↗j	1	0	0	0
lâi	TONE_HOI	laː↓j	ləː↘ˌeɪsˈ↗ːkəmflˌɛksˈi	0	0	0	0
lãi	TONE_NGA	laːʔ↗j	lˈaːʔ↗j	1	0	0	0
lại	TONE_NANG	laːʔ↓j	lˈaːʔ↓j	1	0	0	0
lay	TONE_NGANG	la→j	lˈeɪ	0	0	0	0
lày	TONE_HUYEN	la↘j	lˈa↘j	1	0	0	0
láy	TONE_SAC	la↗j	lˈa↗j	1	0	0	0
lây	TONE_HOI	la↓j	lˈəɪ	0	0	0	0
lãy	TONE_NGA	laʔ↗j	lˈaʔ↗j	1	0	0	0
lạy	TONE_NANG	laʔ↓j	lˈaʔ↓j	1	0	0	0
lao	TONE_NGANG	laː→w	lˈaːw	0	0	0	0
lào	TONE_HUYEN	laː↘w	lˈaː↘w	1	0	0	0
láo	TONE_SAC	laː↗w	lˈaː↗w	1	0	0	0
lâo	TONE_HOI	laː↓w	ləː↘ˌeɪsˈ↗ːkəmflˌɛksˈɔ	0	0	0	0
lão	TONE_NGA	laːʔ↗w	lˈaːʔ↗w	1	0	0	0
lạo	TONE_NANG	laːʔ↓w	lˈaːʔ↓w	1	0	0	0
lau	TONE_NGANG	la→w	lˈaw	0	0	0	0
làu	TONE_HUYEN	la↘w	lˈa↘w	1	0	0	0
láu	TONE_SAC	la↗w	lˈa↗w	1	0	0	0
lâu	TONE_HOI	la↓w	lˈə→w	0	0	0	0
lãu	TONE_NGA	laʔ↗w	lˈaʔ↗w	1	0	0	0
lạu	TONE_NANG	laʔ↓w	lˈaʔ↓w	1	0	0	0
lam	TONE_NGANG	laː→m	lˈaːm	0	0	0	0
làm	TONE_HUYEN	laː↘m	lˈaː↘m	1	0	0	0
lám	TONE_SAC	laː↗m	lˈaː↗m	1	0	0	0
lâm	TONE_HOI	laː↓m	lˈəm	0	0	0	0
lãm	TONE_NGA	laːʔ↗m	lˈaːʔ↗m	1	0	0	0
lạm	TONE_NANG	laːʔ↓m	lˈaːʔ↓m	1	0	0	0
lan	TONE_NGANG	laː→n	lˈaːn	0	0	0	0
làn	TONE_HUYEN	laː↘n	lˈaː↘n	1	0	0	0
lán	TONE_SAC	laː↗n	lˈaː↗n	1	0	0	0
lân	TONE_HOI	laː↓n	lˈən	0	0	0	0
lãn	TONE_NGA	laːʔ↗n	lˈaːʔ↗n	1	0	0	0
lạn	TONE_NANG	laːʔ↓n	lˈaːʔ↓n	1	0	0	0
láp	TONE_SAC	laː↗p	lˈaː↗p	1	0	0	0
lạp	TONE_NANG	laːʔ↓p	lˈaːʔ↓p	1	0	0	0
lát	TONE_SAC	laː↗t	lˈaː↗t	1	0	0	0
lạt	TONE_NANG	laːʔ↓t	lˈaːʔ↓t	1	0	0	0
lang	TONE_NGANG	laː→ŋ	lˈaːŋ	0	0	0	0
làng	TONE_HUYEN	laː↘ŋ	lˈaː↘ŋ	1	0	0	0
láng	TONE_SAC	laː↗ŋ	lˈaː↗ŋ	1	0	0	0
lâng	TONE_HOI	laː↓ŋ	lˈəŋ	0	0	0	0
lãng	TONE_NGA	laːʔ↗ŋ	lˈaːʔ↗ŋ	1	0	0	0
lạng	TONE_NANG	laːʔ↓ŋ	lˈaːʔ↓ŋ	1	0	0	0
lanh	TONE_NGANG	laː→ɲ	lˈæɲ	0	0	0	1
lành	TONE_HUYEN	laː↘ɲ	lˈæ↘ɲ	1	0	0	1
lánh	TONE_SAC	laː↗ɲ	lˈæ↗ɲ	1	0	0	1
lânh	TONE_HOI	laː↓ɲ	lˈən hˈa↗t	0	0	0	1
lãnh	TONE_NGA	laːʔ↗ɲ	lˈæʔ↗ɲ	1	0	0	1
lạnh	TONE_NANG	laːʔ↓ɲ	lˈæʔ↓ɲ	1	0	0	1
lác	TONE_SAC	laː↗k	lˈaː↗c	1	0	0	0
lạc	TONE_NANG	laːʔ↓k	lˈaːʔ↓c	1	0	0	0
lách	TONE_SAC	la↗k	lˈæ↗c	1	0	0	0
lạch	TONE_NANG	laʔ↓k	lˈæʔ↓c	1	0	0	0
lă	TONE_NGANG	la→	ləː↘ă	0	1	0	0
lằ	TONE_HUYEN	la↘	ləː↘ằ	1	1	0	0
lắ	TONE_SAC	la↗	ləː↘ắ	0	1	0	0
lă̂	TONE_HOI	la↓	ləː↘ă	0	1	0	0
lẵ	TONE_NGA	laʔ↗	ləː↘ẵ	0	1	0	0
lặ	TONE_NANG	laʔ↓	ləː↘ặ	0	1	0	0
lăm	TONE_NGANG	la→m	lˈam	0	0	0	0
lằm	TONE_HUYEN	la↘m	lˈa↘m	1	0	0	0
lắm	TONE_SAC	la↗m	lˈa↗m	1	0	0	0
lă̂m	TONE_HOI	la↓m	ləː↘ă mˈəː↘	0	1	0	0
lẵm	TONE_NGA	laʔ↗m	lˈaʔ↗m	1	0	0	0
lặm	TONE_NANG	laʔ↓m	lˈaʔ↓m	1	0	0	0
lăn	TONE_NGANG	la→n	lˈan	0	0	0	0
lằn	TONE_HUYEN	la↘n	lˈa↘n	1	0	0	0
lắn	TONE_SAC	la↗n	lˈa↗n	1	0	0	0
lă̂n	TONE_HOI	la↓n	ləː↘ă nˈəː↘	0	1	0	0
lẵn	TONE_NGA	laʔ↗n	lˈaʔ↗n	1	0	0	0
lặn	TONE_NANG	laʔ↓n	lˈaʔ↓n	1	0	0	0
lắp	TONE_SAC	la↗p	lˈa↗p	1	0	0	0
lặp	TONE_NANG	laʔ↓p	lˈaʔ↓p	1	0	0	0
lắt	TONE_SAC	la↗t	lˈa↗t	1	0	0	0
lặt	TONE_NANG	laʔ↓t	lˈaʔ↓t	1	0	0	0
lăng	TONE_NGANG	la→ŋ	lˈaŋ	0	0	0	0
lằng	TONE_HUYEN	la↘ŋ	lˈa↘ŋ	1	0	0	0
lắng	TONE_SAC	la↗ŋ	lˈa↗ŋ	1	0	0	0
lă̂ng	TONE_HOI	la↓ŋ	ləː↘ă ˌɛndʒˈiː	0	1	0	0
lẵng	TONE_NGA	laʔ↗ŋ	lˈaʔ↗ŋ	1	0	0	0
lặng	TONE_NANG	laʔ↓ŋ	lˈaʔ↓ŋ	1	0	0	0
lắc	TONE_SAC	la↗k	lˈa↗c	1	0	0	0
lặc	TONE_NANG	laʔ↓k	lˈaʔ↓c	1	0	0	0
lắch	TONE_SAC	la↗k	lˈa↗c hˈa↗t	0	0	0	0
lặch	TONE_NANG	laʔ↓k	lˈaʔ↓c hˈa↗t	0	0	0	0
lâ	TONE_NGANG	lə→	ləː↘ˌeɪsˈ↗ːkəmflˌɛks	0	0	0	0
lầ	TONE_HUYEN	lə↘	ləː↘ầ	1	1	0	0
lấ	TONE_SAC	lə↗	ləː↘ấ	0	1	0	0
lâ̂	TONE_HOI	lə↓	ləː↘ˌeɪsˈ↗ːkəmflˌɛks	0	0	0	0
lẫ	TONE_NGA	ləʔ↗	ləː↘ẫ	0	1	0	0
lậ	TONE_NANG	ləʔ↓	ləː↘ậ	0	1	0	0
lâi	TONE_NGANG	lə→j	ləː↘ˌeɪsˈ↗ːkəmflˌɛksˈi	0	0	0	0
lầi	TONE_HUYEN	lə↘j	ləː↘ầˈi	0	1	0	0
lấi	TONE_SAC	lə↗j	ləː↘ấˈi	0	1	0	0
lâ̂i	TONE_HOI	lə↓j	ləː↘ˌeɪsˈ↗ːkəmflˌɛks ˈi	0	0	0	0
lẫi	TONE_NGA	ləʔ↗j	ləː↘ẫˈi	0	1	0	0
lậi	TONE_NANG	ləʔ↓j	ləː↘ậˈi	0	1	0	0
lây	TONE_NGANG	lə→j	lˈəɪ	0	0	0	0
lầy	TONE_HUYEN	lə↘j	lˈəɪ↘	1	0	0	0
lấy	TONE_SAC	lə↗j	lˈəɪ↗	1	0	0	0
lâ̂y	TONE_HOI	lə↓j	ləː↘ˌeɪsˈ↗ːkəmflˌɛks ˈi	0	0	0	0
lẫy	TONE_NGA	ləʔ↗j	lˈəɪʔ↗	1	0	0	0
lậy	TONE_NANG	ləʔ↓j	lˈəɪʔ↓	1	0	0	0
lâo	TONE_NGANG	lə→w	ləː↘ˌeɪsˈ↗ːkəmflˌɛksˈɔ	0	0	0	0
lầo	TONE_HUYEN	lə↘w	ləː↘ầˈɔ	1	1	0	0
lấo	TONE_SAC	lə↗w	ləː↘ấˈɔ	0	1	0	0
lâ̂o	TONE_HOI	lə↓w	ləː↘ˌeɪsˈ↗ːkəmflˌɛks ˈo	0	0	0	0
lẫo	TONE_NGA	ləʔ↗w	ləː↘ẫˈɔ	0	1	0	0
lậo	TONE_NANG	ləʔ↓w	ləː↘ậˈɔ	0	1	0	0
lâu	TONE_NGANG	lə→w	lˈə→w	1	0	0	0
lầu	TONE_HUYEN	lə↘w	lˈə↘w	1	0	0	0
lấu	TONE_SAC	lə↗w	lˈə↗w	1	0	0	0
lâ̂u	TONE_HOI	lə↓w	ləː↘ˌeɪsˈ↗ːkəmflˌɛks ˈu	0	0	0	0
lẫu	TONE_NGA	ləʔ↗w	lˈəʔ↗w	1	0	0	0
lậu	TONE_NANG	ləʔ↓w	lˈəʔ↓w	1	0	0	0
lâm	TONE_NGANG	lə→m	lˈəm	0	0	0	0
lầm	TONE_HUYEN	lə↘m	lˈə↘m	1	0	0	0
lấm	TONE_SAC	lə↗m	lˈə↗m	1	0	0	0
lâ̂m	TONE_HOI	lə↓m	ləː↘ˌeɪsˈ↗ːkəmflˌɛks mˈəː↘	0	0	0	0
lẫm	TONE_NGA	ləʔ↗m	lˈəʔ↗m	1	0	0	0
lậm	TONE_NANG	ləʔ↓m	lˈəʔ↓m	1	0	0	0
lân	TONE_NGANG	lə→n	lˈən	0	0	0	0
lần	TONE_HUYEN	lə↘n	lˈə↘n	1	0	0	0
lấn	TONE_SAC	lə↗n	lˈə↗n	1	0	0	0
lâ̂n	TONE_HOI	lə↓n	ləː↘ˌeɪsˈ↗ːkəmflˌɛks nˈəː↘	0	0	0	0
lẫn	TONE_NGA	ləʔ↗n	lˈəʔ↗n	1	0	0	0
lận	TONE_NANG	ləʔ↓n	lˈəʔ↓n	1	0	0	0
lấp	TONE_SAC	lə↗p	lˈə↗p	1	0	0	0
lập	TONE_NANG	ləʔ↓p	lˈəʔ↓p	1	0	0	0
lất	TONE_SAC	lə↗t	lˈə↗t	1	0	0	0
lật	TONE_NANG	ləʔ↓t	lˈəʔ↓t	1	0	0	0
lâng	TONE_NGANG	lə→ŋ	lˈəŋ	0	0	0	0
lầng	TONE_HUYEN	lə↘ŋ	lˈə↘ŋ	1	0	0	0
lấng	TONE_SAC	lə↗ŋ	lˈə↗ŋ	1	0	0	0
lâ̂ng	TONE_HOI	lə↓ŋ	ləː↘ˌeɪsˈ↗ːkəmflˌɛks ˌɛndʒˈiː	0	0	0	0
lẫng	TONE_NGA	ləʔ↗ŋ	lˈəʔ↗ŋ	1	0	0	0
lậng	TONE_NANG	ləʔ↓ŋ	lˈəʔ↓ŋ	1	0	0	0
lấc	TONE_SAC	lə↗k	lˈə↗c	1	0	0	0
lậc	TONE_NANG	ləʔ↓k	lˈəʔ↓c	1	0	0	0
lấch	TONE_SAC	lə↗k	lˈə↗c hˈa↗t	0	0	0	0
lậch	TONE_NANG	ləʔ↓k	lˈəʔ↓c hˈa↗t	0	0	0	0
le	TONE_NGANG	lɛ→	lə	0	0	0	0
lè	TONE_HUYEN	lɛ↘	lˈɛ↘	1	0	0	0
lé	TONE_SAC	lɛ↗	lˈɛ↗	1	0	0	0
lê	TONE_HOI	lɛ↓	lˈe	0	0	0	0
lẽ	TONE_NGA	lɛʔ↗	lˈɛʔ↗	1	0	0	0
lẹ	TONE_NANG	lɛʔ↓	lˈɛʔ↓	1	0	0	0
leo	TONE_NGANG	lɛ→w	lˈiːoʊ	0	0	0	0
lèo	TONE_HUYEN	lɛ↘w	lˈɛ↘w	1	0	0	0
léo	TONE_SAC	lɛ↗w	lˈɛ↗w	1	0	0	0
lêo	TONE_HOI	lɛ↓w	lˈe ˈɔ	0	0	0	0
lẽo	TONE_NGA	lɛʔ↗w	lˈɛʔ↗w	1	0	0	0
lẹo	TONE_NANG	lɛʔ↓w	lˈɛʔ↓w	1	0	0	0
leu	TONE_NGANG	lɛ→w	lˈuː	0	0	0	0
lèu	TONE_HUYEN	lɛ↘w	lˈɛ↘ ˈu	0	0	0	0
léu	TONE_SAC	lɛ↗w	lˈɛ↗ ˈu	0	0	0	0
lêu	TONE_HOI	lɛ↓w	lˈe→w	0	0	0	0
lẽu	TONE_NGA	lɛʔ↗w	lˈɛʔ↗ ˈu	0	0	0	0
lẹu	TONE_NANG	lɛʔ↓w	lˈɛʔ↓ ˈu	0	0	0	0
lem	TONE_NGANG	lɛ→m	lˈɛm	0	0	0	0
lèm	TONE_HUYEN	lɛ↘m	lˈɛ↘m	1	0	0	0
lém	TONE_SAC	lɛ↗m	lˈɛ↗m	1	0	0	0
lêm	TONE_HOI	lɛ↓m	lˈem	0	0	0	0
lẽm	TONE_NGA	lɛʔ↗m	lˈɛʔ↗m	1	0	0	0
lẹm	TONE_NANG	lɛʔ↓m	lˈɛʔ↓m	1	0	0	0
len	TONE_NGANG	lɛ→n	lˈɛn	0	0	0	0
lèn	TONE_HUYEN	lɛ↘n	lˈɛ↘n	1	0	0	0
lén	TONE_SAC	lɛ↗n	lˈɛ↗n	1	0	0	0
lên	TONE_HOI	lɛ↓n	lˈen	0	0	0	0
lẽn	TONE_NGA	lɛʔ↗n	lˈɛʔ↗n	1	0	0	0
lẹn	TONE_NANG	lɛʔ↓n	lˈɛʔ↓n	1	0	0	0
lép	TONE_SAC	lɛ↗p	lˈɛ↗p	1	0	0	0
lẹp	TONE_NANG	lɛʔ↓p	lˈɛʔ↓p	1	0	0	0
lét	TONE_SAC	lɛ↗t	lˈɛ↗t	1	0	0	0
lẹt	TONE_NANG	lɛʔ↓t	lˈɛʔ↓t	1	0	0	0
leng	TONE_NGANG	lɛ→ŋ	lˈɛŋ	0	0	0	0
lèng	TONE_HUYEN	lɛ↘ŋ	lˈɛ↘ŋ	1	0	0	0
léng	TONE_SAC	lɛ↗ŋ	lˈɛ↗ŋ	1	0	0	0
lêng	TONE_HOI	lɛ↓ŋ	lˈen ðˈe→	0	0	0	0
lẽng	TONE_NGA	lɛʔ↗ŋ	lˈɛʔ↗ŋ	1	0	0	0
lẹng	TONE_NANG	lɛʔ↓ŋ	lˈɛʔ↓ŋ	1	0	0	0
léc	TONE_SAC	lɛ↗k	lˈɛ↗c	1	0	0	0
lẹc	TONE_NANG	lɛʔ↓k	lˈɛʔ↓c	1	0	0	0
léch	TONE_SAC	lɛ↗k	lˈɛ↗c hˈa↗t	0	0	0	0
lẹch	TONE_NANG	lɛʔ↓k	lˈɛʔ↓c hˈa↗t	0	0	0	0
lê	TONE_NGANG	le→	lˈe	0	0	0	0
lề	TONE_HUYEN	le↘	lˈe↘	1	0	0	0
lế	TONE_SAC	le↗	lˈe↗	1	0	0	0
lê̂	TONE_HOI	le↓	lˈe	0	0	0	0
lễ	TONE_NGA	leʔ↗	lˈeʔ↗	1	0	0	0
lệ	TONE_NANG	leʔ↓	lˈeʔ↓	1	0	0	0
lêo	TONE_NGANG	le→w	lˈe ˈɔ	0	0	0	0
lềo	TONE_HUYEN	le↘w	lˈe↘ ˈɔ	1	0	0	0
lếo	TONE_SAC	le↗w	lˈe↗ ˈɔ	1	0	0	0
lê̂o	TONE_HOI	le↓w	lˈe ˈo	0	0	0	0
lễo	TONE_NGA	leʔ↗w	lˈeʔ↗ ˈɔ	1	0	0	0
lệo	TONE_NANG	leʔ↓w	lˈeʔ↓ ˈɔ	1	0	0	0
lêu	TONE_NGANG	le→w	lˈe→w	1	0	0	0
lều	TONE_HUYEN	le↘w	lˈe↘w	1	0	0	0
lếu	TONE_SAC	le↗w	lˈe↗w	1	0	0	0
lê̂u	TONE_HOI	le↓w	lˈe ˈu	0	0	0	0
lễu	TONE_NGA	leʔ↗w	lˈeʔ↗w	1	0	0	0
lệu	TONE_NANG	leʔ↓w	lˈeʔ↓w	1	0	0	0
lêm	TONE_NGANG	le→m	lˈem	0	0	0	0
lềm	TONE_HUYEN	le↘m	lˈe↘m	1	0	0	0
lếm	TONE_SAC	le↗m	lˈe↗m	1	0	0	0
lê̂m	TONE_HOI	le↓m	lˈe mˈəː↘	0	0	0	0
lễm	TONE_NGA	leʔ↗m	lˈeʔ↗m	1	0	0	0
lệm	TONE_NANG	leʔ↓m	lˈeʔ↓m	1	0	0	0
lên	TONE_NGANG	le→n	lˈen	0	0	0	0
lền	TONE_HUYEN	le↘n	lˈe↘n	1	0	0	0
lến	TONE_SAC	le↗n	lˈe↗n	1	0	0	0
lê̂n	TONE_HOI	le↓n	lˈe nˈəː↘	0	0	0	0
lễn	TONE_NGA	leʔ↗n	lˈeʔ↗n	1	0	0	0
lện	TONE_NANG	leʔ↓n	lˈeʔ↓n	1	0	0	0
lếp	TONE_SAC	le↗p	lˈe↗p	1	0	0	0
lệp	TONE_NANG	leʔ↓p	lˈeʔ↓p	1	0	0	0
lết	TONE_SAC	le↗t	lˈe↗t	1	0	0	0
lệt	TONE_NANG	leʔ↓t	lˈeʔ↓t	1	0	0	0
lênh	TONE_NGANG	le→ɲ	lˈeɲ	0	0	0	0
lềnh	TONE_HUYEN	le↘ɲ	lˈe↘ɲ	1	0	0	0
lếnh	TONE_SAC	le↗ɲ	lˈe↗ɲ	1	0	0	0
lê̂nh	TONE_HOI	le↓ɲ	lˈe ˌɛnˈeɪʧ	0	0	0	0
lễnh	TONE_NGA	leʔ↗ɲ	lˈeʔ↗ɲ	1	0	0	0
lệnh	TONE_NANG	leʔ↓ɲ	lˈeʔ↓ɲ	1	0	0	0
lếc	TONE_SAC	le↗k	lˈe↗ sˈe	0	0	0	0
lệc	TONE_NANG	leʔ↓k	lˈeʔ↓ sˈe	0	0	0	0
lếch	TONE_SAC	le↗k	lˈe↗c	1	0	0	0
lệch	TONE_NANG	leʔ↓k	lˈeʔ↓c	1	0	0	0
li	TONE_NGANG	li→	lˈi	0	0	0	0
lì	TONE_HUYEN	li↘	lˈi↘	1	0	0	0
lí	TONE_SAC	li↗	lˈi↗	1	0	0	0
lî	TONE_HOI	li↓	lˈi	0	0	0	0
lĩ	TONE_NGA	liʔ↗	lˈiʔ↗	1	0	0	0
lị	TONE_NANG	liʔ↓	lˈiʔ↓	1	0	0	0
lio	TONE_NGANG	li→w	lˈiːoʊ	0	0	0	0
lìo	TONE_HUYEN	li↘w	lˈi↘ ˈɔ	1	0	0	0
lío	TONE_SAC	li↗w	lˈi↗ ˈɔ	1	0	0	0
lîo	TONE_HOI	li↓w	lˈiːoʊ	0	0	0	0
lĩo	TONE_NGA	liʔ↗w	lˈiʔ↗ ˈɔ	1	0	0	0
lịo	TONE_NANG	liʔ↓w	lˈiʔ↓ ˈɔ	1	0	0	0
liu	TONE_NGANG	li→w	lˈiw	0	0	0	0
lìu	TONE_HUYEN	li↘w	lˈi↘w	1	0	0	0
líu	TONE_SAC	li↗w	lˈi↗w	1	0	0	0
lîu	TONE_HOI	li↓w	lˈiw	0	0	0	0
lĩu	TONE_NGA	liʔ↗w	lˈiʔ↗w	1	0	0	0
lịu	TONE_NANG	liʔ↓w	lˈiʔ↓w	1	0	0	0
lim	TONE_NGANG	li→m	lˈim	0	0	0	0
lìm	TONE_HUYEN	li↘m	lˈi↘m	1	0	0	0
lím	TONE_SAC	li↗m	lˈi↗m	1	0	0	0
lîm	TONE_HOI	li↓m	lˈim	0	0	0	0
lĩm	TONE_NGA	liʔ↗m	lˈiʔ↗m	1	0	0	0
lịm	TONE_NANG	liʔ↓m	lˈiʔ↓m	1	0	0	0
lin	TONE_NGANG	li→n	lˈin	0	0	0	0
lìn	TONE_HUYEN	li↘n	lˈi↘n	1	0	0	0
lín	TONE_SAC	li↗n	lˈi↗n	1	0	0	0
lîn	TONE_HOI	li↓n	lˈin	0	0	0	0
lĩn	TONE_NGA	liʔ↗n	lˈiʔ↗n	1	0	0	0
lịn	TONE_NANG	liʔ↓n	lˈiʔ↓n	1	0	0	0
líp	TONE_SAC	li↗p	lˈi↗p	1	0	0	0
lịp	TONE_NANG	liʔ↓p	lˈiʔ↓p	1	0	0	0
lít	TONE_SAC	li↗t	lˈi↗t	1	0	0	0
lịt	TONE_NANG	liʔ↓t	lˈiʔ↓t	1	0	0	0
linh	TONE_NGANG	li→ɲ	lˈiɲ	0	0	0	1
lình	TONE_HUYEN	li↘ɲ	lˈi↘ɲ	1	0	0	1
lính	TONE_SAC	li↗ɲ	lˈi↗ɲ	1	0	0	1
lînh	TONE_HOI	li↓ɲ	lˈiɲ	0	0	0	1
lĩnh	TONE_NGA	liʔ↗ɲ	lˈiʔ↗ɲ	1	0	0	1
lịnh	TONE_NANG	liʔ↓ɲ	lˈiʔ↓ɲ	1	0	0	1
líc	TONE_SAC	li↗k	lˈi↗ sˈe	0	0	0	0
lịc	TONE_NANG	liʔ↓k	lˈiʔ↓ sˈe	0	0	0	0
lích	TONE_SAC	li↗k	lˈi↗c	1	0	0	0
lịch	TONE_NANG	liʔ↓k	lˈiʔ↓c	1	0	0	0
ly	TONE_NGANG	li→	lˈi	0	0	0	0
lỳ	TONE_HUYEN	li↘	lˈi↘	1	0	0	0
lý	TONE_SAC	li↗	lˈi↗	1	0	0	0
lŷ	TONE_HOI	li↓	lˈi	0	0	0	0
lỹ	TONE_NGA	liʔ↗	lˈiʔ↗	1	0	0	0
lỵ	TONE_NANG	liʔ↓	lˈiʔ↓	1	0	0	0
lyo	TONE_NGANG	li→w	lˈi ˈoʊ	0	0	0	0
lỳo	TONE_HUYEN	li↘w	lˈi↘ ˈɔ	1	0	0	0
lýo	TONE_SAC	li↗w	lˈi↗ ˈɔ	1	0	0	0
lŷo	TONE_HOI	li↓w	lˈi ˈoʊ	0	0	0	0
lỹo	TONE_NGA	liʔ↗w	lˈiʔ↗ ˈɔ	1	0	0	0
lỵo	TONE_NANG	liʔ↓w	lˈiʔ↓ ˈɔ	1	0	0	0
lyu	TONE_NGANG	li→w	lˈi jˈuː	0	0	0	0
lỳu	TONE_HUYEN	li↘w	lˈi↘ ˈu	0	0	0	0
lýu	TONE_SAC	li↗w	lˈi↗ ˈu	0	0	0	0
lŷu	TONE_HOI	li↓w	lˈi jˈuː	0	0	0	0
lỹu	TONE_NGA	liʔ↗w	lˈiʔ↗ ˈu	0	0	0	0
lỵu	TONE_NANG	liʔ↓w	lˈiʔ↓ ˈu	0	0	0	0
lym	TONE_NGANG	li→m	lˈɪm	0	0	0	0
lỳm	TONE_HUYEN	li↘m	lˈi↘ ˈməː↘	0	0	0	0
lým	TONE_SAC	li↗m	lˈi↗ ˈməː↘	0	0	0	0
lŷm	TONE_HOI	li↓m	lˈɪm	0	0	0	0
lỹm	TONE_NGA	liʔ↗m	lˈiʔ↗ ˈməː↘	0	0	0	0
lỵm	TONE_NANG	liʔ↓m	lˈiʔ↓ ˈməː↘	0	0	0	0
lyn	TONE_NGANG	li→n	lˈɪn	0	0	0	0
lỳn	TONE_HUYEN	li↘n	lˈi↘ ˈɛnəː↘	0	0	0	0
lýn	TONE_SAC	li↗n	lˈi↗ ˈɛnəː↘	0	0	0	0
lŷn	TONE_HOI	li↓n	lˈɪn	0	0	0	0
lỹn	TONE_NGA	liʔ↗n	lˈiʔ↗ ˈɛnəː↘	0	0	0	0
lỵn	TONE_NANG	liʔ↓n	lˈiʔ↓ ˈɛnəː↘	0	0	0	0
lýp	TONE_SAC	li↗p	lˈi↗ pˈe	0	0	0	0
lỵp	TONE_NANG	liʔ↓p	lˈiʔ↓ pˈe	0	0	0	0
lýt	TONE_SAC	li↗t	lˈi↗ tˈe	0	0	0	0
lỵt	TONE_NANG	liʔ↓t	lˈiʔ↓ tˈe	0	0	0	0
lynh	TONE_NGANG	li→ɲ	ˈɛl ˈɪn	0	0	0	0
lỳnh	TONE_HUYEN	li↘ɲ	lˈi↘ ˈɛnəː↘hˈa↗t	0	0	0	0
lýnh	TONE_SAC	li↗ɲ	lˈi↗ ˈɛnəː↘hˈa↗t	0	0	0	0
lŷnh	TONE_HOI	li↓ɲ	ˈɛl ˈɪn	0	0	0	0
lỹnh	TONE_NGA	liʔ↗ɲ	lˈiʔ↗ ˈɛnəː↘hˈa↗t	0	0	0	0
lỵnh	TONE_NANG	liʔ↓ɲ	lˈiʔ↓ ˈɛnəː↘hˈa↗t	0	0	0	0
lýc	TONE_SAC	li↗k	lˈi↗ sˈe	0	0	0	0
lỵc	TONE_NANG	liʔ↓k	lˈiʔ↓ sˈe	0	0	0	0
lých	TONE_SAC	li↗k	lˈi↗ sˈehˈa↗t	0	0	0	0
lỵch	TONE_NANG	liʔ↓k	lˈiʔ↓ sˈehˈa↗t	0	0	0	0
lo	TONE_NGANG	lɔ→	lˈɔ	0	0	0	0
lò	TONE_HUYEN	lɔ↘	lˈɔ↘	1	0	0	0
ló	TONE_SAC	lɔ↗	lˈɔ↗	1	0	0	0
lô	TONE_HOI	lɔ↓	lˈo	0	0	0	0
lõ	TONE_NGA	lɔʔ↗	lˈɔʔ↗	1	0	0	0
lọ	TONE_NANG	lɔʔ↓	lˈɔʔ↓	1	0	0	0
loi	TONE_NGANG	lɔ→j	lˈɔj	0	0	0	0
lòi	TONE_HUYEN	lɔ↘j	lˈɔ↘j	1	0	0	0
lói	TONE_SAC	lɔ↗j	lˈɔ↗j	1	0	0	0
lôi	TONE_HOI	lɔ↓j	lˈoj	0	0	0	0
lõi	TONE_NGA	lɔʔ↗j	lˈɔʔ↗j	1	0	0	0
lọi	TONE_NANG	lɔʔ↓j	lˈɔʔ↓j	1	0	0	0
loy	TONE_NGANG	lɔ→j	lˈɔɪ	0	0	0	0
lòy	TONE_HUYEN	lɔ↘j	lˈɔ↘ ˈi	0	0	0	0
lóy	TONE_SAC	lɔ↗j	lˈɔ↗ ˈi	0	0	0	0
lôy	TONE_HOI	lɔ↓j	lˈo ˈi	0	0	0	0
lõy	TONE_NGA	lɔʔ↗j	lˈɔʔ↗ ˈi	0	0	0	0
lọy	TONE_NANG	lɔʔ↓j	lˈɔʔ↓ ˈi	0	0	0	0
lom	TONE_NGANG	lɔ→m	lˈɔm	0	0	0	0
lòm	TONE_HUYEN	lɔ↘m	lˈɔ↘m	1	0	0	0
lóm	TONE_SAC	lɔ↗m	lˈɔ↗m	1	0	0	0
lôm	TONE_HOI	lɔ↓m	lˈom	0	0	0	0
lõm	TONE_NGA	lɔʔ↗m	lˈɔʔ↗m	1	0	0	0
lọm	TONE_NANG	lɔʔ↓m	lˈɔʔ↓m	1	0	0	0
lon	TONE_NGANG	lɔ→n	lˈɔn	0	0	0	0
lòn	TONE_HUYEN	lɔ↘n	lˈɔ↘n	1	0	0	0
lón	TONE_SAC	lɔ↗n	lˈɔ↗n	1	0	0	0
lôn	TONE_HOI	lɔ↓n	lˈon	0	0	0	0
lõn	TONE_NGA	lɔʔ↗n	lˈɔʔ↗n	1	0	0	0
lọn	TONE_NANG	lɔʔ↓n	lˈɔʔ↓n	1	0	0	0
lóp	TONE_SAC	lɔ↗p	lˈɔ↗p	1	0	0	0
lọp	TONE_NANG	lɔʔ↓p	lˈɔʔ↓p	1	0	0	0
lót	TONE_SAC	lɔ↗t	lˈɔ↗t	1	0	0	0
lọt	TONE_NANG	lɔʔ↓t	lˈɔʔ↓t	1	0	0	0
long	TONE_NGANG	lɔ→ŋ	lˈɔŋ	0	0	0	0
lòng	TONE_HUYEN	lɔ↘ŋ	lˈɔ↘ŋ	1	0	0	0
lóng	TONE_SAC	lɔ↗ŋ	lˈɔ↗ŋ	1	0	0	0
lông	TONE_HOI	lɔ↓ŋ	lˈoŋ	0	0	0	0
lõng	TONE_NGA	lɔʔ↗ŋ	lˈɔʔ↗ŋ	1	0	0	0
lọng	TONE_NANG	lɔʔ↓ŋ	lˈɔʔ↓ŋ	1	0	0	0
lóc	TONE_SAC	lɔ↗k	lˈɔ↗k	1	0	0	0
lọc	TONE_NANG	lɔʔ↓k	lˈɔʔ↓k	1	0	0	0
lóch	TONE_SAC	lɔ↗k	lˈɔ↗k hˈa↗t	0	0	0	0
lọch	TONE_NANG	lɔʔ↓k	lˈɔʔ↓k hˈa↗t	0	0	0	0
lô	TONE_NGANG	lo→	lˈo	0	0	0	0
lồ	TONE_HUYEN	lo↘	lˈo↘	1	0	0	0
lố	TONE_SAC	lo↗	lˈo↗	1	0	0	0
lô̂	TONE_HOI	lo↓	lˈo	0	0	0	0
lỗ	TONE_NGA	loʔ↗	lˈoʔ↗	1	0	0	0
lộ	TONE_NANG	loʔ↓	lˈoʔ↓	1	0	0	0
lôi	TONE_NGANG	lo→j	lˈoj	0	0	0	0
lồi	TONE_HUYEN	lo↘j	lˈo↘j	1	0	0	0
lối	TONE_SAC	lo↗j	lˈo↗j	1	0	0	0
lô̂i	TONE_HOI	lo↓j	lˈo ˈi	0	0	0	0
lỗi	TONE_NGA	loʔ↗j	lˈoʔ↗j	1	0	0	0
lội	TONE_NANG	loʔ↓j	lˈoʔ↓j	1	0	0	0
lôy	TONE_NGANG	lo→j	lˈo ˈi	0	0	0	0
lồy	TONE_HUYEN	lo↘j	lˈo↘ ˈi	0	0	0	0
lốy	TONE_SAC	lo↗j	lˈo↗ ˈi	0	0	0	0
lô̂y	TONE_HOI	lo↓j	lˈo ˈi	0	0	0	0
lỗy	TONE_NGA	loʔ↗j	lˈoʔ↗ ˈi	0	0	0	0
lộy	TONE_NANG	loʔ↓j	lˈoʔ↓ ˈi	0	0	0	0
lôm	TONE_NGANG	lo→m	lˈom	0	0	0	0
lồm	TONE_HUYEN	lo↘m	lˈo↘m	1	0	0	0
lốm	TONE_SAC	lo↗m	lˈo↗m	1	0	0	0
lô̂m	TONE_HOI	lo↓m	lˈo mˈəː↘	0	0	0	0
lỗm	TONE_NGA	loʔ↗m	lˈoʔ↗m	1	0	0	0
lộm	TONE_NANG	loʔ↓m	lˈoʔ↓m	1	0	0	0
lôn	TONE_NGANG	lo→n	lˈon	0	0	0	0
lồn	TONE_HUYEN	lo↘n	lˈo↘n	1	0	0	0
lốn	TONE_SAC	lo↗n	lˈo↗n	1	0	0	0
lô̂n	TONE_HOI	lo↓n	lˈo nˈəː↘	0	0	0	0
lỗn	TONE_NGA	loʔ↗n	lˈoʔ↗n	1	0	0	0
lộn	TONE_NANG	loʔ↓n	lˈoʔ↓n	1	0	0	0
lốp	TONE_SAC	lo↗p	lˈo↗p	1	0	0	0
lộp	TONE_NANG	loʔ↓p	lˈoʔ↓p	1	0	0	0
lốt	TONE_SAC	lo↗t	lˈo↗t	1	0	0	0
lột	TONE_NANG	loʔ↓t	lˈoʔ↓t	1	0	0	0
lông	TONE_NGANG	lo→ŋ	lˈoŋ	0	0	0	0
lồng	TONE_HUYEN	lo↘ŋ	lˈo↘ŋ	1	0	0	0
lống	TONE_SAC	lo↗ŋ	lˈo↗ŋ	1	0	0	0
lô̂ng	TONE_HOI	lo↓ŋ	lˈo ˌɛndʒˈiː	0	0	0	0
lỗng	TONE_NGA	loʔ↗ŋ	lˈoʔ↗ŋ	1	0	0	0
lộng	TONE_NANG	loʔ↓ŋ	lˈoʔ↓ŋ	1	0	0	0
lốc	TONE_SAC	lo↗k	lˈo↗k	1	0	0	0
lộc	TONE_NANG	loʔ↓k	lˈoʔ↓k	1	0	0	0
lốch	TONE_SAC	lo↗k	lˈo↗k hˈa↗t	0	0	0	0
lộch	TONE_NANG	loʔ↓k	lˈoʔ↓k hˈa↗t	0	0	0	0
lơ	TONE_NGANG	ləː→	lˈəː	0	0	0	0
lờ	TONE_HUYEN	ləː↘	lˈəː↘	1	0	0	0
lớ	TONE_SAC	ləː↗	lˈəː↗	1	0	0	0
lơ̂	TONE_HOI	ləː↓	lˈəː	0	0	0	0
lỡ	TONE_NGA	ləːʔ↗	lˈəːʔ↗	1	0	0	0
lợ	TONE_NANG	ləːʔ↓	lˈəːʔ↓	1	0	0	0
lơi	TONE_NGANG	ləː→j	lˈəːj	0	0	0	0
lời	TONE_HUYEN	ləː↘j	lˈəː↘j	1	0	0	0
lới	TONE_SAC	ləː↗j	lˈəː↗j	1	0	0	0
lơ̂i	TONE_HOI	ləː↓j	lˈəː ˈi	0	0	0	0
lỡi	TONE_NGA	ləːʔ↗j	lˈəːʔ↗j	1	0	0	0
lợi	TONE_NANG	ləːʔ↓j	lˈəːʔ↓j	1	0	0	0
lơy	TONE_NGANG	ləː→j	lˈəː ˈi	0	0	0	0
lờy	TONE_HUYEN	ləː↘j	lˈəː↘ ˈi	0	0	0	0
lớy	TONE_SAC	ləː↗j	lˈəː↗ ˈi	0	0	0	0
lơ̂y	TONE_HOI	ləː↓j	lˈəː ˈi	0	0	0	0
lỡy	TONE_NGA	ləːʔ↗j	lˈəːʔ↗ ˈi	0	0	0	0
lợy	TONE_NANG	ləːʔ↓j	lˈəːʔ↓ ˈi	0	0	0	0
lơm	TONE_NGANG	ləː→m	lˈəːm	0	0	0	0
lờm	TONE_HUYEN	ləː↘m	lˈəː↘m	1	0	0	0
lớm	TONE_SAC	ləː↗m	lˈəː↗m	1	0	0	0
lơ̂m	TONE_HOI	ləː↓m	lˈəː mˈəː↘	0	0	0	0
lỡm	TONE_NGA	ləːʔ↗m	lˈəːʔ↗m	1	0	0	0
lợm	TONE_NANG	ləːʔ↓m	lˈəːʔ↓m	1	0	0	0
lơn	TONE_NGANG	ləː→n	lˈəːn	0	0	0	0
lờn	TONE_HUYEN	ləː↘n	lˈəː↘n	1	0	0	0
lớn	TONE_SAC	ləː↗n	lˈəː↗n	1	0	0	0
lơ̂n	TONE_HOI	ləː↓n	lˈəː nˈəː↘	0	0	0	0
lỡn	TONE_NGA	ləːʔ↗n	lˈəːʔ↗n	1	0	0	0
lợn	TONE_NANG	ləːʔ↓n	lˈəːʔ↓n	1	0	0	0
lớp	TONE_SAC	ləː↗p	lˈəː↗p	1	0	0	0
lợp	TONE_NANG	ləːʔ↓p	lˈəːʔ↓p	1	0	0	0
lớt	TONE_SAC	ləː↗t	lˈəː↗t	1	0	0	0
lợt	TONE_NANG	ləːʔ↓t	lˈəːʔ↓t	1	0	0	0
lớc	TONE_SAC	ləː↗k	lˈəː↗ sˈe	0	0	0	0
lợc	TONE_NANG	ləːʔ↓k	lˈəːʔ↓ sˈe	0	0	0	0
lớch	TONE_SAC	ləː↗k	lˈəː↗ sˈehˈa↗t	0	0	0	0
lợch	TONE_NANG	ləːʔ↓k	lˈəːʔ↓ sˈehˈa↗t	0	0	0	0
lu	TONE_NGANG	lu→	lˈu	0	0	0	0
lù	TONE_HUYEN	lu↘	lˈu↘	1	0	0	0
lú	TONE_SAC	lu↗	lˈu↗	1	0	0	0
lû	TONE_HOI	lu↓	lˈu	0	0	0	0
lũ	TONE_NGA	luʔ↗	lˈuʔ↗	1	0	0	0
lụ	TONE_NANG	luʔ↓	lˈuʔ↓	1	0	0	0
lui	TONE_NGANG	lu→j	lˈuj	0	0	0	0
lùi	TONE_HUYEN	lu↘j	lˈu↘j	1	0	0	0
lúi	TONE_SAC	lu↗j	lˈu↗j	1	0	0	0
lûi	TONE_HOI	lu↓j	lˈuj	0	0	0	0
lũi	TONE_NGA	luʔ↗j	lˈuʔ↗j	1	0	0	0
lụi	TONE_NANG	luʔ↓j	lˈuʔ↓j	1	0	0	0
luy	TONE_NGANG	lu→j	lwˈi	0	0	0	0
lùy	TONE_HUYEN	lu↘j	lˈu↘ ˈi	0	0	0	0
lúy	TONE_SAC	lu↗j	lwˈi↗	1	0	0	0
lûy	TONE_HOI	lu↓j	lwˈi	0	0	0	0
lũy	TONE_NGA	luʔ↗j	lwˈiʔ↗	1	0	0	0
lụy	TONE_NANG	luʔ↓j	lwˈiʔ↓	1	0	0	0
lum	TONE_NGANG	lu→m	lˈum	0	0	0	0
lùm	TONE_HUYEN	lu↘m	lˈu↘m	1	0	0	0
lúm	TONE_SAC	lu↗m	lˈu↗m	1	0	0	0
lûm	TONE_HOI	lu↓m	lˈum	0	0	0	0
lũm	TONE_NGA	luʔ↗m	lˈuʔ↗m	1	0	0	0
lụm	TONE_NANG	luʔ↓m	lˈuʔ↓m	1	0	0	0
lun	TONE_NGANG	lu→n	lˈun	0	0	0	0
lùn	TONE_HUYEN	lu↘n	lˈu↘n	1	0	0	0
lún	TONE_SAC	lu↗n	lˈu↗n	1	0	0	0
lûn	TONE_HOI	lu↓n	lˈun	0	0	0	0
lũn	TONE_NGA	luʔ↗n	lˈuʔ↗n	1	0	0	0
lụn	TONE_NANG	luʔ↓n	lˈuʔ↓n	1	0	0	0
lúp	TONE_SAC	lu↗p	lˈu↗p	1	0	0	0
lụp	TONE_NANG	luʔ↓p	lˈuʔ↓p	1	0	0	0
lút	TONE_SAC	lu↗t	lˈu↗t	1	0	0	0
lụt	TONE_NANG	luʔ↓t	lˈuʔ↓t	1	0	0	0
lung	TONE_NGANG	lu→ŋ	lˈʌŋ	0	0	0	0
lùng	TONE_HUYEN	lu↘ŋ	lˈu↘ŋ	1	0	0	0
lúng	TONE_SAC	lu↗ŋ	lˈu↗ŋ	1	0	0	0
lûng	TONE_HOI	lu↓ŋ	lˈʌŋ	0	0	0	0
lũng	TONE_NGA	luʔ↗ŋ	lˈuʔ↗ŋ	1	0	0	0
lụng	TONE_NANG	luʔ↓ŋ	lˈuʔ↓ŋ	1	0	0	0
lúc	TONE_SAC	lu↗k	lˌu↗c	1	0	0	0
lục	TONE_NANG	luʔ↓k	lˈuʔ↓c	1	0	0	0
lúch	TONE_SAC	lu↗k	lˌu↗c hˈa↗t	0	0	0	0
lụch	TONE_NANG	luʔ↓k	lˈuʔ↓c hˈa↗t	0	0	0	0
lư	TONE_NGANG	lɨ→	lˈy	0	0	0	0
lừ	TONE_HUYEN	lɨ↘	lˈy↘	1	0	0	0
lứ	TONE_SAC	lɨ↗	lˈy↗	1	0	0	0
lư̂	TONE_HOI	lɨ↓	lˈy	0	0	0	0
lữ	TONE_NGA	lɨʔ↗	lˈyʔ↗	1	0	0	0
lự	TONE_NANG	lɨʔ↓	lˈyʔ↓	1	0	0	0
lưi	TONE_NGANG	lɨ→j	lˈyj	0	0	0	0
lừi	TONE_HUYEN	lɨ↘j	lˈy↘j	1	0	0	0
lứi	TONE_SAC	lɨ↗j	lˈy↗j	1	0	0	0
lư̂i	TONE_HOI	lɨ↓j	lˈy ˈi	0	0	0	0
lữi	TONE_NGA	lɨʔ↗j	lˈyʔ↗j	1	0	0	0
lựi	TONE_NANG	lɨʔ↓j	lˈyʔ↓j	1	0	0	0
lưy	TONE_NGANG	lɨ→j	lˈy ˈi	0	0	0	0
lừy	TONE_HUYEN	lɨ↘j	lˈy↘ ˈi	0	0	0	0
lứy	TONE_SAC	lɨ↗j	lˈy↗ ˈi	0	0	0	0
lư̂y	TONE_HOI	lɨ↓j	lˈy ˈi	0	0	0	0
lữy	TONE_NGA	lɨʔ↗j	lˈyʔ↗ ˈi	0	0	0	0
lựy	TONE_NANG	lɨʔ↓j	lˈyʔ↓ ˈi	0	0	0	0
lưo	TONE_NGANG	lɨ→w	lˈy ˈɔ	0	0	0	0
lừo	TONE_HUYEN	lɨ↘w	lˈy↘ ˈɔ	1	0	0	0
lứo	TONE_SAC	lɨ↗w	lˈy↗ ˈɔ	1	0	0	0
lư̂o	TONE_HOI	lɨ↓w	lˈy ˈo	0	0	0	0
lữo	TONE_NGA	lɨʔ↗w	lˈyʔ↗ ˈɔ	1	0	0	0
lựo	TONE_NANG	lɨʔ↓w	lˈyʔ↓ ˈɔ	1	0	0	0
lưu	TONE_NGANG	lɨ→w	lˈiw	0	0	0	0
lừu	TONE_HUYEN	lɨ↘w	lˈi↘w	1	0	0	0
lứu	TONE_SAC	lɨ↗w	lˈi↗w	1	0	0	0
lư̂u	TONE_HOI	lɨ↓w	lˈy ˈu	0	0	0	0
lữu	TONE_NGA	lɨʔ↗w	lˈiʔ↗w	1	0	0	0
lựu	TONE_NANG	lɨʔ↓w	lˈiʔ↓w	1	0	0	0
lưm	TONE_NGANG	lɨ→m	lˈym	0	0	0	0
lừm	TONE_HUYEN	lɨ↘m	lˈy↘m	1	0	0	0
lứm	TONE_SAC	lɨ↗m	lˈy↗m	1	0	0	0
lư̂m	TONE_HOI	lɨ↓m	lˈy mˈəː↘	0	0	0	0
lữm	TONE_NGA	lɨʔ↗m	lˈyʔ↗m	1	0	0	0
lựm	TONE_NANG	lɨʔ↓m	lˈyʔ↓m	1	0	0	0
lưn	TONE_NGANG	lɨ→n	lˈyn	0	0	0	0
lừn	TONE_HUYEN	lɨ↘n	lˈy↘n	1	0	0	0
lứn	TONE_SAC	lɨ↗n	lˈy↗n	1	0	0	0
lư̂n	TONE_HOI	lɨ↓n	lˈy nˈəː↘	0	0	0	0
lữn	TONE_NGA	lɨʔ↗n	lˈyʔ↗n	1	0	0	0
lựn	TONE_NANG	lɨʔ↓n	lˈyʔ↓n	1	0	0	0
lứp	TONE_SAC	lɨ↗p	lˈy↗ pˈe	0	0	0	0
lựp	TONE_NANG	lɨʔ↓p	lˈyʔ↓ pˈe	0	0	0	0
lứt	TONE_SAC	lɨ↗t	lˈy↗t	1	0	0	0
lựt	TONE_NANG	lɨʔ↓t	lˈyʔ↓t	1	0	0	0
lưng	TONE_NGANG	lɨ→ŋ	lˈyŋ	0	0	0	0
lừng	TONE_HUYEN	lɨ↘ŋ	lˈy↘ŋ	1	0	0	0
lứng	TONE_SAC	lɨ↗ŋ	lˈy↗ŋ	1	0	0	0
lư̂ng	TONE_HOI	lɨ↓ŋ	lˈy ˌɛndʒˈiː	0	0	0	0
lững	TONE_NGA	lɨʔ↗ŋ	lˈyʔ↗ŋ	1	0	0	0
lựng	TONE_NANG	lɨʔ↓ŋ	lˈyʔ↓ŋ	1	0	0	0
lức	TONE_SAC	lɨ↗k	lˈy↗c	1	0	0	0
lực	TONE_NANG	lɨʔ↓k	lˈyʔ↓c	1	0	0	0
lứch	TONE_SAC	lɨ↗k	lˈy↗c hˈa↗t	0	0	0	0
lựch	TONE_NANG	lɨʔ↓k	lˈyʔ↓c hˈa↗t	0	0	0	0
miê	TONE_NGANG	miə→	mˈi ˈe	0	0	0	0
miề	TONE_HUYEN	miə↘	mˈi ˈe↘	1	0	0	0
miế	TONE_SAC	miə↗	mˈi ˈe↗	1	0	0	0
miê̂	TONE_HOI	miə↓	mˈi ˈe	0	0	0	0
miễ	TONE_NGA	miəʔ↗	mˈi ˈeʔ↗	1	0	0	0
miệ	TONE_NANG	miəʔ↓	mˈi ˈeʔ↓	1	0	0	0
miêo	TONE_NGANG	miə→w	mˈi ˈeˈɔ	0	0	0	0
miềo	TONE_HUYEN	miə↘w	mˈi ˈe↘ˈɔ	1	0	0	0
miếo	TONE_SAC	miə↗w	mˈi ˈe↗ˈɔ	1	0	0	0
miê̂o	TONE_HOI	miə↓w	mˈi ˈe ˈo	0	0	0	0
miễo	TONE_NGA	miəʔ↗w	mˈi ˈeʔ↗ˈɔ	1	0	0	0
miệo	TONE_NANG	miəʔ↓w	mˈi ˈeʔ↓ˈɔ	1	0	0	0
miêu	TONE_NGANG	miə→w	mˈiɛw	0	0	0	0
miều	TONE_HUYEN	miə↘w	mˈiɛ↘w	1	0	0	0
miếu	TONE_SAC	miə↗w	mˈiɛ↗w	1	0	0	0
miê̂u	TONE_HOI	miə↓w	mˈi ˈe ˈu	0	0	0	0
miễu	TONE_NGA	miəʔ↗w	mˈiɛʔ↗w	1	0	0	0
miệu	TONE_NANG	miəʔ↓w	mˈiɛʔ↓w	1	0	0	0
miêm	TONE_NGANG	miə→m	mˈiɛm	0	0	0	0
miềm	TONE_HUYEN	miə↘m	mˈiɛ↘m	1	0	0	0
miếm	TONE_SAC	miə↗m	mˈiɛ↗m	1	0	0	0
miê̂m	TONE_HOI	miə↓m	mˈi ˈe mˈəː↘	0	0	0	0
miễm	TONE_NGA	miəʔ↗m	mˈiɛʔ↗m	1	0	0	0
miệm	TONE_NANG	miəʔ↓m	mˈiɛʔ↓m	1	0	0	0
miên	TONE_NGANG	miə→n	mˈiɛn	0	0	0	0
miền	TONE_HUYEN	miə↘n	mˈiɛ↘n	1	0	0	0
miến	TONE_SAC	miə↗n	mˈiɛ↗n	1	0	0	0
miê̂n	TONE_HOI	miə↓n	mˈi ˈe nˈəː↘	0	0	0	0
miễn	TONE_NGA	miəʔ↗n	mˈiɛʔ↗n	1	0	0	0
miện	TONE_NANG	miəʔ↓n	mˈiɛʔ↓n	1	0	0	0
miếp	TONE_SAC	miə↗p	mˈiɛ↗p	1	0	0	0
miệp	TONE_NANG	miəʔ↓p	mˈiɛʔ↓p	1	0	0	0
miết	TONE_SAC	miə↗t	mˈiɛ↗t	1	0	0	0
miệt	TONE_NANG	miəʔ↓t	mˈiɛʔ↓t	1	0	0	0
miêng	TONE_NGANG	miə→ŋ	mˈiɛŋ	0	0	0	0
miềng	TONE_HUYEN	miə↘ŋ	mˈiɛ↘ŋ	1	0	0	0
miếng	TONE_SAC	miə↗ŋ	mˈiɛ↗ŋ	1	0	0	0
miê̂ng	TONE_HOI	miə↓ŋ	mˈi ˈe ˌɛndʒˈiː	0	0	0	0
miễng	TONE_NGA	miəʔ↗ŋ	mˈiɛʔ↗ŋ	1	0	0	0
miệng	TONE_NANG	miəʔ↓ŋ	mˈiɛʔ↓ŋ	1	0	0	0
miênh	TONE_NGANG	miə→ɲ	mˈi ˈeɲ	0	0	0	0
miềnh	TONE_HUYEN	miə↘ɲ	mˈi ˈe↘ɲ	1	0	0	0
miếnh	TONE_SAC	miə↗ɲ	mˈi ˈe↗ɲ	1	0	0	0
miê̂nh	TONE_HOI	miə↓ɲ	mˈi ˈe ˌɛnˈeɪʧ	0	0	0	0
miễnh	TONE_NGA	miəʔ↗ɲ	mˈi ˈeʔ↗ɲ	1	0	0	0
miệnh	TONE_NANG	miəʔ↓ɲ	mˈi ˈeʔ↓ɲ	1	0	0	0
miếc	TONE_SAC	miə↗k	mˈiɛ↗c	1	0	0	0
miệc	TONE_NANG	miəʔ↓k	mˈiɛʔ↓c	1	0	0	0
miếch	TONE_SAC	miə↗k	mˈi ˈe↗c	1	0	0	0
miệch	TONE_NANG	miəʔ↓k	mˈi ˈeʔ↓c	1	0	0	0
myê	TONE_NGANG	miə→	mˈi ˈe	0	0	0	0
myề	TONE_HUYEN	miə↘	mˈi ˈe↘	1	0	0	0
myế	TONE_SAC	miə↗	mˈi ˈe↗	1	0	0	0
myê̂	TONE_HOI	miə↓	mˈi ˈe	0	0	0	0
myễ	TONE_NGA	miəʔ↗	mˈi ˈeʔ↗	1	0	0	0
myệ	TONE_NANG	miəʔ↓	mˈi ˈeʔ↓	1	0	0	0
myêo	TONE_NGANG	miə→w	mˈi ˈeˈɔ	0	0	0	0
myềo	TONE_HUYEN	miə↘w	mˈi ˈe↘ˈɔ	1	0	0	0
myếo	TONE_SAC	miə↗w	mˈi ˈe↗ˈɔ	1	0	0	0
myê̂o	TONE_HOI	miə↓w	mˈi ˈe ˈo	0	0	0	0
myễo	TONE_NGA	miəʔ↗w	mˈi ˈeʔ↗ˈɔ	1	0	0	0
myệo	TONE_NANG	miəʔ↓w	mˈi ˈeʔ↓ˈɔ	1	0	0	0
myêu	TONE_NGANG	miə→w	mˈi ˈeˈu	0	0	0	0
myều	TONE_HUYEN	miə↘w	mˈi ˈe↘ˈu	0	0	0	0
myếu	TONE_SAC	miə↗w	mˈi ˈe↗ˈu	0	0	0	0
myê̂u	TONE_HOI	miə↓w	mˈi ˈe ˈu	0	0	0	0
myễu	TONE_NGA	miəʔ↗w	mˈi ˈeʔ↗ˈu	0	0	0	0
myệu	TONE_NANG	miəʔ↓w	mˈi ˈeʔ↓ˈu	0	0	0	0
myêm	TONE_NGANG	miə→m	mˈi ˈem	0	0	0	0
myềm	TONE_HUYEN	miə↘m	mˈi ˈe↘m	1	0	0	0
myếm	TONE_SAC	miə↗m	mˈi ˈe↗m	1	0	0	0
myê̂m	TONE_HOI	miə↓m	mˈi ˈe mˈəː↘	0	0	0	0
myễm	TONE_NGA	miəʔ↗m	mˈi ˈeʔ↗m	1	0	0	0
myệm	TONE_NANG	miəʔ↓m	mˈi ˈeʔ↓m	1	0	0	0
myên	TONE_NGANG	miə→n	mˈi ˈen	0	0	0	0
myền	TONE_HUYEN	miə↘n	mˈi ˈe↘n	1	0	0	0
myến	TONE_SAC	miə↗n	mˈi ˈe↗n	1	0	0	0
myê̂n	TONE_HOI	miə↓n	mˈi ˈe nˈəː↘	0	0	0	0
myễn	TONE_NGA	miəʔ↗n	mˈi ˈeʔ↗n	1	0	0	0
myện	TONE_NANG	miəʔ↓n	mˈi ˈeʔ↓n	1	0	0	0
myếp	TONE_SAC	miə↗p	mˈi ˈe↗p	1	0	0	0
myệp	TONE_NANG	miəʔ↓p	mˈi ˈeʔ↓p	1	0	0	0
myết	TONE_SAC	miə↗t	mˈi ˈe↗t	1	0	0	0
myệt	TONE_NANG	miəʔ↓t	mˈi ˈeʔ↓t	1	0	0	0
myêng	TONE_NGANG	miə→ŋ	ˈməː↘ ˈiɛŋ	0	0	0	0
myềng	TONE_HUYEN	miə↘ŋ	ˈməː↘ ˈiɛ↘ŋ	0	0	0	0
myếng	TONE_SAC	miə↗ŋ	ˈməː↘ ˈiɛ↗ŋ	0	0	0	0
myê̂ng	TONE_HOI	miə↓ŋ	mˈi ˈe ˌɛndʒˈiː	0	0	0	0
myễng	TONE_NGA	miəʔ↗ŋ	ˈməː↘ ˈiɛʔ↗ŋ	0	0	0	0
myệng	TONE_NANG	miəʔ↓ŋ	ˈməː↘ ˈiɛʔ↓ŋ	0	0	0	0
myênh	TONE_NGANG	miə→ɲ	mˈi ˈeɲ	0	0	0	0
myềnh	TONE_HUYEN	miə↘ɲ	mˈi ˈe↘ɲ	1	0	0	0
myếnh	TONE_SAC	miə↗ɲ	mˈi ˈe↗ɲ	1	0	0	0
myê̂nh	TONE_HOI	miə↓ɲ	mˈi ˈe ˌɛnˈeɪʧ	0	0	0	0
myễnh	TONE_NGA	miəʔ↗ɲ	mˈi ˈeʔ↗ɲ	1	0	0	0
myệnh	TONE_NANG	miəʔ↓ɲ	mˈi ˈeʔ↓ɲ	1	0	0	0
myếc	TONE_SAC	miə↗k	mˈi ˈe↗sˈe	0	0	0	0
myệc	TONE_NANG	miəʔ↓k	mˈi ˈeʔ↓sˈe	0	0	0	0
myếch	TONE_SAC	miə↗k	mˈi ˈe↗c	1	0	0	0
myệch	TONE_NANG	miəʔ↓k	mˈi ˈeʔ↓c	1	0	0	0
mia	TONE_NGANG	miə→	mˈiə	0	0	0	0
mìa	TONE_HUYEN	miə↘	mˈiə↘	1	0	0	0
mía	TONE_SAC	miə↗	mˈiə↗	1	0	0	0
mîa	TONE_HOI	miə↓	mˈiə	0	0	0	0
mĩa	TONE_NGA	miəʔ↗	mˈiəʔ↗	1	0	0	0
mịa	TONE_NANG	miəʔ↓	mˈiəʔ↓	1	0	0	0
miao	TONE_NGANG	miə→w	mˈaɪəˌoʊ	0	0	0	0
mìao	TONE_HUYEN	miə↘w	mˈiə↘ ˈɔ	1	0	0	0
míao	TONE_SAC	miə↗w	mˈiə↗ ˈɔ	1	0	0	0
mîao	TONE_HOI	miə↓w	mˈaɪəˌoʊ	0	0	0	0
mĩao	TONE_NGA	miəʔ↗w	mˈiəʔ↗ ˈɔ	1	0	0	0
mịao	TONE_NANG	miəʔ↓w	mˈiəʔ↓ ˈɔ	1	0	0	0
miau	TONE_NGANG	miə→w	mˈaɪəˌuː	0	0	0	0
mìau	TONE_HUYEN	miə↘w	mˈiə↘ ˈu	0	0	0	0
míau	TONE_SAC	miə↗w	mˈiə↗ ˈu	0	0	0	0
mîau	TONE_HOI	miə↓w	mˈaɪəˌuː	0	0	0	0
mĩau	TONE_NGA	miəʔ↗w	mˈiəʔ↗ ˈu	0	0	0	0
mịau	TONE_NANG	miəʔ↓w	mˈiəʔ↓ ˈu	0	0	0	0
miam	TONE_NGANG	miə→m	mˈiəm	0	0	0	0
mìam	TONE_HUYEN	miə↘m	mˈi↘ ˈaːm	0	0	0	0
míam	TONE_SAC	miə↗m	mˈi↗ ˈaːm	0	0	0	0
mîam	TONE_HOI	miə↓m	mˈiəm	0	0	0	0
mĩam	TONE_NGA	miəʔ↗m	mˈiʔ↗ ˈaːm	0	0	0	0
mịam	TONE_NANG	miəʔ↓m	mˈiʔ↓ ˈaːm	0	0	0	0
mian	TONE_NGANG	miə→n	mˈaɪən	0	0	0	0
mìan	TONE_HUYEN	miə↘n	mˈi↘ ˈaːn	0	0	0	0
mían	TONE_SAC	miə↗n	mˈi↗ ˈaːn	0	0	0	0
mîan	TONE_HOI	miə↓n	mˈaɪən	0	0	0	0
mĩan	TONE_NGA	miəʔ↗n	mˈiʔ↗ ˈaːn	0	0	0	0
mịan	TONE_NANG	miəʔ↓n	mˈiʔ↓ ˈaːn	0	0	0	0
míap	TONE_SAC	miə↗p	mˈi↗ ˈaː↗p	0	0	0	0
mịap	TONE_NANG	miəʔ↓p	mˈiʔ↓ ˈaː↗p	0	0	0	0
míat	TONE_SAC	miə↗t	mˈi↗ ˈaː↗t	0	0	0	0
mịat	TONE_NANG	miəʔ↓t	mˈiʔ↓ ˈaː↗t	0	0	0	0
miang	TONE_NGANG	miə→ŋ	mjˈæŋ	0	0	0	0
mìang	TONE_HUYEN	miə↘ŋ	mˈi↘ ˈaːŋ	0	0	0	0
míang	TONE_SAC	miə↗ŋ	mˈi↗ ˈaːŋ	0	0	0	0
mîang	TONE_HOI	miə↓ŋ	mjˈæŋ	0	0	0	0
mĩang	TONE_NGA	miəʔ↗ŋ	mˈiʔ↗ ˈaːŋ	0	0	0	0
mịang	TONE_NANG	miəʔ↓ŋ	mˈiʔ↓ ˈaːŋ	0	0	0	0
mianh	TONE_NGANG	miə→ɲ	mˈi ˈæɲ	0	0	0	0
mìanh	TONE_HUYEN	miə↘ɲ	mˈi↘ ˈæɲ	0	0	0	0
míanh	TONE_SAC	miə↗ɲ	mˈi↗ ˈæɲ	0	0	0	0
mîanh	TONE_HOI	miə↓ɲ	mˈi ˈæɲ	0	0	0	0
mĩanh	TONE_NGA	miəʔ↗ɲ	mˈiʔ↗ ˈæɲ	0	0	0	0
mịanh	TONE_NANG	miəʔ↓ɲ	mˈiʔ↓ ˈæɲ	0	0	0	0
míac	TONE_SAC	miə↗k	mˈi↗ ˈaː↗c	0	0	0	0
mịac	TONE_NANG	miəʔ↓k	mˈiʔ↓ ˈaː↗c	0	0	0	0
míach	TONE_SAC	miə↗k	mˈi↗ ˈæ↗c	0	0	0	0
mịach	TONE_NANG	miəʔ↓k	mˈiʔ↓ ˈæ↗c	0	0	0	0
mya	TONE_NGANG	miə→	ˌɛmwˌaɪˈeɪ	0	0	0	0
mỳa	TONE_HUYEN	miə↘	mˈi↘ ˈaː	0	0	0	0
mýa	TONE_SAC	miə↗	mˈi↗ ˈaː	0	0	0	0
mŷa	TONE_HOI	miə↓	ˌɛmwˌaɪˈeɪ	0	0	0	0
mỹa	TONE_NGA	miəʔ↗	mˈiʔ↗ ˈaː	0	0	0	0
mỵa	TONE_NANG	miəʔ↓	mˈiʔ↓ ˈaː	0	0	0	0
myao	TONE_NGANG	miə→w	mˈaɪ ˈeɪˈoʊ	0	0	0	0
mỳao	TONE_HUYEN	miə↘w	mˈi↘ ˈaːˈɔ	0	0	0	0
mýao	TONE_SAC	miə↗w	mˈi↗ ˈaːˈɔ	0	0	0	0
mŷao	TONE_HOI	miə↓w	mˈaɪ ˈeɪˈoʊ	0	0	0	0
mỹao	TONE_NGA	miəʔ↗w	mˈiʔ↗ ˈaːˈɔ	0	0	0	0
mỵao	TONE_NANG	miəʔ↓w	mˈiʔ↓ ˈaːˈɔ	0	0	0	0
myau	TONE_NGANG	miə→w	mˈaɪ ˈeɪjˈuː	0	0	0	0
mỳau	TONE_HUYEN	miə↘w	mˈi↘ ˈaːˈu	0	0	0	0
mýau	TONE_SAC	miə↗w	mˈi↗ ˈaːˈu	0	0	0	0
mŷau	TONE_HOI	miə↓w	mˈaɪ ˈeɪjˈuː	0	0	0	0
mỹau	TONE_NGA	miəʔ↗w	mˈiʔ↗ ˈaːˈu	0	0	0	0
mỵau	TONE_NANG	miəʔ↓w	mˈiʔ↓ ˈaːˈu	0	0	0	0
myam	TONE_NGANG	miə→m	mˈaɪ æm	0	0	0	0
mỳam	TONE_HUYEN	miə↘m	mˈi↘ ˈaːm	0	0	0	0
mýam	TONE_SAC	miə↗m	mˈi↗ ˈaːm	0	0	0	0
mŷam	TONE_HOI	miə↓m	mˈaɪ æm	0	0	0	0
mỹam	TONE_NGA	miəʔ↗m	mˈiʔ↗ ˈaːm	0	0	0	0
mỵam	TONE_NANG	miəʔ↓m	mˈiʔ↓ ˈaːm	0	0	0	0
myan	TONE_NGANG	miə→n	mˈaɪ æn	0	0	0	0
mỳan	TONE_HUYEN	miə↘n	mˈi↘ ˈaːn	0	0	0	0
mýan	TONE_SAC	miə↗n	mˈi↗ ˈaːn	0	0	0	0
mŷan	TONE_HOI	miə↓n	mˈaɪ æn	0	0	0	0
mỹan	TONE_NGA	miəʔ↗n	mˈiʔ↗ ˈaːn	0	0	0	0
mỵan	TONE_NANG	miəʔ↓n	mˈiʔ↓ ˈaːn	0	0	0	0
mýap	TONE_SAC	miə↗p	mˈi↗ ˈaː↗p	0	0	0	0
mỵap	TONE_NANG	miəʔ↓p	mˈiʔ↓ ˈaː↗p	0	0	0	0
mýat	TONE_SAC	miə↗t	mˈi↗ ˈaː↗t	0	0	0	0
mỵat	TONE_NANG	miəʔ↓t	mˈiʔ↓ ˈaː↗t	0	0	0	0
myang	TONE_NGANG	miə→ŋ	mjˈɑːŋ	0	0	0	0
mỳang	TONE_HUYEN	miə↘ŋ	mˈi↘ ˈaːŋ	0	0	0	0
mýang	TONE_SAC	miə↗ŋ	mˈi↗ ˈaːŋ	0	0	0	0
mŷang	TONE_HOI	miə↓ŋ	mjˈɑːŋ	0	0	0	0
mỹang	TONE_NGA	miəʔ↗ŋ	mˈiʔ↗ ˈaːŋ	0	0	0	0
mỵang	TONE_NANG	miəʔ↓ŋ	mˈiʔ↓ ˈaːŋ	0	0	0	0
myanh	TONE_NGANG	miə→ɲ	mˈaɪ ˈæɲ	0	0	0	0
mỳanh	TONE_HUYEN	miə↘ɲ	mˈi↘ ˈæɲ	0	0	0	0
mýanh	TONE_SAC	miə↗ɲ	mˈi↗ ˈæɲ	0	0	0	0
mŷanh	TONE_HOI	miə↓ɲ	mˈaɪ ˈæɲ	0	0	0	0
mỹanh	TONE_NGA	miəʔ↗ɲ	mˈiʔ↗ ˈæɲ	0	0	0	0
mỵanh	TONE_NANG	miəʔ↓ɲ	mˈiʔ↓ ˈæɲ	0	0	0	0
mýac	TONE_SAC	miə↗k	mˈi↗ ˈaː↗c	0	0	0	0
mỵac	TONE_NANG	miəʔ↓k	mˈiʔ↓ ˈaː↗c	0	0	0	0
mýach	TONE_SAC	miə↗k	mˈi↗ ˈæ↗c	0	0	0	0
mỵach	TONE_NANG	miəʔ↓k	mˈiʔ↓ ˈæ↗c	0	0	0	0
mươ	TONE_NGANG	mɨə→	mˈy ˈəː	0	0	0	0
mườ	TONE_HUYEN	mɨə↘	mˈy ˈəː↘	1	0	0	0
mướ	TONE_SAC	mɨə↗	mˈy ˈəː↗	1	0	0	0
mươ̂	TONE_HOI	mɨə↓	mˈy ˈəː	0	0	0	0
mưỡ	TONE_NGA	mɨəʔ↗	mˈy ˈəːʔ↗	1	0	0	0
mượ	TONE_NANG	mɨəʔ↓	mˈy ˈəːʔ↓	1	0	0	0
mươi	TONE_NGANG	mɨə→j	mˈyəj	0	0	0	0
mười	TONE_HUYEN	mɨə↘j	mˈyə↘j	1	0	0	0
mưới	TONE_SAC	mɨə↗j	mˈyə↗j	1	0	0	0
mươ̂i	TONE_HOI	mɨə↓j	mˈy ˈəː ˈi	0	0	0	0
mưỡi	TONE_NGA	mɨəʔ↗j	mˈyəʔ↗j	1	0	0	0
mượi	TONE_NANG	mɨəʔ↓j	mˈyəʔ↓j	1	0	0	0
mươy	TONE_NGANG	mɨə→j	mˈy ˈəːˈi	0	0	0	0
mườy	TONE_HUYEN	mɨə↘j	mˈy ˈəː↘ˈi	0	0	0	0
mướy	TONE_SAC	mɨə↗j	mˈy ˈəː↗ˈi	0	0	0	0
mươ̂y	TONE_HOI	mɨə↓j	mˈy ˈəː ˈi	0	0	0	0
mưỡy	TONE_NGA	mɨəʔ↗j	mˈy ˈəːʔ↗ˈi	0	0	0	0
mượy	TONE_NANG	mɨəʔ↓j	mˈy ˈəːʔ↓ˈi	0	0	0	0
mươo	TONE_NGANG	mɨə→w	mˈy ˈəːˈɔ	0	0	0	0
mườo	TONE_HUYEN	mɨə↘w	mˈy ˈəː↘ˈɔ	1	0	0	0
mướo	TONE_SAC	mɨə↗w	mˈy ˈəː↗ˈɔ	1	0	0	0
mươ̂o	TONE_HOI	mɨə↓w	mˈy ˈəː ˈo	0	0	0	0
mưỡo	TONE_NGA	mɨəʔ↗w	mˈy ˈəːʔ↗ˈɔ	1	0	0	0
mượo	TONE_NANG	mɨəʔ↓w	mˈy ˈəːʔ↓ˈɔ	1	0	0	0
mươu	TONE_NGANG	mɨə→w	mˈyəw	0	0	0	0
mườu	TONE_HUYEN	mɨə↘w	mˈyə↘w	1	0	0	0
mướu	TONE_SAC	mɨə↗w	mˈyə↗w	1	0	0	0
mươ̂u	TONE_HOI	mɨə↓w	mˈy ˈəː ˈu	0	0	0	0
mưỡu	TONE_NGA	mɨəʔ↗w	mˈyəʔ↗w	1	0	0	0
mượu	TONE_NANG	mɨəʔ↓w	mˈyəʔ↓w	1	0	0	0
mươm	TONE_NGANG	mɨə→m	mˈyəm	0	0	0	0
mườm	TONE_HUYEN	mɨə↘m	mˈyə↘m	1	0	0	0
mướm	TONE_SAC	mɨə↗m	mˈyə↗m	1	0	0	0
mươ̂m	TONE_HOI	mɨə↓m	mˈy ˈəː mˈəː↘	0	0	0	0
mưỡm	TONE_NGA	mɨəʔ↗m	mˈyəʔ↗m	1	0	0	0
mượm	TONE_NANG	mɨəʔ↓m	mˈyəʔ↓m	1	0	0	0
mướp	TONE_SAC	mɨə↗p	mˈyə↗p	1	0	0	0
mượp	TONE_NANG	mɨəʔ↓p	mˈyəʔ↓p	1	0	0	0
mướt	TONE_SAC	mɨə↗t	mˈyə↗t	1	0	0	0
mượt	TONE_NANG	mɨəʔ↓t	mˈyəʔ↓t	1	0	0	0
mương	TONE_NGANG	mɨə→ŋ	mˈyəŋ	0	0	0	0
mường	TONE_HUYEN	mɨə↘ŋ	mˈyə↘ŋ	1	0	0	0
mướng	TONE_SAC	mɨə↗ŋ	mˈyə↗ŋ	1	0	0	0
mươ̂ng	TONE_HOI	mɨə↓ŋ	mˈy ˈəː ˌɛndʒˈiː	0	0	0	0
mưỡng	TONE_NGA	mɨəʔ↗ŋ	mˈyəʔ↗ŋ	1	0	0	0
mượng	TONE_NANG	mɨəʔ↓ŋ	mˈyəʔ↓ŋ	1	0	0	0
mước	TONE_SAC	mɨə↗k	mˈyə↗c	1	0	0	0
mược	TONE_NANG	mɨəʔ↓k	mˈyəʔ↓c	1	0	0	0
mướch	TONE_SAC	mɨə↗k	mˈyə↗c hˈa↗t	0	0	0	0
mượch	TONE_NANG	mɨəʔ↓k	mˈyəʔ↓c hˈa↗t	0	0	0	0
mưa	TONE_NGANG	mɨə→	mˈyə	0	0	0	0
mừa	TONE_HUYEN	mɨə↘	mˈyə↘	1	0	0	0
mứa	TONE_SAC	mɨə↗	mˈyə↗	1	0	0	0
mư̂a	TONE_HOI	mɨə↓	mˈy ˈaː	0	0	0	0
mữa	TONE_NGA	mɨəʔ↗	mˈyəʔ↗	1	0	0	0
mựa	TONE_NANG	mɨəʔ↓	mˈyəʔ↓	1	0	0	0
mưai	TONE_NGANG	mɨə→j	mˈyə ˈi	0	0	0	0
mừai	TONE_HUYEN	mɨə↘j	mˈyə↘ ˈi	0	0	0	0
mứai	TONE_SAC	mɨə↗j	mˈyə↗ ˈi	0	0	0	0
mư̂ai	TONE_HOI	mɨə↓j	mˈy ˈaːj	0	0	0	0
mữai	TONE_NGA	mɨəʔ↗j	mˈyəʔ↗ ˈi	0	0	0	0
mựai	TONE_NANG	mɨəʔ↓j	mˈyəʔ↓ ˈi	0	0	0	0
mưay	TONE_NGANG	mɨə→j	mˈyə ˈi	0	0	0	0
mừay	TONE_HUYEN	mɨə↘j	mˈyə↘ ˈi	0	0	0	0
mứay	TONE_SAC	mɨə↗j	mˈyə↗ ˈi	0	0	0	0
mư̂ay	TONE_HOI	mɨə↓j	mˈy ˈaj	0	0	0	0
mữay	TONE_NGA	mɨəʔ↗j	mˈyəʔ↗ ˈi	0	0	0	0
mựay	TONE_NANG	mɨəʔ↓j	mˈyəʔ↓ ˈi	0	0	0	0
mưao	TONE_NGANG	mɨə→w	mˈyə ˈɔ	0	0	0	0
mừao	TONE_HUYEN	mɨə↘w	mˈyə↘ ˈɔ	1	0	0	0
mứao	TONE_SAC	mɨə↗w	mˈyə↗ ˈɔ	1	0	0	0
mư̂ao	TONE_HOI	mɨə↓w	mˈy ˈaːw	0	0	0	0
mữao	TONE_NGA	mɨəʔ↗w	mˈyəʔ↗ ˈɔ	1	0	0	0
mựao	TONE_NANG	mɨəʔ↓w	mˈyəʔ↓ ˈɔ	1	0	0	0
mưau	TONE_NGANG	mɨə→w	mˈyə ˈu	0	0	0	0
mừau	TONE_HUYEN	mɨə↘w	mˈyə↘ ˈu	0	0	0	0
mứau	TONE_SAC	mɨə↗w	mˈyə↗ ˈu	0	0	0	0
mư̂au	TONE_HOI	mɨə↓w	mˈy ˈaw	0	0	0	0
mữau	TONE_NGA	mɨəʔ↗w	mˈyəʔ↗ ˈu	0	0	0	0
mựau	TONE_NANG	mɨəʔ↓w	mˈyəʔ↓ ˈu	0	0	0	0
mưam	TONE_NGANG	mɨə→m	mˈy ˈaːm	0	0	0	0
mừam	TONE_HUYEN	mɨə↘m	mˈy↘ ˈaːm	0	0	0	0
mứam	TONE_SAC	mɨə↗m	mˈy↗ ˈaːm	0	0	0	0
mư̂am	TONE_HOI	mɨə↓m	mˈy ˈaːm	0	0	0	0
mữam	TONE_NGA	mɨəʔ↗m	mˈyʔ↗ ˈaːm	0	0	0	0
mựam	TONE_NANG	mɨəʔ↓m	mˈyʔ↓ ˈaːm	0	0	0	0
mứap	TONE_SAC	mɨə↗p	mˈy↗ ˈaː↗p	0	0	0	0
mựap	TONE_NANG	mɨəʔ↓p	mˈyʔ↓ ˈaː↗p	0	0	0	0
mứat	TONE_SAC	mɨə↗t	mˈy↗ ˈaː↗t	0	0	0	0
mựat	TONE_NANG	mɨəʔ↓t	mˈyʔ↓ ˈaː↗t	0	0	0	0
mưang	TONE_NGANG	mɨə→ŋ	mˈy ˈaːŋ	0	0	0	0
mừang	TONE_HUYEN	mɨə↘ŋ	mˈy↘ ˈaːŋ	0	0	0	0
mứang	TONE_SAC	mɨə↗ŋ	mˈy↗ ˈaːŋ	0	0	0	0
mư̂ang	TONE_HOI	mɨə↓ŋ	mˈy ˈaːŋ	0	0	0	0
mữang	TONE_NGA	mɨəʔ↗ŋ	mˈyʔ↗ ˈaːŋ	0	0	0	0
mựang	TONE_NANG	mɨəʔ↓ŋ	mˈyʔ↓ ˈaːŋ	0	0	0	0
mứac	TONE_SAC	mɨə↗k	mˈy↗ ˈaː↗c	0	0	0	0
mựac	TONE_NANG	mɨəʔ↓k	mˈyʔ↓ ˈaː↗c	0	0	0	0
mứach	TONE_SAC	mɨə↗k	mˈy↗ ˈæ↗c	0	0	0	0
mựach	TONE_NANG	mɨəʔ↓k	mˈyʔ↓ ˈæ↗c	0	0	0	0
muô	TONE_NGANG	muə→	mˈu ˈo	0	0	0	0
muồ	TONE_HUYEN	muə↘	mˈu ˈo↘	1	0	0	0
muố	TONE_SAC	muə↗	mˈu ˈo↗	1	0	0	0
muô̂	TONE_HOI	muə↓	mˈu ˈo	0	0	0	0
muỗ	TONE_NGA	muəʔ↗	mˈu ˈoʔ↗	1	0	0	0
muộ	TONE_NANG	muəʔ↓	mˈu ˈoʔ↓	1	0	0	0
muôi	TONE_NGANG	muə→j	mˈuəj	0	0	0	0
muồi	TONE_HUYEN	muə↘j	mˈuə↘j	1	0	0	0
muối	TONE_SAC	muə↗j	mˈuə↗j	1	0	0	0
muô̂i	TONE_HOI	muə↓j	mˈu ˈo ˈi	0	0	0	0
muỗi	TONE_NGA	muəʔ↗j	mˈuəʔ↗j	1	0	0	0
muội	TONE_NANG	muəʔ↓j	mˈuəʔ↓j	1	0	0	0
muôy	TONE_NGANG	muə→j	mˈu ˈoˈi	0	0	0	0
muồy	TONE_HUYEN	muə↘j	mˈu ˈo↘ˈi	0	0	0	0
muốy	TONE_SAC	muə↗j	mˈu ˈo↗ˈi	0	0	0	0
muô̂y	TONE_HOI	muə↓j	mˈu ˈo ˈi	0	0	0	0
muỗy	TONE_NGA	muəʔ↗j	mˈu ˈoʔ↗ˈi	0	0	0	0
muộy	TONE_NANG	muəʔ↓j	mˈu ˈoʔ↓ˈi	0	0	0	0
muôn	TONE_NGANG	muə→n	mˈuən	0	0	0	0
muồn	TONE_HUYEN	muə↘n	mˈuə↘n	1	0	0	0
muốn	TONE_SAC	muə↗n	mˈuə↗n	1	0	0	0
muô̂n	TONE_HOI	muə↓n	mˈu ˈo nˈəː↘	0	0	0	0
muỗn	TONE_NGA	muəʔ↗n	mˈuəʔ↗n	1	0	0	0
muộn	TONE_NANG	muəʔ↓n	mˈuəʔ↓n	1	0	0	0
muốp	TONE_SAC	muə↗p	mˈuə↗p	1	0	0	0
muộp	TONE_NANG	muəʔ↓p	mˈuəʔ↓p	1	0	0	0
muốt	TONE_SAC	muə↗t	mˈuə↗t	1	0	0	0
muột	TONE_NANG	muəʔ↓t	mˈuəʔ↓t	1	0	0	0
muông	TONE_NGANG	muə→ŋ	mˈuəŋ	0	0	0	0
muồng	TONE_HUYEN	muə↘ŋ	mˈuə↘ŋ	1	0	0	0
muống	TONE_SAC	muə↗ŋ	mˈuə↗ŋ	1	0	0	0
muô̂ng	TONE_HOI	muə↓ŋ	mˈu ˈo ˌɛndʒˈiː	0	0	0	0
muỗng	TONE_NGA	muəʔ↗ŋ	mˈuəʔ↗ŋ	1	0	0	0
muộng	TONE_NANG	muəʔ↓ŋ	mˈuəʔ↓ŋ	1	0	0	0
muốc	TONE_SAC	muə↗k	mˈuə↗c	1	0	0	0
muộc	TONE_NANG	muəʔ↓k	mˈuəʔ↓c	1	0	0	0
muốch	TONE_SAC	muə↗k	mˈuə↗c hˈa↗t	0	0	0	0
muộch	TONE_NANG	muəʔ↓k	mˈuəʔ↓c hˈa↗t	0	0	0	0
mua	TONE_NGANG	muə→	mˈuə	0	0	0	0
mùa	TONE_HUYEN	muə↘	mˈuə↘	1	0	0	0
múa	TONE_SAC	muə↗	mˈuə↗	1	0	0	0
mûa	TONE_HOI	muə↓	mˈuə	0	0	0	0
mũa	TONE_NGA	muəʔ↗	mˈuəʔ↗	1	0	0	0
mụa	TONE_NANG	muəʔ↓	mˈuəʔ↓	1	0	0	0
muai	TONE_NGANG	muə→j	mˈuə ˈaɪ	0	0	0	0
mùai	TONE_HUYEN	muə↘j	mˈuə↘ ˈi	0	0	0	0
múai	TONE_SAC	muə↗j	mˈuə↗ ˈi	0	0	0	0
mûai	TONE_HOI	muə↓j	mˈuə ˈaɪ	0	0	0	0
mũai	TONE_NGA	muəʔ↗j	mˈuəʔ↗ ˈi	0	0	0	0
mụai	TONE_NANG	muəʔ↓j	mˈuəʔ↓ ˈi	0	0	0	0
muay	TONE_NGANG	muə→j	mjˈuːeɪ	0	0	0	0
mùay	TONE_HUYEN	muə↘j	mˈuə↘ ˈi	0	0	0	0
múay	TONE_SAC	muə↗j	mˈuə↗ ˈi	0	0	0	0
mûay	TONE_HOI	muə↓j	mjˈuːeɪ	0	0	0	0
mũay	TONE_NGA	muəʔ↗j	mˈuəʔ↗ ˈi	0	0	0	0
mụay	TONE_NANG	muəʔ↓j	mˈuəʔ↓ ˈi	0	0	0	0
mao	TONE_NGANG	maː→w	mˈaːw	0	0	0	0
mào	TONE_HUYEN	maː↘w	mˈaː↘w	1	0	0	0
máo	TONE_SAC	maː↗w	mˈaː↗w	1	0	0	0
mâo	TONE_HOI	maː↓w	mˈɑː ˈɔ	0	0	0	0
mão	TONE_NGA	maːʔ↗w	mˈaːʔ↗w	1	0	0	0
mạo	TONE_NANG	maːʔ↓w	mˈaːʔ↓w	1	0	0	0
mau	TONE_NGANG	ma→w	mˈaw	0	0	0	0
màu	TONE_HUYEN	ma↘w	mˈa↘w	1	0	0	0
máu	TONE_SAC	ma↗w	mˈa↗w	1	0	0	0
mâu	TONE_HOI	ma↓w	mˈə→w	0	0	0	0
mãu	TONE_NGA	maʔ↗w	mˈaʔ↗w	1	0	0	0
mạu	TONE_NANG	maʔ↓w	mˈaʔ↓w	1	0	0	0
muan	TONE_NGANG	muə→n	mˈu æn	0	0	0	0
mùan	TONE_HUYEN	muə↘n	mˈu↘ ˈaːn	0	0	0	0
múan	TONE_SAC	muə↗n	mˈu↗ ˈaːn	0	0	0	0
mûan	TONE_HOI	muə↓n	mˈu æn	0	0	0	0
mũan	TONE_NGA	muəʔ↗n	mˈuʔ↗ ˈaːn	0	0	0	0
mụan	TONE_NANG	muəʔ↓n	mˈuʔ↓ ˈaːn	0	0	0	0
múap	TONE_SAC	muə↗p	mˈu↗ ˈaː↗p	0	0	0	0
mụap	TONE_NANG	muəʔ↓p	mˈuʔ↓ ˈaː↗p	0	0	0	0
múat	TONE_SAC	muə↗t	mˈu↗ ˈaː↗t	0	0	0	0
mụat	TONE_NANG	muəʔ↓t	mˈuʔ↓ ˈaː↗t	0	0	0	0
muang	TONE_NGANG	muə→ŋ	mwˈɑːŋ	0	0	0	0
mùang	TONE_HUYEN	muə↘ŋ	mˈu↘ ˈaːŋ	0	0	0	0
múang	TONE_SAC	muə↗ŋ	mˈu↗ ˈaːŋ	0	0	0	0
mûang	TONE_HOI	muə↓ŋ	mwˈɑːŋ	0	0	0	0
mũang	TONE_NGA	muəʔ↗ŋ	mˈuʔ↗ ˈaːŋ	0	0	0	0
mụang	TONE_NANG	muəʔ↓ŋ	mˈuʔ↓ ˈaːŋ	0	0	0	0
manh	TONE_NGANG	maː→ɲ	mˈæɲ	0	0	0	1
mành	TONE_HUYEN	maː↘ɲ	mˈæ↘ɲ	1	0	0	1
mánh	TONE_SAC	maː↗ɲ	mˈæ↗ɲ	1	0	0	1
mânh	TONE_HOI	maː↓ɲ	mˈən hˈa↗t	0	0	0	1
mãnh	TONE_NGA	maːʔ↗ɲ	mˈæʔ↗ɲ	1	0	0	1
mạnh	TONE_NANG	maːʔ↓ɲ	mˈæʔ↓ɲ	1	0	0	1
múac	TONE_SAC	muə↗k	mˈu↗ ˈaː↗c	0	0	0	0
mụac	TONE_NANG	muəʔ↓k	mˈuʔ↓ ˈaː↗c	0	0	0	0
múach	TONE_SAC	muə↗k	mˈu↗ ˈæ↗c	0	0	0	0
mụach	TONE_NANG	muəʔ↓k	mˈuʔ↓ ˈæ↗c	0	0	0	0
ma	TONE_NGANG	maː→	mˈaː	0	0	0	0
mà	TONE_HUYEN	maː↘	mˌaː↘	1	0	0	0
má	TONE_SAC	maː↗	mˈaː↗	1	0	0	0
mâ	TONE_HOI	maː↓	mˈɑː	0	0	0	0
mã	TONE_NGA	maːʔ↗	mˈaːʔ↗	1	0	0	0
mạ	TONE_NANG	maːʔ↓	mˈaːʔ↓	1	0	0	0
mai	TONE_NGANG	maː→j	mˈaːj	0	0	0	0
mài	TONE_HUYEN	maː↘j	mˈaː↘j	1	0	0	0
mái	TONE_SAC	maː↗j	mˈaː↗j	1	0	0	0
mâi	TONE_HOI	maː↓j	mˈɑː ˈi	0	0	0	0
mãi	TONE_NGA	maːʔ↗j	mˈaːʔ↗j	1	0	0	0
mại	TONE_NANG	maːʔ↓j	mˈaːʔ↓j	1	0	0	0
may	TONE_NGANG	ma→j	mˈeɪ	0	0	0	0
mày	TONE_HUYEN	ma↘j	mˈa↘j	1	0	0	0
máy	TONE_SAC	ma↗j	mˈa↗j	1	0	0	0
mây	TONE_HOI	ma↓j	mˈəɪ	0	0	0	0
mãy	TONE_NGA	maʔ↗j	mˈaʔ↗j	1	0	0	0
mạy	TONE_NANG	maʔ↓j	mˈaʔ↓j	1	0	0	0
mao	TONE_NGANG	maː→w	mˈaːw	0	0	0	0
mào	TONE_HUYEN	maː↘w	mˈaː↘w	1	0	0	0
máo	TONE_SAC	maː↗w	mˈaː↗w	1	0	0	0
mâo	TONE_HOI	maː↓w	mˈɑː ˈɔ	0	0	0	0
mão	TONE_NGA	maːʔ↗w	mˈaːʔ↗w	1	0	0	0
mạo	TONE_NANG	maːʔ↓w	mˈaːʔ↓w	1	0	0	0
mau	TONE_NGANG	ma→w	mˈaw	0	0	0	0
màu	TONE_HUYEN	ma↘w	mˈa↘w	1	0	0	0
máu	TONE_SAC	ma↗w	mˈa↗w	1	0	0	0
mâu	TONE_HOI	ma↓w	mˈə→w	0	0	0	0
mãu	TONE_NGA	maʔ↗w	mˈaʔ↗w	1	0	0	0
mạu	TONE_NANG	maʔ↓w	mˈaʔ↓w	1	0	0	0
mam	TONE_NGANG	maː→m	mˈaːm	0	0	0	0
màm	TONE_HUYEN	maː↘m	mˈaː↘m	1	0	0	0
mám	TONE_SAC	maː↗m	mˈaː↗m	1	0	0	0
mâm	TONE_HOI	maː↓m	mˈəm	0	0	0	0
mãm	TONE_NGA	maːʔ↗m	mˈaːʔ↗m	1	0	0	0
mạm	TONE_NANG	maːʔ↓m	mˈaːʔ↓m	1	0	0	0
man	TONE_NGANG	maː→n	mˈæn	0	0	0	0
màn	TONE_HUYEN	maː↘n	mˈaː↘n	1	0	0	0
mán	TONE_SAC	maː↗n	mˈaː↗n	1	0	0	0
mân	TONE_HOI	maː↓n	mˈən	0	0	0	0
mãn	TONE_NGA	maːʔ↗n	mˈaːʔ↗n	1	0	0	0
mạn	TONE_NANG	maːʔ↓n	mˈaːʔ↓n	1	0	0	0
máp	TONE_SAC	maː↗p	mˈaː↗p	1	0	0	0
mạp	TONE_NANG	maːʔ↓p	mˈaːʔ↓p	1	0	0	0
mát	TONE_SAC	maː↗t	mˈaː↗t	1	0	0	0
mạt	TONE_NANG	maːʔ↓t	mˈaːʔ↓t	1	0	0	0
mang	TONE_NGANG	maː→ŋ	mˈaːŋ	0	0	0	0
màng	TONE_HUYEN	maː↘ŋ	mˈaː↘ŋ	1	0	0	0
máng	TONE_SAC	maː↗ŋ	mˈaː↗ŋ	1	0	0	0
mâng	TONE_HOI	maː↓ŋ	mˈəŋ	0	0	0	0
mãng	TONE_NGA	maːʔ↗ŋ	mˈaːʔ↗ŋ	1	0	0	0
mạng	TONE_NANG	maːʔ↓ŋ	mˈaːʔ↓ŋ	1	0	0	0
manh	TONE_NGANG	maː→ɲ	mˈæɲ	0	0	0	1
mành	TONE_HUYEN	maː↘ɲ	mˈæ↘ɲ	1	0	0	1
mánh	TONE_SAC	maː↗ɲ	mˈæ↗ɲ	1	0	0	1
mânh	TONE_HOI	maː↓ɲ	mˈən hˈa↗t	0	0	0	1
mãnh	TONE_NGA	maːʔ↗ɲ	mˈæʔ↗ɲ	1	0	0	1
mạnh	TONE_NANG	maːʔ↓ɲ	mˈæʔ↓ɲ	1	0	0	1
mác	TONE_SAC	maː↗k	mˈaː↗c	1	0	0	0
mạc	TONE_NANG	maːʔ↓k	mˈaːʔ↓c	1	0	0	0
mách	TONE_SAC	ma↗k	mˈæ↗c	1	0	0	0
mạch	TONE_NANG	maʔ↓k	mˈæʔ↓c	1	0	0	0
mă	TONE_NGANG	ma→	mˈɑː	0	0	0	0
mằ	TONE_HUYEN	ma↘	ˈməː↘ằ	1	1	0	0
mắ	TONE_SAC	ma↗	ˈməː↘ắ	0	1	0	0
mă̂	TONE_HOI	ma↓	mˈɑː	0	0	0	0
mẵ	TONE_NGA	maʔ↗	ˈməː↘ẵ	0	1	0	0
mặ	TONE_NANG	maʔ↓	ˈməː↘ặ	0	1	0	0
măm	TONE_NGANG	ma→m	mˈam	0	0	0	0
mằm	TONE_HUYEN	ma↘m	mˈa↘m	1	0	0	0
mắm	TONE_SAC	ma↗m	mˈa↗m	1	0	0	0
mă̂m	TONE_HOI	ma↓m	mˈɑː mˈəː↘	0	0	0	0
mẵm	TONE_NGA	maʔ↗m	mˈaʔ↗m	1	0	0	0
mặm	TONE_NANG	maʔ↓m	mˈaʔ↓m	1	0	0	0
măn	TONE_NGANG	ma→n	mˈan	0	0	0	0
mằn	TONE_HUYEN	ma↘n	mˈa↘n	1	0	0	0
mắn	TONE_SAC	ma↗n	mˈa↗n	1	0	0	0
mă̂n	TONE_HOI	ma↓n	mˈɑː nˈəː↘	0	0	0	0
mẵn	TONE_NGA	maʔ↗n	mˈaʔ↗n	1	0	0	0
mặn	TONE_NANG	maʔ↓n	mˈaʔ↓n	1	0	0	0
mắp	TONE_SAC	ma↗p	mˈa↗p	1	0	0	0
mặp	TONE_NANG	maʔ↓p	mˈaʔ↓p	1	0	0	0
mắt	TONE_SAC	ma↗t	mˈa↗t	1	0	0	0
mặt	TONE_NANG	maʔ↓t	mˈaʔ↓t	1	0	0	0
măng	TONE_NGANG	ma→ŋ	mˈaŋ	0	0	0	0
mằng	TONE_HUYEN	ma↘ŋ	mˈa↘ŋ	1	0	0	0
mắng	TONE_SAC	ma↗ŋ	mˈa↗ŋ	1	0	0	0
mă̂ng	TONE_HOI	ma↓ŋ	mˈɑː ˌɛndʒˈiː	0	0	0	0
mẵng	TONE_NGA	maʔ↗ŋ	mˈaʔ↗ŋ	1	0	0	0
mặng	TONE_NANG	maʔ↓ŋ	mˈaʔ↓ŋ	1	0	0	0
mắc	TONE_SAC	ma↗k	mˈa↗c	1	0	0	0
mặc	TONE_NANG	maʔ↓k	mˈaʔ↓c	1	0	0	0
mắch	TONE_SAC	ma↗k	mˈa↗c hˈa↗t	0	0	0	0
mặch	TONE_NANG	maʔ↓k	mˈaʔ↓c hˈa↗t	0	0	0	0
mâ	TONE_NGANG	mə→	mˈɑː	0	0	0	0
mầ	TONE_HUYEN	mə↘	ˈməː↘ầ	1	1	0	0
mấ	TONE_SAC	mə↗	ˈməː↘ấ	0	1	0	0
mâ̂	TONE_HOI	mə↓	mˈɑː	0	0	0	0
mẫ	TONE_NGA	məʔ↗	ˈməː↘ẫ	0	1	0	0
mậ	TONE_NANG	məʔ↓	ˈməː↘ậ	0	1	0	0
mâi	TONE_NGANG	mə→j	mˈɑː ˈi	0	0	0	0
mầi	TONE_HUYEN	mə↘j	ˈməː↘ầˈi	0	1	0	0
mấi	TONE_SAC	mə↗j	ˈməː↘ấˈi	0	1	0	0
mâ̂i	TONE_HOI	mə↓j	mˈɑː ˈaɪ	0	0	0	0
mẫi	TONE_NGA	məʔ↗j	ˈməː↘ẫˈi	0	1	0	0
mậi	TONE_NANG	məʔ↓j	ˈməː↘ậˈi	0	1	0	0
mây	TONE_NGANG	mə→j	mˈəɪ	0	0	0	0
mầy	TONE_HUYEN	mə↘j	mˈəɪ↘	1	0	0	0
mấy	TONE_SAC	mə↗j	mˈəɪ↗	1	0	0	0
mâ̂y	TONE_HOI	mə↓j	mˈɑː wˈaɪ	0	0	0	0
mẫy	TONE_NGA	məʔ↗j	mˈəɪʔ↗	1	0	0	0
mậy	TONE_NANG	məʔ↓j	mˈəɪʔ↓	1	0	0	0
mâo	TONE_NGANG	mə→w	mˈɑː ˈɔ	0	0	0	0
mầo	TONE_HUYEN	mə↘w	ˈməː↘ầˈɔ	1	1	0	0
mấo	TONE_SAC	mə↗w	ˈməː↘ấˈɔ	0	1	0	0
mâ̂o	TONE_HOI	mə↓w	mˈɑː ˈo	0	0	0	0
mẫo	TONE_NGA	məʔ↗w	ˈməː↘ẫˈɔ	0	1	0	0
mậo	TONE_NANG	məʔ↓w	ˈməː↘ậˈɔ	0	1	0	0
mâu	TONE_NGANG	mə→w	mˈə→w	1	0	0	0
mầu	TONE_HUYEN	mə↘w	mˈə↘w	1	0	0	0
mấu	TONE_SAC	mə↗w	mˈə↗w	1	0	0	0
mâ̂u	TONE_HOI	mə↓w	mˈɑː jˈuː	0	0	0	0
mẫu	TONE_NGA	məʔ↗w	mˈəʔ↗w	1	0	0	0
mậu	TONE_NANG	məʔ↓w	mˈəʔ↓w	1	0	0	0
mâm	TONE_NGANG	mə→m	mˈəm	0	0	0	0
mầm	TONE_HUYEN	mə↘m	mˈə↘m	1	0	0	0
mấm	TONE_SAC	mə↗m	mˈə↗m	1	0	0	0
mâ̂m	TONE_HOI	mə↓m	mˈɑː mˈəː↘	0	0	0	0
mẫm	TONE_NGA	məʔ↗m	mˈəʔ↗m	1	0	0	0
mậm	TONE_NANG	məʔ↓m	mˈəʔ↓m	1	0	0	0
mân	TONE_NGANG	mə→n	mˈən	0	0	0	0
mần	TONE_HUYEN	mə↘n	mˈə↘n	1	0	0	0
mấn	TONE_SAC	mə↗n	mˈə↗n	1	0	0	0
mâ̂n	TONE_HOI	mə↓n	mˈɑː nˈəː↘	0	0	0	0
mẫn	TONE_NGA	məʔ↗n	mˈəʔ↗n	1	0	0	0
mận	TONE_NANG	məʔ↓n	mˈəʔ↓n	1	0	0	0
mấp	TONE_SAC	mə↗p	mˈə↗p	1	0	0	0
mập	TONE_NANG	məʔ↓p	mˈəʔ↓p	1	0	0	0
mất	TONE_SAC	mə↗t	mˈə↗t	1	0	0	0
mật	TONE_NANG	məʔ↓t	mˈəʔ↓t	1	0	0	0
mâng	TONE_NGANG	mə→ŋ	mˈəŋ	0	0	0	0
mầng	TONE_HUYEN	mə↘ŋ	mˈə↘ŋ	1	0	0	0
mấng	TONE_SAC	mə↗ŋ	mˈə↗ŋ	1	0	0	0
mâ̂ng	TONE_HOI	mə↓ŋ	mˈɑː ˌɛndʒˈiː	0	0	0	0
mẫng	TONE_NGA	məʔ↗ŋ	mˈəʔ↗ŋ	1	0	0	0
mậng	TONE_NANG	məʔ↓ŋ	mˈəʔ↓ŋ	1	0	0	0
mấc	TONE_SAC	mə↗k	mˈə↗c	1	0	0	0
mậc	TONE_NANG	məʔ↓k	mˈəʔ↓c	1	0	0	0
mấch	TONE_SAC	mə↗k	mˈə↗c hˈa↗t	0	0	0	0
mậch	TONE_NANG	məʔ↓k	mˈəʔ↓c hˈa↗t	0	0	0	0
me	TONE_NGANG	mɛ→	mˈiː	0	0	0	0
mè	TONE_HUYEN	mɛ↘	mˈɛ↘	1	0	0	0
mé	TONE_SAC	mɛ↗	mˈɛ↗	1	0	0	0
mê	TONE_HOI	mɛ↓	mˈe	0	0	0	0
mẽ	TONE_NGA	mɛʔ↗	mˈɛʔ↗	1	0	0	0
mẹ	TONE_NANG	mɛʔ↓	mˈɛʔ↓	1	0	0	0
meo	TONE_NGANG	mɛ→w	mˈɛw	0	0	0	0
mèo	TONE_HUYEN	mɛ↘w	mˈɛ↘w	1	0	0	0
méo	TONE_SAC	mɛ↗w	mˈɛ↗w	1	0	0	0
mêo	TONE_HOI	mɛ↓w	mˈe ˈɔ	0	0	0	0
mẽo	TONE_NGA	mɛʔ↗w	mˈɛʔ↗w	1	0	0	0
mẹo	TONE_NANG	mɛʔ↓w	mˈɛʔ↓w	1	0	0	0
meu	TONE_NGANG	mɛ→w	mˈe↗w	0	0	0	0
mèu	TONE_HUYEN	mɛ↘w	mˈɛ↘ ˈu	0	0	0	0
méu	TONE_SAC	mɛ↗w	mˈɛ↗ ˈu	0	0	0	0
mêu	TONE_HOI	mɛ↓w	mˈe→w	0	0	0	0
mẽu	TONE_NGA	mɛʔ↗w	mˈɛʔ↗ ˈu	0	0	0	0
mẹu	TONE_NANG	mɛʔ↓w	mˈɛʔ↓ ˈu	0	0	0	0
mem	TONE_NGANG	mɛ→m	mˈɛm	0	0	0	0
mèm	TONE_HUYEN	mɛ↘m	mˈɛ↘m	1	0	0	0
mém	TONE_SAC	mɛ↗m	mˈɛ↗m	1	0	0	0
mêm	TONE_HOI	mɛ↓m	mˈem	0	0	0	0
mẽm	TONE_NGA	mɛʔ↗m	mˈɛʔ↗m	1	0	0	0
mẹm	TONE_NANG	mɛʔ↓m	mˈɛʔ↓m	1	0	0	0
men	TONE_NGANG	mɛ→n	mˈɛn	0	0	0	0
mèn	TONE_HUYEN	mɛ↘n	mˈɛ↘n	1	0	0	0
mén	TONE_SAC	mɛ↗n	mˈɛ↗n	1	0	0	0
mên	TONE_HOI	mɛ↓n	mˈen	0	0	0	0
mẽn	TONE_NGA	mɛʔ↗n	mˈɛʔ↗n	1	0	0	0
mẹn	TONE_NANG	mɛʔ↓n	mˈɛʔ↓n	1	0	0	0
mép	TONE_SAC	mɛ↗p	mˈɛ↗p	1	0	0	0
mẹp	TONE_NANG	mɛʔ↓p	mˈɛʔ↓p	1	0	0	0
mét	TONE_SAC	mɛ↗t	mˈɛ↗t	1	0	0	0
mẹt	TONE_NANG	mɛʔ↓t	mˈɛʔ↓t	1	0	0	0
meng	TONE_NGANG	mɛ→ŋ	mˈɛŋ	0	0	0	0
mèng	TONE_HUYEN	mɛ↘ŋ	mˈɛ↘ŋ	1	0	0	0
méng	TONE_SAC	mɛ↗ŋ	mˈɛ↗ŋ	1	0	0	0
mêng	TONE_HOI	mɛ↓ŋ	mˈen ðˈe→	0	0	0	0
mẽng	TONE_NGA	mɛʔ↗ŋ	mˈɛʔ↗ŋ	1	0	0	0
mẹng	TONE_NANG	mɛʔ↓ŋ	mˈɛʔ↓ŋ	1	0	0	0
méc	TONE_SAC	mɛ↗k	mˈɛ↗c	1	0	0	0
mẹc	TONE_NANG	mɛʔ↓k	mˈɛʔ↓c	1	0	0	0
méch	TONE_SAC	mɛ↗k	mˈɛ↗c hˈa↗t	0	0	0	0
mẹch	TONE_NANG	mɛʔ↓k	mˈɛʔ↓c hˈa↗t	0	0	0	0
mê	TONE_NGANG	me→	mˈe	0	0	0	0
mề	TONE_HUYEN	me↘	mˈe↘	1	0	0	0
mế	TONE_SAC	me↗	mˈe↗	1	0	0	0
mê̂	TONE_HOI	me↓	mˈe	0	0	0	0
mễ	TONE_NGA	meʔ↗	mˈeʔ↗	1	0	0	0
mệ	TONE_NANG	meʔ↓	mˈeʔ↓	1	0	0	0
mêo	TONE_NGANG	me→w	mˈe ˈɔ	0	0	0	0
mềo	TONE_HUYEN	me↘w	mˈe↘ ˈɔ	1	0	0	0
mếo	TONE_SAC	me↗w	mˈe↗ ˈɔ	1	0	0	0
mê̂o	TONE_HOI	me↓w	mˈe ˈo	0	0	0	0
mễo	TONE_NGA	meʔ↗w	mˈeʔ↗ ˈɔ	1	0	0	0
mệo	TONE_NANG	meʔ↓w	mˈeʔ↓ ˈɔ	1	0	0	0
mêu	TONE_NGANG	me→w	mˈe→w	1	0	0	0
mều	TONE_HUYEN	me↘w	mˈe↘w	1	0	0	0
mếu	TONE_SAC	me↗w	mˈe↗w	1	0	0	0
mê̂u	TONE_HOI	me↓w	mˈe ˈu	0	0	0	0
mễu	TONE_NGA	meʔ↗w	mˈeʔ↗w	1	0	0	0
mệu	TONE_NANG	meʔ↓w	mˈeʔ↓w	1	0	0	0
mêm	TONE_NGANG	me→m	mˈem	0	0	0	0
mềm	TONE_HUYEN	me↘m	mˈe↘m	1	0	0	0
mếm	TONE_SAC	me↗m	mˈe↗m	1	0	0	0
mê̂m	TONE_HOI	me↓m	mˈe mˈəː↘	0	0	0	0
mễm	TONE_NGA	meʔ↗m	mˈeʔ↗m	1	0	0	0
mệm	TONE_NANG	meʔ↓m	mˈeʔ↓m	1	0	0	0
mên	TONE_NGANG	me→n	mˈen	0	0	0	0
mền	TONE_HUYEN	me↘n	mˈe↘n	1	0	0	0
mến	TONE_SAC	me↗n	mˈe↗n	1	0	0	0
mê̂n	TONE_HOI	me↓n	mˈe nˈəː↘	0	0	0	0
mễn	TONE_NGA	meʔ↗n	mˈeʔ↗n	1	0	0	0
mện	TONE_NANG	meʔ↓n	mˈeʔ↓n	1	0	0	0
mếp	TONE_SAC	me↗p	mˈe↗p	1	0	0	0
mệp	TONE_NANG	meʔ↓p	mˈeʔ↓p	1	0	0	0
mết	TONE_SAC	me↗t	mˈe↗t	1	0	0	0
mệt	TONE_NANG	meʔ↓t	mˈeʔ↓t	1	0	0	0
mênh	TONE_NGANG	me→ɲ	mˈeɲ	0	0	0	0
mềnh	TONE_HUYEN	me↘ɲ	mˈe↘ɲ	1	0	0	0
mếnh	TONE_SAC	me↗ɲ	mˈe↗ɲ	1	0	0	0
mê̂nh	TONE_HOI	me↓ɲ	mˈe ˌɛnˈeɪʧ	0	0	0	0
mễnh	TONE_NGA	meʔ↗ɲ	mˈeʔ↗ɲ	1	0	0	0
mệnh	TONE_NANG	meʔ↓ɲ	mˈeʔ↓ɲ	1	0	0	0
mếc	TONE_SAC	me↗k	mˈe↗ sˈe	0	0	0	0
mệc	TONE_NANG	meʔ↓k	mˈeʔ↓ sˈe	0	0	0	0
mếch	TONE_SAC	me↗k	mˈe↗c	1	0	0	0
mệch	TONE_NANG	meʔ↓k	mˈeʔ↓c	1	0	0	0
mi	TONE_NGANG	mi→	mˈi	0	0	0	0
mì	TONE_HUYEN	mi↘	mˈi↘	1	0	0	0
mí	TONE_SAC	mi↗	mˈi↗	1	0	0	0
mî	TONE_HOI	mi↓	mˈi	0	0	0	0
mĩ	TONE_NGA	miʔ↗	mˈiʔ↗	1	0	0	0
mị	TONE_NANG	miʔ↓	mˈiʔ↓	1	0	0	0
mio	TONE_NGANG	mi→w	mˈiːoʊ	0	0	0	0
mìo	TONE_HUYEN	mi↘w	mˈi↘ ˈɔ	1	0	0	0
mío	TONE_SAC	mi↗w	mˈiːoʊ	0	0	0	0
mîo	TONE_HOI	mi↓w	mˈiːoʊ	0	0	0	0
mĩo	TONE_NGA	miʔ↗w	mˈiʔ↗ ˈɔ	1	0	0	0
mịo	TONE_NANG	miʔ↓w	mˈiʔ↓ ˈɔ	1	0	0	0
miu	TONE_NGANG	mi→w	mˈiw	0	0	0	0
mìu	TONE_HUYEN	mi↘w	mˈi↘w	1	0	0	0
míu	TONE_SAC	mi↗w	mˈi↗w	1	0	0	0
mîu	TONE_HOI	mi↓w	mˈiw	0	0	0	0
mĩu	TONE_NGA	miʔ↗w	mˈiʔ↗w	1	0	0	0
mịu	TONE_NANG	miʔ↓w	mˈiʔ↓w	1	0	0	0
mim	TONE_NGANG	mi→m	mˈim	0	0	0	0
mìm	TONE_HUYEN	mi↘m	mˈi↘m	1	0	0	0
mím	TONE_SAC	mi↗m	mˈi↗m	1	0	0	0
mîm	TONE_HOI	mi↓m	mˈim	0	0	0	0
mĩm	TONE_NGA	miʔ↗m	mˈiʔ↗m	1	0	0	0
mịm	TONE_NANG	miʔ↓m	mˈiʔ↓m	1	0	0	0
min	TONE_NGANG	mi→n	mˈɪn	0	0	0	0
mìn	TONE_HUYEN	mi↘n	mˈi↘n	1	0	0	0
mín	TONE_SAC	mi↗n	mˈi↗n	1	0	0	0
mîn	TONE_HOI	mi↓n	mˈɪn	0	0	0	0
mĩn	TONE_NGA	miʔ↗n	mˈiʔ↗n	1	0	0	0
mịn	TONE_NANG	miʔ↓n	mˈiʔ↓n	1	0	0	0
míp	TONE_SAC	mi↗p	mˈi↗p	1	0	0	0
mịp	TONE_NANG	miʔ↓p	mˈiʔ↓p	1	0	0	0
mít	TONE_SAC	mi↗t	mˈi↗t	1	0	0	0
mịt	TONE_NANG	miʔ↓t	mˈiʔ↓t	1	0	0	0
minh	TONE_NGANG	mi→ɲ	mˈiɲ	0	0	0	1
mình	TONE_HUYEN	mi↘ɲ	mˈi↘ɲ	1	0	0	1
mính	TONE_SAC	mi↗ɲ	mˈi↗ɲ	1	0	0	1
mînh	TONE_HOI	mi↓ɲ	mˈiɲ	0	0	0	1
mĩnh	TONE_NGA	miʔ↗ɲ	mˈiʔ↗ɲ	1	0	0	1
mịnh	TONE_NANG	miʔ↓ɲ	mˈiʔ↓ɲ	1	0	0	1
míc	TONE_SAC	mi↗k	mˈi↗ sˈe	0	0	0	0
mịc	TONE_NANG	miʔ↓k	mˈiʔ↓ sˈe	0	0	0	0
mích	TONE_SAC	mi↗k	mˈi↗c	1	0	0	0
mịch	TONE_NANG	miʔ↓k	mˈiʔ↓c	1	0	0	0
my	TONE_NGANG	mi→	mˈaɪ	0	0	0	0
mỳ	TONE_HUYEN	mi↘	mˈi↘	1	0	0	0
mý	TONE_SAC	mi↗	mˈi↗	1	0	0	0
mŷ	TONE_HOI	mi↓	mˈaɪ	0	0	0	0
mỹ	TONE_NGA	miʔ↗	mˈiʔ↗	1	0	0	0
mỵ	TONE_NANG	miʔ↓	mˈiʔ↓	1	0	0	0
myo	TONE_NGANG	mi→w	mˈaɪoʊ	0	0	0	0
mỳo	TONE_HUYEN	mi↘w	mˈi↘ ˈɔ	1	0	0	0
mýo	TONE_SAC	mi↗w	mˈi↗ ˈɔ	1	0	0	0
mŷo	TONE_HOI	mi↓w	mˈaɪoʊ	0	0	0	0
mỹo	TONE_NGA	miʔ↗w	mˈiʔ↗ ˈɔ	1	0	0	0
mỵo	TONE_NANG	miʔ↓w	mˈiʔ↓ ˈɔ	1	0	0	0
myu	TONE_NGANG	mi→w	mˈaɪuː	0	0	0	0
mỳu	TONE_HUYEN	mi↘w	mˈi↘ ˈu	0	0	0	0
mýu	TONE_SAC	mi↗w	mˈi↗ ˈu	0	0	0	0
mŷu	TONE_HOI	mi↓w	mˈaɪuː	0	0	0	0
mỹu	TONE_NGA	miʔ↗w	mˈiʔ↗ ˈu	0	0	0	0
mỵu	TONE_NANG	miʔ↓w	mˈiʔ↓ ˈu	0	0	0	0
mym	TONE_NGANG	mi→m	mˈɪm	0	0	0	0
mỳm	TONE_HUYEN	mi↘m	mˈi↘ ˈməː↘	0	0	0	0
mým	TONE_SAC	mi↗m	mˈi↗ ˈməː↘	0	0	0	0
mŷm	TONE_HOI	mi↓m	mˈɪm	0	0	0	0
mỹm	TONE_NGA	miʔ↗m	mˈiʔ↗ ˈməː↘	0	0	0	0
mỵm	TONE_NANG	miʔ↓m	mˈiʔ↓ ˈməː↘	0	0	0	0
myn	TONE_NGANG	mi→n	mˈɪn	0	0	0	0
mỳn	TONE_HUYEN	mi↘n	mˈi↘ ˈɛnəː↘	0	0	0	0
mýn	TONE_SAC	mi↗n	mˈi↗ ˈɛnəː↘	0	0	0	0
mŷn	TONE_HOI	mi↓n	mˈɪn	0	0	0	0
mỹn	TONE_NGA	miʔ↗n	mˈiʔ↗ ˈɛnəː↘	0	0	0	0
mỵn	TONE_NANG	miʔ↓n	mˈiʔ↓ ˈɛnəː↘	0	0	0	0
mýp	TONE_SAC	mi↗p	mˈi↗ pˈe	0	0	0	0
mỵp	TONE_NANG	miʔ↓p	mˈiʔ↓ pˈe	0	0	0	0
mýt	TONE_SAC	mi↗t	mˈi↗ tˈe	0	0	0	0
mỵt	TONE_NANG	miʔ↓t	mˈiʔ↓ tˈe	0	0	0	0
mynh	TONE_NGANG	mi→ɲ	ˈɛm ˈɪn	0	0	0	0
mỳnh	TONE_HUYEN	mi↘ɲ	mˈi↘ ˈɛnəː↘hˈa↗t	0	0	0	0
mýnh	TONE_SAC	mi↗ɲ	mˈi↗ ˈɛnəː↘hˈa↗t	0	0	0	0
mŷnh	TONE_HOI	mi↓ɲ	ˈɛm ˈɪn	0	0	0	0
mỹnh	TONE_NGA	miʔ↗ɲ	mˈiʔ↗ ˈɛnəː↘hˈa↗t	0	0	0	0
mỵnh	TONE_NANG	miʔ↓ɲ	mˈiʔ↓ ˈɛnəː↘hˈa↗t	0	0	0	0
mýc	TONE_SAC	mi↗k	mˈi↗ sˈe	0	0	0	0
mỵc	TONE_NANG	miʔ↓k	mˈiʔ↓ sˈe	0	0	0	0
mých	TONE_SAC	mi↗k	mˈi↗ sˈehˈa↗t	0	0	0	0
mỵch	TONE_NANG	miʔ↓k	mˈiʔ↓ sˈehˈa↗t	0	0	0	0
mo	TONE_NGANG	mɔ→	mˈɔ	0	0	0	0
mò	TONE_HUYEN	mɔ↘	mˈɔ↘	1	0	0	0
mó	TONE_SAC	mɔ↗	mˈɔ↗	1	0	0	0
mô	TONE_HOI	mɔ↓	mˈo	0	0	0	0
mõ	TONE_NGA	mɔʔ↗	mˈɔʔ↗	1	0	0	0
mọ	TONE_NANG	mɔʔ↓	mˈɔʔ↓	1	0	0	0
moi	TONE_NGANG	mɔ→j	mˈɔj	0	0	0	0
mòi	TONE_HUYEN	mɔ↘j	mˈɔ↘j	1	0	0	0
mói	TONE_SAC	mɔ↗j	mˈɔ↗j	1	0	0	0
môi	TONE_HOI	mɔ↓j	mˈoj	0	0	0	0
mõi	TONE_NGA	mɔʔ↗j	mˈɔʔ↗j	1	0	0	0
mọi	TONE_NANG	mɔʔ↓j	mˌɔʔ↓j	1	0	0	0
moy	TONE_NGANG	mɔ→j	mˈɔɪ	0	0	0	0
mòy	TONE_HUYEN	mɔ↘j	mˈɔ↘ ˈi	0	0	0	0
móy	TONE_SAC	mɔ↗j	mˈɔ↗ ˈi	0	0	0	0
môy	TONE_HOI	mɔ↓j	mˈo ˈi	0	0	0	0
mõy	TONE_NGA	mɔʔ↗j	mˈɔʔ↗ ˈi	0	0	0	0
mọy	TONE_NANG	mɔʔ↓j	mˈɔʔ↓ ˈi	0	0	0	0
mom	TONE_NGANG	mɔ→m	mˈɑːm	0	0	0	0
mòm	TONE_HUYEN	mɔ↘m	mˈɔ↘m	1	0	0	0
móm	TONE_SAC	mɔ↗m	mˈɔ↗m	1	0	0	0
môm	TONE_HOI	mɔ↓m	mˈom	0	0	0	0
mõm	TONE_NGA	mɔʔ↗m	mˈɔʔ↗m	1	0	0	0
mọm	TONE_NANG	mɔʔ↓m	mˈɔʔ↓m	1	0	0	0
mon	TONE_NGANG	mɔ→n	mˈɔn	0	0	0	0
mòn	TONE_HUYEN	mɔ↘n	mˈɔ↘n	1	0	0	0
món	TONE_SAC	mɔ↗n	mˈɔ↗n	1	0	0	0
môn	TONE_HOI	mɔ↓n	mˈon	0	0	0	0
mõn	TONE_NGA	mɔʔ↗n	mˈɔʔ↗n	1	0	0	0
mọn	TONE_NANG	mɔʔ↓n	mˈɔʔ↓n	1	0	0	0
móp	TONE_SAC	mɔ↗p	mˈɔ↗p	1	0	0	0
mọp	TONE_NANG	mɔʔ↓p	mˈɔʔ↓p	1	0	0	0
mót	TONE_SAC	mɔ↗t	mˈɔ↗t	1	0	0	0
mọt	TONE_NANG	mɔʔ↓t	mˈɔʔ↓t	1	0	0	0
mong	TONE_NGANG	mɔ→ŋ	mˈɔŋ	0	0	0	0
mòng	TONE_HUYEN	mɔ↘ŋ	mˈɔ↘ŋ	1	0	0	0
móng	TONE_SAC	mɔ↗ŋ	mˈɔ↗ŋ	1	0	0	0
mông	TONE_HOI	mɔ↓ŋ	mˈoŋ	0	0	0	0
mõng	TONE_NGA	mɔʔ↗ŋ	mˈɔʔ↗ŋ	1	0	0	0
mọng	TONE_NANG	mɔʔ↓ŋ	mˈɔʔ↓ŋ	1	0	0	0
móc	TONE_SAC	mɔ↗k	mˈɔ↗k	1	0	0	0
mọc	TONE_NANG	mɔʔ↓k	mˈɔʔ↓k	1	0	0	0
móch	TONE_SAC	mɔ↗k	mˈɔ↗k hˈa↗t	0	0	0	0
mọch	TONE_NANG	mɔʔ↓k	mˈɔʔ↓k hˈa↗t	0	0	0	0
mô	TONE_NGANG	mo→	mˈo	0	0	0	0
mồ	TONE_HUYEN	mo↘	mˈo↘	1	0	0	0
mố	TONE_SAC	mo↗	mˈo↗	1	0	0	0
mô̂	TONE_HOI	mo↓	mˈo	0	0	0	0
mỗ	TONE_NGA	moʔ↗	mˈoʔ↗	1	0	0	0
mộ	TONE_NANG	moʔ↓	mˈoʔ↓	1	0	0	0
môi	TONE_NGANG	mo→j	mˈoj	0	0	0	0
mồi	TONE_HUYEN	mo↘j	mˈo↘j	1	0	0	0
mối	TONE_SAC	mo↗j	mˈo↗j	1	0	0	0
mô̂i	TONE_HOI	mo↓j	mˈo ˈi	0	0	0	0
mỗi	TONE_NGA	moʔ↗j	mˌoʔ↗j	1	0	0	0
mội	TONE_NANG	moʔ↓j	mˈoʔ↓j	1	0	0	0
môy	TONE_NGANG	mo→j	mˈo ˈi	0	0	0	0
mồy	TONE_HUYEN	mo↘j	mˈo↘ ˈi	0	0	0	0
mốy	TONE_SAC	mo↗j	mˈo↗ ˈi	0	0	0	0
mô̂y	TONE_HOI	mo↓j	mˈo ˈi	0	0	0	0
mỗy	TONE_NGA	moʔ↗j	mˈoʔ↗ ˈi	0	0	0	0
mộy	TONE_NANG	moʔ↓j	mˈoʔ↓ ˈi	0	0	0	0
môm	TONE_NGANG	mo→m	mˈom	0	0	0	0
mồm	TONE_HUYEN	mo↘m	mˈo↘m	1	0	0	0
mốm	TONE_SAC	mo↗m	mˈo↗m	1	0	0	0
mô̂m	TONE_HOI	mo↓m	mˈo mˈəː↘	0	0	0	0
mỗm	TONE_NGA	moʔ↗m	mˈoʔ↗m	1	0	0	0
mộm	TONE_NANG	moʔ↓m	mˈoʔ↓m	1	0	0	0
môn	TONE_NGANG	mo→n	mˈon	0	0	0	0
mồn	TONE_HUYEN	mo↘n	mˈo↘n	1	0	0	0
mốn	TONE_SAC	mo↗n	mˈo↗n	1	0	0	0
mô̂n	TONE_HOI	mo↓n	mˈo nˈəː↘	0	0	0	0
mỗn	TONE_NGA	moʔ↗n	mˈoʔ↗n	1	0	0	0
mộn	TONE_NANG	moʔ↓n	mˈoʔ↓n	1	0	0	0
mốp	TONE_SAC	mo↗p	mˈo↗p	1	0	0	0
mộp	TONE_NANG	moʔ↓p	mˈoʔ↓p	1	0	0	0
mốt	TONE_SAC	mo↗t	mˈo↗t	1	0	0	0
một	TONE_NANG	moʔ↓t	mˈoʔ↓t	1	0	0	0
mông	TONE_NGANG	mo→ŋ	mˈoŋ	0	0	0	0
mồng	TONE_HUYEN	mo↘ŋ	mˈo↘ŋ	1	0	0	0
mống	TONE_SAC	mo↗ŋ	mˈo↗ŋ	1	0	0	0
mô̂ng	TONE_HOI	mo↓ŋ	mˈo ˌɛndʒˈiː	0	0	0	0
mỗng	TONE_NGA	moʔ↗ŋ	mˈoʔ↗ŋ	1	0	0	0
mộng	TONE_NANG	moʔ↓ŋ	mˈoʔ↓ŋ	1	0	0	0
mốc	TONE_SAC	mo↗k	mˈo↗k	1	0	0	0
mộc	TONE_NANG	moʔ↓k	mˈoʔ↓k	1	0	0	0
mốch	TONE_SAC	mo↗k	mˈo↗k hˈa↗t	0	0	0	0
mộch	TONE_NANG	moʔ↓k	mˈoʔ↓k hˈa↗t	0	0	0	0
mơ	TONE_NGANG	məː→	mˈəː	0	0	0	0
mờ	TONE_HUYEN	məː↘	mˈəː↘	1	0	0	0
mớ	TONE_SAC	məː↗	mˈəː↗	1	0	0	0
mơ̂	TONE_HOI	məː↓	mˈəː	0	0	0	0
mỡ	TONE_NGA	məːʔ↗	mˈəːʔ↗	1	0	0	0
mợ	TONE_NANG	məːʔ↓	mˈəːʔ↓	1	0	0	0
mơi	TONE_NGANG	məː→j	mˈəːj	0	0	0	0
mời	TONE_HUYEN	məː↘j	mˈəː↘j	1	0	0	0
mới	TONE_SAC	məː↗j	mˈəː↗j	1	0	0	0
mơ̂i	TONE_HOI	məː↓j	mˈəː ˈi	0	0	0	0
mỡi	TONE_NGA	məːʔ↗j	mˈəːʔ↗j	1	0	0	0
mợi	TONE_NANG	məːʔ↓j	mˈəːʔ↓j	1	0	0	0
mơy	TONE_NGANG	məː→j	mˈəː ˈi	0	0	0	0
mờy	TONE_HUYEN	məː↘j	mˈəː↘ ˈi	0	0	0	0
mớy	TONE_SAC	məː↗j	mˈəː↗ ˈi	0	0	0	0
mơ̂y	TONE_HOI	məː↓j	mˈəː ˈi	0	0	0	0
mỡy	TONE_NGA	məːʔ↗j	mˈəːʔ↗ ˈi	0	0	0	0
mợy	TONE_NANG	məːʔ↓j	mˈəːʔ↓ ˈi	0	0	0	0
mơm	TONE_NGANG	məː→m	mˈəːm	0	0	0	0
mờm	TONE_HUYEN	məː↘m	mˈəː↘m	1	0	0	0
mớm	TONE_SAC	məː↗m	mˈəː↗m	1	0	0	0
mơ̂m	TONE_HOI	məː↓m	mˈəː mˈəː↘	0	0	0	0
mỡm	TONE_NGA	məːʔ↗m	mˈəːʔ↗m	1	0	0	0
mợm	TONE_NANG	məːʔ↓m	mˈəːʔ↓m	1	0	0	0
mơn	TONE_NGANG	məː→n	mˈəːn	0	0	0	0
mờn	TONE_HUYEN	məː↘n	mˈəː↘n	1	0	0	0
mớn	TONE_SAC	məː↗n	mˈəː↗n	1	0	0	0
mơ̂n	TONE_HOI	məː↓n	mˈəː nˈəː↘	0	0	0	0
mỡn	TONE_NGA	məːʔ↗n	mˈəːʔ↗n	1	0	0	0
mợn	TONE_NANG	məːʔ↓n	mˈəːʔ↓n	1	0	0	0
mớp	TONE_SAC	məː↗p	mˈəː↗p	1	0	0	0
mợp	TONE_NANG	məːʔ↓p	mˈəːʔ↓p	1	0	0	0
mớt	TONE_SAC	məː↗t	mˈəː↗t	1	0	0	0
mợt	TONE_NANG	məːʔ↓t	mˈəːʔ↓t	1	0	0	0
mớc	TONE_SAC	məː↗k	mˈəː↗ sˈe	0	0	0	0
mợc	TONE_NANG	məːʔ↓k	mˈəːʔ↓ sˈe	0	0	0	0
mớch	TONE_SAC	məː↗k	mˈəː↗ sˈehˈa↗t	0	0	0	0
mợch	TONE_NANG	məːʔ↓k	mˈəːʔ↓ sˈehˈa↗t	0	0	0	0
mu	TONE_NGANG	mu→	mˈu	0	0	0	0
mù	TONE_HUYEN	mu↘	mˈu↘	1	0	0	0
mú	TONE_SAC	mu↗	mˈu↗	1	0	0	0
mû	TONE_HOI	mu↓	mˈu	0	0	0	0
mũ	TONE_NGA	muʔ↗	mˈuʔ↗	1	0	0	0
mụ	TONE_NANG	muʔ↓	mˈuʔ↓	1	0	0	0
mui	TONE_NGANG	mu→j	mˈuj	0	0	0	0
mùi	TONE_HUYEN	mu↘j	mˈu↘j	1	0	0	0
múi	TONE_SAC	mu↗j	mˈu↗j	1	0	0	0
mûi	TONE_HOI	mu↓j	mˈuj	0	0	0	0
mũi	TONE_NGA	muʔ↗j	mˈuʔ↗j	1	0	0	0
mụi	TONE_NANG	muʔ↓j	mˈuʔ↓j	1	0	0	0
muy	TONE_NGANG	mu→j	mwˈi	0	0	0	0
mùy	TONE_HUYEN	mu↘j	mˈu↘ ˈi	0	0	0	0
múy	TONE_SAC	mu↗j	mˈu↗ ˈi	0	0	0	0
mûy	TONE_HOI	mu↓j	mwˈi	0	0	0	0
mũy	TONE_NGA	muʔ↗j	mˈuʔ↗ ˈi	0	0	0	0
mụy	TONE_NANG	muʔ↓j	mˈuʔ↓ ˈi	0	0	0	0
mum	TONE_NGANG	mu→m	mˈʌm	0	0	0	0
mùm	TONE_HUYEN	mu↘m	mˈu↘m	1	0	0	0
múm	TONE_SAC	mu↗m	mˈu↗m	1	0	0	0
mûm	TONE_HOI	mu↓m	mˈʌm	0	0	0	0
mũm	TONE_NGA	muʔ↗m	mˈuʔ↗m	1	0	0	0
mụm	TONE_NANG	muʔ↓m	mˈuʔ↓m	1	0	0	0
mun	TONE_NGANG	mu→n	mˈun	0	0	0	0
mùn	TONE_HUYEN	mu↘n	mˈu↘n	1	0	0	0
mún	TONE_SAC	mu↗n	mˈu↗n	1	0	0	0
mûn	TONE_HOI	mu↓n	mˈun	0	0	0	0
mũn	TONE_NGA	muʔ↗n	mˈuʔ↗n	1	0	0	0
mụn	TONE_NANG	muʔ↓n	mˈuʔ↓n	1	0	0	0
múp	TONE_SAC	mu↗p	mˈu↗p	1	0	0	0
mụp	TONE_NANG	muʔ↓p	mˈuʔ↓p	1	0	0	0
mút	TONE_SAC	mu↗t	mˈu↗t	1	0	0	0
mụt	TONE_NANG	muʔ↓t	mˈuʔ↓t	1	0	0	0
mung	TONE_NGANG	mu→ŋ	mˈuŋ	0	0	0	0
mùng	TONE_HUYEN	mu↘ŋ	mˈu↘ŋ	1	0	0	0
múng	TONE_SAC	mu↗ŋ	mˈu↗ŋ	1	0	0	0
mûng	TONE_HOI	mu↓ŋ	mˈuŋ	0	0	0	0
mũng	TONE_NGA	muʔ↗ŋ	mˈuʔ↗ŋ	1	0	0	0
mụng	TONE_NANG	muʔ↓ŋ	mˈuʔ↓ŋ	1	0	0	0
múc	TONE_SAC	mu↗k	mˈu↗c	1	0	0	0
mục	TONE_NANG	muʔ↓k	mˈuʔ↓c	1	0	0	0
múch	TONE_SAC	mu↗k	mˈu↗c hˈa↗t	0	0	0	0
mụch	TONE_NANG	muʔ↓k	mˈuʔ↓c hˈa↗t	0	0	0	0
mư	TONE_NGANG	mɨ→	mˈy	0	0	0	0
mừ	TONE_HUYEN	mɨ↘	mˈy↘	1	0	0	0
mứ	TONE_SAC	mɨ↗	mˈy↗	1	0	0	0
mư̂	TONE_HOI	mɨ↓	mˈy	0	0	0	0
mữ	TONE_NGA	mɨʔ↗	mˈyʔ↗	1	0	0	0
mự	TONE_NANG	mɨʔ↓	mˈyʔ↓	1	0	0	0
mưi	TONE_NGANG	mɨ→j	mˈyj	0	0	0	0
mừi	TONE_HUYEN	mɨ↘j	mˈy↘j	1	0	0	0
mứi	TONE_SAC	mɨ↗j	mˈy↗j	1	0	0	0
mư̂i	TONE_HOI	mɨ↓j	mˈy ˈi	0	0	0	0
mữi	TONE_NGA	mɨʔ↗j	mˈyʔ↗j	1	0	0	0
mựi	TONE_NANG	mɨʔ↓j	mˈyʔ↓j	1	0	0	0
mưy	TONE_NGANG	mɨ→j	mˈy ˈi	0	0	0	0
mừy	TONE_HUYEN	mɨ↘j	mˈy↘ ˈi	0	0	0	0
mứy	TONE_SAC	mɨ↗j	mˈy↗ ˈi	0	0	0	0
mư̂y	TONE_HOI	mɨ↓j	mˈy ˈi	0	0	0	0
mữy	TONE_NGA	mɨʔ↗j	mˈyʔ↗ ˈi	0	0	0	0
mựy	TONE_NANG	mɨʔ↓j	mˈyʔ↓ ˈi	0	0	0	0
mưo	TONE_NGANG	mɨ→w	mˈy ˈɔ	0	0	0	0
mừo	TONE_HUYEN	mɨ↘w	mˈy↘ ˈɔ	1	0	0	0
mứo	TONE_SAC	mɨ↗w	mˈy↗ ˈɔ	1	0	0	0
mư̂o	TONE_HOI	mɨ↓w	mˈy ˈo	0	0	0	0
mữo	TONE_NGA	mɨʔ↗w	mˈyʔ↗ ˈɔ	1	0	0	0
mựo	TONE_NANG	mɨʔ↓w	mˈyʔ↓ ˈɔ	1	0	0	0
mưu	TONE_NGANG	mɨ→w	mˈiw	0	0	0	0
mừu	TONE_HUYEN	mɨ↘w	mˈi↘w	1	0	0	0
mứu	TONE_SAC	mɨ↗w	mˈi↗w	1	0	0	0
mư̂u	TONE_HOI	mɨ↓w	mˈy ˈu	0	0	0	0
mữu	TONE_NGA	mɨʔ↗w	mˈiʔ↗w	1	0	0	0
mựu	TONE_NANG	mɨʔ↓w	mˈiʔ↓w	1	0	0	0
mưm	TONE_NGANG	mɨ→m	mˈym	0	0	0	0
mừm	TONE_HUYEN	mɨ↘m	mˈy↘m	1	0	0	0
mứm	TONE_SAC	mɨ↗m	mˈy↗m	1	0	0	0
mư̂m	TONE_HOI	mɨ↓m	mˈy mˈəː↘	0	0	0	0
mữm	TONE_NGA	mɨʔ↗m	mˈyʔ↗m	1	0	0	0
mựm	TONE_NANG	mɨʔ↓m	mˈyʔ↓m	1	0	0	0
mưn	TONE_NGANG	mɨ→n	mˈyn	0	0	0	0
mừn	TONE_HUYEN	mɨ↘n	mˈy↘n	1	0	0	0
mứn	TONE_SAC	mɨ↗n	mˈy↗n	1	0	0	0
mư̂n	TONE_HOI	mɨ↓n	mˈy nˈəː↘	0	0	0	0
mữn	TONE_NGA	mɨʔ↗n	mˈyʔ↗n	1	0	0	0
mựn	TONE_NANG	mɨʔ↓n	mˈyʔ↓n	1	0	0	0
mứp	TONE_SAC	mɨ↗p	mˈy↗ pˈe	0	0	0	0
mựp	TONE_NANG	mɨʔ↓p	mˈyʔ↓ pˈe	0	0	0	0
mứt	TONE_SAC	mɨ↗t	mˈy↗t	1	0	0	0
mựt	TONE_NANG	mɨʔ↓t	mˈyʔ↓t	1	0	0	0
mưng	TONE_NGANG	mɨ→ŋ	mˈyŋ	0	0	0	0
mừng	TONE_HUYEN	mɨ↘ŋ	mˈy↘ŋ	1	0	0	0
mứng	TONE_SAC	mɨ↗ŋ	mˈy↗ŋ	1	0	0	0
mư̂ng	TONE_HOI	mɨ↓ŋ	mˈy ˌɛndʒˈiː	0	0	0	0
mững	TONE_NGA	mɨʔ↗ŋ	mˈyʔ↗ŋ	1	0	0	0
mựng	TONE_NANG	mɨʔ↓ŋ	mˈyʔ↓ŋ	1	0	0	0
mức	TONE_SAC	mɨ↗k	mˈy↗c	1	0	0	0
mực	TONE_NANG	mɨʔ↓k	mˈyʔ↓c	1	0	0	0
mứch	TONE_SAC	mɨ↗k	mˈy↗c hˈa↗t	0	0	0	0
mựch	TONE_NANG	mɨʔ↓k	mˈyʔ↓c hˈa↗t	0	0	0	0
niê	TONE_NGANG	niə→	nˈi ˈe	0	0	0	0
niề	TONE_HUYEN	niə↘	nˈi ˈe↘	1	0	0	0
niế	TONE_SAC	niə↗	nˈi ˈe↗	1	0	0	0
niê̂	TONE_HOI	niə↓	nˈi ˈe	0	0	0	0
niễ	TONE_NGA	niəʔ↗	nˈi ˈeʔ↗	1	0	0	0
niệ	TONE_NANG	niəʔ↓	nˈi ˈeʔ↓	1	0	0	0
niêo	TONE_NGANG	niə→w	nˈi ˈeˈɔ	0	0	0	0
niềo	TONE_HUYEN	niə↘w	nˈi ˈe↘ˈɔ	1	0	0	0
niếo	TONE_SAC	niə↗w	nˈi ˈe↗ˈɔ	1	0	0	0
niê̂o	TONE_HOI	niə↓w	nˈi ˈe ˈo	0	0	0	0
niễo	TONE_NGA	niəʔ↗w	nˈi ˈeʔ↗ˈɔ	1	0	0	0
niệo	TONE_NANG	niəʔ↓w	nˈi ˈeʔ↓ˈɔ	1	0	0	0
niêu	TONE_NGANG	niə→w	nˈiɛw	0	0	0	0
niều	TONE_HUYEN	niə↘w	nˈiɛ↘w	1	0	0	0
niếu	TONE_SAC	niə↗w	nˈiɛ↗w	1	0	0	0
niê̂u	TONE_HOI	niə↓w	nˈi ˈe ˈu	0	0	0	0
niễu	TONE_NGA	niəʔ↗w	nˈiɛʔ↗w	1	0	0	0
niệu	TONE_NANG	niəʔ↓w	nˈiɛʔ↓w	1	0	0	0
niêm	TONE_NGANG	niə→m	nˈiɛm	0	0	0	0
niềm	TONE_HUYEN	niə↘m	nˈiɛ↘m	1	0	0	0
niếm	TONE_SAC	niə↗m	nˈiɛ↗m	1	0	0	0
niê̂m	TONE_HOI	niə↓m	nˈi ˈe mˈəː↘	0	0	0	0
niễm	TONE_NGA	niəʔ↗m	nˈiɛʔ↗m	1	0	0	0
niệm	TONE_NANG	niəʔ↓m	nˈiɛʔ↓m	1	0	0	0
niên	TONE_NGANG	niə→n	nˈiɛn	0	0	0	0
niền	TONE_HUYEN	niə↘n	nˈiɛ↘n	1	0	0	0
niến	TONE_SAC	niə↗n	nˈiɛ↗n	1	0	0	0
niê̂n	TONE_HOI	niə↓n	nˈi ˈe nˈəː↘	0	0	0	0
niễn	TONE_NGA	niəʔ↗n	nˈiɛʔ↗n	1	0	0	0
niện	TONE_NANG	niəʔ↓n	nˈiɛʔ↓n	1	0	0	0
niếp	TONE_SAC	niə↗p	nˈiɛ↗p	1	0	0	0
niệp	TONE_NANG	niəʔ↓p	nˈiɛʔ↓p	1	0	0	0
niết	TONE_SAC	niə↗t	nˈiɛ↗t	1	0	0	0
niệt	TONE_NANG	niəʔ↓t	nˈiɛʔ↓t	1	0	0	0
niêng	TONE_NGANG	niə→ŋ	nˈiɛŋ	0	0	0	0
niềng	TONE_HUYEN	niə↘ŋ	nˈiɛ↘ŋ	1	0	0	0
niếng	TONE_SAC	niə↗ŋ	nˈiɛ↗ŋ	1	0	0	0
niê̂ng	TONE_HOI	niə↓ŋ	nˈi ˈe ˌɛndʒˈiː	0	0	0	0
niễng	TONE_NGA	niəʔ↗ŋ	nˈiɛʔ↗ŋ	1	0	0	0
niệng	TONE_NANG	niəʔ↓ŋ	nˈiɛʔ↓ŋ	1	0	0	0
niênh	TONE_NGANG	niə→ɲ	nˈi ˈeɲ	0	0	0	0
niềnh	TONE_HUYEN	niə↘ɲ	nˈi ˈe↘ɲ	1	0	0	0
niếnh	TONE_SAC	niə↗ɲ	nˈi ˈe↗ɲ	1	0	0	0
niê̂nh	TONE_HOI	niə↓ɲ	nˈi ˈe ˌɛnˈeɪʧ	0	0	0	0
niễnh	TONE_NGA	niəʔ↗ɲ	nˈi ˈeʔ↗ɲ	1	0	0	0
niệnh	TONE_NANG	niəʔ↓ɲ	nˈi ˈeʔ↓ɲ	1	0	0	0
niếc	TONE_SAC	niə↗k	nˈiɛ↗c	1	0	0	0
niệc	TONE_NANG	niəʔ↓k	nˈiɛʔ↓c	1	0	0	0
niếch	TONE_SAC	niə↗k	nˈi ˈe↗c	1	0	0	0
niệch	TONE_NANG	niəʔ↓k	nˈi ˈeʔ↓c	1	0	0	0
nyê	TONE_NGANG	niə→	nˈi ˈe	0	0	0	0
nyề	TONE_HUYEN	niə↘	nˈi ˈe↘	1	0	0	0
nyế	TONE_SAC	niə↗	nˈi ˈe↗	1	0	0	0
nyê̂	TONE_HOI	niə↓	nˈi ˈe	0	0	0	0
nyễ	TONE_NGA	niəʔ↗	nˈi ˈeʔ↗	1	0	0	0
nyệ	TONE_NANG	niəʔ↓	nˈi ˈeʔ↓	1	0	0	0
nyêo	TONE_NGANG	niə→w	nˈi ˈeˈɔ	0	0	0	0
nyềo	TONE_HUYEN	niə↘w	nˈi ˈe↘ˈɔ	1	0	0	0
nyếo	TONE_SAC	niə↗w	nˈi ˈe↗ˈɔ	1	0	0	0
nyê̂o	TONE_HOI	niə↓w	nˈi ˈe ˈo	0	0	0	0
nyễo	TONE_NGA	niəʔ↗w	nˈi ˈeʔ↗ˈɔ	1	0	0	0
nyệo	TONE_NANG	niəʔ↓w	nˈi ˈeʔ↓ˈɔ	1	0	0	0
nyêu	TONE_NGANG	niə→w	nˈi ˈeˈu	0	0	0	0
nyều	TONE_HUYEN	niə↘w	nˈi ˈe↘ˈu	0	0	0	0
nyếu	TONE_SAC	niə↗w	nˈi ˈe↗ˈu	0	0	0	0
nyê̂u	TONE_HOI	niə↓w	nˈi ˈe ˈu	0	0	0	0
nyễu	TONE_NGA	niəʔ↗w	nˈi ˈeʔ↗ˈu	0	0	0	0
nyệu	TONE_NANG	niəʔ↓w	nˈi ˈeʔ↓ˈu	0	0	0	0
nyêm	TONE_NGANG	niə→m	nˈi ˈem	0	0	0	0
nyềm	TONE_HUYEN	niə↘m	nˈi ˈe↘m	1	0	0	0
nyếm	TONE_SAC	niə↗m	nˈi ˈe↗m	1	0	0	0
nyê̂m	TONE_HOI	niə↓m	nˈi ˈe mˈəː↘	0	0	0	0
nyễm	TONE_NGA	niəʔ↗m	nˈi ˈeʔ↗m	1	0	0	0
nyệm	TONE_NANG	niəʔ↓m	nˈi ˈeʔ↓m	1	0	0	0
nyên	TONE_NGANG	niə→n	nˈi ˈen	0	0	0	0
nyền	TONE_HUYEN	niə↘n	nˈi ˈe↘n	1	0	0	0
nyến	TONE_SAC	niə↗n	nˈi ˈe↗n	1	0	0	0
nyê̂n	TONE_HOI	niə↓n	nˈi ˈe nˈəː↘	0	0	0	0
nyễn	TONE_NGA	niəʔ↗n	nˈi ˈeʔ↗n	1	0	0	0
nyện	TONE_NANG	niəʔ↓n	nˈi ˈeʔ↓n	1	0	0	0
nyếp	TONE_SAC	niə↗p	nˈi ˈe↗p	1	0	0	0
nyệp	TONE_NANG	niəʔ↓p	nˈi ˈeʔ↓p	1	0	0	0
nyết	TONE_SAC	niə↗t	nˈi ˈe↗t	1	0	0	0
nyệt	TONE_NANG	niəʔ↓t	nˈi ˈeʔ↓t	1	0	0	0
nyêng	TONE_NGANG	niə→ŋ	ˈɛnəː↘ ˈiɛŋ	0	0	0	0
nyềng	TONE_HUYEN	niə↘ŋ	ˈɛnəː↘ ˈiɛ↘ŋ	0	0	0	0
nyếng	TONE_SAC	niə↗ŋ	ˈɛnəː↘ ˈiɛ↗ŋ	0	0	0	0
nyê̂ng	TONE_HOI	niə↓ŋ	nˈi ˈe ˌɛndʒˈiː	0	0	0	0
nyễng	TONE_NGA	niəʔ↗ŋ	ˈɛnəː↘ ˈiɛʔ↗ŋ	0	0	0	0
nyệng	TONE_NANG	niəʔ↓ŋ	ˈɛnəː↘ ˈiɛʔ↓ŋ	0	0	0	0
nyênh	TONE_NGANG	niə→ɲ	nˈi ˈeɲ	0	0	0	0
nyềnh	TONE_HUYEN	niə↘ɲ	nˈi ˈe↘ɲ	1	0	0	0
nyếnh	TONE_SAC	niə↗ɲ	nˈi ˈe↗ɲ	1	0	0	0
nyê̂nh	TONE_HOI	niə↓ɲ	nˈi ˈe ˌɛnˈeɪʧ	0	0	0	0
nyễnh	TONE_NGA	niəʔ↗ɲ	nˈi ˈeʔ↗ɲ	1	0	0	0
nyệnh	TONE_NANG	niəʔ↓ɲ	nˈi ˈeʔ↓ɲ	1	0	0	0
nyếc	TONE_SAC	niə↗k	nˈi ˈe↗sˈe	0	0	0	0
nyệc	TONE_NANG	niəʔ↓k	nˈi ˈeʔ↓sˈe	0	0	0	0
nyếch	TONE_SAC	niə↗k	nˈi ˈe↗c	1	0	0	0
nyệch	TONE_NANG	niəʔ↓k	nˈi ˈeʔ↓c	1	0	0	0
nia	TONE_NGANG	niə→	nˈiə	0	0	0	0
nìa	TONE_HUYEN	niə↘	nˈiə↘	1	0	0	0
nía	TONE_SAC	niə↗	nˈiə↗	1	0	0	0
nîa	TONE_HOI	niə↓	nˈiə	0	0	0	0
nĩa	TONE_NGA	niəʔ↗	nˈiəʔ↗	1	0	0	0
nịa	TONE_NANG	niəʔ↓	nˈiəʔ↓	1	0	0	0
niao	TONE_NGANG	niə→w	nˈaɪəˌoʊ	0	0	0	0
nìao	TONE_HUYEN	niə↘w	nˈiə↘ ˈɔ	1	0	0	0
níao	TONE_SAC	niə↗w	nˈiə↗ ˈɔ	1	0	0	0
nîao	TONE_HOI	niə↓w	nˈaɪəˌoʊ	0	0	0	0
nĩao	TONE_NGA	niəʔ↗w	nˈiəʔ↗ ˈɔ	1	0	0	0
nịao	TONE_NANG	niəʔ↓w	nˈiəʔ↓ ˈɔ	1	0	0	0
niau	TONE_NGANG	niə→w	nˈaɪəˌuː	0	0	0	0
nìau	TONE_HUYEN	niə↘w	nˈiə↘ ˈu	0	0	0	0
níau	TONE_SAC	niə↗w	nˈiə↗ ˈu	0	0	0	0
nîau	TONE_HOI	niə↓w	nˈaɪəˌuː	0	0	0	0
nĩau	TONE_NGA	niəʔ↗w	nˈiəʔ↗ ˈu	0	0	0	0
nịau	TONE_NANG	niəʔ↓w	nˈiəʔ↓ ˈu	0	0	0	0
niam	TONE_NGANG	niə→m	nˈiəm	0	0	0	0
nìam	TONE_HUYEN	niə↘m	nˈi↘ ˈaːm	0	0	0	0
níam	TONE_SAC	niə↗m	nˈi↗ ˈaːm	0	0	0	0
nîam	TONE_HOI	niə↓m	nˈiəm	0	0	0	0
nĩam	TONE_NGA	niəʔ↗m	nˈiʔ↗ ˈaːm	0	0	0	0
nịam	TONE_NANG	niəʔ↓m	nˈiʔ↓ ˈaːm	0	0	0	0
nian	TONE_NGANG	niə→n	nˈaɪən	0	0	0	0
nìan	TONE_HUYEN	niə↘n	nˈi↘ ˈaːn	0	0	0	0
nían	TONE_SAC	niə↗n	nˈi↗ ˈaːn	0	0	0	0
nîan	TONE_HOI	niə↓n	nˈaɪən	0	0	0	0
nĩan	TONE_NGA	niəʔ↗n	nˈiʔ↗ ˈaːn	0	0	0	0
nịan	TONE_NANG	niəʔ↓n	nˈiʔ↓ ˈaːn	0	0	0	0
níap	TONE_SAC	niə↗p	nˈi↗ ˈaː↗p	0	0	0	0
nịap	TONE_NANG	niəʔ↓p	nˈiʔ↓ ˈaː↗p	0	0	0	0
níat	TONE_SAC	niə↗t	nˈi↗ ˈaː↗t	0	0	0	0
nịat	TONE_NANG	niəʔ↓t	nˈiʔ↓ ˈaː↗t	0	0	0	0
niang	TONE_NGANG	niə→ŋ	njˈæŋ	0	0	0	0
nìang	TONE_HUYEN	niə↘ŋ	nˈi↘ ˈaːŋ	0	0	0	0
níang	TONE_SAC	niə↗ŋ	nˈi↗ ˈaːŋ	0	0	0	0
nîang	TONE_HOI	niə↓ŋ	njˈæŋ	0	0	0	0
nĩang	TONE_NGA	niəʔ↗ŋ	nˈiʔ↗ ˈaːŋ	0	0	0	0
nịang	TONE_NANG	niəʔ↓ŋ	nˈiʔ↓ ˈaːŋ	0	0	0	0
nianh	TONE_NGANG	niə→ɲ	nˈi ˈæɲ	0	0	0	0
nìanh	TONE_HUYEN	niə↘ɲ	nˈi↘ ˈæɲ	0	0	0	0
níanh	TONE_SAC	niə↗ɲ	nˈi↗ ˈæɲ	0	0	0	0
nîanh	TONE_HOI	niə↓ɲ	nˈi ˈæɲ	0	0	0	0
nĩanh	TONE_NGA	niəʔ↗ɲ	nˈiʔ↗ ˈæɲ	0	0	0	0
nịanh	TONE_NANG	niəʔ↓ɲ	nˈiʔ↓ ˈæɲ	0	0	0	0
níac	TONE_SAC	niə↗k	nˈi↗ ˈaː↗c	0	0	0	0
nịac	TONE_NANG	niəʔ↓k	nˈiʔ↓ ˈaː↗c	0	0	0	0
níach	TONE_SAC	niə↗k	nˈi↗ ˈæ↗c	0	0	0	0
nịach	TONE_NANG	niəʔ↓k	nˈiʔ↓ ˈæ↗c	0	0	0	0
nya	TONE_NGANG	niə→	nˈaɪə	0	0	0	0
nỳa	TONE_HUYEN	niə↘	nˈi↘ ˈaː	0	0	0	0
nýa	TONE_SAC	niə↗	nˈi↗ ˈaː	0	0	0	0
nŷa	TONE_HOI	niə↓	nˈaɪə	0	0	0	0
nỹa	TONE_NGA	niəʔ↗	nˈiʔ↗ ˈaː	0	0	0	0
nỵa	TONE_NANG	niəʔ↓	nˈiʔ↓ ˈaː	0	0	0	0
nyao	TONE_NGANG	niə→w	nˈaɪaʊ	0	0	0	0
nỳao	TONE_HUYEN	niə↘w	nˈi↘ ˈaːˈɔ	0	0	0	0
nýao	TONE_SAC	niə↗w	nˈi↗ ˈaːˈɔ	0	0	0	0
nŷao	TONE_HOI	niə↓w	nˈaɪaʊ	0	0	0	0
nỹao	TONE_NGA	niəʔ↗w	nˈiʔ↗ ˈaːˈɔ	0	0	0	0
nỵao	TONE_NANG	niəʔ↓w	nˈiʔ↓ ˈaːˈɔ	0	0	0	0
nyau	TONE_NGANG	niə→w	nˈaɪə jˈuː	0	0	0	0
nỳau	TONE_HUYEN	niə↘w	nˈi↘ ˈaːˈu	0	0	0	0
nýau	TONE_SAC	niə↗w	nˈi↗ ˈaːˈu	0	0	0	0
nŷau	TONE_HOI	niə↓w	nˈaɪə jˈuː	0	0	0	0
nỹau	TONE_NGA	niəʔ↗w	nˈiʔ↗ ˈaːˈu	0	0	0	0
nỵau	TONE_NANG	niəʔ↓w	nˈiʔ↓ ˈaːˈu	0	0	0	0
nyam	TONE_NGANG	niə→m	nˈaɪæm	0	0	0	0
nỳam	TONE_HUYEN	niə↘m	nˈi↘ ˈaːm	0	0	0	0
nýam	TONE_SAC	niə↗m	nˈi↗ ˈaːm	0	0	0	0
nŷam	TONE_HOI	niə↓m	nˈaɪæm	0	0	0	0
nỹam	TONE_NGA	niəʔ↗m	nˈiʔ↗ ˈaːm	0	0	0	0
nỵam	TONE_NANG	niəʔ↓m	nˈiʔ↓ ˈaːm	0	0	0	0
nyan	TONE_NGANG	niə→n	nˈaɪən	0	0	0	0
nỳan	TONE_HUYEN	niə↘n	nˈi↘ ˈaːn	0	0	0	0
nýan	TONE_SAC	niə↗n	nˈi↗ ˈaːn	0	0	0	0
nŷan	TONE_HOI	niə↓n	nˈaɪən	0	0	0	0
nỹan	TONE_NGA	niəʔ↗n	nˈiʔ↗ ˈaːn	0	0	0	0
nỵan	TONE_NANG	niəʔ↓n	nˈiʔ↓ ˈaːn	0	0	0	0
nýap	TONE_SAC	niə↗p	nˈi↗ ˈaː↗p	0	0	0	0
nỵap	TONE_NANG	niəʔ↓p	nˈiʔ↓ ˈaː↗p	0	0	0	0
nýat	TONE_SAC	niə↗t	nˈi↗ ˈaː↗t	0	0	0	0
nỵat	TONE_NANG	niəʔ↓t	nˈiʔ↓ ˈaː↗t	0	0	0	0
nyang	TONE_NGANG	niə→ŋ	njˈɑːŋ	0	0	0	0
nỳang	TONE_HUYEN	niə↘ŋ	nˈi↘ ˈaːŋ	0	0	0	0
nýang	TONE_SAC	niə↗ŋ	nˈi↗ ˈaːŋ	0	0	0	0
nŷang	TONE_HOI	niə↓ŋ	njˈɑːŋ	0	0	0	0
nỹang	TONE_NGA	niəʔ↗ŋ	nˈiʔ↗ ˈaːŋ	0	0	0	0
nỵang	TONE_NANG	niəʔ↓ŋ	nˈiʔ↓ ˈaːŋ	0	0	0	0
nyanh	TONE_NGANG	niə→ɲ	nˈi ˈæɲ	0	0	0	0
nỳanh	TONE_HUYEN	niə↘ɲ	nˈi↘ ˈæɲ	0	0	0	0
nýanh	TONE_SAC	niə↗ɲ	nˈi↗ ˈæɲ	0	0	0	0
nŷanh	TONE_HOI	niə↓ɲ	nˈi ˈæɲ	0	0	0	0
nỹanh	TONE_NGA	niəʔ↗ɲ	nˈiʔ↗ ˈæɲ	0	0	0	0
nỵanh	TONE_NANG	niəʔ↓ɲ	nˈiʔ↓ ˈæɲ	0	0	0	0
nýac	TONE_SAC	niə↗k	nˈi↗ ˈaː↗c	0	0	0	0
nỵac	TONE_NANG	niəʔ↓k	nˈiʔ↓ ˈaː↗c	0	0	0	0
nýach	TONE_SAC	niə↗k	nˈi↗ ˈæ↗c	0	0	0	0
nỵach	TONE_NANG	niəʔ↓k	nˈiʔ↓ ˈæ↗c	0	0	0	0
nươ	TONE_NGANG	nɨə→	nˈy ˈəː	0	0	0	0
nườ	TONE_HUYEN	nɨə↘	nˈy ˈəː↘	1	0	0	0
nướ	TONE_SAC	nɨə↗	nˈy ˈəː↗	1	0	0	0
nươ̂	TONE_HOI	nɨə↓	nˈy ˈəː	0	0	0	0
nưỡ	TONE_NGA	nɨəʔ↗	nˈy ˈəːʔ↗	1	0	0	0
nượ	TONE_NANG	nɨəʔ↓	nˈy ˈəːʔ↓	1	0	0	0
nươi	TONE_NGANG	nɨə→j	nˈyəj	0	0	0	0
nười	TONE_HUYEN	nɨə↘j	nˈyə↘j	1	0	0	0
nưới	TONE_SAC	nɨə↗j	nˈyə↗j	1	0	0	0
nươ̂i	TONE_HOI	nɨə↓j	nˈy ˈəː ˈi	0	0	0	0
nưỡi	TONE_NGA	nɨəʔ↗j	nˈyəʔ↗j	1	0	0	0
nượi	TONE_NANG	nɨəʔ↓j	nˈyəʔ↓j	1	0	0	0
nươy	TONE_NGANG	nɨə→j	nˈy ˈəːˈi	0	0	0	0
nườy	TONE_HUYEN	nɨə↘j	nˈy ˈəː↘ˈi	0	0	0	0
nướy	TONE_SAC	nɨə↗j	nˈy ˈəː↗ˈi	0	0	0	0
nươ̂y	TONE_HOI	nɨə↓j	nˈy ˈəː ˈi	0	0	0	0
nưỡy	TONE_NGA	nɨəʔ↗j	nˈy ˈəːʔ↗ˈi	0	0	0	0
nượy	TONE_NANG	nɨəʔ↓j	nˈy ˈəːʔ↓ˈi	0	0	0	0
nươo	TONE_NGANG	nɨə→w	nˈy ˈəːˈɔ	0	0	0	0
nườo	TONE_HUYEN	nɨə↘w	nˈy ˈəː↘ˈɔ	1	0	0	0
nướo	TONE_SAC	nɨə↗w	nˈy ˈəː↗ˈɔ	1	0	0	0
nươ̂o	TONE_HOI	nɨə↓w	nˈy ˈəː ˈo	0	0	0	0
nưỡo	TONE_NGA	nɨəʔ↗w	nˈy ˈəːʔ↗ˈɔ	1	0	0	0
nượo	TONE_NANG	nɨəʔ↓w	nˈy ˈəːʔ↓ˈɔ	1	0	0	0
nươu	TONE_NGANG	nɨə→w	nˈyəw	0	0	0	0
nườu	TONE_HUYEN	nɨə↘w	nˈyə↘w	1	0	0	0
nướu	TONE_SAC	nɨə↗w	nˈyə↗w	1	0	0	0
nươ̂u	TONE_HOI	nɨə↓w	nˈy ˈəː ˈu	0	0	0	0
nưỡu	TONE_NGA	nɨəʔ↗w	nˈyəʔ↗w	1	0	0	0
nượu	TONE_NANG	nɨəʔ↓w	nˈyəʔ↓w	1	0	0	0
nươm	TONE_NGANG	nɨə→m	nˈyəm	0	0	0	0
nườm	TONE_HUYEN	nɨə↘m	nˈyə↘m	1	0	0	0
nướm	TONE_SAC	nɨə↗m	nˈyə↗m	1	0	0	0
nươ̂m	TONE_HOI	nɨə↓m	nˈy ˈəː mˈəː↘	0	0	0	0
nưỡm	TONE_NGA	nɨəʔ↗m	nˈyəʔ↗m	1	0	0	0
nượm	TONE_NANG	nɨəʔ↓m	nˈyəʔ↓m	1	0	0	0
nướp	TONE_SAC	nɨə↗p	nˈyə↗p	1	0	0	0
nượp	TONE_NANG	nɨəʔ↓p	nˈyəʔ↓p	1	0	0	0
nướt	TONE_SAC	nɨə↗t	nˈyə↗t	1	0	0	0
nượt	TONE_NANG	nɨəʔ↓t	nˈyəʔ↓t	1	0	0	0
nương	TONE_NGANG	nɨə→ŋ	nˈyəŋ	0	0	0	0
nường	TONE_HUYEN	nɨə↘ŋ	nˈyə↘ŋ	1	0	0	0
nướng	TONE_SAC	nɨə↗ŋ	nˈyə↗ŋ	1	0	0	0
nươ̂ng	TONE_HOI	nɨə↓ŋ	nˈy ˈəː ˌɛndʒˈiː	0	0	0	0
nưỡng	TONE_NGA	nɨəʔ↗ŋ	nˈyəʔ↗ŋ	1	0	0	0
nượng	TONE_NANG	nɨəʔ↓ŋ	nˈyəʔ↓ŋ	1	0	0	0
nước	TONE_SAC	nɨə↗k	nˈyə↗c	1	0	0	0
nược	TONE_NANG	nɨəʔ↓k	nˈyəʔ↓c	1	0	0	0
nướch	TONE_SAC	nɨə↗k	nˈyə↗c hˈa↗t	0	0	0	0
nượch	TONE_NANG	nɨəʔ↓k	nˈyəʔ↓c hˈa↗t	0	0	0	0
nưa	TONE_NGANG	nɨə→	nˈyə	0	0	0	0
nừa	TONE_HUYEN	nɨə↘	nˈyə↘	1	0	0	0
nứa	TONE_SAC	nɨə↗	nˈyə↗	1	0	0	0
nư̂a	TONE_HOI	nɨə↓	nˈy ˈaː	0	0	0	0
nữa	TONE_NGA	nɨəʔ↗	nˈyəʔ↗	1	0	0	0
nựa	TONE_NANG	nɨəʔ↓	nˈyəʔ↓	1	0	0	0
nưai	TONE_NGANG	nɨə→j	nˈyə ˈi	0	0	0	0
nừai	TONE_HUYEN	nɨə↘j	nˈyə↘ ˈi	0	0	0	0
nứai	TONE_SAC	nɨə↗j	nˈyə↗ ˈi	0	0	0	0
nư̂ai	TONE_HOI	nɨə↓j	nˈy ˈaːj	0	0	0	0
nữai	TONE_NGA	nɨəʔ↗j	nˈyəʔ↗ ˈi	0	0	0	0
nựai	TONE_NANG	nɨəʔ↓j	nˈyəʔ↓ ˈi	0	0	0	0
nưay	TONE_NGANG	nɨə→j	nˈyə ˈi	0	0	0	0
nừay	TONE_HUYEN	nɨə↘j	nˈyə↘ ˈi	0	0	0	0
nứay	TONE_SAC	nɨə↗j	nˈyə↗ ˈi	0	0	0	0
nư̂ay	TONE_HOI	nɨə↓j	nˈy ˈaj	0	0	0	0
nữay	TONE_NGA	nɨəʔ↗j	nˈyəʔ↗ ˈi	0	0	0	0
nựay	TONE_NANG	nɨəʔ↓j	nˈyəʔ↓ ˈi	0	0	0	0
nưao	TONE_NGANG	nɨə→w	nˈyə ˈɔ	0	0	0	0
nừao	TONE_HUYEN	nɨə↘w	nˈyə↘ ˈɔ	1	0	0	0
nứao	TONE_SAC	nɨə↗w	nˈyə↗ ˈɔ	1	0	0	0
nư̂ao	TONE_HOI	nɨə↓w	nˈy ˈaːw	0	0	0	0
nữao	TONE_NGA	nɨəʔ↗w	nˈyəʔ↗ ˈɔ	1	0	0	0
nựao	TONE_NANG	nɨəʔ↓w	nˈyəʔ↓ ˈɔ	1	0	0	0
nưau	TONE_NGANG	nɨə→w	nˈyə ˈu	0	0	0	0
nừau	TONE_HUYEN	nɨə↘w	nˈyə↘ ˈu	0	0	0	0
nứau	TONE_SAC	nɨə↗w	nˈyə↗ ˈu	0	0	0	0
nư̂au	TONE_HOI	nɨə↓w	nˈy ˈaw	0	0	0	0
nữau	TONE_NGA	nɨəʔ↗w	nˈyəʔ↗ ˈu	0	0	0	0
nựau	TONE_NANG	nɨəʔ↓w	nˈyəʔ↓ ˈu	0	0	0	0
nưam	TONE_NGANG	nɨə→m	nˈy ˈaːm	0	0	0	0
nừam	TONE_HUYEN	nɨə↘m	nˈy↘ ˈaːm	0	0	0	0
nứam	TONE_SAC	nɨə↗m	nˈy↗ ˈaːm	0	0	0	0
nư̂am	TONE_HOI	nɨə↓m	nˈy ˈaːm	0	0	0	0
nữam	TONE_NGA	nɨəʔ↗m	nˈyʔ↗ ˈaːm	0	0	0	0
nựam	TONE_NANG	nɨəʔ↓m	nˈyʔ↓ ˈaːm	0	0	0	0
nứap	TONE_SAC	nɨə↗p	nˈy↗ ˈaː↗p	0	0	0	0
nựap	TONE_NANG	nɨəʔ↓p	nˈyʔ↓ ˈaː↗p	0	0	0	0
nứat	TONE_SAC	nɨə↗t	nˈy↗ ˈaː↗t	0	0	0	0
nựat	TONE_NANG	nɨəʔ↓t	nˈyʔ↓ ˈaː↗t	0	0	0	0
nưang	TONE_NGANG	nɨə→ŋ	nˈy ˈaːŋ	0	0	0	0
nừang	TONE_HUYEN	nɨə↘ŋ	nˈy↘ ˈaːŋ	0	0	0	0
nứang	TONE_SAC	nɨə↗ŋ	nˈy↗ ˈaːŋ	0	0	0	0
nư̂ang	TONE_HOI	nɨə↓ŋ	nˈy ˈaːŋ	0	0	0	0
nữang	TONE_NGA	nɨəʔ↗ŋ	nˈyʔ↗ ˈaːŋ	0	0	0	0
nựang	TONE_NANG	nɨəʔ↓ŋ	nˈyʔ↓ ˈaːŋ	0	0	0	0
nứac	TONE_SAC	nɨə↗k	nˈy↗ ˈaː↗c	0	0	0	0
nựac	TONE_NANG	nɨəʔ↓k	nˈyʔ↓ ˈaː↗c	0	0	0	0
nứach	TONE_SAC	nɨə↗k	nˈy↗ ˈæ↗c	0	0	0	0
nựach	TONE_NANG	nɨəʔ↓k	nˈyʔ↓ ˈæ↗c	0	0	0	0
nuô	TONE_NGANG	nuə→	nˈu ˈo	0	0	0	0
nuồ	TONE_HUYEN	nuə↘	nˈu ˈo↘	1	0	0	0
nuố	TONE_SAC	nuə↗	nˈu ˈo↗	1	0	0	0
nuô̂	TONE_HOI	nuə↓	nˈu ˈo	0	0	0	0
nuỗ	TONE_NGA	nuəʔ↗	nˈu ˈoʔ↗	1	0	0	0
nuộ	TONE_NANG	nuəʔ↓	nˈu ˈoʔ↓	1	0	0	0
nuôi	TONE_NGANG	nuə→j	nˈuəj	0	0	0	0
nuồi	TONE_HUYEN	nuə↘j	nˈuə↘j	1	0	0	0
nuối	TONE_SAC	nuə↗j	nˈuə↗j	1	0	0	0
nuô̂i	TONE_HOI	nuə↓j	nˈu ˈo ˈi	0	0	0	0
nuỗi	TONE_NGA	nuəʔ↗j	nˈuəʔ↗j	1	0	0	0
nuội	TONE_NANG	nuəʔ↓j	nˈuəʔ↓j	1	0	0	0
nuôy	TONE_NGANG	nuə→j	nˈu ˈoˈi	0	0	0	0
nuồy	TONE_HUYEN	nuə↘j	nˈu ˈo↘ˈi	0	0	0	0
nuốy	TONE_SAC	nuə↗j	nˈu ˈo↗ˈi	0	0	0	0
nuô̂y	TONE_HOI	nuə↓j	nˈu ˈo ˈi	0	0	0	0
nuỗy	TONE_NGA	nuəʔ↗j	nˈu ˈoʔ↗ˈi	0	0	0	0
nuộy	TONE_NANG	nuəʔ↓j	nˈu ˈoʔ↓ˈi	0	0	0	0
nuôn	TONE_NGANG	nuə→n	nˈuən	0	0	0	0
nuồn	TONE_HUYEN	nuə↘n	nˈuə↘n	1	0	0	0
nuốn	TONE_SAC	nuə↗n	nˈuə↗n	1	0	0	0
nuô̂n	TONE_HOI	nuə↓n	nˈu ˈo nˈəː↘	0	0	0	0
nuỗn	TONE_NGA	nuəʔ↗n	nˈuəʔ↗n	1	0	0	0
nuộn	TONE_NANG	nuəʔ↓n	nˈuəʔ↓n	1	0	0	0
nuốp	TONE_SAC	nuə↗p	nˈuə↗p	1	0	0	0
nuộp	TONE_NANG	nuəʔ↓p	nˈuəʔ↓p	1	0	0	0
nuốt	TONE_SAC	nuə↗t	nˈuə↗t	1	0	0	0
nuột	TONE_NANG	nuəʔ↓t	nˈuəʔ↓t	1	0	0	0
nuông	TONE_NGANG	nuə→ŋ	nˈuəŋ	0	0	0	0
nuồng	TONE_HUYEN	nuə↘ŋ	nˈuə↘ŋ	1	0	0	0
nuống	TONE_SAC	nuə↗ŋ	nˈuə↗ŋ	1	0	0	0
nuô̂ng	TONE_HOI	nuə↓ŋ	nˈu ˈo ˌɛndʒˈiː	0	0	0	0
nuỗng	TONE_NGA	nuəʔ↗ŋ	nˈuəʔ↗ŋ	1	0	0	0
nuộng	TONE_NANG	nuəʔ↓ŋ	nˈuəʔ↓ŋ	1	0	0	0
nuốc	TONE_SAC	nuə↗k	nˈuə↗c	1	0	0	0
nuộc	TONE_NANG	nuəʔ↓k	nˈuəʔ↓c	1	0	0	0
nuốch	TONE_SAC	nuə↗k	nˈuə↗c hˈa↗t	0	0	0	0
nuộch	TONE_NANG	nuəʔ↓k	nˈuəʔ↓c hˈa↗t	0	0	0	0
nua	TONE_NGANG	nuə→	nˈuə	0	0	0	0
nùa	TONE_HUYEN	nuə↘	nˈuə↘	1	0	0	0
núa	TONE_SAC	nuə↗	nˈuə↗	1	0	0	0
nûa	TONE_HOI	nuə↓	nˈuə	0	0	0	0
nũa	TONE_NGA	nuəʔ↗	nˈuəʔ↗	1	0	0	0
nụa	TONE_NANG	nuəʔ↓	nˈuəʔ↓	1	0	0	0
nuai	TONE_NGANG	nuə→j	nˈuːaɪ	0	0	0	0
nùai	TONE_HUYEN	nuə↘j	nˈuə↘ ˈi	0	0	0	0
núai	TONE_SAC	nuə↗j	nˈuə↗ ˈi	0	0	0	0
nûai	TONE_HOI	nuə↓j	nˈuːaɪ	0	0	0	0
nũai	TONE_NGA	nuəʔ↗j	nˈuəʔ↗ ˈi	0	0	0	0
nụai	TONE_NANG	nuəʔ↓j	nˈuəʔ↓ ˈi	0	0	0	0
nuay	TONE_NGANG	nuə→j	nˈuə wˈaɪ	0	0	0	0
nùay	TONE_HUYEN	nuə↘j	nˈuə↘ ˈi	0	0	0	0
núay	TONE_SAC	nuə↗j	nˈuə↗ ˈi	0	0	0	0
nûay	TONE_HOI	nuə↓j	nˈuə wˈaɪ	0	0	0	0
nũay	TONE_NGA	nuəʔ↗j	nˈuəʔ↗ ˈi	0	0	0	0
nụay	TONE_NANG	nuəʔ↓j	nˈuəʔ↓ ˈi	0	0	0	0
nao	TONE_NGANG	naː→w	nˈaːw	0	0	0	0
nào	TONE_HUYEN	naː↘w	nˈaː↘w	1	0	0	0
náo	TONE_SAC	naː↗w	nˈaː↗w	1	0	0	0
nâo	TONE_HOI	naː↓w	ˈɛnəː↘ˌeɪsˈ↗ːkəmflˌɛksˈɔ	0	0	0	0
não	TONE_NGA	naːʔ↗w	nˈaːʔ↗w	1	0	0	0
nạo	TONE_NANG	naːʔ↓w	nˈaːʔ↓w	1	0	0	0
nau	TONE_NGANG	na→w	nˈaw	0	0	0	0
nàu	TONE_HUYEN	na↘w	nˈa↘w	1	0	0	0
náu	TONE_SAC	na↗w	nˈa↗w	1	0	0	0
nâu	TONE_HOI	na↓w	nˈə→w	0	0	0	0
nãu	TONE_NGA	naʔ↗w	nˈaʔ↗w	1	0	0	0
nạu	TONE_NANG	naʔ↓w	nˈaʔ↓w	1	0	0	0
nuan	TONE_NGANG	nuə→n	nˈuːən	0	0	0	0
nùan	TONE_HUYEN	nuə↘n	nˈu↘ ˈaːn	0	0	0	0
núan	TONE_SAC	nuə↗n	nˈu↗ ˈaːn	0	0	0	0
nûan	TONE_HOI	nuə↓n	nˈuːən	0	0	0	0
nũan	TONE_NGA	nuəʔ↗n	nˈuʔ↗ ˈaːn	0	0	0	0
nụan	TONE_NANG	nuəʔ↓n	nˈuʔ↓ ˈaːn	0	0	0	0
núap	TONE_SAC	nuə↗p	nˈu↗ ˈaː↗p	0	0	0	0
nụap	TONE_NANG	nuəʔ↓p	nˈuʔ↓ ˈaː↗p	0	0	0	0
núat	TONE_SAC	nuə↗t	nˈu↗ ˈaː↗t	0	0	0	0
nụat	TONE_NANG	nuəʔ↓t	nˈuʔ↓ ˈaː↗t	0	0	0	0
nuang	TONE_NGANG	nuə→ŋ	nwˈɑːŋ	0	0	0	0
nùang	TONE_HUYEN	nuə↘ŋ	nˈu↘ ˈaːŋ	0	0	0	0
núang	TONE_SAC	nuə↗ŋ	nˈu↗ ˈaːŋ	0	0	0	0
nûang	TONE_HOI	nuə↓ŋ	nwˈɑːŋ	0	0	0	0
nũang	TONE_NGA	nuəʔ↗ŋ	nˈuʔ↗ ˈaːŋ	0	0	0	0
nụang	TONE_NANG	nuəʔ↓ŋ	nˈuʔ↓ ˈaːŋ	0	0	0	0
nanh	TONE_NGANG	naː→ɲ	nˈæɲ	0	0	0	1
nành	TONE_HUYEN	naː↘ɲ	nˈæ↘ɲ	1	0	0	1
nánh	TONE_SAC	naː↗ɲ	nˈæ↗ɲ	1	0	0	1
nânh	TONE_HOI	naː↓ɲ	nˈən hˈa↗t	0	0	0	1
nãnh	TONE_NGA	naːʔ↗ɲ	nˈæʔ↗ɲ	1	0	0	1
nạnh	TONE_NANG	naːʔ↓ɲ	nˈæʔ↓ɲ	1	0	0	1
núac	TONE_SAC	nuə↗k	nˈu↗ ˈaː↗c	0	0	0	0
nụac	TONE_NANG	nuəʔ↓k	nˈuʔ↓ ˈaː↗c	0	0	0	0
núach	TONE_SAC	nuə↗k	nˈu↗ ˈæ↗c	0	0	0	0
nụach	TONE_NANG	nuəʔ↓k	nˈuʔ↓ ˈæ↗c	0	0	0	0
na	TONE_NGANG	naː→	nˈaː	0	0	0	0
nà	TONE_HUYEN	naː↘	nˈaː↘	1	0	0	0
ná	TONE_SAC	naː↗	nˈaː↗	1	0	0	0
nâ	TONE_HOI	naː↓	ˈɛnəː↘ˌeɪsˈ↗ːkəmflˌɛks	0	0	0	0
nã	TONE_NGA	naːʔ↗	nˈaːʔ↗	1	0	0	0
nạ	TONE_NANG	naːʔ↓	nˈaːʔ↓	1	0	0	0
nai	TONE_NGANG	naː→j	nˈaːj	0	0	0	0
nài	TONE_HUYEN	naː↘j	nˈaː↘j	1	0	0	0
nái	TONE_SAC	naː↗j	nˈaː↗j	1	0	0	0
nâi	TONE_HOI	naː↓j	ˈɛnəː↘ˌeɪsˈ↗ːkəmflˌɛksˈi	0	0	0	0
nãi	TONE_NGA	naːʔ↗j	nˈaːʔ↗j	1	0	0	0
nại	TONE_NANG	naːʔ↓j	nˈaːʔ↓j	1	0	0	0
nay	TONE_NGANG	na→j	nˈaj	0	0	0	0
này	TONE_HUYEN	na↘j	nˈa↘j	1	0	0	0
náy	TONE_SAC	na↗j	nˈa↗j	1	0	0	0
nây	TONE_HOI	na↓j	nˈəɪ	0	0	0	0
nãy	TONE_NGA	naʔ↗j	nˈaʔ↗j	1	0	0	0
nạy	TONE_NANG	naʔ↓j	nˈaʔ↓j	1	0	0	0
nao	TONE_NGANG	naː→w	nˈaːw	0	0	0	0
nào	TONE_HUYEN	naː↘w	nˈaː↘w	1	0	0	0
náo	TONE_SAC	naː↗w	nˈaː↗w	1	0	0	0
nâo	TONE_HOI	naː↓w	ˈɛnəː↘ˌeɪsˈ↗ːkəmflˌɛksˈɔ	0	0	0	0
não	TONE_NGA	naːʔ↗w	nˈaːʔ↗w	1	0	0	0
nạo	TONE_NANG	naːʔ↓w	nˈaːʔ↓w	1	0	0	0
nau	TONE_NGANG	na→w	nˈaw	0	0	0	0
nàu	TONE_HUYEN	na↘w	nˈa↘w	1	0	0	0
náu	TONE_SAC	na↗w	nˈa↗w	1	0	0	0
nâu	TONE_HOI	na↓w	nˈə→w	0	0	0	0
nãu	TONE_NGA	naʔ↗w	nˈaʔ↗w	1	0	0	0
nạu	TONE_NANG	naʔ↓w	nˈaʔ↓w	1	0	0	0
nam	TONE_NGANG	naː→m	nˈaːm	0	0	0	0
nàm	TONE_HUYEN	naː↘m	nˈaː↘m	1	0	0	0
nám	TONE_SAC	naː↗m	nˈaː↗m	1	0	0	0
nâm	TONE_HOI	naː↓m	nˈəm	0	0	0	0
nãm	TONE_NGA	naːʔ↗m	nˈaːʔ↗m	1	0	0	0
nạm	TONE_NANG	naːʔ↓m	nˈaːʔ↓m	1	0	0	0
nan	TONE_NGANG	naː→n	nˈaːn	0	0	0	0
nàn	TONE_HUYEN	naː↘n	nˈaː↘n	1	0	0	0
nán	TONE_SAC	naː↗n	nˈaː↗n	1	0	0	0
nân	TONE_HOI	naː↓n	nˈən	0	0	0	0
nãn	TONE_NGA	naːʔ↗n	nˈaːʔ↗n	1	0	0	0
nạn	TONE_NANG	naːʔ↓n	nˈaːʔ↓n	1	0	0	0
náp	TONE_SAC	naː↗p	nˈaː↗p	1	0	0	0
nạp	TONE_NANG	naːʔ↓p	nˈaːʔ↓p	1	0	0	0
nát	TONE_SAC	naː↗t	nˈaː↗t	1	0	0	0
nạt	TONE_NANG	naːʔ↓t	nˈaːʔ↓t	1	0	0	0
nang	TONE_NGANG	naː→ŋ	nˈaːŋ	0	0	0	0
nàng	TONE_HUYEN	naː↘ŋ	nˈaː↘ŋ	1	0	0	0
náng	TONE_SAC	naː↗ŋ	nˈaː↗ŋ	1	0	0	0
nâng	TONE_HOI	naː↓ŋ	nˈəŋ	0	0	0	0
nãng	TONE_NGA	naːʔ↗ŋ	nˈaːʔ↗ŋ	1	0	0	0
nạng	TONE_NANG	naːʔ↓ŋ	nˈaːʔ↓ŋ	1	0	0	0
nanh	TONE_NGANG	naː→ɲ	nˈæɲ	0	0	0	1
nành	TONE_HUYEN	naː↘ɲ	nˈæ↘ɲ	1	0	0	1
nánh	TONE_SAC	naː↗ɲ	nˈæ↗ɲ	1	0	0	1
nânh	TONE_HOI	naː↓ɲ	nˈən hˈa↗t	0	0	0	1
nãnh	TONE_NGA	naːʔ↗ɲ	nˈæʔ↗ɲ	1	0	0	1
nạnh	TONE_NANG	naːʔ↓ɲ	nˈæʔ↓ɲ	1	0	0	1
nác	TONE_SAC	naː↗k	nˈaː↗c	1	0	0	0
nạc	TONE_NANG	naːʔ↓k	nˈaːʔ↓c	1	0	0	0
nách	TONE_SAC	na↗k	nˈæ↗c	1	0	0	0
nạch	TONE_NANG	naʔ↓k	nˈæʔ↓c	1	0	0	0
nă	TONE_NGANG	na→	ˈɛnəː↘ă	0	1	0	0
nằ	TONE_HUYEN	na↘	ˈɛnəː↘ằ	1	1	0	0
nắ	TONE_SAC	na↗	ˈɛnəː↘ắ	0	1	0	0
nă̂	TONE_HOI	na↓	ˈɛnəː↘ă	0	1	0	0
nẵ	TONE_NGA	naʔ↗	ˈɛnəː↘ẵ	0	1	0	0
nặ	TONE_NANG	naʔ↓	ˈɛnəː↘ặ	0	1	0	0
năm	TONE_NGANG	na→m	nˈam	0	0	0	0
nằm	TONE_HUYEN	na↘m	nˈa↘m	1	0	0	0
nắm	TONE_SAC	na↗m	nˈa↗m	1	0	0	0
nă̂m	TONE_HOI	na↓m	ˈɛnəː↘ă mˈəː↘	0	1	0	0
nẵm	TONE_NGA	naʔ↗m	nˈaʔ↗m	1	0	0	0
nặm	TONE_NANG	naʔ↓m	nˈaʔ↓m	1	0	0	0
năn	TONE_NGANG	na→n	nˈan	0	0	0	0
nằn	TONE_HUYEN	na↘n	nˈa↘n	1	0	0	0
nắn	TONE_SAC	na↗n	nˈa↗n	1	0	0	0
nă̂n	TONE_HOI	na↓n	ˈɛnəː↘ă nˈəː↘	0	1	0	0
nẵn	TONE_NGA	naʔ↗n	nˈaʔ↗n	1	0	0	0
nặn	TONE_NANG	naʔ↓n	nˈaʔ↓n	1	0	0	0
nắp	TONE_SAC	na↗p	nˈa↗p	1	0	0	0
nặp	TONE_NANG	naʔ↓p	nˈaʔ↓p	1	0	0	0
nắt	TONE_SAC	na↗t	nˈa↗t	1	0	0	0
nặt	TONE_NANG	naʔ↓t	nˈaʔ↓t	1	0	0	0
năng	TONE_NGANG	na→ŋ	nˈaŋ	0	0	0	0
nằng	TONE_HUYEN	na↘ŋ	nˈa↘ŋ	1	0	0	0
nắng	TONE_SAC	na↗ŋ	nˈa↗ŋ	1	0	0	0
nă̂ng	TONE_HOI	na↓ŋ	ˈɛnəː↘ă ˌɛndʒˈiː	0	1	0	0
nẵng	TONE_NGA	naʔ↗ŋ	nˈaʔ↗ŋ	1	0	0	0
nặng	TONE_NANG	naʔ↓ŋ	nˈaʔ↓ŋ	1	0	0	0
nắc	TONE_SAC	na↗k	nˈa↗c	1	0	0	0
nặc	TONE_NANG	naʔ↓k	nˈaʔ↓c	1	0	0	0
nắch	TONE_SAC	na↗k	nˈa↗c hˈa↗t	0	0	0	0
nặch	TONE_NANG	naʔ↓k	nˈaʔ↓c hˈa↗t	0	0	0	0
nâ	TONE_NGANG	nə→	ˈɛnəː↘ˌeɪsˈ↗ːkəmflˌɛks	0	0	0	0
nầ	TONE_HUYEN	nə↘	ˈɛnəː↘ầ	1	1	0	0
nấ	TONE_SAC	nə↗	ˈɛnəː↘ấ	0	1	0	0
nâ̂	TONE_HOI	nə↓	ˈɛnəː↘ˌeɪsˈ↗ːkəmflˌɛks	0	0	0	0
nẫ	TONE_NGA	nəʔ↗	ˈɛnəː↘ẫ	0	1	0	0
nậ	TONE_NANG	nəʔ↓	ˈɛnəː↘ậ	0	1	0	0
nâi	TONE_NGANG	nə→j	ˈɛnəː↘ˌeɪsˈ↗ːkəmflˌɛksˈi	0	0	0	0
nầi	TONE_HUYEN	nə↘j	ˈɛnəː↘ầˈi	0	1	0	0
nấi	TONE_SAC	nə↗j	ˈɛnəː↘ấˈi	0	1	0	0
nâ̂i	TONE_HOI	nə↓j	ˈɛnəː↘ˌeɪsˈ↗ːkəmflˌɛks ˈi	0	0	0	0
nẫi	TONE_NGA	nəʔ↗j	ˈɛnəː↘ẫˈi	0	1	0	0
nậi	TONE_NANG	nəʔ↓j	ˈɛnəː↘ậˈi	0	1	0	0
nây	TONE_NGANG	nə→j	nˈəɪ	0	0	0	0
nầy	TONE_HUYEN	nə↘j	nˈəɪ↘	1	0	0	0
nấy	TONE_SAC	nə↗j	nˈəɪ↗	1	0	0	0
nâ̂y	TONE_HOI	nə↓j	ˈɛnəː↘ˌeɪsˈ↗ːkəmflˌɛks ˈi	0	0	0	0
nẫy	TONE_NGA	nəʔ↗j	nˈəɪʔ↗	1	0	0	0
nậy	TONE_NANG	nəʔ↓j	nˈəɪʔ↓	1	0	0	0
nâo	TONE_NGANG	nə→w	ˈɛnəː↘ˌeɪsˈ↗ːkəmflˌɛksˈɔ	0	0	0	0
nầo	TONE_HUYEN	nə↘w	ˈɛnəː↘ầˈɔ	1	1	0	0
nấo	TONE_SAC	nə↗w	ˈɛnəː↘ấˈɔ	0	1	0	0
nâ̂o	TONE_HOI	nə↓w	ˈɛnəː↘ˌeɪsˈ↗ːkəmflˌɛks ˈo	0	0	0	0
nẫo	TONE_NGA	nəʔ↗w	ˈɛnəː↘ẫˈɔ	0	1	0	0
nậo	TONE_NANG	nəʔ↓w	ˈɛnəː↘ậˈɔ	0	1	0	0
nâu	TONE_NGANG	nə→w	nˈə→w	1	0	0	0
nầu	TONE_HUYEN	nə↘w	nˈə↘w	1	0	0	0
nấu	TONE_SAC	nə↗w	nˈə↗w	1	0	0	0
nâ̂u	TONE_HOI	nə↓w	ˈɛnəː↘ˌeɪsˈ↗ːkəmflˌɛks ˈu	0	0	0	0
nẫu	TONE_NGA	nəʔ↗w	nˈəʔ↗w	1	0	0	0
nậu	TONE_NANG	nəʔ↓w	nˈəʔ↓w	1	0	0	0
nâm	TONE_NGANG	nə→m	nˈəm	0	0	0	0
nầm	TONE_HUYEN	nə↘m	nˈə↘m	1	0	0	0
nấm	TONE_SAC	nə↗m	nˈə↗m	1	0	0	0
nâ̂m	TONE_HOI	nə↓m	ˈɛnəː↘ˌeɪsˈ↗ːkəmflˌɛks mˈəː↘	0	0	0	0
nẫm	TONE_NGA	nəʔ↗m	nˈəʔ↗m	1	0	0	0
nậm	TONE_NANG	nəʔ↓m	nˈəʔ↓m	1	0	0	0
nân	TONE_NGANG	nə→n	nˈən	0	0	0	0
nần	TONE_HUYEN	nə↘n	nˈə↘n	1	0	0	0
nấn	TONE_SAC	nə↗n	nˈə↗n	1	0	0	0
nâ̂n	TONE_HOI	nə↓n	ˈɛnəː↘ˌeɪsˈ↗ːkəmflˌɛks nˈəː↘	0	0	0	0
nẫn	TONE_NGA	nəʔ↗n	nˈəʔ↗n	1	0	0	0
nận	TONE_NANG	nəʔ↓n	nˈəʔ↓n	1	0	0	0
nấp	TONE_SAC	nə↗p	nˈə↗p	1	0	0	0
nập	TONE_NANG	nəʔ↓p	nˈəʔ↓p	1	0	0	0
nất	TONE_SAC	nə↗t	nˈə↗t	1	0	0	0
nật	TONE_NANG	nəʔ↓t	nˈəʔ↓t	1	0	0	0
nâng	TONE_NGANG	nə→ŋ	nˈəŋ	0	0	0	0
nầng	TONE_HUYEN	nə↘ŋ	nˈə↘ŋ	1	0	0	0
nấng	TONE_SAC	nə↗ŋ	nˈə↗ŋ	1	0	0	0
nâ̂ng	TONE_HOI	nə↓ŋ	ˈɛnəː↘ˌeɪsˈ↗ːkəmflˌɛks ˌɛndʒˈiː	0	0	0	0
nẫng	TONE_NGA	nəʔ↗ŋ	nˈəʔ↗ŋ	1	0	0	0
nậng	TONE_NANG	nəʔ↓ŋ	nˈəʔ↓ŋ	1	0	0	0
nấc	TONE_SAC	nə↗k	nˈə↗c	1	0	0	0
nậc	TONE_NANG	nəʔ↓k	nˈəʔ↓c	1	0	0	0
nấch	TONE_SAC	nə↗k	nˈə↗c hˈa↗t	0	0	0	0
nậch	TONE_NANG	nəʔ↓k	nˈəʔ↓c hˈa↗t	0	0	0	0
ne	TONE_NGANG	nɛ→	nˈɛ	0	0	0	0
nè	TONE_HUYEN	nɛ↘	nˈɛ↘	1	0	0	0
né	TONE_SAC	nɛ↗	nˈɛ↗	1	0	0	0
nê	TONE_HOI	nɛ↓	nˈe	0	0	0	0
nẽ	TONE_NGA	nɛʔ↗	nˈɛʔ↗	1	0	0	0
nẹ	TONE_NANG	nɛʔ↓	nˈɛʔ↓	1	0	0	0
neo	TONE_NGANG	nɛ→w	nˈiːoʊ	0	0	0	0
nèo	TONE_HUYEN	nɛ↘w	nˈɛ↘w	1	0	0	0
néo	TONE_SAC	nɛ↗w	nˈɛ↗w	1	0	0	0
nêo	TONE_HOI	nɛ↓w	nˈe ˈɔ	0	0	0	0
nẽo	TONE_NGA	nɛʔ↗w	nˈɛʔ↗w	1	0	0	0
nẹo	TONE_NANG	nɛʔ↓w	nˈɛʔ↓w	1	0	0	0
neu	TONE_NGANG	nɛ→w	nˈuː	0	0	0	0
nèu	TONE_HUYEN	nɛ↘w	nˈɛ↘ ˈu	0	0	0	0
néu	TONE_SAC	nɛ↗w	nˈɛ↗ ˈu	0	0	0	0
nêu	TONE_HOI	nɛ↓w	nˈe→w	0	0	0	0
nẽu	TONE_NGA	nɛʔ↗w	nˈɛʔ↗ ˈu	0	0	0	0
nẹu	TONE_NANG	nɛʔ↓w	nˈɛʔ↓ ˈu	0	0	0	0
nem	TONE_NGANG	nɛ→m	nˈɛm	0	0	0	0
nèm	TONE_HUYEN	nɛ↘m	nˈɛ↘m	1	0	0	0
ném	TONE_SAC	nɛ↗m	nˈɛ↗m	1	0	0	0
nêm	TONE_HOI	nɛ↓m	nˈem	0	0	0	0
nẽm	TONE_NGA	nɛʔ↗m	nˈɛʔ↗m	1	0	0	0
nẹm	TONE_NANG	nɛʔ↓m	nˈɛʔ↓m	1	0	0	0
nen	TONE_NGANG	nɛ→n	nˈɛn	0	0	0	0
nèn	TONE_HUYEN	nɛ↘n	nˈɛ↘n	1	0	0	0
nén	TONE_SAC	nɛ↗n	nˈɛ↗n	1	0	0	0
nên	TONE_HOI	nɛ↓n	nˌen	0	0	0	0
nẽn	TONE_NGA	nɛʔ↗n	nˈɛʔ↗n	1	0	0	0
nẹn	TONE_NANG	nɛʔ↓n	nˈɛʔ↓n	1	0	0	0
nép	TONE_SAC	nɛ↗p	nˈɛ↗p	1	0	0	0
nẹp	TONE_NANG	nɛʔ↓p	nˈɛʔ↓p	1	0	0	0
nét	TONE_SAC	nɛ↗t	nˈɛ↗t	1	0	0	0
nẹt	TONE_NANG	nɛʔ↓t	nˈɛʔ↓t	1	0	0	0
neng	TONE_NGANG	nɛ→ŋ	nˈɛŋ	0	0	0	0
nèng	TONE_HUYEN	nɛ↘ŋ	nˈɛ↘ŋ	1	0	0	0
néng	TONE_SAC	nɛ↗ŋ	nˈɛ↗ŋ	1	0	0	0
nêng	TONE_HOI	nɛ↓ŋ	nˌen ðˈe→	0	0	0	0
nẽng	TONE_NGA	nɛʔ↗ŋ	nˈɛʔ↗ŋ	1	0	0	0
nẹng	TONE_NANG	nɛʔ↓ŋ	nˈɛʔ↓ŋ	1	0	0	0
néc	TONE_SAC	nɛ↗k	nˈɛ↗c	1	0	0	0
nẹc	TONE_NANG	nɛʔ↓k	nˈɛʔ↓c	1	0	0	0
néch	TONE_SAC	nɛ↗k	nˈɛ↗c hˈa↗t	0	0	0	0
nẹch	TONE_NANG	nɛʔ↓k	nˈɛʔ↓c hˈa↗t	0	0	0	0
nê	TONE_NGANG	ne→	nˈe	0	0	0	0
nề	TONE_HUYEN	ne↘	nˈe↘	1	0	0	0
nế	TONE_SAC	ne↗	nˈe↗	1	0	0	0
nê̂	TONE_HOI	ne↓	nˈe	0	0	0	0
nễ	TONE_NGA	neʔ↗	nˈeʔ↗	1	0	0	0
nệ	TONE_NANG	neʔ↓	nˈeʔ↓	1	0	0	0
nêo	TONE_NGANG	ne→w	nˈe ˈɔ	0	0	0	0
nềo	TONE_HUYEN	ne↘w	nˈe↘ ˈɔ	1	0	0	0
nếo	TONE_SAC	ne↗w	nˈe↗ ˈɔ	1	0	0	0
nê̂o	TONE_HOI	ne↓w	nˈe ˈo	0	0	0	0
nễo	TONE_NGA	neʔ↗w	nˈeʔ↗ ˈɔ	1	0	0	0
nệo	TONE_NANG	neʔ↓w	nˈeʔ↓ ˈɔ	1	0	0	0
nêu	TONE_NGANG	ne→w	nˈe→w	1	0	0	0
nều	TONE_HUYEN	ne↘w	nˈe↘w	1	0	0	0
nếu	TONE_SAC	ne↗w	nˌe↗w	1	0	0	0
nê̂u	TONE_HOI	ne↓w	nˈe ˈu	0	0	0	0
nễu	TONE_NGA	neʔ↗w	nˈeʔ↗w	1	0	0	0
nệu	TONE_NANG	neʔ↓w	nˈeʔ↓w	1	0	0	0
nêm	TONE_NGANG	ne→m	nˈem	0	0	0	0
nềm	TONE_HUYEN	ne↘m	nˈe↘m	1	0	0	0
nếm	TONE_SAC	ne↗m	nˈe↗m	1	0	0	0
nê̂m	TONE_HOI	ne↓m	nˈe mˈəː↘	0	0	0	0
nễm	TONE_NGA	neʔ↗m	nˈeʔ↗m	1	0	0	0
nệm	TONE_NANG	neʔ↓m	nˈeʔ↓m	1	0	0	0
nên	TONE_NGANG	ne→n	nˌen	0	0	0	0
nền	TONE_HUYEN	ne↘n	nˈe↘n	1	0	0	0
nến	TONE_SAC	ne↗n	nˈe↗n	1	0	0	0
nê̂n	TONE_HOI	ne↓n	nˈe nˈəː↘	0	0	0	0
nễn	TONE_NGA	neʔ↗n	nˈeʔ↗n	1	0	0	0
nện	TONE_NANG	neʔ↓n	nˈeʔ↓n	1	0	0	0
nếp	TONE_SAC	ne↗p	nˈe↗p	1	0	0	0
nệp	TONE_NANG	neʔ↓p	nˈeʔ↓p	1	0	0	0
nết	TONE_SAC	ne↗t	nˈe↗t	1	0	0	0
nệt	TONE_NANG	neʔ↓t	nˈeʔ↓t	1	0	0	0
nênh	TONE_NGANG	ne→ɲ	nˈeɲ	0	0	0	0
nềnh	TONE_HUYEN	ne↘ɲ	nˈe↘ɲ	1	0	0	0
nếnh	TONE_SAC	ne↗ɲ	nˈe↗ɲ	1	0	0	0
nê̂nh	TONE_HOI	ne↓ɲ	nˈe ˌɛnˈeɪʧ	0	0	0	0
nễnh	TONE_NGA	neʔ↗ɲ	nˈeʔ↗ɲ	1	0	0	0
nệnh	TONE_NANG	neʔ↓ɲ	nˈeʔ↓ɲ	1	0	0	0
nếc	TONE_SAC	ne↗k	nˈe↗ sˈe	0	0	0	0
nệc	TONE_NANG	neʔ↓k	nˈeʔ↓ sˈe	0	0	0	0
nếch	TONE_SAC	ne↗k	nˈe↗c	1	0	0	0
nệch	TONE_NANG	neʔ↓k	nˈeʔ↓c	1	0	0	0
ni	TONE_NGANG	ni→	nˈi	0	0	0	0
nì	TONE_HUYEN	ni↘	nˈi↘	1	0	0	0
ní	TONE_SAC	ni↗	nˈi↗	1	0	0	0
nî	TONE_HOI	ni↓	nˈi	0	0	0	0
nĩ	TONE_NGA	niʔ↗	nˈiʔ↗	1	0	0	0
nị	TONE_NANG	niʔ↓	nˈiʔ↓	1	0	0	0
nio	TONE_NGANG	ni→w	nˈiːoʊ	0	0	0	0
nìo	TONE_HUYEN	ni↘w	nˈi↘ ˈɔ	1	0	0	0
nío	TONE_SAC	ni↗w	nˈi↗ ˈɔ	1	0	0	0
nîo	TONE_HOI	ni↓w	nˈiːoʊ	0	0	0	0
nĩo	TONE_NGA	niʔ↗w	nˈiʔ↗ ˈɔ	1	0	0	0
nịo	TONE_NANG	niʔ↓w	nˈiʔ↓ ˈɔ	1	0	0	0
niu	TONE_NGANG	ni→w	nˈiw	0	0	0	0
nìu	TONE_HUYEN	ni↘w	nˈi↘w	1	0	0	0
níu	TONE_SAC	ni↗w	nˈi↗w	1	0	0	0
nîu	TONE_HOI	ni↓w	nˈiw	0	0	0	0
nĩu	TONE_NGA	niʔ↗w	nˈiʔ↗w	1	0	0	0
nịu	TONE_NANG	niʔ↓w	nˈiʔ↓w	1	0	0	0
nim	TONE_NGANG	ni→m	nˈim	0	0	0	0
nìm	TONE_HUYEN	ni↘m	nˈi↘m	1	0	0	0
ním	TONE_SAC	ni↗m	nˈi↗m	1	0	0	0
nîm	TONE_HOI	ni↓m	nˈim	0	0	0	0
nĩm	TONE_NGA	niʔ↗m	nˈiʔ↗m	1	0	0	0
nịm	TONE_NANG	niʔ↓m	nˈiʔ↓m	1	0	0	0
nin	TONE_NGANG	ni→n	nˈin	0	0	0	0
nìn	TONE_HUYEN	ni↘n	nˈi↘n	1	0	0	0
nín	TONE_SAC	ni↗n	nˈi↗n	1	0	0	0
nîn	TONE_HOI	ni↓n	nˈin	0	0	0	0
nĩn	TONE_NGA	niʔ↗n	nˈiʔ↗n	1	0	0	0
nịn	TONE_NANG	niʔ↓n	nˈiʔ↓n	1	0	0	0
níp	TONE_SAC	ni↗p	nˈi↗p	1	0	0	0
nịp	TONE_NANG	niʔ↓p	nˈiʔ↓p	1	0	0	0
nít	TONE_SAC	ni↗t	nˈi↗t	1	0	0	0
nịt	TONE_NANG	niʔ↓t	nˈiʔ↓t	1	0	0	0
ninh	TONE_NGANG	ni→ɲ	nˈiɲ	0	0	0	1
nình	TONE_HUYEN	ni↘ɲ	nˈi↘ɲ	1	0	0	1
nính	TONE_SAC	ni↗ɲ	nˈi↗ɲ	1	0	0	1
nînh	TONE_HOI	ni↓ɲ	nˈiɲ	0	0	0	1
nĩnh	TONE_NGA	niʔ↗ɲ	nˈiʔ↗ɲ	1	0	0	1
nịnh	TONE_NANG	niʔ↓ɲ	nˈiʔ↓ɲ	1	0	0	1
níc	TONE_SAC	ni↗k	nˈi↗ sˈe	0	0	0	0
nịc	TONE_NANG	niʔ↓k	nˈiʔ↓ sˈe	0	0	0	0
ních	TONE_SAC	ni↗k	nˈi↗c	1	0	0	0
nịch	TONE_NANG	niʔ↓k	nˈiʔ↓c	1	0	0	0
ny	TONE_NGANG	ni→	nˈi	0	0	0	0
nỳ	TONE_HUYEN	ni↘	nˈi↘	1	0	0	0
ný	TONE_SAC	ni↗	nˈi↗	1	0	0	0
nŷ	TONE_HOI	ni↓	nˈi	0	0	0	0
nỹ	TONE_NGA	niʔ↗	nˈiʔ↗	1	0	0	0
nỵ	TONE_NANG	niʔ↓	nˈiʔ↓	1	0	0	0
nyo	TONE_NGANG	ni→w	nˈaɪoʊ	0	0	0	0
nỳo	TONE_HUYEN	ni↘w	nˈi↘ ˈɔ	1	0	0	0
nýo	TONE_SAC	ni↗w	nˈi↗ ˈɔ	1	0	0	0
nŷo	TONE_HOI	ni↓w	nˈaɪoʊ	0	0	0	0
nỹo	TONE_NGA	niʔ↗w	nˈiʔ↗ ˈɔ	1	0	0	0
nỵo	TONE_NANG	niʔ↓w	nˈiʔ↓ ˈɔ	1	0	0	0
nyu	TONE_NGANG	ni→w	nˈaɪuː	0	0	0	0
nỳu	TONE_HUYEN	ni↘w	nˈi↘ ˈu	0	0	0	0
nýu	TONE_SAC	ni↗w	nˈi↗ ˈu	0	0	0	0
nŷu	TONE_HOI	ni↓w	nˈaɪuː	0	0	0	0
nỹu	TONE_NGA	niʔ↗w	nˈiʔ↗ ˈu	0	0	0	0
nỵu	TONE_NANG	niʔ↓w	nˈiʔ↓ ˈu	0	0	0	0
nym	TONE_NGANG	ni→m	nˈɪm	0	0	0	0
nỳm	TONE_HUYEN	ni↘m	nˈi↘ ˈməː↘	0	0	0	0
ným	TONE_SAC	ni↗m	nˈi↗ ˈməː↘	0	0	0	0
nŷm	TONE_HOI	ni↓m	nˈɪm	0	0	0	0
nỹm	TONE_NGA	niʔ↗m	nˈiʔ↗ ˈməː↘	0	0	0	0
nỵm	TONE_NANG	niʔ↓m	nˈiʔ↓ ˈməː↘	0	0	0	0
nyn	TONE_NGANG	ni→n	nˈɪn	0	0	0	0
nỳn	TONE_HUYEN	ni↘n	nˈi↘ ˈɛnəː↘	0	0	0	0
nýn	TONE_SAC	ni↗n	nˈi↗ ˈɛnəː↘	0	0	0	0
nŷn	TONE_HOI	ni↓n	nˈɪn	0	0	0	0
nỹn	TONE_NGA	niʔ↗n	nˈiʔ↗ ˈɛnəː↘	0	0	0	0
nỵn	TONE_NANG	niʔ↓n	nˈiʔ↓ ˈɛnəː↘	0	0	0	0
nýp	TONE_SAC	ni↗p	nˈi↗ pˈe	0	0	0	0
nỵp	TONE_NANG	niʔ↓p	nˈiʔ↓ pˈe	0	0	0	0
nýt	TONE_SAC	ni↗t	nˈi↗ tˈe	0	0	0	0
nỵt	TONE_NANG	niʔ↓t	nˈiʔ↓ tˈe	0	0	0	0
nynh	TONE_NGANG	ni→ɲ	ˈɛn ˈɪn	0	0	0	0
nỳnh	TONE_HUYEN	ni↘ɲ	nˈi↘ ˈɛnəː↘hˈa↗t	0	0	0	0
nýnh	TONE_SAC	ni↗ɲ	nˈi↗ ˈɛnəː↘hˈa↗t	0	0	0	0
nŷnh	TONE_HOI	ni↓ɲ	ˈɛn ˈɪn	0	0	0	0
nỹnh	TONE_NGA	niʔ↗ɲ	nˈiʔ↗ ˈɛnəː↘hˈa↗t	0	0	0	0
nỵnh	TONE_NANG	niʔ↓ɲ	nˈiʔ↓ ˈɛnəː↘hˈa↗t	0	0	0	0
nýc	TONE_SAC	ni↗k	nˈi↗ sˈe	0	0	0	0
nỵc	TONE_NANG	niʔ↓k	nˈiʔ↓ sˈe	0	0	0	0
ných	TONE_SAC	ni↗k	nˈi↗ sˈehˈa↗t	0	0	0	0
nỵch	TONE_NANG	niʔ↓k	nˈiʔ↓ sˈehˈa↗t	0	0	0	0
no	TONE_NGANG	nɔ→	nˈoʊ	0	0	0	0
nò	TONE_HUYEN	nɔ↘	nˈɔ↘	1	0	0	0
nó	TONE_SAC	nɔ↗	nˈɔ↗	1	0	0	0
nô	TONE_HOI	nɔ↓	nˈo	0	0	0	0
nõ	TONE_NGA	nɔʔ↗	nˈɔʔ↗	1	0	0	0
nọ	TONE_NANG	nɔʔ↓	nˈɔʔ↓	1	0	0	0
noi	TONE_NGANG	nɔ→j	nˈɔj	0	0	0	0
nòi	TONE_HUYEN	nɔ↘j	nˈɔ↘j	1	0	0	0
nói	TONE_SAC	nɔ↗j	nˈɔ↗j	1	0	0	0
nôi	TONE_HOI	nɔ↓j	nˈoj	0	0	0	0
nõi	TONE_NGA	nɔʔ↗j	nˈɔʔ↗j	1	0	0	0
nọi	TONE_NANG	nɔʔ↓j	nˈɔʔ↓j	1	0	0	0
noy	TONE_NGANG	nɔ→j	nˈɔɪ	0	0	0	0
nòy	TONE_HUYEN	nɔ↘j	nˈɔ↘ ˈi	0	0	0	0
nóy	TONE_SAC	nɔ↗j	nˈɔ↗ ˈi	0	0	0	0
nôy	TONE_HOI	nɔ↓j	nˈo ˈi	0	0	0	0
nõy	TONE_NGA	nɔʔ↗j	nˈɔʔ↗ ˈi	0	0	0	0
nọy	TONE_NANG	nɔʔ↓j	nˈɔʔ↓ ˈi	0	0	0	0
nom	TONE_NGANG	nɔ→m	nˈɔm	0	0	0	0
nòm	TONE_HUYEN	nɔ↘m	nˈɔ↘m	1	0	0	0
nóm	TONE_SAC	nɔ↗m	nˈɔ↗m	1	0	0	0
nôm	TONE_HOI	nɔ↓m	nˈom	0	0	0	0
nõm	TONE_NGA	nɔʔ↗m	nˈɔʔ↗m	1	0	0	0
nọm	TONE_NANG	nɔʔ↓m	nˈɔʔ↓m	1	0	0	0
non	TONE_NGANG	nɔ→n	nˈɑːn	0	0	0	0
nòn	TONE_HUYEN	nɔ↘n	nˈɔ↘n	1	0	0	0
nón	TONE_SAC	nɔ↗n	nˈɔ↗n	1	0	0	0
nôn	TONE_HOI	nɔ↓n	nˈon	0	0	0	0
nõn	TONE_NGA	nɔʔ↗n	nˈɔʔ↗n	1	0	0	0
nọn	TONE_NANG	nɔʔ↓n	nˈɔʔ↓n	1	0	0	0
nóp	TONE_SAC	nɔ↗p	nˈɔ↗p	1	0	0	0
nọp	TONE_NANG	nɔʔ↓p	nˈɔʔ↓p	1	0	0	0
nót	TONE_SAC	nɔ↗t	nˈɔ↗t	1	0	0	0
nọt	TONE_NANG	nɔʔ↓t	nˈɔʔ↓t	1	0	0	0
nong	TONE_NGANG	nɔ→ŋ	nˈɔŋ	0	0	0	0
nòng	TONE_HUYEN	nɔ↘ŋ	nˈɔ↘ŋ	1	0	0	0
nóng	TONE_SAC	nɔ↗ŋ	nˈɔ↗ŋ	1	0	0	0
nông	TONE_HOI	nɔ↓ŋ	nˈoŋ	0	0	0	0
nõng	TONE_NGA	nɔʔ↗ŋ	nˈɔʔ↗ŋ	1	0	0	0
nọng	TONE_NANG	nɔʔ↓ŋ	nˈɔʔ↓ŋ	1	0	0	0
nóc	TONE_SAC	nɔ↗k	nˈɔ↗k	1	0	0	0
nọc	TONE_NANG	nɔʔ↓k	nˈɔʔ↓k	1	0	0	0
nóch	TONE_SAC	nɔ↗k	nˈɔ↗k hˈa↗t	0	0	0	0
nọch	TONE_NANG	nɔʔ↓k	nˈɔʔ↓k hˈa↗t	0	0	0	0
nô	TONE_NGANG	no→	nˈo	0	0	0	0
nồ	TONE_HUYEN	no↘	nˈo↘	1	0	0	0
nố	TONE_SAC	no↗	nˈo↗	1	0	0	0
nô̂	TONE_HOI	no↓	nˈo	0	0	0	0
nỗ	TONE_NGA	noʔ↗	nˈoʔ↗	1	0	0	0
nộ	TONE_NANG	noʔ↓	nˈoʔ↓	1	0	0	0
nôi	TONE_NGANG	no→j	nˈoj	0	0	0	0
nồi	TONE_HUYEN	no↘j	nˈo↘j	1	0	0	0
nối	TONE_SAC	no↗j	nˈo↗j	1	0	0	0
nô̂i	TONE_HOI	no↓j	nˈo ˈi	0	0	0	0
nỗi	TONE_NGA	noʔ↗j	nˈoʔ↗j	1	0	0	0
nội	TONE_NANG	noʔ↓j	nˈoʔ↓j	1	0	0	0
nôy	TONE_NGANG	no→j	nˈo ˈi	0	0	0	0
nồy	TONE_HUYEN	no↘j	nˈo↘ ˈi	0	0	0	0
nốy	TONE_SAC	no↗j	nˈo↗ ˈi	0	0	0	0
nô̂y	TONE_HOI	no↓j	nˈo ˈi	0	0	0	0
nỗy	TONE_NGA	noʔ↗j	nˈoʔ↗ ˈi	0	0	0	0
nộy	TONE_NANG	noʔ↓j	nˈoʔ↓ ˈi	0	0	0	0
nôm	TONE_NGANG	no→m	nˈom	0	0	0	0
nồm	TONE_HUYEN	no↘m	nˈo↘m	1	0	0	0
nốm	TONE_SAC	no↗m	nˈo↗m	1	0	0	0
nô̂m	TONE_HOI	no↓m	nˈo mˈəː↘	0	0	0	0
nỗm	TONE_NGA	noʔ↗m	nˈoʔ↗m	1	0	0	0
nộm	TONE_NANG	noʔ↓m	nˈoʔ↓m	1	0	0	0
nôn	TONE_NGANG	no→n	nˈon	0	0	0	0
nồn	TONE_HUYEN	no↘n	nˈo↘n	1	0	0	0
nốn	TONE_SAC	no↗n	nˈo↗n	1	0	0	0
nô̂n	TONE_HOI	no↓n	nˈo nˈəː↘	0	0	0	0
nỗn	TONE_NGA	noʔ↗n	nˈoʔ↗n	1	0	0	0
nộn	TONE_NANG	noʔ↓n	nˈoʔ↓n	1	0	0	0
nốp	TONE_SAC	no↗p	nˈo↗p	1	0	0	0
nộp	TONE_NANG	noʔ↓p	nˈoʔ↓p	1	0	0	0
nốt	TONE_SAC	no↗t	nˈo↗t	1	0	0	0
nột	TONE_NANG	noʔ↓t	nˈoʔ↓t	1	0	0	0
nông	TONE_NGANG	no→ŋ	nˈoŋ	0	0	0	0
nồng	TONE_HUYEN	no↘ŋ	nˈo↘ŋ	1	0	0	0
nống	TONE_SAC	no↗ŋ	nˈo↗ŋ	1	0	0	0
nô̂ng	TONE_HOI	no↓ŋ	nˈo ˌɛndʒˈiː	0	0	0	0
nỗng	TONE_NGA	noʔ↗ŋ	nˈoʔ↗ŋ	1	0	0	0
nộng	TONE_NANG	noʔ↓ŋ	nˈoʔ↓ŋ	1	0	0	0
nốc	TONE_SAC	no↗k	nˈo↗k	1	0	0	0
nộc	TONE_NANG	noʔ↓k	nˈoʔ↓k	1	0	0	0
nốch	TONE_SAC	no↗k	nˈo↗k hˈa↗t	0	0	0	0
nộch	TONE_NANG	noʔ↓k	nˈoʔ↓k hˈa↗t	0	0	0	0
nơ	TONE_NGANG	nəː→	nˈəː	0	0	0	0
nờ	TONE_HUYEN	nəː↘	nˈəː↘	1	0	0	0
nớ	TONE_SAC	nəː↗	nˈəː↗	1	0	0	0
nơ̂	TONE_HOI	nəː↓	nˈəː	0	0	0	0
nỡ	TONE_NGA	nəːʔ↗	nˈəːʔ↗	1	0	0	0
nợ	TONE_NANG	nəːʔ↓	nˈəːʔ↓	1	0	0	0
nơi	TONE_NGANG	nəː→j	nˈəːj	0	0	0	0
nời	TONE_HUYEN	nəː↘j	nˈəː↘j	1	0	0	0
nới	TONE_SAC	nəː↗j	nˈəː↗j	1	0	0	0
nơ̂i	TONE_HOI	nəː↓j	nˈəː ˈi	0	0	0	0
nỡi	TONE_NGA	nəːʔ↗j	nˈəːʔ↗j	1	0	0	0
nợi	TONE_NANG	nəːʔ↓j	nˈəːʔ↓j	1	0	0	0
nơy	TONE_NGANG	nəː→j	nˈəː ˈi	0	0	0	0
nờy	TONE_HUYEN	nəː↘j	nˈəː↘ ˈi	0	0	0	0
nớy	TONE_SAC	nəː↗j	nˈəː↗ ˈi	0	0	0	0
nơ̂y	TONE_HOI	nəː↓j	nˈəː ˈi	0	0	0	0
nỡy	TONE_NGA	nəːʔ↗j	nˈəːʔ↗ ˈi	0	0	0	0
nợy	TONE_NANG	nəːʔ↓j	nˈəːʔ↓ ˈi	0	0	0	0
nơm	TONE_NGANG	nəː→m	nˈəːm	0	0	0	0
nờm	TONE_HUYEN	nəː↘m	nˈəː↘m	1	0	0	0
nớm	TONE_SAC	nəː↗m	nˈəː↗m	1	0	0	0
nơ̂m	TONE_HOI	nəː↓m	nˈəː mˈəː↘	0	0	0	0
nỡm	TONE_NGA	nəːʔ↗m	nˈəːʔ↗m	1	0	0	0
nợm	TONE_NANG	nəːʔ↓m	nˈəːʔ↓m	1	0	0	0
nơn	TONE_NGANG	nəː→n	nˈəːn	0	0	0	0
nờn	TONE_HUYEN	nəː↘n	nˈəː↘n	1	0	0	0
nớn	TONE_SAC	nəː↗n	nˈəː↗n	1	0	0	0
nơ̂n	TONE_HOI	nəː↓n	nˈəː nˈəː↘	0	0	0	0
nỡn	TONE_NGA	nəːʔ↗n	nˈəːʔ↗n	1	0	0	0
nợn	TONE_NANG	nəːʔ↓n	nˈəːʔ↓n	1	0	0	0
nớp	TONE_SAC	nəː↗p	nˈəː↗p	1	0	0	0
nợp	TONE_NANG	nəːʔ↓p	nˈəːʔ↓p	1	0	0	0
nớt	TONE_SAC	nəː↗t	nˈəː↗t	1	0	0	0
nợt	TONE_NANG	nəːʔ↓t	nˈəːʔ↓t	1	0	0	0
nớc	TONE_SAC	nəː↗k	nˈəː↗ sˈe	0	0	0	0
nợc	TONE_NANG	nəːʔ↓k	nˈəːʔ↓ sˈe	0	0	0	0
nớch	TONE_SAC	nəː↗k	nˈəː↗ sˈehˈa↗t	0	0	0	0
nợch	TONE_NANG	nəːʔ↓k	nˈəːʔ↓ sˈehˈa↗t	0	0	0	0
nu	TONE_NGANG	nu→	nˈu	0	0	0	0
nù	TONE_HUYEN	nu↘	nˈu↘	1	0	0	0
nú	TONE_SAC	nu↗	nˈu↗	1	0	0	0
nû	TONE_HOI	nu↓	nˈu	0	0	0	0
nũ	TONE_NGA	nuʔ↗	nˈuʔ↗	1	0	0	0
nụ	TONE_NANG	nuʔ↓	nˈuʔ↓	1	0	0	0
nui	TONE_NGANG	nu→j	nˈuj	0	0	0	0
nùi	TONE_HUYEN	nu↘j	nˈu↘j	1	0	0	0
núi	TONE_SAC	nu↗j	nˈu↗j	1	0	0	0
nûi	TONE_HOI	nu↓j	nˈuj	0	0	0	0
nũi	TONE_NGA	nuʔ↗j	nˈuʔ↗j	1	0	0	0
nụi	TONE_NANG	nuʔ↓j	nˈuʔ↓j	1	0	0	0
nuy	TONE_NGANG	nu→j	nwˈi	0	0	0	0
nùy	TONE_HUYEN	nu↘j	nˈu↘ ˈi	0	0	0	0
núy	TONE_SAC	nu↗j	nˈu↗ ˈi	0	0	0	0
nûy	TONE_HOI	nu↓j	nwˈi	0	0	0	0
nũy	TONE_NGA	nuʔ↗j	nˈuʔ↗ ˈi	0	0	0	0
nụy	TONE_NANG	nuʔ↓j	nˈuʔ↓ ˈi	0	0	0	0
num	TONE_NGANG	nu→m	nˈum	0	0	0	0
nùm	TONE_HUYEN	nu↘m	nˈu↘m	1	0	0	0
núm	TONE_SAC	nu↗m	nˈu↗m	1	0	0	0
nûm	TONE_HOI	nu↓m	nˈum	0	0	0	0
nũm	TONE_NGA	nuʔ↗m	nˈuʔ↗m	1	0	0	0
nụm	TONE_NANG	nuʔ↓m	nˈuʔ↓m	1	0	0	0
nun	TONE_NGANG	nu→n	nˈu↘n	0	0	0	0
nùn	TONE_HUYEN	nu↘n	nˈu↘n	1	0	0	0
nún	TONE_SAC	nu↗n	nˈu↗n	1	0	0	0
nûn	TONE_HOI	nu↓n	nˈu↘n	0	0	0	0
nũn	TONE_NGA	nuʔ↗n	nˈuʔ↗n	1	0	0	0
nụn	TONE_NANG	nuʔ↓n	nˈuʔ↓n	1	0	0	0
núp	TONE_SAC	nu↗p	nˈu↗p	1	0	0	0
nụp	TONE_NANG	nuʔ↓p	nˈuʔ↓p	1	0	0	0
nút	TONE_SAC	nu↗t	nˈu↗t	1	0	0	0
nụt	TONE_NANG	nuʔ↓t	nˈuʔ↓t	1	0	0	0
nung	TONE_NGANG	nu→ŋ	nˈuŋ	0	0	0	0
nùng	TONE_HUYEN	nu↘ŋ	nˈu↘ŋ	1	0	0	0
núng	TONE_SAC	nu↗ŋ	nˈu↗ŋ	1	0	0	0
nûng	TONE_HOI	nu↓ŋ	nˈuŋ	0	0	0	0
nũng	TONE_NGA	nuʔ↗ŋ	nˈuʔ↗ŋ	1	0	0	0
nụng	TONE_NANG	nuʔ↓ŋ	nˈuʔ↓ŋ	1	0	0	0
núc	TONE_SAC	nu↗k	nˈu↗c	1	0	0	0
nục	TONE_NANG	nuʔ↓k	nˈuʔ↓c	1	0	0	0
núch	TONE_SAC	nu↗k	nˈu↗c hˈa↗t	0	0	0	0
nụch	TONE_NANG	nuʔ↓k	nˈuʔ↓c hˈa↗t	0	0	0	0
nư	TONE_NGANG	nɨ→	nˈy	0	0	0	0
nừ	TONE_HUYEN	nɨ↘	nˈy↘	1	0	0	0
nứ	TONE_SAC	nɨ↗	nˈy↗	1	0	0	0
nư̂	TONE_HOI	nɨ↓	nˈy	0	0	0	0
nữ	TONE_NGA	nɨʔ↗	nˈyʔ↗	1	0	0	0
nự	TONE_NANG	nɨʔ↓	nˈyʔ↓	1	0	0	0
nưi	TONE_NGANG	nɨ→j	nˈyj	0	0	0	0
nừi	TONE_HUYEN	nɨ↘j	nˈy↘j	1	0	0	0
nứi	TONE_SAC	nɨ↗j	nˈy↗j	1	0	0	0
nư̂i	TONE_HOI	nɨ↓j	nˈy ˈi	0	0	0	0
nữi	TONE_NGA	nɨʔ↗j	nˈyʔ↗j	1	0	0	0
nựi	TONE_NANG	nɨʔ↓j	nˈyʔ↓j	1	0	0	0
nưy	TONE_NGANG	nɨ→j	nˈy ˈi	0	0	0	0
nừy	TONE_HUYEN	nɨ↘j	nˈy↘ ˈi	0	0	0	0
nứy	TONE_SAC	nɨ↗j	nˈy↗ ˈi	0	0	0	0
nư̂y	TONE_HOI	nɨ↓j	nˈy ˈi	0	0	0	0
nữy	TONE_NGA	nɨʔ↗j	nˈyʔ↗ ˈi	0	0	0	0
nựy	TONE_NANG	nɨʔ↓j	nˈyʔ↓ ˈi	0	0	0	0
nưo	TONE_NGANG	nɨ→w	nˈy ˈɔ	0	0	0	0
nừo	TONE_HUYEN	nɨ↘w	nˈy↘ ˈɔ	1	0	0	0
nứo	TONE_SAC	nɨ↗w	nˈy↗ ˈɔ	1	0	0	0
nư̂o	TONE_HOI	nɨ↓w	nˈy ˈo	0	0	0	0
nữo	TONE_NGA	nɨʔ↗w	nˈyʔ↗ ˈɔ	1	0	0	0
nựo	TONE_NANG	nɨʔ↓w	nˈyʔ↓ ˈɔ	1	0	0	0
nưu	TONE_NGANG	nɨ→w	nˈiw	0	0	0	0
nừu	TONE_HUYEN	nɨ↘w	nˈi↘w	1	0	0	0
nứu	TONE_SAC	nɨ↗w	nˈi↗w	1	0	0	0
nư̂u	TONE_HOI	nɨ↓w	nˈy ˈu	0	0	0	0
nữu	TONE_NGA	nɨʔ↗w	nˈiʔ↗w	1	0	0	0
nựu	TONE_NANG	nɨʔ↓w	nˈiʔ↓w	1	0	0	0
nưm	TONE_NGANG	nɨ→m	nˈym	0	0	0	0
nừm	TONE_HUYEN	nɨ↘m	nˈy↘m	1	0	0	0
nứm	TONE_SAC	nɨ↗m	nˈy↗m	1	0	0	0
nư̂m	TONE_HOI	nɨ↓m	nˈy mˈəː↘	0	0	0	0
nữm	TONE_NGA	nɨʔ↗m	nˈyʔ↗m	1	0	0	0
nựm	TONE_NANG	nɨʔ↓m	nˈyʔ↓m	1	0	0	0
nưn	TONE_NGANG	nɨ→n	nˈyn	0	0	0	0
nừn	TONE_HUYEN	nɨ↘n	nˈy↘n	1	0	0	0
nứn	TONE_SAC	nɨ↗n	nˈy↗n	1	0	0	0
nư̂n	TONE_HOI	nɨ↓n	nˈy nˈəː↘	0	0	0	0
nữn	TONE_NGA	nɨʔ↗n	nˈyʔ↗n	1	0	0	0
nựn	TONE_NANG	nɨʔ↓n	nˈyʔ↓n	1	0	0	0
nứp	TONE_SAC	nɨ↗p	nˈy↗ pˈe	0	0	0	0
nựp	TONE_NANG	nɨʔ↓p	nˈyʔ↓ pˈe	0	0	0	0
nứt	TONE_SAC	nɨ↗t	nˈy↗t	1	0	0	0
nựt	TONE_NANG	nɨʔ↓t	nˈyʔ↓t	1	0	0	0
nưng	TONE_NGANG	nɨ→ŋ	nˈyŋ	0	0	0	0
nừng	TONE_HUYEN	nɨ↘ŋ	nˈy↘ŋ	1	0	0	0
nứng	TONE_SAC	nɨ↗ŋ	nˈy↗ŋ	1	0	0	0
nư̂ng	TONE_HOI	nɨ↓ŋ	nˈy ˌɛndʒˈiː	0	0	0	0
nững	TONE_NGA	nɨʔ↗ŋ	nˈyʔ↗ŋ	1	0	0	0
nựng	TONE_NANG	nɨʔ↓ŋ	nˈyʔ↓ŋ	1	0	0	0
nức	TONE_SAC	nɨ↗k	nˈy↗c	1	0	0	0
nực	TONE_NANG	nɨʔ↓k	nˈyʔ↓c	1	0	0	0
nứch	TONE_SAC	nɨ↗k	nˈy↗c hˈa↗t	0	0	0	0
nựch	TONE_NANG	nɨʔ↓k	nˈyʔ↓c hˈa↗t	0	0	0	0
piê	TONE_NGANG	piə→	pˈi ˈe	0	0	0	0
piề	TONE_HUYEN	piə↘	pˈi ˈe↘	1	0	0	0
piế	TONE_SAC	piə↗	pˈi ˈe↗	1	0	0	0
piê̂	TONE_HOI	piə↓	pˈi ˈe	0	0	0	0
piễ	TONE_NGA	piəʔ↗	pˈi ˈeʔ↗	1	0	0	0
piệ	TONE_NANG	piəʔ↓	pˈi ˈeʔ↓	1	0	0	0
piêo	TONE_NGANG	piə→w	pˈi ˈeˈɔ	0	0	0	0
piềo	TONE_HUYEN	piə↘w	pˈi ˈe↘ˈɔ	1	0	0	0
piếo	TONE_SAC	piə↗w	pˈi ˈe↗ˈɔ	1	0	0	0
piê̂o	TONE_HOI	piə↓w	pˈi ˈe ˈo	0	0	0	0
piễo	TONE_NGA	piəʔ↗w	pˈi ˈeʔ↗ˈɔ	1	0	0	0
piệo	TONE_NANG	piəʔ↓w	pˈi ˈeʔ↓ˈɔ	1	0	0	0
piêu	TONE_NGANG	piə→w	pˈiɛw	0	0	0	0
piều	TONE_HUYEN	piə↘w	pˈiɛ↘w	1	0	0	0
piếu	TONE_SAC	piə↗w	pˈiɛ↗w	1	0	0	0
piê̂u	TONE_HOI	piə↓w	pˈi ˈe ˈu	0	0	0	0
piễu	TONE_NGA	piəʔ↗w	pˈiɛʔ↗w	1	0	0	0
piệu	TONE_NANG	piəʔ↓w	pˈiɛʔ↓w	1	0	0	0
piêm	TONE_NGANG	piə→m	pˈiɛm	0	0	0	0
piềm	TONE_HUYEN	piə↘m	pˈiɛ↘m	1	0	0	0
piếm	TONE_SAC	piə↗m	pˈiɛ↗m	1	0	0	0
piê̂m	TONE_HOI	piə↓m	pˈi ˈe mˈəː↘	0	0	0	0
piễm	TONE_NGA	piəʔ↗m	pˈiɛʔ↗m	1	0	0	0
piệm	TONE_NANG	piəʔ↓m	pˈiɛʔ↓m	1	0	0	0
piên	TONE_NGANG	piə→n	pˈiɛn	0	0	0	0
piền	TONE_HUYEN	piə↘n	pˈiɛ↘n	1	0	0	0
piến	TONE_SAC	piə↗n	pˈiɛ↗n	1	0	0	0
piê̂n	TONE_HOI	piə↓n	pˈi ˈe nˈəː↘	0	0	0	0
piễn	TONE_NGA	piəʔ↗n	pˈiɛʔ↗n	1	0	0	0
piện	TONE_NANG	piəʔ↓n	pˈiɛʔ↓n	1	0	0	0
piếp	TONE_SAC	piə↗p	pˈiɛ↗p	1	0	0	0
piệp	TONE_NANG	piəʔ↓p	pˈiɛʔ↓p	1	0	0	0
piết	TONE_SAC	piə↗t	pˈiɛ↗t	1	0	0	0
piệt	TONE_NANG	piəʔ↓t	pˈiɛʔ↓t	1	0	0	0
piêng	TONE_NGANG	piə→ŋ	pˈiɛŋ	0	0	0	0
piềng	TONE_HUYEN	piə↘ŋ	pˈiɛ↘ŋ	1	0	0	0
piếng	TONE_SAC	piə↗ŋ	pˈiɛ↗ŋ	1	0	0	0
piê̂ng	TONE_HOI	piə↓ŋ	pˈi ˈe ˌɛndʒˈiː	0	0	0	0
piễng	TONE_NGA	piəʔ↗ŋ	pˈiɛʔ↗ŋ	1	0	0	0
piệng	TONE_NANG	piəʔ↓ŋ	pˈiɛʔ↓ŋ	1	0	0	0
piênh	TONE_NGANG	piə→ɲ	pˈi ˈeɲ	0	0	0	0
piềnh	TONE_HUYEN	piə↘ɲ	pˈi ˈe↘ɲ	1	0	0	0
piếnh	TONE_SAC	piə↗ɲ	pˈi ˈe↗ɲ	1	0	0	0
piê̂nh	TONE_HOI	piə↓ɲ	pˈi ˈe ˌɛnˈeɪʧ	0	0	0	0
piễnh	TONE_NGA	piəʔ↗ɲ	pˈi ˈeʔ↗ɲ	1	0	0	0
piệnh	TONE_NANG	piəʔ↓ɲ	pˈi ˈeʔ↓ɲ	1	0	0	0
piếc	TONE_SAC	piə↗k	pˈiɛ↗c	1	0	0	0
piệc	TONE_NANG	piəʔ↓k	pˈiɛʔ↓c	1	0	0	0
piếch	TONE_SAC	piə↗k	pˈi ˈe↗c	1	0	0	0
piệch	TONE_NANG	piəʔ↓k	pˈi ˈeʔ↓c	1	0	0	0
pyê	TONE_NGANG	piə→	pˈi ˈe	0	0	0	0
pyề	TONE_HUYEN	piə↘	pˈi ˈe↘	1	0	0	0
pyế	TONE_SAC	piə↗	pˈi ˈe↗	1	0	0	0
pyê̂	TONE_HOI	piə↓	pˈi ˈe	0	0	0	0
pyễ	TONE_NGA	piəʔ↗	pˈi ˈeʔ↗	1	0	0	0
pyệ	TONE_NANG	piəʔ↓	pˈi ˈeʔ↓	1	0	0	0
pyêo	TONE_NGANG	piə→w	pˈi ˈeˈɔ	0	0	0	0
pyềo	TONE_HUYEN	piə↘w	pˈi ˈe↘ˈɔ	1	0	0	0
pyếo	TONE_SAC	piə↗w	pˈi ˈe↗ˈɔ	1	0	0	0
pyê̂o	TONE_HOI	piə↓w	pˈi ˈe ˈo	0	0	0	0
pyễo	TONE_NGA	piəʔ↗w	pˈi ˈeʔ↗ˈɔ	1	0	0	0
pyệo	TONE_NANG	piəʔ↓w	pˈi ˈeʔ↓ˈɔ	1	0	0	0
pyêu	TONE_NGANG	piə→w	pˈi ˈeˈu	0	0	0	0
pyều	TONE_HUYEN	piə↘w	pˈi ˈe↘ˈu	0	0	0	0
pyếu	TONE_SAC	piə↗w	pˈi ˈe↗ˈu	0	0	0	0
pyê̂u	TONE_HOI	piə↓w	pˈi ˈe ˈu	0	0	0	0
pyễu	TONE_NGA	piəʔ↗w	pˈi ˈeʔ↗ˈu	0	0	0	0
pyệu	TONE_NANG	piəʔ↓w	pˈi ˈeʔ↓ˈu	0	0	0	0
pyêm	TONE_NGANG	piə→m	pˈi ˈem	0	0	0	0
pyềm	TONE_HUYEN	piə↘m	pˈi ˈe↘m	1	0	0	0
pyếm	TONE_SAC	piə↗m	pˈi ˈe↗m	1	0	0	0
pyê̂m	TONE_HOI	piə↓m	pˈi ˈe mˈəː↘	0	0	0	0
pyễm	TONE_NGA	piəʔ↗m	pˈi ˈeʔ↗m	1	0	0	0
pyệm	TONE_NANG	piəʔ↓m	pˈi ˈeʔ↓m	1	0	0	0
pyên	TONE_NGANG	piə→n	pˈi ˈen	0	0	0	0
pyền	TONE_HUYEN	piə↘n	pˈi ˈe↘n	1	0	0	0
pyến	TONE_SAC	piə↗n	pˈi ˈe↗n	1	0	0	0
pyê̂n	TONE_HOI	piə↓n	pˈi ˈe nˈəː↘	0	0	0	0
pyễn	TONE_NGA	piəʔ↗n	pˈi ˈeʔ↗n	1	0	0	0
pyện	TONE_NANG	piəʔ↓n	pˈi ˈeʔ↓n	1	0	0	0
pyếp	TONE_SAC	piə↗p	pˈi ˈe↗p	1	0	0	0
pyệp	TONE_NANG	piəʔ↓p	pˈi ˈeʔ↓p	1	0	0	0
pyết	TONE_SAC	piə↗t	pˈi ˈe↗t	1	0	0	0
pyệt	TONE_NANG	piəʔ↓t	pˈi ˈeʔ↓t	1	0	0	0
pyêng	TONE_NGANG	piə→ŋ	pˈe ˈiɛŋ	0	0	0	0
pyềng	TONE_HUYEN	piə↘ŋ	pˈe ˈiɛ↘ŋ	1	0	0	0
pyếng	TONE_SAC	piə↗ŋ	pˈe ˈiɛ↗ŋ	1	0	0	0
pyê̂ng	TONE_HOI	piə↓ŋ	pˈi ˈe ˌɛndʒˈiː	0	0	0	0
pyễng	TONE_NGA	piəʔ↗ŋ	pˈe ˈiɛʔ↗ŋ	1	0	0	0
pyệng	TONE_NANG	piəʔ↓ŋ	pˈe ˈiɛʔ↓ŋ	1	0	0	0
pyênh	TONE_NGANG	piə→ɲ	pˈi ˈeɲ	0	0	0	0
pyềnh	TONE_HUYEN	piə↘ɲ	pˈi ˈe↘ɲ	1	0	0	0
pyếnh	TONE_SAC	piə↗ɲ	pˈi ˈe↗ɲ	1	0	0	0
pyê̂nh	TONE_HOI	piə↓ɲ	pˈi ˈe ˌɛnˈeɪʧ	0	0	0	0
pyễnh	TONE_NGA	piəʔ↗ɲ	pˈi ˈeʔ↗ɲ	1	0	0	0
pyệnh	TONE_NANG	piəʔ↓ɲ	pˈi ˈeʔ↓ɲ	1	0	0	0
pyếc	TONE_SAC	piə↗k	pˈi ˈe↗sˈe	0	0	0	0
pyệc	TONE_NANG	piəʔ↓k	pˈi ˈeʔ↓sˈe	0	0	0	0
pyếch	TONE_SAC	piə↗k	pˈi ˈe↗c	1	0	0	0
pyệch	TONE_NANG	piəʔ↓k	pˈi ˈeʔ↓c	1	0	0	0
pia	TONE_NGANG	piə→	pˈiə	0	0	0	0
pìa	TONE_HUYEN	piə↘	pˈiə↘	1	0	0	0
pía	TONE_SAC	piə↗	pˈiə↗	1	0	0	0
pîa	TONE_HOI	piə↓	pˈiə	0	0	0	0
pĩa	TONE_NGA	piəʔ↗	pˈiəʔ↗	1	0	0	0
pịa	TONE_NANG	piəʔ↓	pˈiəʔ↓	1	0	0	0
piao	TONE_NGANG	piə→w	pˈaɪəˌoʊ	0	0	0	0
pìao	TONE_HUYEN	piə↘w	pˈiə↘ ˈɔ	1	0	0	0
píao	TONE_SAC	piə↗w	pˈiə↗ ˈɔ	1	0	0	0
pîao	TONE_HOI	piə↓w	pˈaɪəˌoʊ	0	0	0	0
pĩao	TONE_NGA	piəʔ↗w	pˈiəʔ↗ ˈɔ	1	0	0	0
pịao	TONE_NANG	piəʔ↓w	pˈiəʔ↓ ˈɔ	1	0	0	0
piau	TONE_NGANG	piə→w	pˈiə jˈuː	0	0	0	0
pìau	TONE_HUYEN	piə↘w	pˈiə↘ ˈu	0	0	0	0
píau	TONE_SAC	piə↗w	pˈiə↗ ˈu	0	0	0	0
pîau	TONE_HOI	piə↓w	pˈiə jˈuː	0	0	0	0
pĩau	TONE_NGA	piəʔ↗w	pˈiəʔ↗ ˈu	0	0	0	0
pịau	TONE_NANG	piəʔ↓w	pˈiəʔ↓ ˈu	0	0	0	0
piam	TONE_NGANG	piə→m	pˈiəm	0	0	0	0
pìam	TONE_HUYEN	piə↘m	pˈi↘ ˈaːm	0	0	0	0
píam	TONE_SAC	piə↗m	pˈi↗ ˈaːm	0	0	0	0
pîam	TONE_HOI	piə↓m	pˈiəm	0	0	0	0
pĩam	TONE_NGA	piəʔ↗m	pˈiʔ↗ ˈaːm	0	0	0	0
pịam	TONE_NANG	piəʔ↓m	pˈiʔ↓ ˈaːm	0	0	0	0
pian	TONE_NGANG	piə→n	pˈaɪən	0	0	0	0
pìan	TONE_HUYEN	piə↘n	pˈi↘ ˈaːn	0	0	0	0
pían	TONE_SAC	piə↗n	pˈi↗ ˈaːn	0	0	0	0
pîan	TONE_HOI	piə↓n	pˈaɪən	0	0	0	0
pĩan	TONE_NGA	piəʔ↗n	pˈiʔ↗ ˈaːn	0	0	0	0
pịan	TONE_NANG	piəʔ↓n	pˈiʔ↓ ˈaːn	0	0	0	0
píap	TONE_SAC	piə↗p	pˈi↗ ˈaː↗p	0	0	0	0
pịap	TONE_NANG	piəʔ↓p	pˈiʔ↓ ˈaː↗p	0	0	0	0
píat	TONE_SAC	piə↗t	pˈi↗ ˈaː↗t	0	0	0	0
pịat	TONE_NANG	piəʔ↓t	pˈiʔ↓ ˈaː↗t	0	0	0	0
piang	TONE_NGANG	piə→ŋ	pjˈæŋ	0	0	0	0
pìang	TONE_HUYEN	piə↘ŋ	pˈi↘ ˈaːŋ	0	0	0	0
píang	TONE_SAC	piə↗ŋ	pˈi↗ ˈaːŋ	0	0	0	0
pîang	TONE_HOI	piə↓ŋ	pjˈæŋ	0	0	0	0
pĩang	TONE_NGA	piəʔ↗ŋ	pˈiʔ↗ ˈaːŋ	0	0	0	0
pịang	TONE_NANG	piəʔ↓ŋ	pˈiʔ↓ ˈaːŋ	0	0	0	0
pianh	TONE_NGANG	piə→ɲ	pˈi ˈæɲ	0	0	0	0
pìanh	TONE_HUYEN	piə↘ɲ	pˈi↘ ˈæɲ	0	0	0	0
píanh	TONE_SAC	piə↗ɲ	pˈi↗ ˈæɲ	0	0	0	0
pîanh	TONE_HOI	piə↓ɲ	pˈi ˈæɲ	0	0	0	0
pĩanh	TONE_NGA	piəʔ↗ɲ	pˈiʔ↗ ˈæɲ	0	0	0	0
pịanh	TONE_NANG	piəʔ↓ɲ	pˈiʔ↓ ˈæɲ	0	0	0	0
píac	TONE_SAC	piə↗k	pˈi↗ ˈaː↗c	0	0	0	0
pịac	TONE_NANG	piəʔ↓k	pˈiʔ↓ ˈaː↗c	0	0	0	0
píach	TONE_SAC	piə↗k	pˈi↗ ˈæ↗c	0	0	0	0
pịach	TONE_NANG	piəʔ↓k	pˈiʔ↓ ˈæ↗c	0	0	0	0
pya	TONE_NGANG	piə→	pˈaɪə	0	0	0	0
pỳa	TONE_HUYEN	piə↘	pˈi↘ ˈaː	0	0	0	0
pýa	TONE_SAC	piə↗	pˈi↗ ˈaː	0	0	0	0
pŷa	TONE_HOI	piə↓	pˈaɪə	0	0	0	0
pỹa	TONE_NGA	piəʔ↗	pˈiʔ↗ ˈaː	0	0	0	0
pỵa	TONE_NANG	piəʔ↓	pˈiʔ↓ ˈaː	0	0	0	0
pyao	TONE_NGANG	piə→w	pˈaɪə ˈoʊ	0	0	0	0
pỳao	TONE_HUYEN	piə↘w	pˈi↘ ˈaːˈɔ	0	0	0	0
pýao	TONE_SAC	piə↗w	pˈi↗ ˈaːˈɔ	0	0	0	0
pŷao	TONE_HOI	piə↓w	pˈaɪə ˈoʊ	0	0	0	0
pỹao	TONE_NGA	piəʔ↗w	pˈiʔ↗ ˈaːˈɔ	0	0	0	0
pỵao	TONE_NANG	piəʔ↓w	pˈiʔ↓ ˈaːˈɔ	0	0	0	0
pyau	TONE_NGANG	piə→w	pˈaɪə jˈuː	0	0	0	0
pỳau	TONE_HUYEN	piə↘w	pˈi↘ ˈaːˈu	0	0	0	0
pýau	TONE_SAC	piə↗w	pˈi↗ ˈaːˈu	0	0	0	0
pŷau	TONE_HOI	piə↓w	pˈaɪə jˈuː	0	0	0	0
pỹau	TONE_NGA	piəʔ↗w	pˈiʔ↗ ˈaːˈu	0	0	0	0
pỵau	TONE_NANG	piəʔ↓w	pˈiʔ↓ ˈaːˈu	0	0	0	0
pyam	TONE_NGANG	piə→m	pˈi æm	0	0	0	0
pỳam	TONE_HUYEN	piə↘m	pˈi↘ ˈaːm	0	0	0	0
pýam	TONE_SAC	piə↗m	pˈi↗ ˈaːm	0	0	0	0
pŷam	TONE_HOI	piə↓m	pˈi æm	0	0	0	0
pỹam	TONE_NGA	piəʔ↗m	pˈiʔ↗ ˈaːm	0	0	0	0
pỵam	TONE_NANG	piəʔ↓m	pˈiʔ↓ ˈaːm	0	0	0	0
pyan	TONE_NGANG	piə→n	pˈaɪən	0	0	0	0
pỳan	TONE_HUYEN	piə↘n	pˈi↘ ˈaːn	0	0	0	0
pýan	TONE_SAC	piə↗n	pˈi↗ ˈaːn	0	0	0	0
pŷan	TONE_HOI	piə↓n	pˈaɪən	0	0	0	0
pỹan	TONE_NGA	piəʔ↗n	pˈiʔ↗ ˈaːn	0	0	0	0
pỵan	TONE_NANG	piəʔ↓n	pˈiʔ↓ ˈaːn	0	0	0	0
pýap	TONE_SAC	piə↗p	pˈi↗ ˈaː↗p	0	0	0	0
pỵap	TONE_NANG	piəʔ↓p	pˈiʔ↓ ˈaː↗p	0	0	0	0
pýat	TONE_SAC	piə↗t	pˈi↗ ˈaː↗t	0	0	0	0
pỵat	TONE_NANG	piəʔ↓t	pˈiʔ↓ ˈaː↗t	0	0	0	0
pyang	TONE_NGANG	piə→ŋ	pjˈɑːŋ	0	0	0	0
pỳang	TONE_HUYEN	piə↘ŋ	pˈi↘ ˈaːŋ	0	0	0	0
pýang	TONE_SAC	piə↗ŋ	pˈi↗ ˈaːŋ	0	0	0	0
pŷang	TONE_HOI	piə↓ŋ	pjˈɑːŋ	0	0	0	0
pỹang	TONE_NGA	piəʔ↗ŋ	pˈiʔ↗ ˈaːŋ	0	0	0	0
pỵang	TONE_NANG	piəʔ↓ŋ	pˈiʔ↓ ˈaːŋ	0	0	0	0
pyanh	TONE_NGANG	piə→ɲ	pˈi ˈæɲ	0	0	0	0
pỳanh	TONE_HUYEN	piə↘ɲ	pˈi↘ ˈæɲ	0	0	0	0
pýanh	TONE_SAC	piə↗ɲ	pˈi↗ ˈæɲ	0	0	0	0
pŷanh	TONE_HOI	piə↓ɲ	pˈi ˈæɲ	0	0	0	0
pỹanh	TONE_NGA	piəʔ↗ɲ	pˈiʔ↗ ˈæɲ	0	0	0	0
pỵanh	TONE_NANG	piəʔ↓ɲ	pˈiʔ↓ ˈæɲ	0	0	0	0
pýac	TONE_SAC	piə↗k	pˈi↗ ˈaː↗c	0	0	0	0
pỵac	TONE_NANG	piəʔ↓k	pˈiʔ↓ ˈaː↗c	0	0	0	0
pýach	TONE_SAC	piə↗k	pˈi↗ ˈæ↗c	0	0	0	0
pỵach	TONE_NANG	piəʔ↓k	pˈiʔ↓ ˈæ↗c	0	0	0	0
pươ	TONE_NGANG	pɨə→	pˈy ˈəː	0	0	0	0
pườ	TONE_HUYEN	pɨə↘	pˈy ˈəː↘	1	0	0	0
pướ	TONE_SAC	pɨə↗	pˈy ˈəː↗	1	0	0	0
pươ̂	TONE_HOI	pɨə↓	pˈy ˈəː	0	0	0	0
pưỡ	TONE_NGA	pɨəʔ↗	pˈy ˈəːʔ↗	1	0	0	0
pượ	TONE_NANG	pɨəʔ↓	pˈy ˈəːʔ↓	1	0	0	0
pươi	TONE_NGANG	pɨə→j	pˈyəj	0	0	0	0
pười	TONE_HUYEN	pɨə↘j	pˈyə↘j	1	0	0	0
pưới	TONE_SAC	pɨə↗j	pˈyə↗j	1	0	0	0
pươ̂i	TONE_HOI	pɨə↓j	pˈy ˈəː ˈi	0	0	0	0
pưỡi	TONE_NGA	pɨəʔ↗j	pˈyəʔ↗j	1	0	0	0
pượi	TONE_NANG	pɨəʔ↓j	pˈyəʔ↓j	1	0	0	0
pươy	TONE_NGANG	pɨə→j	pˈy ˈəːˈi	0	0	0	0
pườy	TONE_HUYEN	pɨə↘j	pˈy ˈəː↘ˈi	0	0	0	0
pướy	TONE_SAC	pɨə↗j	pˈy ˈəː↗ˈi	0	0	0	0
pươ̂y	TONE_HOI	pɨə↓j	pˈy ˈəː ˈi	0	0	0	0
pưỡy	TONE_NGA	pɨəʔ↗j	pˈy ˈəːʔ↗ˈi	0	0	0	0
pượy	TONE_NANG	pɨəʔ↓j	pˈy ˈəːʔ↓ˈi	0	0	0	0
pươo	TONE_NGANG	pɨə→w	pˈy ˈəːˈɔ	0	0	0	0
pườo	TONE_HUYEN	pɨə↘w	pˈy ˈəː↘ˈɔ	1	0	0	0
pướo	TONE_SAC	pɨə↗w	pˈy ˈəː↗ˈɔ	1	0	0	0
pươ̂o	TONE_HOI	pɨə↓w	pˈy ˈəː ˈo	0	0	0	0
pưỡo	TONE_NGA	pɨəʔ↗w	pˈy ˈəːʔ↗ˈɔ	1	0	0	0
pượo	TONE_NANG	pɨəʔ↓w	pˈy ˈəːʔ↓ˈɔ	1	0	0	0
pươu	TONE_NGANG	pɨə→w	pˈyəw	0	0	0	0
pườu	TONE_HUYEN	pɨə↘w	pˈyə↘w	1	0	0	0
pướu	TONE_SAC	pɨə↗w	pˈyə↗w	1	0	0	0
pươ̂u	TONE_HOI	pɨə↓w	pˈy ˈəː ˈu	0	0	0	0
pưỡu	TONE_NGA	pɨəʔ↗w	pˈyəʔ↗w	1	0	0	0
pượu	TONE_NANG	pɨəʔ↓w	pˈyəʔ↓w	1	0	0	0
pươm	TONE_NGANG	pɨə→m	pˈyəm	0	0	0	0
pườm	TONE_HUYEN	pɨə↘m	pˈyə↘m	1	0	0	0
pướm	TONE_SAC	pɨə↗m	pˈyə↗m	1	0	0	0
pươ̂m	TONE_HOI	pɨə↓m	pˈy ˈəː mˈəː↘	0	0	0	0
pưỡm	TONE_NGA	pɨəʔ↗m	pˈyəʔ↗m	1	0	0	0
pượm	TONE_NANG	pɨəʔ↓m	pˈyəʔ↓m	1	0	0	0
pướp	TONE_SAC	pɨə↗p	pˈyə↗p	1	0	0	0
pượp	TONE_NANG	pɨəʔ↓p	pˈyəʔ↓p	1	0	0	0
pướt	TONE_SAC	pɨə↗t	pˈyə↗t	1	0	0	0
pượt	TONE_NANG	pɨəʔ↓t	pˈyəʔ↓t	1	0	0	0
pương	TONE_NGANG	pɨə→ŋ	pˈyəŋ	0	0	0	0
pường	TONE_HUYEN	pɨə↘ŋ	pˈyə↘ŋ	1	0	0	0
pướng	TONE_SAC	pɨə↗ŋ	pˈyə↗ŋ	1	0	0	0
pươ̂ng	TONE_HOI	pɨə↓ŋ	pˈy ˈəː ˌɛndʒˈiː	0	0	0	0
pưỡng	TONE_NGA	pɨəʔ↗ŋ	pˈyəʔ↗ŋ	1	0	0	0
pượng	TONE_NANG	pɨəʔ↓ŋ	pˈyəʔ↓ŋ	1	0	0	0
pước	TONE_SAC	pɨə↗k	pˈyə↗c	1	0	0	0
pược	TONE_NANG	pɨəʔ↓k	pˈyəʔ↓c	1	0	0	0
pướch	TONE_SAC	pɨə↗k	pˈyə↗c hˈa↗t	0	0	0	0
pượch	TONE_NANG	pɨəʔ↓k	pˈyəʔ↓c hˈa↗t	0	0	0	0
pưa	TONE_NGANG	pɨə→	pˈyə	0	0	0	0
pừa	TONE_HUYEN	pɨə↘	pˈyə↘	1	0	0	0
pứa	TONE_SAC	pɨə↗	pˈyə↗	1	0	0	0
pư̂a	TONE_HOI	pɨə↓	pˈy ˈaː	0	0	0	0
pữa	TONE_NGA	pɨəʔ↗	pˈyəʔ↗	1	0	0	0
pựa	TONE_NANG	pɨəʔ↓	pˈyəʔ↓	1	0	0	0
pưai	TONE_NGANG	pɨə→j	pˈyə ˈi	0	0	0	0
pừai	TONE_HUYEN	pɨə↘j	pˈyə↘ ˈi	0	0	0	0
pứai	TONE_SAC	pɨə↗j	pˈyə↗ ˈi	0	0	0	0
pư̂ai	TONE_HOI	pɨə↓j	pˈy ˈaːj	0	0	0	0
pữai	TONE_NGA	pɨəʔ↗j	pˈyəʔ↗ ˈi	0	0	0	0
pựai	TONE_NANG	pɨəʔ↓j	pˈyəʔ↓ ˈi	0	0	0	0
pưay	TONE_NGANG	pɨə→j	pˈyə ˈi	0	0	0	0
pừay	TONE_HUYEN	pɨə↘j	pˈyə↘ ˈi	0	0	0	0
pứay	TONE_SAC	pɨə↗j	pˈyə↗ ˈi	0	0	0	0
pư̂ay	TONE_HOI	pɨə↓j	pˈy ˈaj	0	0	0	0
pữay	TONE_NGA	pɨəʔ↗j	pˈyəʔ↗ ˈi	0	0	0	0
pựay	TONE_NANG	pɨəʔ↓j	pˈyəʔ↓ ˈi	0	0	0	0
pưao	TONE_NGANG	pɨə→w	pˈyə ˈɔ	0	0	0	0
pừao	TONE_HUYEN	pɨə↘w	pˈyə↘ ˈɔ	1	0	0	0
pứao	TONE_SAC	pɨə↗w	pˈyə↗ ˈɔ	1	0	0	0
pư̂ao	TONE_HOI	pɨə↓w	pˈy ˈaːw	0	0	0	0
pữao	TONE_NGA	pɨəʔ↗w	pˈyəʔ↗ ˈɔ	1	0	0	0
pựao	TONE_NANG	pɨəʔ↓w	pˈyəʔ↓ ˈɔ	1	0	0	0
pưau	TONE_NGANG	pɨə→w	pˈyə ˈu	0	0	0	0
pừau	TONE_HUYEN	pɨə↘w	pˈyə↘ ˈu	0	0	0	0
pứau	TONE_SAC	pɨə↗w	pˈyə↗ ˈu	0	0	0	0
pư̂au	TONE_HOI	pɨə↓w	pˈy ˈaw	0	0	0	0
pữau	TONE_NGA	pɨəʔ↗w	pˈyəʔ↗ ˈu	0	0	0	0
pựau	TONE_NANG	pɨəʔ↓w	pˈyəʔ↓ ˈu	0	0	0	0
pưam	TONE_NGANG	pɨə→m	pˈy ˈaːm	0	0	0	0
pừam	TONE_HUYEN	pɨə↘m	pˈy↘ ˈaːm	0	0	0	0
pứam	TONE_SAC	pɨə↗m	pˈy↗ ˈaːm	0	0	0	0
pư̂am	TONE_HOI	pɨə↓m	pˈy ˈaːm	0	0	0	0
pữam	TONE_NGA	pɨəʔ↗m	pˈyʔ↗ ˈaːm	0	0	0	0
pựam	TONE_NANG	pɨəʔ↓m	pˈyʔ↓ ˈaːm	0	0	0	0
pứap	TONE_SAC	pɨə↗p	pˈy↗ ˈaː↗p	0	0	0	0
pựap	TONE_NANG	pɨəʔ↓p	pˈyʔ↓ ˈaː↗p	0	0	0	0
pứat	TONE_SAC	pɨə↗t	pˈy↗ ˈaː↗t	0	0	0	0
pựat	TONE_NANG	pɨəʔ↓t	pˈyʔ↓ ˈaː↗t	0	0	0	0
pưang	TONE_NGANG	pɨə→ŋ	pˈy ˈaːŋ	0	0	0	0
pừang	TONE_HUYEN	pɨə↘ŋ	pˈy↘ ˈaːŋ	0	0	0	0
pứang	TONE_SAC	pɨə↗ŋ	pˈy↗ ˈaːŋ	0	0	0	0
pư̂ang	TONE_HOI	pɨə↓ŋ	pˈy ˈaːŋ	0	0	0	0
pữang	TONE_NGA	pɨəʔ↗ŋ	pˈyʔ↗ ˈaːŋ	0	0	0	0
pựang	TONE_NANG	pɨəʔ↓ŋ	pˈyʔ↓ ˈaːŋ	0	0	0	0
pứac	TONE_SAC	pɨə↗k	pˈy↗ ˈaː↗c	0	0	0	0
pựac	TONE_NANG	pɨəʔ↓k	pˈyʔ↓ ˈaː↗c	0	0	0	0
pứach	TONE_SAC	pɨə↗k	pˈy↗ ˈæ↗c	0	0	0	0
pựach	TONE_NANG	pɨəʔ↓k	pˈyʔ↓ ˈæ↗c	0	0	0	0
puô	TONE_NGANG	puə→	pˈu ˈo	0	0	0	0
puồ	TONE_HUYEN	puə↘	pˈu ˈo↘	1	0	0	0
puố	TONE_SAC	puə↗	pˈu ˈo↗	1	0	0	0
puô̂	TONE_HOI	puə↓	pˈu ˈo	0	0	0	0
puỗ	TONE_NGA	puəʔ↗	pˈu ˈoʔ↗	1	0	0	0
puộ	TONE_NANG	puəʔ↓	pˈu ˈoʔ↓	1	0	0	0
puôi	TONE_NGANG	puə→j	pˈuəj	0	0	0	0
puồi	TONE_HUYEN	puə↘j	pˈuə↘j	1	0	0	0
puối	TONE_SAC	puə↗j	pˈuə↗j	1	0	0	0
puô̂i	TONE_HOI	puə↓j	pˈu ˈo ˈi	0	0	0	0
puỗi	TONE_NGA	puəʔ↗j	pˈuəʔ↗j	1	0	0	0
puội	TONE_NANG	puəʔ↓j	pˈuəʔ↓j	1	0	0	0
puôy	TONE_NGANG	puə→j	pˈu ˈoˈi	0	0	0	0
puồy	TONE_HUYEN	puə↘j	pˈu ˈo↘ˈi	0	0	0	0
puốy	TONE_SAC	puə↗j	pˈu ˈo↗ˈi	0	0	0	0
puô̂y	TONE_HOI	puə↓j	pˈu ˈo ˈi	0	0	0	0
puỗy	TONE_NGA	puəʔ↗j	pˈu ˈoʔ↗ˈi	0	0	0	0
puộy	TONE_NANG	puəʔ↓j	pˈu ˈoʔ↓ˈi	0	0	0	0
puôn	TONE_NGANG	puə→n	pˈuən	0	0	0	0
puồn	TONE_HUYEN	puə↘n	pˈuə↘n	1	0	0	0
puốn	TONE_SAC	puə↗n	pˈuə↗n	1	0	0	0
puô̂n	TONE_HOI	puə↓n	pˈu ˈo nˈəː↘	0	0	0	0
puỗn	TONE_NGA	puəʔ↗n	pˈuəʔ↗n	1	0	0	0
puộn	TONE_NANG	puəʔ↓n	pˈuəʔ↓n	1	0	0	0
puốp	TONE_SAC	puə↗p	pˈuə↗p	1	0	0	0
puộp	TONE_NANG	puəʔ↓p	pˈuəʔ↓p	1	0	0	0
puốt	TONE_SAC	puə↗t	pˈuə↗t	1	0	0	0
puột	TONE_NANG	puəʔ↓t	pˈuəʔ↓t	1	0	0	0
puông	TONE_NGANG	puə→ŋ	pˈuəŋ	0	0	0	0
puồng	TONE_HUYEN	puə↘ŋ	pˈuə↘ŋ	1	0	0	0
puống	TONE_SAC	puə↗ŋ	pˈuə↗ŋ	1	0	0	0
puô̂ng	TONE_HOI	puə↓ŋ	pˈu ˈo ˌɛndʒˈiː	0	0	0	0
puỗng	TONE_NGA	puəʔ↗ŋ	pˈuəʔ↗ŋ	1	0	0	0
puộng	TONE_NANG	puəʔ↓ŋ	pˈuəʔ↓ŋ	1	0	0	0
puốc	TONE_SAC	puə↗k	pˈuə↗c	1	0	0	0
puộc	TONE_NANG	puəʔ↓k	pˈuəʔ↓c	1	0	0	0
puốch	TONE_SAC	puə↗k	pˈuə↗c hˈa↗t	0	0	0	0
puộch	TONE_NANG	puəʔ↓k	pˈuəʔ↓c hˈa↗t	0	0	0	0
pua	TONE_NGANG	puə→	pˈuə	0	0	0	0
pùa	TONE_HUYEN	puə↘	pˈuə↘	1	0	0	0
púa	TONE_SAC	puə↗	pˈuə↗	1	0	0	0
pûa	TONE_HOI	puə↓	pˈuə	0	0	0	0
pũa	TONE_NGA	puəʔ↗	pˈuəʔ↗	1	0	0	0
pụa	TONE_NANG	puəʔ↓	pˈuəʔ↓	1	0	0	0
puai	TONE_NGANG	puə→j	pˈuə ˈaɪ	0	0	0	0
pùai	TONE_HUYEN	puə↘j	pˈuə↘ ˈi	0	0	0	0
púai	TONE_SAC	puə↗j	pˈuə↗ ˈi	0	0	0	0
pûai	TONE_HOI	puə↓j	pˈuə ˈaɪ	0	0	0	0
pũai	TONE_NGA	puəʔ↗j	pˈuəʔ↗ ˈi	0	0	0	0
pụai	TONE_NANG	puəʔ↓j	pˈuəʔ↓ ˈi	0	0	0	0
puay	TONE_NGANG	puə→j	pˈuə wˈaɪ	0	0	0	0
pùay	TONE_HUYEN	puə↘j	pˈuə↘ ˈi	0	0	0	0
púay	TONE_SAC	puə↗j	pˈuə↗ ˈi	0	0	0	0
pûay	TONE_HOI	puə↓j	pˈuə wˈaɪ	0	0	0	0
pũay	TONE_NGA	puəʔ↗j	pˈuəʔ↗ ˈi	0	0	0	0
pụay	TONE_NANG	puəʔ↓j	pˈuəʔ↓ ˈi	0	0	0	0
pao	TONE_NGANG	paː→w	pˈaːw	0	0	0	0
pào	TONE_HUYEN	paː↘w	pˈaː↘w	1	0	0	0
páo	TONE_SAC	paː↗w	pˈaː↗w	1	0	0	0
pâo	TONE_HOI	paː↓w	pˈeˌeɪsˈ↗ːkəmflˌɛksˈɔ	0	0	0	0
pão	TONE_NGA	paːʔ↗w	pˈaːʔ↗w	1	0	0	0
pạo	TONE_NANG	paːʔ↓w	pˈaːʔ↓w	1	0	0	0
pau	TONE_NGANG	pa→w	pˈaw	0	0	0	0
pàu	TONE_HUYEN	pa↘w	pˈa↘w	1	0	0	0
páu	TONE_SAC	pa↗w	pˈa↗w	1	0	0	0
pâu	TONE_HOI	pa↓w	pˈə→w	0	0	0	0
pãu	TONE_NGA	paʔ↗w	pˈaʔ↗w	1	0	0	0
pạu	TONE_NANG	paʔ↓w	pˈaʔ↓w	1	0	0	0
puan	TONE_NGANG	puə→n	pjˈuːæn	0	0	0	0
pùan	TONE_HUYEN	puə↘n	pˈu↘ ˈaːn	0	0	0	0
púan	TONE_SAC	puə↗n	pˈu↗ ˈaːn	0	0	0	0
pûan	TONE_HOI	puə↓n	pjˈuːæn	0	0	0	0
pũan	TONE_NGA	puəʔ↗n	pˈuʔ↗ ˈaːn	0	0	0	0
pụan	TONE_NANG	puəʔ↓n	pˈuʔ↓ ˈaːn	0	0	0	0
púap	TONE_SAC	puə↗p	pˈu↗ ˈaː↗p	0	0	0	0
pụap	TONE_NANG	puəʔ↓p	pˈuʔ↓ ˈaː↗p	0	0	0	0
púat	TONE_SAC	puə↗t	pˈu↗ ˈaː↗t	0	0	0	0
pụat	TONE_NANG	puəʔ↓t	pˈuʔ↓ ˈaː↗t	0	0	0	0
puang	TONE_NGANG	puə→ŋ	pˈu ˈaːŋ	0	0	0	0
pùang	TONE_HUYEN	puə↘ŋ	pˈu↘ ˈaːŋ	0	0	0	0
púang	TONE_SAC	puə↗ŋ	pˈu↗ ˈaːŋ	0	0	0	0
pûang	TONE_HOI	puə↓ŋ	pˈu ˈaːŋ	0	0	0	0
pũang	TONE_NGA	puəʔ↗ŋ	pˈuʔ↗ ˈaːŋ	0	0	0	0
pụang	TONE_NANG	puəʔ↓ŋ	pˈuʔ↓ ˈaːŋ	0	0	0	0
panh	TONE_NGANG	paː→ɲ	pˈæɲ	0	0	0	1
pành	TONE_HUYEN	paː↘ɲ	pˈæ↘ɲ	1	0	0	1
pánh	TONE_SAC	paː↗ɲ	pˈæ↗ɲ	1	0	0	1
pânh	TONE_HOI	paː↓ɲ	pˈən hˈa↗t	0	0	0	1
pãnh	TONE_NGA	paːʔ↗ɲ	pˈæʔ↗ɲ	1	0	0	1
pạnh	TONE_NANG	paːʔ↓ɲ	pˈæʔ↓ɲ	1	0	0	1
púac	TONE_SAC	puə↗k	pˈu↗ ˈaː↗c	0	0	0	0
pụac	TONE_NANG	puəʔ↓k	pˈuʔ↓ ˈaː↗c	0	0	0	0
púach	TONE_SAC	puə↗k	pˈu↗ ˈæ↗c	0	0	0	0
pụach	TONE_NANG	puəʔ↓k	pˈuʔ↓ ˈæ↗c	0	0	0	0
pa	TONE_NGANG	paː→	pˈɑː	0	0	0	0
pà	TONE_HUYEN	paː↘	pˈaː↘	1	0	0	0
pá	TONE_SAC	paː↗	pˈaː↗	1	0	0	0
pâ	TONE_HOI	paː↓	pˈeˌeɪsˈ↗ːkəmflˌɛks	0	0	0	0
pã	TONE_NGA	paːʔ↗	pˈaːʔ↗	1	0	0	0
pạ	TONE_NANG	paːʔ↓	pˈaːʔ↓	1	0	0	0
pai	TONE_NGANG	paː→j	pˈaːj	0	0	0	0
pài	TONE_HUYEN	paː↘j	pˈaː↘j	1	0	0	0
pái	TONE_SAC	paː↗j	pˈaː↗j	1	0	0	0
pâi	TONE_HOI	paː↓j	pˈeˌeɪsˈ↗ːkəmflˌɛksˈi	0	0	0	0
pãi	TONE_NGA	paːʔ↗j	pˈaːʔ↗j	1	0	0	0
pại	TONE_NANG	paːʔ↓j	pˈaːʔ↓j	1	0	0	0
pay	TONE_NGANG	pa→j	pˈeɪ	0	0	0	0
pày	TONE_HUYEN	pa↘j	pˈa↘j	1	0	0	0
páy	TONE_SAC	pa↗j	pˈa↗j	1	0	0	0
pây	TONE_HOI	pa↓j	pˈəɪ	0	0	0	0
pãy	TONE_NGA	paʔ↗j	pˈaʔ↗j	1	0	0	0
pạy	TONE_NANG	paʔ↓j	pˈaʔ↓j	1	0	0	0
pao	TONE_NGANG	paː→w	pˈaːw	0	0	0	0
pào	TONE_HUYEN	paː↘w	pˈaː↘w	1	0	0	0
páo	TONE_SAC	paː↗w	pˈaː↗w	1	0	0	0
pâo	TONE_HOI	paː↓w	pˈeˌeɪsˈ↗ːkəmflˌɛksˈɔ	0	0	0	0
pão	TONE_NGA	paːʔ↗w	pˈaːʔ↗w	1	0	0	0
pạo	TONE_NANG	paːʔ↓w	pˈaːʔ↓w	1	0	0	0
pau	TONE_NGANG	pa→w	pˈaw	0	0	0	0
pàu	TONE_HUYEN	pa↘w	pˈa↘w	1	0	0	0
páu	TONE_SAC	pa↗w	pˈa↗w	1	0	0	0
pâu	TONE_HOI	pa↓w	pˈə→w	0	0	0	0
pãu	TONE_NGA	paʔ↗w	pˈaʔ↗w	1	0	0	0
pạu	TONE_NANG	paʔ↓w	pˈaʔ↓w	1	0	0	0
pam	TONE_NGANG	paː→m	pˈæm	0	0	0	0
pàm	TONE_HUYEN	paː↘m	pˈaː↘m	1	0	0	0
pám	TONE_SAC	paː↗m	pˈaː↗m	1	0	0	0
pâm	TONE_HOI	paː↓m	pˈəm	0	0	0	0
pãm	TONE_NGA	paːʔ↗m	pˈaːʔ↗m	1	0	0	0
pạm	TONE_NANG	paːʔ↓m	pˈaːʔ↓m	1	0	0	0
pan	TONE_NGANG	paː→n	pˈæn	0	0	0	0
pàn	TONE_HUYEN	paː↘n	pˈaː↘n	1	0	0	0
pán	TONE_SAC	paː↗n	pˈaː↗n	1	0	0	0
pân	TONE_HOI	paː↓n	pˈən	0	0	0	0
pãn	TONE_NGA	paːʔ↗n	pˈaːʔ↗n	1	0	0	0
pạn	TONE_NANG	paːʔ↓n	pˈaːʔ↓n	1	0	0	0
páp	TONE_SAC	paː↗p	pˈaː↗p	1	0	0	0
pạp	TONE_NANG	paːʔ↓p	pˈaːʔ↓p	1	0	0	0
pát	TONE_SAC	paː↗t	pˈaː↗t	1	0	0	0
pạt	TONE_NANG	paːʔ↓t	pˈaːʔ↓t	1	0	0	0
pang	TONE_NGANG	paː→ŋ	pˈaŋ	0	0	0	0
pàng	TONE_HUYEN	paː↘ŋ	pˈaː↘ŋ	1	0	0	0
páng	TONE_SAC	paː↗ŋ	pˈaː↗ŋ	1	0	0	0
pâng	TONE_HOI	paː↓ŋ	pˈəŋ	0	0	0	0
pãng	TONE_NGA	paːʔ↗ŋ	pˈaːʔ↗ŋ	1	0	0	0
pạng	TONE_NANG	paːʔ↓ŋ	pˈaːʔ↓ŋ	1	0	0	0
panh	TONE_NGANG	paː→ɲ	pˈæɲ	0	0	0	1
pành	TONE_HUYEN	paː↘ɲ	pˈæ↘ɲ	1	0	0	1
pánh	TONE_SAC	paː↗ɲ	pˈæ↗ɲ	1	0	0	1
pânh	TONE_HOI	paː↓ɲ	pˈən hˈa↗t	0	0	0	1
pãnh	TONE_NGA	paːʔ↗ɲ	pˈæʔ↗ɲ	1	0	0	1
pạnh	TONE_NANG	paːʔ↓ɲ	pˈæʔ↓ɲ	1	0	0	1
pác	TONE_SAC	paː↗k	pˈaː↗c	1	0	0	0
pạc	TONE_NANG	paːʔ↓k	pˈaːʔ↓c	1	0	0	0
pách	TONE_SAC	pa↗k	pˈæ↗c	1	0	0	0
pạch	TONE_NANG	paʔ↓k	pˈæʔ↓c	1	0	0	0
pă	TONE_NGANG	pa→	pˈeă	0	1	0	0
pằ	TONE_HUYEN	pa↘	pˈeằ	0	1	0	0
pắ	TONE_SAC	pa↗	pˈeắ	0	1	0	0
pă̂	TONE_HOI	pa↓	pˈeă	0	1	0	0
pẵ	TONE_NGA	paʔ↗	pˈeẵ	0	1	0	0
pặ	TONE_NANG	paʔ↓	pˈeặ	0	1	0	0
păm	TONE_NGANG	pa→m	pˈam	0	0	0	0
pằm	TONE_HUYEN	pa↘m	pˈa↘m	1	0	0	0
pắm	TONE_SAC	pa↗m	pˈa↗m	1	0	0	0
pă̂m	TONE_HOI	pa↓m	pˈeă mˈəː↘	0	1	0	0
pẵm	TONE_NGA	paʔ↗m	pˈaʔ↗m	1	0	0	0
pặm	TONE_NANG	paʔ↓m	pˈaʔ↓m	1	0	0	0
păn	TONE_NGANG	pa→n	pˈan	0	0	0	0
pằn	TONE_HUYEN	pa↘n	pˈa↘n	1	0	0	0
pắn	TONE_SAC	pa↗n	pˈa↗n	1	0	0	0
pă̂n	TONE_HOI	pa↓n	pˈeă nˈəː↘	0	1	0	0
pẵn	TONE_NGA	paʔ↗n	pˈaʔ↗n	1	0	0	0
pặn	TONE_NANG	paʔ↓n	pˈaʔ↓n	1	0	0	0
pắp	TONE_SAC	pa↗p	pˈa↗p	1	0	0	0
pặp	TONE_NANG	paʔ↓p	pˈaʔ↓p	1	0	0	0
pắt	TONE_SAC	pa↗t	pˈa↗t	1	0	0	0
pặt	TONE_NANG	paʔ↓t	pˈaʔ↓t	1	0	0	0
păng	TONE_NGANG	pa→ŋ	pˈaŋ	0	0	0	0
pằng	TONE_HUYEN	pa↘ŋ	pˈa↘ŋ	1	0	0	0
pắng	TONE_SAC	pa↗ŋ	pˈa↗ŋ	1	0	0	0
pă̂ng	TONE_HOI	pa↓ŋ	pˈeă ˌɛndʒˈiː	0	1	0	0
pẵng	TONE_NGA	paʔ↗ŋ	pˈaʔ↗ŋ	1	0	0	0
pặng	TONE_NANG	paʔ↓ŋ	pˈaʔ↓ŋ	1	0	0	0
pắc	TONE_SAC	pa↗k	pˈa↗c	1	0	0	0
pặc	TONE_NANG	paʔ↓k	pˈaʔ↓c	1	0	0	0
pắch	TONE_SAC	pa↗k	pˈa↗c hˈa↗t	0	0	0	0
pặch	TONE_NANG	paʔ↓k	pˈaʔ↓c hˈa↗t	0	0	0	0
pâ	TONE_NGANG	pə→	pˈeˌeɪsˈ↗ːkəmflˌɛks	0	0	0	0
pầ	TONE_HUYEN	pə↘	pˈeầ	0	1	0	0
pấ	TONE_SAC	pə↗	pˈeấ	0	1	0	0
pâ̂	TONE_HOI	pə↓	pˈeˌeɪsˈ↗ːkəmflˌɛks	0	0	0	0
pẫ	TONE_NGA	pəʔ↗	pˈeẫ	0	1	0	0
pậ	TONE_NANG	pəʔ↓	pˈeậ	0	1	0	0
pâi	TONE_NGANG	pə→j	pˈeˌeɪsˈ↗ːkəmflˌɛksˈi	0	0	0	0
pầi	TONE_HUYEN	pə↘j	pˈeầˈi	0	1	0	0
pấi	TONE_SAC	pə↗j	pˈeấˈi	0	1	0	0
pâ̂i	TONE_HOI	pə↓j	pˈeˌeɪsˈ↗ːkəmflˌɛks ˈi	0	0	0	0
pẫi	TONE_NGA	pəʔ↗j	pˈeẫˈi	0	1	0	0
pậi	TONE_NANG	pəʔ↓j	pˈeậˈi	0	1	0	0
pây	TONE_NGANG	pə→j	pˈəɪ	0	0	0	0
pầy	TONE_HUYEN	pə↘j	pˈəɪ↘	1	0	0	0
pấy	TONE_SAC	pə↗j	pˈəɪ↗	1	0	0	0
pâ̂y	TONE_HOI	pə↓j	pˈeˌeɪsˈ↗ːkəmflˌɛks ˈi	0	0	0	0
pẫy	TONE_NGA	pəʔ↗j	pˈəɪʔ↗	1	0	0	0
pậy	TONE_NANG	pəʔ↓j	pˈəɪʔ↓	1	0	0	0
pâo	TONE_NGANG	pə→w	pˈeˌeɪsˈ↗ːkəmflˌɛksˈɔ	0	0	0	0
pầo	TONE_HUYEN	pə↘w	pˈeầˈɔ	0	1	0	0
pấo	TONE_SAC	pə↗w	pˈeấˈɔ	0	1	0	0
pâ̂o	TONE_HOI	pə↓w	pˈeˌeɪsˈ↗ːkəmflˌɛks ˈo	0	0	0	0
pẫo	TONE_NGA	pəʔ↗w	pˈeẫˈɔ	0	1	0	0
pậo	TONE_NANG	pəʔ↓w	pˈeậˈɔ	0	1	0	0
pâu	TONE_NGANG	pə→w	pˈə→w	1	0	0	0
pầu	TONE_HUYEN	pə↘w	pˈə↘w	1	0	0	0
pấu	TONE_SAC	pə↗w	pˈə↗w	1	0	0	0
pâ̂u	TONE_HOI	pə↓w	pˈeˌeɪsˈ↗ːkəmflˌɛks ˈu	0	0	0	0
pẫu	TONE_NGA	pəʔ↗w	pˈəʔ↗w	1	0	0	0
pậu	TONE_NANG	pəʔ↓w	pˈəʔ↓w	1	0	0	0
pâm	TONE_NGANG	pə→m	pˈəm	0	0	0	0
pầm	TONE_HUYEN	pə↘m	pˈə↘m	1	0	0	0
pấm	TONE_SAC	pə↗m	pˈə↗m	1	0	0	0
pâ̂m	TONE_HOI	pə↓m	pˈeˌeɪsˈ↗ːkəmflˌɛks mˈəː↘	0	0	0	0
pẫm	TONE_NGA	pəʔ↗m	pˈəʔ↗m	1	0	0	0
pậm	TONE_NANG	pəʔ↓m	pˈəʔ↓m	1	0	0	0
pân	TONE_NGANG	pə→n	pˈən	0	0	0	0
pần	TONE_HUYEN	pə↘n	pˈə↘n	1	0	0	0
pấn	TONE_SAC	pə↗n	pˈə↗n	1	0	0	0
pâ̂n	TONE_HOI	pə↓n	pˈeˌeɪsˈ↗ːkəmflˌɛks nˈəː↘	0	0	0	0
pẫn	TONE_NGA	pəʔ↗n	pˈəʔ↗n	1	0	0	0
pận	TONE_NANG	pəʔ↓n	pˈəʔ↓n	1	0	0	0
pấp	TONE_SAC	pə↗p	pˈə↗p	1	0	0	0
pập	TONE_NANG	pəʔ↓p	pˈəʔ↓p	1	0	0	0
pất	TONE_SAC	pə↗t	pˈə↗t	1	0	0	0
pật	TONE_NANG	pəʔ↓t	pˈəʔ↓t	1	0	0	0
pâng	TONE_NGANG	pə→ŋ	pˈəŋ	0	0	0	0
pầng	TONE_HUYEN	pə↘ŋ	pˈə↘ŋ	1	0	0	0
pấng	TONE_SAC	pə↗ŋ	pˈə↗ŋ	1	0	0	0
pâ̂ng	TONE_HOI	pə↓ŋ	pˈeˌeɪsˈ↗ːkəmflˌɛks ˌɛndʒˈiː	0	0	0	0
pẫng	TONE_NGA	pəʔ↗ŋ	pˈəʔ↗ŋ	1	0	0	0
pậng	TONE_NANG	pəʔ↓ŋ	pˈəʔ↓ŋ	1	0	0	0
pấc	TONE_SAC	pə↗k	pˈə↗c	1	0	0	0
pậc	TONE_NANG	pəʔ↓k	pˈəʔ↓c	1	0	0	0
pấch	TONE_SAC	pə↗k	pˈə↗c hˈa↗t	0	0	0	0
pậch	TONE_NANG	pəʔ↓k	pˈəʔ↓c hˈa↗t	0	0	0	0
pe	TONE_NGANG	pɛ→	pˈɛ	0	0	0	0
pè	TONE_HUYEN	pɛ↘	pˈɛ↘	1	0	0	0
pé	TONE_SAC	pɛ↗	pˈɛ↗	1	0	0	0
pê	TONE_HOI	pɛ↓	pˈe	0	0	0	0
pẽ	TONE_NGA	pɛʔ↗	pˈɛʔ↗	1	0	0	0
pẹ	TONE_NANG	pɛʔ↓	pˈɛʔ↓	1	0	0	0
peo	TONE_NGANG	pɛ→w	pˈɛw	0	0	0	0
pèo	TONE_HUYEN	pɛ↘w	pˈɛ↘w	1	0	0	0
péo	TONE_SAC	pɛ↗w	pˈɛ↗w	1	0	0	0
pêo	TONE_HOI	pɛ↓w	pˈe ˈɔ	0	0	0	0
pẽo	TONE_NGA	pɛʔ↗w	pˈɛʔ↗w	1	0	0	0
pẹo	TONE_NANG	pɛʔ↓w	pˈɛʔ↓w	1	0	0	0
peu	TONE_NGANG	pɛ→w	pjˈuː	0	0	0	0
pèu	TONE_HUYEN	pɛ↘w	pˈɛ↘ ˈu	0	0	0	0
péu	TONE_SAC	pɛ↗w	pˈɛ↗ ˈu	0	0	0	0
pêu	TONE_HOI	pɛ↓w	pˈe→w	0	0	0	0
pẽu	TONE_NGA	pɛʔ↗w	pˈɛʔ↗ ˈu	0	0	0	0
pẹu	TONE_NANG	pɛʔ↓w	pˈɛʔ↓ ˈu	0	0	0	0
pem	TONE_NGANG	pɛ→m	pˈɛm	0	0	0	0
pèm	TONE_HUYEN	pɛ↘m	pˈɛ↘m	1	0	0	0
pém	TONE_SAC	pɛ↗m	pˈɛ↗m	1	0	0	0
pêm	TONE_HOI	pɛ↓m	pˈem	0	0	0	0
pẽm	TONE_NGA	pɛʔ↗m	pˈɛʔ↗m	1	0	0	0
pẹm	TONE_NANG	pɛʔ↓m	pˈɛʔ↓m	1	0	0	0
pen	TONE_NGANG	pɛ→n	pˈɛn	0	0	0	0
pèn	TONE_HUYEN	pɛ↘n	pˈɛ↘n	1	0	0	0
pén	TONE_SAC	pɛ↗n	pˈɛ↗n	1	0	0	0
pên	TONE_HOI	pɛ↓n	pˈen	0	0	0	0
pẽn	TONE_NGA	pɛʔ↗n	pˈɛʔ↗n	1	0	0	0
pẹn	TONE_NANG	pɛʔ↓n	pˈɛʔ↓n	1	0	0	0
pép	TONE_SAC	pɛ↗p	pˈɛ↗p	1	0	0	0
pẹp	TONE_NANG	pɛʔ↓p	pˈɛʔ↓p	1	0	0	0
pét	TONE_SAC	pɛ↗t	pˈɛ↗t	1	0	0	0
pẹt	TONE_NANG	pɛʔ↓t	pˈɛʔ↓t	1	0	0	0
peng	TONE_NGANG	pɛ→ŋ	pˈɛŋ	0	0	0	0
pèng	TONE_HUYEN	pɛ↘ŋ	pˈɛ↘ŋ	1	0	0	0
péng	TONE_SAC	pɛ↗ŋ	pˈɛ↗ŋ	1	0	0	0
pêng	TONE_HOI	pɛ↓ŋ	pˈen ðˈe→	0	0	0	0
pẽng	TONE_NGA	pɛʔ↗ŋ	pˈɛʔ↗ŋ	1	0	0	0
pẹng	TONE_NANG	pɛʔ↓ŋ	pˈɛʔ↓ŋ	1	0	0	0
péc	TONE_SAC	pɛ↗k	pˈɛ↗c	1	0	0	0
pẹc	TONE_NANG	pɛʔ↓k	pˈɛʔ↓c	1	0	0	0
péch	TONE_SAC	pɛ↗k	pˈɛ↗c hˈa↗t	0	0	0	0
pẹch	TONE_NANG	pɛʔ↓k	pˈɛʔ↓c hˈa↗t	0	0	0	0
pê	TONE_NGANG	pe→	pˈe	0	0	0	0
pề	TONE_HUYEN	pe↘	pˈe↘	1	0	0	0
pế	TONE_SAC	pe↗	pˈe↗	1	0	0	0
pê̂	TONE_HOI	pe↓	pˈe	0	0	0	0
pễ	TONE_NGA	peʔ↗	pˈeʔ↗	1	0	0	0
pệ	TONE_NANG	peʔ↓	pˈeʔ↓	1	0	0	0
pêo	TONE_NGANG	pe→w	pˈe ˈɔ	0	0	0	0
pềo	TONE_HUYEN	pe↘w	pˈe↘ ˈɔ	1	0	0	0
pếo	TONE_SAC	pe↗w	pˈe↗ ˈɔ	1	0	0	0
pê̂o	TONE_HOI	pe↓w	pˈe ˈo	0	0	0	0
pễo	TONE_NGA	peʔ↗w	pˈeʔ↗ ˈɔ	1	0	0	0
pệo	TONE_NANG	peʔ↓w	pˈeʔ↓ ˈɔ	1	0	0	0
pêu	TONE_NGANG	pe→w	pˈe→w	1	0	0	0
pều	TONE_HUYEN	pe↘w	pˈe↘w	1	0	0	0
pếu	TONE_SAC	pe↗w	pˈe↗w	1	0	0	0
pê̂u	TONE_HOI	pe↓w	pˈe ˈu	0	0	0	0
pễu	TONE_NGA	peʔ↗w	pˈeʔ↗w	1	0	0	0
pệu	TONE_NANG	peʔ↓w	pˈeʔ↓w	1	0	0	0
pêm	TONE_NGANG	pe→m	pˈem	0	0	0	0
pềm	TONE_HUYEN	pe↘m	pˈe↘m	1	0	0	0
pếm	TONE_SAC	pe↗m	pˈe↗m	1	0	0	0
pê̂m	TONE_HOI	pe↓m	pˈe mˈəː↘	0	0	0	0
pễm	TONE_NGA	peʔ↗m	pˈeʔ↗m	1	0	0	0
pệm	TONE_NANG	peʔ↓m	pˈeʔ↓m	1	0	0	0
pên	TONE_NGANG	pe→n	pˈen	0	0	0	0
pền	TONE_HUYEN	pe↘n	pˈe↘n	1	0	0	0
pến	TONE_SAC	pe↗n	pˈe↗n	1	0	0	0
pê̂n	TONE_HOI	pe↓n	pˈe nˈəː↘	0	0	0	0
pễn	TONE_NGA	peʔ↗n	pˈeʔ↗n	1	0	0	0
pện	TONE_NANG	peʔ↓n	pˈeʔ↓n	1	0	0	0
pếp	TONE_SAC	pe↗p	pˈe↗p	1	0	0	0
pệp	TONE_NANG	peʔ↓p	pˈeʔ↓p	1	0	0	0
pết	TONE_SAC	pe↗t	pˈe↗t	1	0	0	0
pệt	TONE_NANG	peʔ↓t	pˈeʔ↓t	1	0	0	0
pênh	TONE_NGANG	pe→ɲ	pˈeɲ	0	0	0	0
pềnh	TONE_HUYEN	pe↘ɲ	pˈe↘ɲ	1	0	0	0
pếnh	TONE_SAC	pe↗ɲ	pˈe↗ɲ	1	0	0	0
pê̂nh	TONE_HOI	pe↓ɲ	pˈe ˌɛnˈeɪʧ	0	0	0	0
pễnh	TONE_NGA	peʔ↗ɲ	pˈeʔ↗ɲ	1	0	0	0
pệnh	TONE_NANG	peʔ↓ɲ	pˈeʔ↓ɲ	1	0	0	0
pếc	TONE_SAC	pe↗k	pˈe↗ sˈe	0	0	0	0
pệc	TONE_NANG	peʔ↓k	pˈeʔ↓ sˈe	0	0	0	0
pếch	TONE_SAC	pe↗k	pˈe↗c	1	0	0	0
pệch	TONE_NANG	peʔ↓k	pˈeʔ↓c	1	0	0	0
pi	TONE_NGANG	pi→	pˈi	0	0	0	0
pì	TONE_HUYEN	pi↘	pˈi↘	1	0	0	0
pí	TONE_SAC	pi↗	pˈi↗	1	0	0	0
pî	TONE_HOI	pi↓	pˈi	0	0	0	0
pĩ	TONE_NGA	piʔ↗	pˈiʔ↗	1	0	0	0
pị	TONE_NANG	piʔ↓	pˈiʔ↓	1	0	0	0
pio	TONE_NGANG	pi→w	pˈiːoʊ	0	0	0	0
pìo	TONE_HUYEN	pi↘w	pˈi↘ ˈɔ	1	0	0	0
pío	TONE_SAC	pi↗w	pˈiːoʊ	0	0	0	0
pîo	TONE_HOI	pi↓w	pˈiːoʊ	0	0	0	0
pĩo	TONE_NGA	piʔ↗w	pˈiʔ↗ ˈɔ	1	0	0	0
pịo	TONE_NANG	piʔ↓w	pˈiʔ↓ ˈɔ	1	0	0	0
piu	TONE_NGANG	pi→w	pˈiw	0	0	0	0
pìu	TONE_HUYEN	pi↘w	pˈi↘w	1	0	0	0
píu	TONE_SAC	pi↗w	pˈi↗w	1	0	0	0
pîu	TONE_HOI	pi↓w	pˈiw	0	0	0	0
pĩu	TONE_NGA	piʔ↗w	pˈiʔ↗w	1	0	0	0
pịu	TONE_NANG	piʔ↓w	pˈiʔ↓w	1	0	0	0
pim	TONE_NGANG	pi→m	pˈim	0	0	0	0
pìm	TONE_HUYEN	pi↘m	pˈi↘m	1	0	0	0
pím	TONE_SAC	pi↗m	pˈi↗m	1	0	0	0
pîm	TONE_HOI	pi↓m	pˈim	0	0	0	0
pĩm	TONE_NGA	piʔ↗m	pˈiʔ↗m	1	0	0	0
pịm	TONE_NANG	piʔ↓m	pˈiʔ↓m	1	0	0	0
pin	TONE_NGANG	pi→n	pˈɪn	0	0	0	0
pìn	TONE_HUYEN	pi↘n	pˈi↘n	1	0	0	0
pín	TONE_SAC	pi↗n	pˈi↗n	1	0	0	0
pîn	TONE_HOI	pi↓n	pˈɪn	0	0	0	0
pĩn	TONE_NGA	piʔ↗n	pˈiʔ↗n	1	0	0	0
pịn	TONE_NANG	piʔ↓n	pˈiʔ↓n	1	0	0	0
píp	TONE_SAC	pi↗p	pˈi↗p	1	0	0	0
pịp	TONE_NANG	piʔ↓p	pˈiʔ↓p	1	0	0	0
pít	TONE_SAC	pi↗t	pˈi↗t	1	0	0	0
pịt	TONE_NANG	piʔ↓t	pˈiʔ↓t	1	0	0	0
pinh	TONE_NGANG	pi→ɲ	pˈiɲ	0	0	0	1
pình	TONE_HUYEN	pi↘ɲ	pˈi↘ɲ	1	0	0	1
pính	TONE_SAC	pi↗ɲ	pˈi↗ɲ	1	0	0	1
pînh	TONE_HOI	pi↓ɲ	pˈiɲ	0	0	0	1
pĩnh	TONE_NGA	piʔ↗ɲ	pˈiʔ↗ɲ	1	0	0	1
pịnh	TONE_NANG	piʔ↓ɲ	pˈiʔ↓ɲ	1	0	0	1
píc	TONE_SAC	pi↗k	pˈi↗ sˈe	0	0	0	0
pịc	TONE_NANG	piʔ↓k	pˈiʔ↓ sˈe	0	0	0	0
pích	TONE_SAC	pi↗k	pˈi↗c	1	0	0	0
pịch	TONE_NANG	piʔ↓k	pˈiʔ↓c	1	0	0	0
py	TONE_NGANG	pi→	pˈi	0	0	0	0
pỳ	TONE_HUYEN	pi↘	pˈi↘	1	0	0	0
pý	TONE_SAC	pi↗	pˈi↗	1	0	0	0
pŷ	TONE_HOI	pi↓	pˈi	0	0	0	0
pỹ	TONE_NGA	piʔ↗	pˈiʔ↗	1	0	0	0
pỵ	TONE_NANG	piʔ↓	pˈiʔ↓	1	0	0	0
pyo	TONE_NGANG	pi→w	pˈaɪoʊ	0	0	0	0
pỳo	TONE_HUYEN	pi↘w	pˈi↘ ˈɔ	1	0	0	0
pýo	TONE_SAC	pi↗w	pˈi↗ ˈɔ	1	0	0	0
pŷo	TONE_HOI	pi↓w	pˈaɪoʊ	0	0	0	0
pỹo	TONE_NGA	piʔ↗w	pˈiʔ↗ ˈɔ	1	0	0	0
pỵo	TONE_NANG	piʔ↓w	pˈiʔ↓ ˈɔ	1	0	0	0
pyu	TONE_NGANG	pi→w	pˈaɪuː	0	0	0	0
pỳu	TONE_HUYEN	pi↘w	pˈi↘ ˈu	0	0	0	0
pýu	TONE_SAC	pi↗w	pˈi↗ ˈu	0	0	0	0
pŷu	TONE_HOI	pi↓w	pˈaɪuː	0	0	0	0
pỹu	TONE_NGA	piʔ↗w	pˈiʔ↗ ˈu	0	0	0	0
pỵu	TONE_NANG	piʔ↓w	pˈiʔ↓ ˈu	0	0	0	0
pym	TONE_NGANG	pi→m	pˈɪm	0	0	0	0
pỳm	TONE_HUYEN	pi↘m	pˈi↘ ˈməː↘	0	0	0	0
pým	TONE_SAC	pi↗m	pˈi↗ ˈməː↘	0	0	0	0
pŷm	TONE_HOI	pi↓m	pˈɪm	0	0	0	0
pỹm	TONE_NGA	piʔ↗m	pˈiʔ↗ ˈməː↘	0	0	0	0
pỵm	TONE_NANG	piʔ↓m	pˈiʔ↓ ˈməː↘	0	0	0	0
pyn	TONE_NGANG	pi→n	pˈɪn	0	0	0	0
pỳn	TONE_HUYEN	pi↘n	pˈi↘ ˈɛnəː↘	0	0	0	0
pýn	TONE_SAC	pi↗n	pˈi↗ ˈɛnəː↘	0	0	0	0
pŷn	TONE_HOI	pi↓n	pˈɪn	0	0	0	0
pỹn	TONE_NGA	piʔ↗n	pˈiʔ↗ ˈɛnəː↘	0	0	0	0
pỵn	TONE_NANG	piʔ↓n	pˈiʔ↓ ˈɛnəː↘	0	0	0	0
pýp	TONE_SAC	pi↗p	pˈi↗ pˈe	0	0	0	0
pỵp	TONE_NANG	piʔ↓p	pˈiʔ↓ pˈe	0	0	0	0
pýt	TONE_SAC	pi↗t	pˈi↗ tˈe	0	0	0	0
pỵt	TONE_NANG	piʔ↓t	pˈiʔ↓ tˈe	0	0	0	0
pynh	TONE_NGANG	pi→ɲ	pˈiː ˈɪn	0	0	0	0
pỳnh	TONE_HUYEN	pi↘ɲ	pˈi↘ ˈɛnəː↘hˈa↗t	0	0	0	0
pýnh	TONE_SAC	pi↗ɲ	pˈi↗ ˈɛnəː↘hˈa↗t	0	0	0	0
pŷnh	TONE_HOI	pi↓ɲ	pˈiː ˈɪn	0	0	0	0
pỹnh	TONE_NGA	piʔ↗ɲ	pˈiʔ↗ ˈɛnəː↘hˈa↗t	0	0	0	0
pỵnh	TONE_NANG	piʔ↓ɲ	pˈiʔ↓ ˈɛnəː↘hˈa↗t	0	0	0	0
pýc	TONE_SAC	pi↗k	pˈi↗ sˈe	0	0	0	0
pỵc	TONE_NANG	piʔ↓k	pˈiʔ↓ sˈe	0	0	0	0
pých	TONE_SAC	pi↗k	pˈi↗ sˈehˈa↗t	0	0	0	0
pỵch	TONE_NANG	piʔ↓k	pˈiʔ↓ sˈehˈa↗t	0	0	0	0
po	TONE_NGANG	pɔ→	pˈɔ	0	0	0	0
pò	TONE_HUYEN	pɔ↘	pˈɔ↘	1	0	0	0
pó	TONE_SAC	pɔ↗	pˈɔ↗	1	0	0	0
pô	TONE_HOI	pɔ↓	pˈo	0	0	0	0
põ	TONE_NGA	pɔʔ↗	pˈɔʔ↗	1	0	0	0
pọ	TONE_NANG	pɔʔ↓	pˈɔʔ↓	1	0	0	0
poi	TONE_NGANG	pɔ→j	pˈɔɪ	0	0	0	0
pòi	TONE_HUYEN	pɔ↘j	pˈɔ↘j	1	0	0	0
pói	TONE_SAC	pɔ↗j	pˈɔ↗j	1	0	0	0
pôi	TONE_HOI	pɔ↓j	pˈoj	0	0	0	0
põi	TONE_NGA	pɔʔ↗j	pˈɔʔ↗j	1	0	0	0
pọi	TONE_NANG	pɔʔ↓j	pˈɔʔ↓j	1	0	0	0
poy	TONE_NGANG	pɔ→j	pˈɔɪ	0	0	0	0
pòy	TONE_HUYEN	pɔ↘j	pˈɔ↘ ˈi	0	0	0	0
póy	TONE_SAC	pɔ↗j	pˈɔ↗ ˈi	0	0	0	0
pôy	TONE_HOI	pɔ↓j	pˈo ˈi	0	0	0	0
põy	TONE_NGA	pɔʔ↗j	pˈɔʔ↗ ˈi	0	0	0	0
pọy	TONE_NANG	pɔʔ↓j	pˈɔʔ↓ ˈi	0	0	0	0
pom	TONE_NGANG	pɔ→m	pˈɑːm	0	0	0	0
pòm	TONE_HUYEN	pɔ↘m	pˈɔ↘m	1	0	0	0
póm	TONE_SAC	pɔ↗m	pˈɔ↗m	1	0	0	0
pôm	TONE_HOI	pɔ↓m	pˈom	0	0	0	0
põm	TONE_NGA	pɔʔ↗m	pˈɔʔ↗m	1	0	0	0
pọm	TONE_NANG	pɔʔ↓m	pˈɔʔ↓m	1	0	0	0
pon	TONE_NGANG	pɔ→n	pˈɑːn	0	0	0	0
pòn	TONE_HUYEN	pɔ↘n	pˈɔ↘n	1	0	0	0
pón	TONE_SAC	pɔ↗n	pˈɔ↗n	1	0	0	0
pôn	TONE_HOI	pɔ↓n	pˈon	0	0	0	0
põn	TONE_NGA	pɔʔ↗n	pˈɔʔ↗n	1	0	0	0
pọn	TONE_NANG	pɔʔ↓n	pˈɔʔ↓n	1	0	0	0
póp	TONE_SAC	pɔ↗p	pˈɔ↗p	1	0	0	0
pọp	TONE_NANG	pɔʔ↓p	pˈɔʔ↓p	1	0	0	0
pót	TONE_SAC	pɔ↗t	pˈɔ↗t	1	0	0	0
pọt	TONE_NANG	pɔʔ↓t	pˈɔʔ↓t	1	0	0	0
pong	TONE_NGANG	pɔ→ŋ	pˈɑːŋ	0	0	0	0
pòng	TONE_HUYEN	pɔ↘ŋ	pˈɔ↘ŋ	1	0	0	0
póng	TONE_SAC	pɔ↗ŋ	pˈɔ↗ŋ	1	0	0	0
pông	TONE_HOI	pɔ↓ŋ	pˈoŋ	0	0	0	0
põng	TONE_NGA	pɔʔ↗ŋ	pˈɔʔ↗ŋ	1	0	0	0
pọng	TONE_NANG	pɔʔ↓ŋ	pˈɔʔ↓ŋ	1	0	0	0
póc	TONE_SAC	pɔ↗k	pˈɔ↗k	1	0	0	0
pọc	TONE_NANG	pɔʔ↓k	pˈɔʔ↓k	1	0	0	0
póch	TONE_SAC	pɔ↗k	pˈɔ↗k hˈa↗t	0	0	0	0
pọch	TONE_NANG	pɔʔ↓k	pˈɔʔ↓k hˈa↗t	0	0	0	0
pô	TONE_NGANG	po→	pˈo	0	0	0	0
pồ	TONE_HUYEN	po↘	pˈo↘	1	0	0	0
pố	TONE_SAC	po↗	pˈo↗	1	0	0	0
pô̂	TONE_HOI	po↓	pˈo	0	0	0	0
pỗ	TONE_NGA	poʔ↗	pˈoʔ↗	1	0	0	0
pộ	TONE_NANG	poʔ↓	pˈoʔ↓	1	0	0	0
pôi	TONE_NGANG	po→j	pˈoj	0	0	0	0
pồi	TONE_HUYEN	po↘j	pˈo↘j	1	0	0	0
pối	TONE_SAC	po↗j	pˈo↗j	1	0	0	0
pô̂i	TONE_HOI	po↓j	pˈo ˈi	0	0	0	0
pỗi	TONE_NGA	poʔ↗j	pˈoʔ↗j	1	0	0	0
pội	TONE_NANG	poʔ↓j	pˈoʔ↓j	1	0	0	0
pôy	TONE_NGANG	po→j	pˈo ˈi	0	0	0	0
pồy	TONE_HUYEN	po↘j	pˈo↘ ˈi	0	0	0	0
pốy	TONE_SAC	po↗j	pˈo↗ ˈi	0	0	0	0
pô̂y	TONE_HOI	po↓j	pˈo ˈi	0	0	0	0
pỗy	TONE_NGA	poʔ↗j	pˈoʔ↗ ˈi	0	0	0	0
pộy	TONE_NANG	poʔ↓j	pˈoʔ↓ ˈi	0	0	0	0
pôm	TONE_NGANG	po→m	pˈom	0	0	0	0
pồm	TONE_HUYEN	po↘m	pˈo↘m	1	0	0	0
pốm	TONE_SAC	po↗m	pˈo↗m	1	0	0	0
pô̂m	TONE_HOI	po↓m	pˈo mˈəː↘	0	0	0	0
pỗm	TONE_NGA	poʔ↗m	pˈoʔ↗m	1	0	0	0
pộm	TONE_NANG	poʔ↓m	pˈoʔ↓m	1	0	0	0
pôn	TONE_NGANG	po→n	pˈon	0	0	0	0
pồn	TONE_HUYEN	po↘n	pˈo↘n	1	0	0	0
pốn	TONE_SAC	po↗n	pˈo↗n	1	0	0	0
pô̂n	TONE_HOI	po↓n	pˈo nˈəː↘	0	0	0	0
pỗn	TONE_NGA	poʔ↗n	pˈoʔ↗n	1	0	0	0
pộn	TONE_NANG	poʔ↓n	pˈoʔ↓n	1	0	0	0
pốp	TONE_SAC	po↗p	pˈo↗p	1	0	0	0
pộp	TONE_NANG	poʔ↓p	pˈoʔ↓p	1	0	0	0
pốt	TONE_SAC	po↗t	pˈo↗t	1	0	0	0
pột	TONE_NANG	poʔ↓t	pˈoʔ↓t	1	0	0	0
pông	TONE_NGANG	po→ŋ	pˈoŋ	0	0	0	0
pồng	TONE_HUYEN	po↘ŋ	pˈo↘ŋ	1	0	0	0
pống	TONE_SAC	po↗ŋ	pˈo↗ŋ	1	0	0	0
pô̂ng	TONE_HOI	po↓ŋ	pˈo ˌɛndʒˈiː	0	0	0	0
pỗng	TONE_NGA	poʔ↗ŋ	pˈoʔ↗ŋ	1	0	0	0
pộng	TONE_NANG	poʔ↓ŋ	pˈoʔ↓ŋ	1	0	0	0
pốc	TONE_SAC	po↗k	pˈo↗k	1	0	0	0
pộc	TONE_NANG	poʔ↓k	pˈoʔ↓k	1	0	0	0
pốch	TONE_SAC	po↗k	pˈo↗k hˈa↗t	0	0	0	0
pộch	TONE_NANG	poʔ↓k	pˈoʔ↓k hˈa↗t	0	0	0	0
pơ	TONE_NGANG	pəː→	pˈəː	0	0	0	0
pờ	TONE_HUYEN	pəː↘	pˈəː↘	1	0	0	0
pớ	TONE_SAC	pəː↗	pˈəː↗	1	0	0	0
pơ̂	TONE_HOI	pəː↓	pˈəː	0	0	0	0
pỡ	TONE_NGA	pəːʔ↗	pˈəːʔ↗	1	0	0	0
pợ	TONE_NANG	pəːʔ↓	pˈəːʔ↓	1	0	0	0
pơi	TONE_NGANG	pəː→j	pˈəːj	0	0	0	0
pời	TONE_HUYEN	pəː↘j	pˈəː↘j	1	0	0	0
pới	TONE_SAC	pəː↗j	pˈəː↗j	1	0	0	0
pơ̂i	TONE_HOI	pəː↓j	pˈəː ˈi	0	0	0	0
pỡi	TONE_NGA	pəːʔ↗j	pˈəːʔ↗j	1	0	0	0
pợi	TONE_NANG	pəːʔ↓j	pˈəːʔ↓j	1	0	0	0
pơy	TONE_NGANG	pəː→j	pˈəː ˈi	0	0	0	0
pờy	TONE_HUYEN	pəː↘j	pˈəː↘ ˈi	0	0	0	0
pớy	TONE_SAC	pəː↗j	pˈəː↗ ˈi	0	0	0	0
pơ̂y	TONE_HOI	pəː↓j	pˈəː ˈi	0	0	0	0
pỡy	TONE_NGA	pəːʔ↗j	pˈəːʔ↗ ˈi	0	0	0	0
pợy	TONE_NANG	pəːʔ↓j	pˈəːʔ↓ ˈi	0	0	0	0
pơm	TONE_NGANG	pəː→m	pˈəːm	0	0	0	0
pờm	TONE_HUYEN	pəː↘m	pˈəː↘m	1	0	0	0
pớm	TONE_SAC	pəː↗m	pˈəː↗m	1	0	0	0
pơ̂m	TONE_HOI	pəː↓m	pˈəː mˈəː↘	0	0	0	0
pỡm	TONE_NGA	pəːʔ↗m	pˈəːʔ↗m	1	0	0	0
pợm	TONE_NANG	pəːʔ↓m	pˈəːʔ↓m	1	0	0	0
pơn	TONE_NGANG	pəː→n	pˈəːn	0	0	0	0
pờn	TONE_HUYEN	pəː↘n	pˈəː↘n	1	0	0	0
pớn	TONE_SAC	pəː↗n	pˈəː↗n	1	0	0	0
pơ̂n	TONE_HOI	pəː↓n	pˈəː nˈəː↘	0	0	0	0
pỡn	TONE_NGA	pəːʔ↗n	pˈəːʔ↗n	1	0	0	0
pợn	TONE_NANG	pəːʔ↓n	pˈəːʔ↓n	1	0	0	0
pớp	TONE_SAC	pəː↗p	pˈəː↗p	1	0	0	0
pợp	TONE_NANG	pəːʔ↓p	pˈəːʔ↓p	1	0	0	0
pớt	TONE_SAC	pəː↗t	pˈəː↗t	1	0	0	0
pợt	TONE_NANG	pəːʔ↓t	pˈəːʔ↓t	1	0	0	0
pớc	TONE_SAC	pəː↗k	pˈəː↗ sˈe	0	0	0	0
pợc	TONE_NANG	pəːʔ↓k	pˈəːʔ↓ sˈe	0	0	0	0
pớch	TONE_SAC	pəː↗k	pˈəː↗ sˈehˈa↗t	0	0	0	0
pợch	TONE_NANG	pəːʔ↓k	pˈəːʔ↓ sˈehˈa↗t	0	0	0	0
pu	TONE_NGANG	pu→	pˈu	0	0	0	0
pù	TONE_HUYEN	pu↘	pˈu↘	1	0	0	0
pú	TONE_SAC	pu↗	pˈu↗	1	0	0	0
pû	TONE_HOI	pu↓	pˈu	0	0	0	0
pũ	TONE_NGA	puʔ↗	pˈuʔ↗	1	0	0	0
pụ	TONE_NANG	puʔ↓	pˈuʔ↓	1	0	0	0
pui	TONE_NGANG	pu→j	pˈuj	0	0	0	0
pùi	TONE_HUYEN	pu↘j	pˈu↘j	1	0	0	0
púi	TONE_SAC	pu↗j	pˈu↗j	1	0	0	0
pûi	TONE_HOI	pu↓j	pˈuj	0	0	0	0
pũi	TONE_NGA	puʔ↗j	pˈuʔ↗j	1	0	0	0
pụi	TONE_NANG	puʔ↓j	pˈuʔ↓j	1	0	0	0
puy	TONE_NGANG	pu→j	pwˈi	0	0	0	0
pùy	TONE_HUYEN	pu↘j	pˈu↘ ˈi	0	0	0	0
púy	TONE_SAC	pu↗j	pˈu↗ ˈi	0	0	0	0
pûy	TONE_HOI	pu↓j	pwˈi	0	0	0	0
pũy	TONE_NGA	puʔ↗j	pˈuʔ↗ ˈi	0	0	0	0
pụy	TONE_NANG	puʔ↓j	pˈuʔ↓ ˈi	0	0	0	0
pum	TONE_NGANG	pu→m	pˈum	0	0	0	0
pùm	TONE_HUYEN	pu↘m	pˈu↘m	1	0	0	0
púm	TONE_SAC	pu↗m	pˈu↗m	1	0	0	0
pûm	TONE_HOI	pu↓m	pˈum	0	0	0	0
pũm	TONE_NGA	puʔ↗m	pˈuʔ↗m	1	0	0	0
pụm	TONE_NANG	puʔ↓m	pˈuʔ↓m	1	0	0	0
pun	TONE_NGANG	pu→n	pˈʌn	0	0	0	0
pùn	TONE_HUYEN	pu↘n	pˈu↘n	1	0	0	0
pún	TONE_SAC	pu↗n	pˈu↗n	1	0	0	0
pûn	TONE_HOI	pu↓n	pˈʌn	0	0	0	0
pũn	TONE_NGA	puʔ↗n	pˈuʔ↗n	1	0	0	0
pụn	TONE_NANG	puʔ↓n	pˈuʔ↓n	1	0	0	0
púp	TONE_SAC	pu↗p	pˈu↗p	1	0	0	0
pụp	TONE_NANG	puʔ↓p	pˈuʔ↓p	1	0	0	0
pút	TONE_SAC	pu↗t	pˈu↗t	1	0	0	0
pụt	TONE_NANG	puʔ↓t	pˈuʔ↓t	1	0	0	0
pung	TONE_NGANG	pu→ŋ	pˈuŋ	0	0	0	0
pùng	TONE_HUYEN	pu↘ŋ	pˈu↘ŋ	1	0	0	0
púng	TONE_SAC	pu↗ŋ	pˈu↗ŋ	1	0	0	0
pûng	TONE_HOI	pu↓ŋ	pˈuŋ	0	0	0	0
pũng	TONE_NGA	puʔ↗ŋ	pˈuʔ↗ŋ	1	0	0	0
pụng	TONE_NANG	puʔ↓ŋ	pˈuʔ↓ŋ	1	0	0	0
púc	TONE_SAC	pu↗k	pˈu↗c	1	0	0	0
pục	TONE_NANG	puʔ↓k	pˈuʔ↓c	1	0	0	0
púch	TONE_SAC	pu↗k	pˈu↗c hˈa↗t	0	0	0	0
pụch	TONE_NANG	puʔ↓k	pˈuʔ↓c hˈa↗t	0	0	0	0
pư	TONE_NGANG	pɨ→	pˈy	0	0	0	0
pừ	TONE_HUYEN	pɨ↘	pˈy↘	1	0	0	0
pứ	TONE_SAC	pɨ↗	pˈy↗	1	0	0	0
pư̂	TONE_HOI	pɨ↓	pˈy	0	0	0	0
pữ	TONE_NGA	pɨʔ↗	pˈyʔ↗	1	0	0	0
pự	TONE_NANG	pɨʔ↓	pˈyʔ↓	1	0	0	0
pưi	TONE_NGANG	pɨ→j	pˈyj	0	0	0	0
pừi	TONE_HUYEN	pɨ↘j	pˈy↘j	1	0	0	0
pứi	TONE_SAC	pɨ↗j	pˈy↗j	1	0	0	0
pư̂i	TONE_HOI	pɨ↓j	pˈy ˈi	0	0	0	0
pữi	TONE_NGA	pɨʔ↗j	pˈyʔ↗j	1	0	0	0
pựi	TONE_NANG	pɨʔ↓j	pˈyʔ↓j	1	0	0	0
pưy	TONE_NGANG	pɨ→j	pˈy ˈi	0	0	0	0
pừy	TONE_HUYEN	pɨ↘j	pˈy↘ ˈi	0	0	0	0
pứy	TONE_SAC	pɨ↗j	pˈy↗ ˈi	0	0	0	0
pư̂y	TONE_HOI	pɨ↓j	pˈy ˈi	0	0	0	0
pữy	TONE_NGA	pɨʔ↗j	pˈyʔ↗ ˈi	0	0	0	0
pựy	TONE_NANG	pɨʔ↓j	pˈyʔ↓ ˈi	0	0	0	0
pưo	TONE_NGANG	pɨ→w	pˈy ˈɔ	0	0	0	0
pừo	TONE_HUYEN	pɨ↘w	pˈy↘ ˈɔ	1	0	0	0
pứo	TONE_SAC	pɨ↗w	pˈy↗ ˈɔ	1	0	0	0
pư̂o	TONE_HOI	pɨ↓w	pˈy ˈo	0	0	0	0
pữo	TONE_NGA	pɨʔ↗w	pˈyʔ↗ ˈɔ	1	0	0	0
pựo	TONE_NANG	pɨʔ↓w	pˈyʔ↓ ˈɔ	1	0	0	0
pưu	TONE_NGANG	pɨ→w	pˈiw	0	0	0	0
pừu	TONE_HUYEN	pɨ↘w	pˈi↘w	1	0	0	0
pứu	TONE_SAC	pɨ↗w	pˈi↗w	1	0	0	0
pư̂u	TONE_HOI	pɨ↓w	pˈy ˈu	0	0	0	0
pữu	TONE_NGA	pɨʔ↗w	pˈiʔ↗w	1	0	0	0
pựu	TONE_NANG	pɨʔ↓w	pˈiʔ↓w	1	0	0	0
pưm	TONE_NGANG	pɨ→m	pˈym	0	0	0	0
pừm	TONE_HUYEN	pɨ↘m	pˈy↘m	1	0	0	0
pứm	TONE_SAC	pɨ↗m	pˈy↗m	1	0	0	0
pư̂m	TONE_HOI	pɨ↓m	pˈy mˈəː↘	0	0	0	0
pữm	TONE_NGA	pɨʔ↗m	pˈyʔ↗m	1	0	0	0
pựm	TONE_NANG	pɨʔ↓m	pˈyʔ↓m	1	0	0	0
pưn	TONE_NGANG	pɨ→n	pˈyn	0	0	0	0
pừn	TONE_HUYEN	pɨ↘n	pˈy↘n	1	0	0	0
pứn	TONE_SAC	pɨ↗n	pˈy↗n	1	0	0	0
pư̂n	TONE_HOI	pɨ↓n	pˈy nˈəː↘	0	0	0	0
pữn	TONE_NGA	pɨʔ↗n	pˈyʔ↗n	1	0	0	0
pựn	TONE_NANG	pɨʔ↓n	pˈyʔ↓n	1	0	0	0
pứp	TONE_SAC	pɨ↗p	pˈy↗ pˈe	0	0	0	0
pựp	TONE_NANG	pɨʔ↓p	pˈyʔ↓ pˈe	0	0	0	0
pứt	TONE_SAC	pɨ↗t	pˈy↗t	1	0	0	0
pựt	TONE_NANG	pɨʔ↓t	pˈyʔ↓t	1	0	0	0
pưng	TONE_NGANG	pɨ→ŋ	pˈyŋ	0	0	0	0
pừng	TONE_HUYEN	pɨ↘ŋ	pˈy↘ŋ	1	0	0	0
pứng	TONE_SAC	pɨ↗ŋ	pˈy↗ŋ	1	0	0	0
pư̂ng	TONE_HOI	pɨ↓ŋ	pˈy ˌɛndʒˈiː	0	0	0	0
pững	TONE_NGA	pɨʔ↗ŋ	pˈyʔ↗ŋ	1	0	0	0
pựng	TONE_NANG	pɨʔ↓ŋ	pˈyʔ↓ŋ	1	0	0	0
pức	TONE_SAC	pɨ↗k	pˈy↗c	1	0	0	0
pực	TONE_NANG	pɨʔ↓k	pˈyʔ↓c	1	0	0	0
pứch	TONE_SAC	pɨ↗k	pˈy↗c hˈa↗t	0	0	0	0
pựch	TONE_NANG	pɨʔ↓k	pˈyʔ↓c hˈa↗t	0	0	0	0
riê	TONE_NGANG	ʒiə→	ɹˈi ˈe	0	0	0	0
riề	TONE_HUYEN	ʒiə↘	ɹˈi ˈe↘	1	0	0	0
riế	TONE_SAC	ʒiə↗	ɹˈi ˈe↗	1	0	0	0
riê̂	TONE_HOI	ʒiə↓	ɹˈi ˈe	0	0	0	0
riễ	TONE_NGA	ʒiəʔ↗	ɹˈi ˈeʔ↗	1	0	0	0
riệ	TONE_NANG	ʒiəʔ↓	ɹˈi ˈeʔ↓	1	0	0	0
riêo	TONE_NGANG	ʒiə→w	ɹˈi ˈeˈɔ	0	0	0	0
riềo	TONE_HUYEN	ʒiə↘w	ɹˈi ˈe↘ˈɔ	1	0	0	0
riếo	TONE_SAC	ʒiə↗w	ɹˈi ˈe↗ˈɔ	1	0	0	0
riê̂o	TONE_HOI	ʒiə↓w	ɹˈi ˈe ˈo	0	0	0	0
riễo	TONE_NGA	ʒiəʔ↗w	ɹˈi ˈeʔ↗ˈɔ	1	0	0	0
riệo	TONE_NANG	ʒiəʔ↓w	ɹˈi ˈeʔ↓ˈɔ	1	0	0	0
riêu	TONE_NGANG	ʒiə→w	ɹˈiɛw	0	0	0	0
riều	TONE_HUYEN	ʒiə↘w	ɹˈiɛ↘w	1	0	0	0
riếu	TONE_SAC	ʒiə↗w	ɹˈiɛ↗w	1	0	0	0
riê̂u	TONE_HOI	ʒiə↓w	ɹˈi ˈe ˈu	0	0	0	0
riễu	TONE_NGA	ʒiəʔ↗w	ɹˈiɛʔ↗w	1	0	0	0
riệu	TONE_NANG	ʒiəʔ↓w	ɹˈiɛʔ↓w	1	0	0	0
riêm	TONE_NGANG	ʒiə→m	ɹˈiɛm	0	0	0	0
riềm	TONE_HUYEN	ʒiə↘m	ɹˈiɛ↘m	1	0	0	0
riếm	TONE_SAC	ʒiə↗m	ɹˈiɛ↗m	1	0	0	0
riê̂m	TONE_HOI	ʒiə↓m	ɹˈi ˈe mˈəː↘	0	0	0	0
riễm	TONE_NGA	ʒiəʔ↗m	ɹˈiɛʔ↗m	1	0	0	0
riệm	TONE_NANG	ʒiəʔ↓m	ɹˈiɛʔ↓m	1	0	0	0
riên	TONE_NGANG	ʒiə→n	ɹˈiɛn	0	0	0	0
riền	TONE_HUYEN	ʒiə↘n	ɹˈiɛ↘n	1	0	0	0
riến	TONE_SAC	ʒiə↗n	ɹˈiɛ↗n	1	0	0	0
riê̂n	TONE_HOI	ʒiə↓n	ɹˈi ˈe nˈəː↘	0	0	0	0
riễn	TONE_NGA	ʒiəʔ↗n	ɹˈiɛʔ↗n	1	0	0	0
riện	TONE_NANG	ʒiəʔ↓n	ɹˈiɛʔ↓n	1	0	0	0
riếp	TONE_SAC	ʒiə↗p	ɹˈiɛ↗p	1	0	0	0
riệp	TONE_NANG	ʒiəʔ↓p	ɹˈiɛʔ↓p	1	0	0	0
riết	TONE_SAC	ʒiə↗t	ɹˈiɛ↗t	1	0	0	0
riệt	TONE_NANG	ʒiəʔ↓t	ɹˈiɛʔ↓t	1	0	0	0
riêng	TONE_NGANG	ʒiə→ŋ	ɹˈiɛŋ	0	0	0	0
riềng	TONE_HUYEN	ʒiə↘ŋ	ɹˈiɛ↘ŋ	1	0	0	0
riếng	TONE_SAC	ʒiə↗ŋ	ɹˈiɛ↗ŋ	1	0	0	0
riê̂ng	TONE_HOI	ʒiə↓ŋ	ɹˈi ˈe ˌɛndʒˈiː	0	0	0	0
riễng	TONE_NGA	ʒiəʔ↗ŋ	ɹˈiɛʔ↗ŋ	1	0	0	0
riệng	TONE_NANG	ʒiəʔ↓ŋ	ɹˈiɛʔ↓ŋ	1	0	0	0
riênh	TONE_NGANG	ʒiə→ɲ	ɹˈi ˈeɲ	0	0	0	0
riềnh	TONE_HUYEN	ʒiə↘ɲ	ɹˈi ˈe↘ɲ	1	0	0	0
riếnh	TONE_SAC	ʒiə↗ɲ	ɹˈi ˈe↗ɲ	1	0	0	0
riê̂nh	TONE_HOI	ʒiə↓ɲ	ɹˈi ˈe ˌɛnˈeɪʧ	0	0	0	0
riễnh	TONE_NGA	ʒiəʔ↗ɲ	ɹˈi ˈeʔ↗ɲ	1	0	0	0
riệnh	TONE_NANG	ʒiəʔ↓ɲ	ɹˈi ˈeʔ↓ɲ	1	0	0	0
riếc	TONE_SAC	ʒiə↗k	ɹˈiɛ↗c	1	0	0	0
riệc	TONE_NANG	ʒiəʔ↓k	ɹˈiɛʔ↓c	1	0	0	0
riếch	TONE_SAC	ʒiə↗k	ɹˈi ˈe↗c	1	0	0	0
riệch	TONE_NANG	ʒiəʔ↓k	ɹˈi ˈeʔ↓c	1	0	0	0
ryê	TONE_NGANG	ʒiə→	ɹˈi ˈe	0	0	0	0
ryề	TONE_HUYEN	ʒiə↘	ɹˈi ˈe↘	1	0	0	0
ryế	TONE_SAC	ʒiə↗	ɹˈi ˈe↗	1	0	0	0
ryê̂	TONE_HOI	ʒiə↓	ɹˈi ˈe	0	0	0	0
ryễ	TONE_NGA	ʒiəʔ↗	ɹˈi ˈeʔ↗	1	0	0	0
ryệ	TONE_NANG	ʒiəʔ↓	ɹˈi ˈeʔ↓	1	0	0	0
ryêo	TONE_NGANG	ʒiə→w	ɹˈi ˈeˈɔ	0	0	0	0
ryềo	TONE_HUYEN	ʒiə↘w	ɹˈi ˈe↘ˈɔ	1	0	0	0
ryếo	TONE_SAC	ʒiə↗w	ɹˈi ˈe↗ˈɔ	1	0	0	0
ryê̂o	TONE_HOI	ʒiə↓w	ɹˈi ˈe ˈo	0	0	0	0
ryễo	TONE_NGA	ʒiəʔ↗w	ɹˈi ˈeʔ↗ˈɔ	1	0	0	0
ryệo	TONE_NANG	ʒiəʔ↓w	ɹˈi ˈeʔ↓ˈɔ	1	0	0	0
ryêu	TONE_NGANG	ʒiə→w	ɹˈi ˈeˈu	0	0	0	0
ryều	TONE_HUYEN	ʒiə↘w	ɹˈi ˈe↘ˈu	0	0	0	0
ryếu	TONE_SAC	ʒiə↗w	ɹˈi ˈe↗ˈu	0	0	0	0
ryê̂u	TONE_HOI	ʒiə↓w	ɹˈi ˈe ˈu	0	0	0	0
ryễu	TONE_NGA	ʒiəʔ↗w	ɹˈi ˈeʔ↗ˈu	0	0	0	0
ryệu	TONE_NANG	ʒiəʔ↓w	ɹˈi ˈeʔ↓ˈu	0	0	0	0
ryêm	TONE_NGANG	ʒiə→m	ɹˈi ˈem	0	0	0	0
ryềm	TONE_HUYEN	ʒiə↘m	ɹˈi ˈe↘m	1	0	0	0
ryếm	TONE_SAC	ʒiə↗m	ɹˈi ˈe↗m	1	0	0	0
ryê̂m	TONE_HOI	ʒiə↓m	ɹˈi ˈe mˈəː↘	0	0	0	0
ryễm	TONE_NGA	ʒiəʔ↗m	ɹˈi ˈeʔ↗m	1	0	0	0
ryệm	TONE_NANG	ʒiəʔ↓m	ɹˈi ˈeʔ↓m	1	0	0	0
ryên	TONE_NGANG	ʒiə→n	ɹˈi ˈen	0	0	0	0
ryền	TONE_HUYEN	ʒiə↘n	ɹˈi ˈe↘n	1	0	0	0
ryến	TONE_SAC	ʒiə↗n	ɹˈi ˈe↗n	1	0	0	0
ryê̂n	TONE_HOI	ʒiə↓n	ɹˈi ˈe nˈəː↘	0	0	0	0
ryễn	TONE_NGA	ʒiəʔ↗n	ɹˈi ˈeʔ↗n	1	0	0	0
ryện	TONE_NANG	ʒiəʔ↓n	ɹˈi ˈeʔ↓n	1	0	0	0
ryếp	TONE_SAC	ʒiə↗p	ɹˈi ˈe↗p	1	0	0	0
ryệp	TONE_NANG	ʒiəʔ↓p	ɹˈi ˈeʔ↓p	1	0	0	0
ryết	TONE_SAC	ʒiə↗t	ɹˈi ˈe↗t	1	0	0	0
ryệt	TONE_NANG	ʒiəʔ↓t	ɹˈi ˈeʔ↓t	1	0	0	0
ryêng	TONE_NGANG	ʒiə→ŋ	ˈɛʒəː↘ ˈiɛŋ	0	0	0	0
ryềng	TONE_HUYEN	ʒiə↘ŋ	ˈɛʒəː↘ ˈiɛ↘ŋ	0	0	0	0
ryếng	TONE_SAC	ʒiə↗ŋ	ˈɛʒəː↘ ˈiɛ↗ŋ	0	0	0	0
ryê̂ng	TONE_HOI	ʒiə↓ŋ	ɹˈi ˈe ˌɛndʒˈiː	0	0	0	0
ryễng	TONE_NGA	ʒiəʔ↗ŋ	ˈɛʒəː↘ ˈiɛʔ↗ŋ	0	0	0	0
ryệng	TONE_NANG	ʒiəʔ↓ŋ	ˈɛʒəː↘ ˈiɛʔ↓ŋ	0	0	0	0
ryênh	TONE_NGANG	ʒiə→ɲ	ɹˈi ˈeɲ	0	0	0	0
ryềnh	TONE_HUYEN	ʒiə↘ɲ	ɹˈi ˈe↘ɲ	1	0	0	0
ryếnh	TONE_SAC	ʒiə↗ɲ	ɹˈi ˈe↗ɲ	1	0	0	0
ryê̂nh	TONE_HOI	ʒiə↓ɲ	ɹˈi ˈe ˌɛnˈeɪʧ	0	0	0	0
ryễnh	TONE_NGA	ʒiəʔ↗ɲ	ɹˈi ˈeʔ↗ɲ	1	0	0	0
ryệnh	TONE_NANG	ʒiəʔ↓ɲ	ɹˈi ˈeʔ↓ɲ	1	0	0	0
ryếc	TONE_SAC	ʒiə↗k	ɹˈi ˈe↗sˈe	0	0	0	0
ryệc	TONE_NANG	ʒiəʔ↓k	ɹˈi ˈeʔ↓sˈe	0	0	0	0
ryếch	TONE_SAC	ʒiə↗k	ɹˈi ˈe↗c	1	0	0	0
ryệch	TONE_NANG	ʒiəʔ↓k	ɹˈi ˈeʔ↓c	1	0	0	0
ria	TONE_NGANG	ʒiə→	ɹˈiə	0	0	0	0
rìa	TONE_HUYEN	ʒiə↘	ɹˈiə↘	1	0	0	0
ría	TONE_SAC	ʒiə↗	ɹˈiə↗	1	0	0	0
rîa	TONE_HOI	ʒiə↓	ɹˈiə	0	0	0	0
rĩa	TONE_NGA	ʒiəʔ↗	ɹˈiəʔ↗	1	0	0	0
rịa	TONE_NANG	ʒiəʔ↓	ɹˈiəʔ↓	1	0	0	0
riao	TONE_NGANG	ʒiə→w	ɹˈiə ˈoʊ	0	0	0	0
rìao	TONE_HUYEN	ʒiə↘w	ɹˈiə↘ ˈɔ	1	0	0	0
ríao	TONE_SAC	ʒiə↗w	ɹˈiə↗ ˈɔ	1	0	0	0
rîao	TONE_HOI	ʒiə↓w	ɹˈiə ˈoʊ	0	0	0	0
rĩao	TONE_NGA	ʒiəʔ↗w	ɹˈiəʔ↗ ˈɔ	1	0	0	0
rịao	TONE_NANG	ʒiəʔ↓w	ɹˈiəʔ↓ ˈɔ	1	0	0	0
riau	TONE_NGANG	ʒiə→w	ɹˈaɪəˌuː	0	0	0	0
rìau	TONE_HUYEN	ʒiə↘w	ɹˈiə↘ ˈu	0	0	0	0
ríau	TONE_SAC	ʒiə↗w	ɹˈiə↗ ˈu	0	0	0	0
rîau	TONE_HOI	ʒiə↓w	ɹˈaɪəˌuː	0	0	0	0
rĩau	TONE_NGA	ʒiəʔ↗w	ɹˈiəʔ↗ ˈu	0	0	0	0
rịau	TONE_NANG	ʒiəʔ↓w	ɹˈiəʔ↓ ˈu	0	0	0	0
riam	TONE_NGANG	ʒiə→m	ɹˈiəm	0	0	0	0
rìam	TONE_HUYEN	ʒiə↘m	ɹˈi↘ ˈaːm	0	0	0	0
ríam	TONE_SAC	ʒiə↗m	ɹˈi↗ ˈaːm	0	0	0	0
rîam	TONE_HOI	ʒiə↓m	ɹˈiəm	0	0	0	0
rĩam	TONE_NGA	ʒiəʔ↗m	ɹˈiʔ↗ ˈaːm	0	0	0	0
rịam	TONE_NANG	ʒiəʔ↓m	ɹˈiʔ↓ ˈaːm	0	0	0	0
rian	TONE_NGANG	ʒiə→n	ɹˈaɪən	0	0	0	0
rìan	TONE_HUYEN	ʒiə↘n	ɹˈi↘ ˈaːn	0	0	0	0
rían	TONE_SAC	ʒiə↗n	ɹˈaɪən	0	0	0	0
rîan	TONE_HOI	ʒiə↓n	ɹˈaɪən	0	0	0	0
rĩan	TONE_NGA	ʒiəʔ↗n	ɹˈiʔ↗ ˈaːn	0	0	0	0
rịan	TONE_NANG	ʒiəʔ↓n	ɹˈiʔ↓ ˈaːn	0	0	0	0
ríap	TONE_SAC	ʒiə↗p	ɹˈi↗ ˈaː↗p	0	0	0	0
rịap	TONE_NANG	ʒiəʔ↓p	ɹˈiʔ↓ ˈaː↗p	0	0	0	0
ríat	TONE_SAC	ʒiə↗t	ɹˈi↗ ˈaː↗t	0	0	0	0
rịat	TONE_NANG	ʒiəʔ↓t	ɹˈiʔ↓ ˈaː↗t	0	0	0	0
riang	TONE_NGANG	ʒiə→ŋ	rjˈæŋ	0	0	0	0
rìang	TONE_HUYEN	ʒiə↘ŋ	ɹˈi↘ ˈaːŋ	0	0	0	0
ríang	TONE_SAC	ʒiə↗ŋ	ɹˈi↗ ˈaːŋ	0	0	0	0
rîang	TONE_HOI	ʒiə↓ŋ	rjˈæŋ	0	0	0	0
rĩang	TONE_NGA	ʒiəʔ↗ŋ	ɹˈiʔ↗ ˈaːŋ	0	0	0	0
rịang	TONE_NANG	ʒiəʔ↓ŋ	ɹˈiʔ↓ ˈaːŋ	0	0	0	0
rianh	TONE_NGANG	ʒiə→ɲ	ɹˈi ˈæɲ	0	0	0	0
rìanh	TONE_HUYEN	ʒiə↘ɲ	ɹˈi↘ ˈæɲ	0	0	0	0
ríanh	TONE_SAC	ʒiə↗ɲ	ɹˈi↗ ˈæɲ	0	0	0	0
rîanh	TONE_HOI	ʒiə↓ɲ	ɹˈi ˈæɲ	0	0	0	0
rĩanh	TONE_NGA	ʒiəʔ↗ɲ	ɹˈiʔ↗ ˈæɲ	0	0	0	0
rịanh	TONE_NANG	ʒiəʔ↓ɲ	ɹˈiʔ↓ ˈæɲ	0	0	0	0
ríac	TONE_SAC	ʒiə↗k	ɹˈi↗ ˈaː↗c	0	0	0	0
rịac	TONE_NANG	ʒiəʔ↓k	ɹˈiʔ↓ ˈaː↗c	0	0	0	0
ríach	TONE_SAC	ʒiə↗k	ɹˈi↗ ˈæ↗c	0	0	0	0
rịach	TONE_NANG	ʒiəʔ↓k	ɹˈiʔ↓ ˈæ↗c	0	0	0	0
rya	TONE_NGANG	ʒiə→	ɹˈaɪə	0	0	0	0
rỳa	TONE_HUYEN	ʒiə↘	ɹˈi↘ ˈaː	0	0	0	0
rýa	TONE_SAC	ʒiə↗	ɹˈi↗ ˈaː	0	0	0	0
rŷa	TONE_HOI	ʒiə↓	ɹˈaɪə	0	0	0	0
rỹa	TONE_NGA	ʒiəʔ↗	ɹˈiʔ↗ ˈaː	0	0	0	0
rỵa	TONE_NANG	ʒiəʔ↓	ɹˈiʔ↓ ˈaː	0	0	0	0
ryao	TONE_NGANG	ʒiə→w	ɹˈaɪə ˈoʊ	0	0	0	0
rỳao	TONE_HUYEN	ʒiə↘w	ɹˈi↘ ˈaːˈɔ	0	0	0	0
rýao	TONE_SAC	ʒiə↗w	ɹˈi↗ ˈaːˈɔ	0	0	0	0
rŷao	TONE_HOI	ʒiə↓w	ɹˈaɪə ˈoʊ	0	0	0	0
rỹao	TONE_NGA	ʒiəʔ↗w	ɹˈiʔ↗ ˈaːˈɔ	0	0	0	0
rỵao	TONE_NANG	ʒiəʔ↓w	ɹˈiʔ↓ ˈaːˈɔ	0	0	0	0
ryau	TONE_NGANG	ʒiə→w	ɹˈaɪə jˈuː	0	0	0	0
rỳau	TONE_HUYEN	ʒiə↘w	ɹˈi↘ ˈaːˈu	0	0	0	0
rýau	TONE_SAC	ʒiə↗w	ɹˈi↗ ˈaːˈu	0	0	0	0
rŷau	TONE_HOI	ʒiə↓w	ɹˈaɪə jˈuː	0	0	0	0
rỹau	TONE_NGA	ʒiəʔ↗w	ɹˈiʔ↗ ˈaːˈu	0	0	0	0
rỵau	TONE_NANG	ʒiəʔ↓w	ɹˈiʔ↓ ˈaːˈu	0	0	0	0
ryam	TONE_NGANG	ʒiə→m	ɹˈi æm	0	0	0	0
rỳam	TONE_HUYEN	ʒiə↘m	ɹˈi↘ ˈaːm	0	0	0	0
rýam	TONE_SAC	ʒiə↗m	ɹˈi↗ ˈaːm	0	0	0	0
rŷam	TONE_HOI	ʒiə↓m	ɹˈi æm	0	0	0	0
rỹam	TONE_NGA	ʒiəʔ↗m	ɹˈiʔ↗ ˈaːm	0	0	0	0
rỵam	TONE_NANG	ʒiəʔ↓m	ɹˈiʔ↓ ˈaːm	0	0	0	0
ryan	TONE_NGANG	ʒiə→n	ɹˈaɪən	0	0	0	0
rỳan	TONE_HUYEN	ʒiə↘n	ɹˈi↘ ˈaːn	0	0	0	0
rýan	TONE_SAC	ʒiə↗n	ɹˈi↗ ˈaːn	0	0	0	0
rŷan	TONE_HOI	ʒiə↓n	ɹˈaɪən	0	0	0	0
rỹan	TONE_NGA	ʒiəʔ↗n	ɹˈiʔ↗ ˈaːn	0	0	0	0
rỵan	TONE_NANG	ʒiəʔ↓n	ɹˈiʔ↓ ˈaːn	0	0	0	0
rýap	TONE_SAC	ʒiə↗p	ɹˈi↗ ˈaː↗p	0	0	0	0
rỵap	TONE_NANG	ʒiəʔ↓p	ɹˈiʔ↓ ˈaː↗p	0	0	0	0
rýat	TONE_SAC	ʒiə↗t	ɹˈi↗ ˈaː↗t	0	0	0	0
rỵat	TONE_NANG	ʒiəʔ↓t	ɹˈiʔ↓ ˈaː↗t	0	0	0	0
ryang	TONE_NGANG	ʒiə→ŋ	ɹˈi ˈaːŋ	0	0	0	0
rỳang	TONE_HUYEN	ʒiə↘ŋ	ɹˈi↘ ˈaːŋ	0	0	0	0
rýang	TONE_SAC	ʒiə↗ŋ	ɹˈi↗ ˈaːŋ	0	0	0	0
rŷang	TONE_HOI	ʒiə↓ŋ	ɹˈi ˈaːŋ	0	0	0	0
rỹang	TONE_NGA	ʒiəʔ↗ŋ	ɹˈiʔ↗ ˈaːŋ	0	0	0	0
rỵang	TONE_NANG	ʒiəʔ↓ŋ	ɹˈiʔ↓ ˈaːŋ	0	0	0	0
ryanh	TONE_NGANG	ʒiə→ɲ	ɹˈi ˈæɲ	0	0	0	0
rỳanh	TONE_HUYEN	ʒiə↘ɲ	ɹˈi↘ ˈæɲ	0	0	0	0
rýanh	TONE_SAC	ʒiə↗ɲ	ɹˈi↗ ˈæɲ	0	0	0	0
rŷanh	TONE_HOI	ʒiə↓ɲ	ɹˈi ˈæɲ	0	0	0	0
rỹanh	TONE_NGA	ʒiəʔ↗ɲ	ɹˈiʔ↗ ˈæɲ	0	0	0	0
rỵanh	TONE_NANG	ʒiəʔ↓ɲ	ɹˈiʔ↓ ˈæɲ	0	0	0	0
rýac	TONE_SAC	ʒiə↗k	ɹˈi↗ ˈaː↗c	0	0	0	0
rỵac	TONE_NANG	ʒiəʔ↓k	ɹˈiʔ↓ ˈaː↗c	0	0	0	0
rýach	TONE_SAC	ʒiə↗k	ɹˈi↗ ˈæ↗c	0	0	0	0
rỵach	TONE_NANG	ʒiəʔ↓k	ɹˈiʔ↓ ˈæ↗c	0	0	0	0
rươ	TONE_NGANG	ʒɨə→	ɹˈy ˈəː	0	0	0	0
rườ	TONE_HUYEN	ʒɨə↘	ɹˈy ˈəː↘	1	0	0	0
rướ	TONE_SAC	ʒɨə↗	ɹˈy ˈəː↗	1	0	0	0
rươ̂	TONE_HOI	ʒɨə↓	ɹˈy ˈəː	0	0	0	0
rưỡ	TONE_NGA	ʒɨəʔ↗	ɹˈy ˈəːʔ↗	1	0	0	0
rượ	TONE_NANG	ʒɨəʔ↓	ɹˈy ˈəːʔ↓	1	0	0	0
rươi	TONE_NGANG	ʒɨə→j	ɹˈyəj	0	0	0	0
rười	TONE_HUYEN	ʒɨə↘j	ɹˈyə↘j	1	0	0	0
rưới	TONE_SAC	ʒɨə↗j	ɹˈyə↗j	1	0	0	0
rươ̂i	TONE_HOI	ʒɨə↓j	ɹˈy ˈəː ˈi	0	0	0	0
rưỡi	TONE_NGA	ʒɨəʔ↗j	ɹˈyəʔ↗j	1	0	0	0
rượi	TONE_NANG	ʒɨəʔ↓j	ɹˈyəʔ↓j	1	0	0	0
rươy	TONE_NGANG	ʒɨə→j	ɹˈy ˈəːˈi	0	0	0	0
rườy	TONE_HUYEN	ʒɨə↘j	ɹˈy ˈəː↘ˈi	0	0	0	0
rướy	TONE_SAC	ʒɨə↗j	ɹˈy ˈəː↗ˈi	0	0	0	0
rươ̂y	TONE_HOI	ʒɨə↓j	ɹˈy ˈəː ˈi	0	0	0	0
rưỡy	TONE_NGA	ʒɨəʔ↗j	ɹˈy ˈəːʔ↗ˈi	0	0	0	0
rượy	TONE_NANG	ʒɨəʔ↓j	ɹˈy ˈəːʔ↓ˈi	0	0	0	0
rươo	TONE_NGANG	ʒɨə→w	ɹˈy ˈəːˈɔ	0	0	0	0
rườo	TONE_HUYEN	ʒɨə↘w	ɹˈy ˈəː↘ˈɔ	1	0	0	0
rướo	TONE_SAC	ʒɨə↗w	ɹˈy ˈəː↗ˈɔ	1	0	0	0
rươ̂o	TONE_HOI	ʒɨə↓w	ɹˈy ˈəː ˈo	0	0	0	0
rưỡo	TONE_NGA	ʒɨəʔ↗w	ɹˈy ˈəːʔ↗ˈɔ	1	0	0	0
rượo	TONE_NANG	ʒɨəʔ↓w	ɹˈy ˈəːʔ↓ˈɔ	1	0	0	0
rươu	TONE_NGANG	ʒɨə→w	ɹˈyəw	0	0	0	0
rườu	TONE_HUYEN	ʒɨə↘w	ɹˈyə↘w	1	0	0	0
rướu	TONE_SAC	ʒɨə↗w	ɹˈyə↗w	1	0	0	0
rươ̂u	TONE_HOI	ʒɨə↓w	ɹˈy ˈəː ˈu	0	0	0	0
rưỡu	TONE_NGA	ʒɨəʔ↗w	ɹˈyəʔ↗w	1	0	0	0
rượu	TONE_NANG	ʒɨəʔ↓w	ɹˈyəʔ↓w	1	0	0	0
rươm	TONE_NGANG	ʒɨə→m	ɹˈyəm	0	0	0	0
rườm	TONE_HUYEN	ʒɨə↘m	ɹˈyə↘m	1	0	0	0
rướm	TONE_SAC	ʒɨə↗m	ɹˈyə↗m	1	0	0	0
rươ̂m	TONE_HOI	ʒɨə↓m	ɹˈy ˈəː mˈəː↘	0	0	0	0
rưỡm	TONE_NGA	ʒɨəʔ↗m	ɹˈyəʔ↗m	1	0	0	0
rượm	TONE_NANG	ʒɨəʔ↓m	ɹˈyəʔ↓m	1	0	0	0
rướp	TONE_SAC	ʒɨə↗p	ɹˈyə↗p	1	0	0	0
rượp	TONE_NANG	ʒɨəʔ↓p	ɹˈyəʔ↓p	1	0	0	0
rướt	TONE_SAC	ʒɨə↗t	ɹˈyə↗t	1	0	0	0
rượt	TONE_NANG	ʒɨəʔ↓t	ɹˈyəʔ↓t	1	0	0	0
rương	TONE_NGANG	ʒɨə→ŋ	ɹˈyəŋ	0	0	0	0
rường	TONE_HUYEN	ʒɨə↘ŋ	ɹˈyə↘ŋ	1	0	0	0
rướng	TONE_SAC	ʒɨə↗ŋ	ɹˈyə↗ŋ	1	0	0	0
rươ̂ng	TONE_HOI	ʒɨə↓ŋ	ɹˈy ˈəː ˌɛndʒˈiː	0	0	0	0
rưỡng	TONE_NGA	ʒɨəʔ↗ŋ	ɹˈyəʔ↗ŋ	1	0	0	0
rượng	TONE_NANG	ʒɨəʔ↓ŋ	ɹˈyəʔ↓ŋ	1	0	0	0
rước	TONE_SAC	ʒɨə↗k	ɹˈyə↗c	1	0	0	0
rược	TONE_NANG	ʒɨəʔ↓k	ɹˈyəʔ↓c	1	0	0	0
rướch	TONE_SAC	ʒɨə↗k	ɹˈyə↗c hˈa↗t	0	0	0	0
rượch	TONE_NANG	ʒɨəʔ↓k	ɹˈyəʔ↓c hˈa↗t	0	0	0	0
rưa	TONE_NGANG	ʒɨə→	ɹˈyə	0	0	0	0
rừa	TONE_HUYEN	ʒɨə↘	ɹˈyə↘	1	0	0	0
rứa	TONE_SAC	ʒɨə↗	ɹˈyə↗	1	0	0	0
rư̂a	TONE_HOI	ʒɨə↓	ɹˈy ˈaː	0	0	0	0
rữa	TONE_NGA	ʒɨəʔ↗	ɹˈyəʔ↗	1	0	0	0
rựa	TONE_NANG	ʒɨəʔ↓	ɹˈyəʔ↓	1	0	0	0
rưai	TONE_NGANG	ʒɨə→j	ɹˈyə ˈi	0	0	0	0
rừai	TONE_HUYEN	ʒɨə↘j	ɹˈyə↘ ˈi	0	0	0	0
rứai	TONE_SAC	ʒɨə↗j	ɹˈyə↗ ˈi	0	0	0	0
rư̂ai	TONE_HOI	ʒɨə↓j	ɹˈy ˈaːj	0	0	0	0
rữai	TONE_NGA	ʒɨəʔ↗j	ɹˈyəʔ↗ ˈi	0	0	0	0
rựai	TONE_NANG	ʒɨəʔ↓j	ɹˈyəʔ↓ ˈi	0	0	0	0
rưay	TONE_NGANG	ʒɨə→j	ɹˈyə ˈi	0	0	0	0
rừay	TONE_HUYEN	ʒɨə↘j	ɹˈyə↘ ˈi	0	0	0	0
rứay	TONE_SAC	ʒɨə↗j	ɹˈyə↗ ˈi	0	0	0	0
rư̂ay	TONE_HOI	ʒɨə↓j	ɹˈy ˈaj	0	0	0	0
rữay	TONE_NGA	ʒɨəʔ↗j	ɹˈyəʔ↗ ˈi	0	0	0	0
rựay	TONE_NANG	ʒɨəʔ↓j	ɹˈyəʔ↓ ˈi	0	0	0	0
rưao	TONE_NGANG	ʒɨə→w	ɹˈyə ˈɔ	0	0	0	0
rừao	TONE_HUYEN	ʒɨə↘w	ɹˈyə↘ ˈɔ	1	0	0	0
rứao	TONE_SAC	ʒɨə↗w	ɹˈyə↗ ˈɔ	1	0	0	0
rư̂ao	TONE_HOI	ʒɨə↓w	ɹˈy ˈaːw	0	0	0	0
rữao	TONE_NGA	ʒɨəʔ↗w	ɹˈyəʔ↗ ˈɔ	1	0	0	0
rựao	TONE_NANG	ʒɨəʔ↓w	ɹˈyəʔ↓ ˈɔ	1	0	0	0
rưau	TONE_NGANG	ʒɨə→w	ɹˈyə ˈu	0	0	0	0
rừau	TONE_HUYEN	ʒɨə↘w	ɹˈyə↘ ˈu	0	0	0	0
rứau	TONE_SAC	ʒɨə↗w	ɹˈyə↗ ˈu	0	0	0	0
rư̂au	TONE_HOI	ʒɨə↓w	ɹˈy ˈaw	0	0	0	0
rữau	TONE_NGA	ʒɨəʔ↗w	ɹˈyəʔ↗ ˈu	0	0	0	0
rựau	TONE_NANG	ʒɨəʔ↓w	ɹˈyəʔ↓ ˈu	0	0	0	0
rưam	TONE_NGANG	ʒɨə→m	ɹˈy ˈaːm	0	0	0	0
rừam	TONE_HUYEN	ʒɨə↘m	ɹˈy↘ ˈaːm	0	0	0	0
rứam	TONE_SAC	ʒɨə↗m	ɹˈy↗ ˈaːm	0	0	0	0
rư̂am	TONE_HOI	ʒɨə↓m	ɹˈy ˈaːm	0	0	0	0
rữam	TONE_NGA	ʒɨəʔ↗m	ɹˈyʔ↗ ˈaːm	0	0	0	0
rựam	TONE_NANG	ʒɨəʔ↓m	ɹˈyʔ↓ ˈaːm	0	0	0	0
rứap	TONE_SAC	ʒɨə↗p	ɹˈy↗ ˈaː↗p	0	0	0	0
rựap	TONE_NANG	ʒɨəʔ↓p	ɹˈyʔ↓ ˈaː↗p	0	0	0	0
rứat	TONE_SAC	ʒɨə↗t	ɹˈy↗ ˈaː↗t	0	0	0	0
rựat	TONE_NANG	ʒɨəʔ↓t	ɹˈyʔ↓ ˈaː↗t	0	0	0	0
rưang	TONE_NGANG	ʒɨə→ŋ	ɹˈy ˈaːŋ	0	0	0	0
rừang	TONE_HUYEN	ʒɨə↘ŋ	ɹˈy↘ ˈaːŋ	0	0	0	0
rứang	TONE_SAC	ʒɨə↗ŋ	ɹˈy↗ ˈaːŋ	0	0	0	0
rư̂ang	TONE_HOI	ʒɨə↓ŋ	ɹˈy ˈaːŋ	0	0	0	0
rữang	TONE_NGA	ʒɨəʔ↗ŋ	ɹˈyʔ↗ ˈaːŋ	0	0	0	0
rựang	TONE_NANG	ʒɨəʔ↓ŋ	ɹˈyʔ↓ ˈaːŋ	0	0	0	0
rứac	TONE_SAC	ʒɨə↗k	ɹˈy↗ ˈaː↗c	0	0	0	0
rựac	TONE_NANG	ʒɨəʔ↓k	ɹˈyʔ↓ ˈaː↗c	0	0	0	0
rứach	TONE_SAC	ʒɨə↗k	ɹˈy↗ ˈæ↗c	0	0	0	0
rựach	TONE_NANG	ʒɨəʔ↓k	ɹˈyʔ↓ ˈæ↗c	0	0	0	0
ruô	TONE_NGANG	ʒuə→	ɹˈu ˈo	0	0	0	0
ruồ	TONE_HUYEN	ʒuə↘	ɹˈu ˈo↘	1	0	0	0
ruố	TONE_SAC	ʒuə↗	ɹˈu ˈo↗	1	0	0	0
ruô̂	TONE_HOI	ʒuə↓	ɹˈu ˈo	0	0	0	0
ruỗ	TONE_NGA	ʒuəʔ↗	ɹˈu ˈoʔ↗	1	0	0	0
ruộ	TONE_NANG	ʒuəʔ↓	ɹˈu ˈoʔ↓	1	0	0	0
ruôi	TONE_NGANG	ʒuə→j	ɹˈuəj	0	0	0	0
ruồi	TONE_HUYEN	ʒuə↘j	ɹˈuə↘j	1	0	0	0
ruối	TONE_SAC	ʒuə↗j	ɹˈuə↗j	1	0	0	0
ruô̂i	TONE_HOI	ʒuə↓j	ɹˈu ˈo ˈi	0	0	0	0
ruỗi	TONE_NGA	ʒuəʔ↗j	ɹˈuəʔ↗j	1	0	0	0
ruội	TONE_NANG	ʒuəʔ↓j	ɹˈuəʔ↓j	1	0	0	0
ruôy	TONE_NGANG	ʒuə→j	ɹˈu ˈoˈi	0	0	0	0
ruồy	TONE_HUYEN	ʒuə↘j	ɹˈu ˈo↘ˈi	0	0	0	0
ruốy	TONE_SAC	ʒuə↗j	ɹˈu ˈo↗ˈi	0	0	0	0
ruô̂y	TONE_HOI	ʒuə↓j	ɹˈu ˈo ˈi	0	0	0	0
ruỗy	TONE_NGA	ʒuəʔ↗j	ɹˈu ˈoʔ↗ˈi	0	0	0	0
ruộy	TONE_NANG	ʒuəʔ↓j	ɹˈu ˈoʔ↓ˈi	0	0	0	0
ruôn	TONE_NGANG	ʒuə→n	ɹˈuən	0	0	0	0
ruồn	TONE_HUYEN	ʒuə↘n	ɹˈuə↘n	1	0	0	0
ruốn	TONE_SAC	ʒuə↗n	ɹˈuə↗n	1	0	0	0
ruô̂n	TONE_HOI	ʒuə↓n	ɹˈu ˈo nˈəː↘	0	0	0	0
ruỗn	TONE_NGA	ʒuəʔ↗n	ɹˈuəʔ↗n	1	0	0	0
ruộn	TONE_NANG	ʒuəʔ↓n	ɹˈuəʔ↓n	1	0	0	0
ruốp	TONE_SAC	ʒuə↗p	ɹˈuə↗p	1	0	0	0
ruộp	TONE_NANG	ʒuəʔ↓p	ɹˈuəʔ↓p	1	0	0	0
ruốt	TONE_SAC	ʒuə↗t	ɹˈuə↗t	1	0	0	0
ruột	TONE_NANG	ʒuəʔ↓t	ɹˈuəʔ↓t	1	0	0	0
ruông	TONE_NGANG	ʒuə→ŋ	ɹˈuəŋ	0	0	0	0
ruồng	TONE_HUYEN	ʒuə↘ŋ	ɹˈuə↘ŋ	1	0	0	0
ruống	TONE_SAC	ʒuə↗ŋ	ɹˈuə↗ŋ	1	0	0	0
ruô̂ng	TONE_HOI	ʒuə↓ŋ	ɹˈu ˈo ˌɛndʒˈiː	0	0	0	0
ruỗng	TONE_NGA	ʒuəʔ↗ŋ	ɹˈuəʔ↗ŋ	1	0	0	0
ruộng	TONE_NANG	ʒuəʔ↓ŋ	ɹˈuəʔ↓ŋ	1	0	0	0
ruốc	TONE_SAC	ʒuə↗k	ɹˈuə↗c	1	0	0	0
ruộc	TONE_NANG	ʒuəʔ↓k	ɹˈuəʔ↓c	1	0	0	0
ruốch	TONE_SAC	ʒuə↗k	ɹˈuə↗c hˈa↗t	0	0	0	0
ruộch	TONE_NANG	ʒuəʔ↓k	ɹˈuəʔ↓c hˈa↗t	0	0	0	0
rua	TONE_NGANG	ʒuə→	ɹˈuə	0	0	0	0
rùa	TONE_HUYEN	ʒuə↘	ɹˈuə↘	1	0	0	0
rúa	TONE_SAC	ʒuə↗	ɹˈuə↗	1	0	0	0
rûa	TONE_HOI	ʒuə↓	ɹˈuə	0	0	0	0
rũa	TONE_NGA	ʒuəʔ↗	ɹˈuəʔ↗	1	0	0	0
rụa	TONE_NANG	ʒuəʔ↓	ɹˈuəʔ↓	1	0	0	0
ruai	TONE_NGANG	ʒuə→j	ɹˈuə ˈaɪ	0	0	0	0
rùai	TONE_HUYEN	ʒuə↘j	ɹˈuə↘ ˈi	0	0	0	0
rúai	TONE_SAC	ʒuə↗j	ɹˈuə↗ ˈi	0	0	0	0
rûai	TONE_HOI	ʒuə↓j	ɹˈuə ˈaɪ	0	0	0	0
rũai	TONE_NGA	ʒuəʔ↗j	ɹˈuəʔ↗ ˈi	0	0	0	0
rụai	TONE_NANG	ʒuəʔ↓j	ɹˈuəʔ↓ ˈi	0	0	0	0
ruay	TONE_NGANG	ʒuə→j	ɹˈuə wˈaɪ	0	0	0	0
rùay	TONE_HUYEN	ʒuə↘j	ɹˈuə↘ ˈi	0	0	0	0
rúay	TONE_SAC	ʒuə↗j	ɹˈuə↗ ˈi	0	0	0	0
rûay	TONE_HOI	ʒuə↓j	ɹˈuə wˈaɪ	0	0	0	0
rũay	TONE_NGA	ʒuəʔ↗j	ɹˈuəʔ↗ ˈi	0	0	0	0
rụay	TONE_NANG	ʒuəʔ↓j	ɹˈuəʔ↓ ˈi	0	0	0	0
rao	TONE_NGANG	ʒaː→w	ɹˈaːw	0	0	0	0
rào	TONE_HUYEN	ʒaː↘w	ɹˈaː↘w	1	0	0	0
ráo	TONE_SAC	ʒaː↗w	ɹˈaː↗w	1	0	0	0
râo	TONE_HOI	ʒaː↓w	ˈɛʒəː↘ˌeɪsˈ↗ːkəmflˌɛksˈɔ	0	0	0	0
rão	TONE_NGA	ʒaːʔ↗w	ɹˈaːʔ↗w	1	0	0	0
rạo	TONE_NANG	ʒaːʔ↓w	ɹˈaːʔ↓w	1	0	0	0
rau	TONE_NGANG	ʒa→w	ɹˈaw	0	0	0	0
ràu	TONE_HUYEN	ʒa↘w	ɹˈa↘w	1	0	0	0
ráu	TONE_SAC	ʒa↗w	ɹˈa↗w	1	0	0	0
râu	TONE_HOI	ʒa↓w	ɹˈə→w	0	0	0	0
rãu	TONE_NGA	ʒaʔ↗w	ɹˈaʔ↗w	1	0	0	0
rạu	TONE_NANG	ʒaʔ↓w	ɹˈaʔ↓w	1	0	0	0
ruan	TONE_NGANG	ʒuə→n	rjˈuːæn	0	0	0	0
rùan	TONE_HUYEN	ʒuə↘n	ɹˈu↘ ˈaːn	0	0	0	0
rúan	TONE_SAC	ʒuə↗n	ɹˈu↗ ˈaːn	0	0	0	0
rûan	TONE_HOI	ʒuə↓n	rjˈuːæn	0	0	0	0
rũan	TONE_NGA	ʒuəʔ↗n	ɹˈuʔ↗ ˈaːn	0	0	0	0
rụan	TONE_NANG	ʒuəʔ↓n	ɹˈuʔ↓ ˈaːn	0	0	0	0
rúap	TONE_SAC	ʒuə↗p	ɹˈu↗ ˈaː↗p	0	0	0	0
rụap	TONE_NANG	ʒuəʔ↓p	ɹˈuʔ↓ ˈaː↗p	0	0	0	0
rúat	TONE_SAC	ʒuə↗t	ɹˈu↗ ˈaː↗t	0	0	0	0
rụat	TONE_NANG	ʒuəʔ↓t	ɹˈuʔ↓ ˈaː↗t	0	0	0	0
ruang	TONE_NGANG	ʒuə→ŋ	rwˈɑːŋ	0	0	0	0
rùang	TONE_HUYEN	ʒuə↘ŋ	ɹˈu↘ ˈaːŋ	0	0	0	0
rúang	TONE_SAC	ʒuə↗ŋ	ɹˈu↗ ˈaːŋ	0	0	0	0
rûang	TONE_HOI	ʒuə↓ŋ	rwˈɑːŋ	0	0	0	0
rũang	TONE_NGA	ʒuəʔ↗ŋ	ɹˈuʔ↗ ˈaːŋ	0	0	0	0
rụang	TONE_NANG	ʒuəʔ↓ŋ	ɹˈuʔ↓ ˈaːŋ	0	0	0	0
ranh	TONE_NGANG	ʒaː→ɲ	ɹˈæɲ	0	0	0	1
rành	TONE_HUYEN	ʒaː↘ɲ	ɹˈæ↘ɲ	1	0	0	1
ránh	TONE_SAC	ʒaː↗ɲ	ɹˈæ↗ɲ	1	0	0	1
rânh	TONE_HOI	ʒaː↓ɲ	ɹˈən hˈa↗t	0	0	0	1
rãnh	TONE_NGA	ʒaːʔ↗ɲ	ɹˈæʔ↗ɲ	1	0	0	1
rạnh	TONE_NANG	ʒaːʔ↓ɲ	ɹˈæʔ↓ɲ	1	0	0	1
rúac	TONE_SAC	ʒuə↗k	ɹˈu↗ ˈaː↗c	0	0	0	0
rụac	TONE_NANG	ʒuəʔ↓k	ɹˈuʔ↓ ˈaː↗c	0	0	0	0
rúach	TONE_SAC	ʒuə↗k	ɹˈu↗ ˈæ↗c	0	0	0	0
rụach	TONE_NANG	ʒuəʔ↓k	ɹˈuʔ↓ ˈæ↗c	0	0	0	0
ra	TONE_NGANG	ʒaː→	ɹˈaː	0	0	0	0
rà	TONE_HUYEN	ʒaː↘	ɹˈaː↘	1	0	0	0
rá	TONE_SAC	ʒaː↗	ɹˈaː↗	1	0	0	0
râ	TONE_HOI	ʒaː↓	ˈɛʒəː↘ˌeɪsˈ↗ːkəmflˌɛks	0	0	0	0
rã	TONE_NGA	ʒaːʔ↗	ɹˈaːʔ↗	1	0	0	0
rạ	TONE_NANG	ʒaːʔ↓	ɹˈaːʔ↓	1	0	0	0
rai	TONE_NGANG	ʒaː→j	ɹˈaːj	0	0	0	0
rài	TONE_HUYEN	ʒaː↘j	ɹˈaː↘j	1	0	0	0
rái	TONE_SAC	ʒaː↗j	ɹˈaː↗j	1	0	0	0
râi	TONE_HOI	ʒaː↓j	ˈɛʒəː↘ˌeɪsˈ↗ːkəmflˌɛksˈi	0	0	0	0
rãi	TONE_NGA	ʒaːʔ↗j	ɹˈaːʔ↗j	1	0	0	0
rại	TONE_NANG	ʒaːʔ↓j	ɹˈaːʔ↓j	1	0	0	0
ray	TONE_NGANG	ʒa→j	ɹˈaj	0	0	0	0
rày	TONE_HUYEN	ʒa↘j	ɹˈa↘j	1	0	0	0
ráy	TONE_SAC	ʒa↗j	ɹˈa↗j	1	0	0	0
rây	TONE_HOI	ʒa↓j	ɹˈəɪ	0	0	0	0
rãy	TONE_NGA	ʒaʔ↗j	ɹˈaʔ↗j	1	0	0	0
rạy	TONE_NANG	ʒaʔ↓j	ɹˈaʔ↓j	1	0	0	0
rao	TONE_NGANG	ʒaː→w	ɹˈaːw	0	0	0	0
rào	TONE_HUYEN	ʒaː↘w	ɹˈaː↘w	1	0	0	0
ráo	TONE_SAC	ʒaː↗w	ɹˈaː↗w	1	0	0	0
râo	TONE_HOI	ʒaː↓w	ˈɛʒəː↘ˌeɪsˈ↗ːkəmflˌɛksˈɔ	0	0	0	0
rão	TONE_NGA	ʒaːʔ↗w	ɹˈaːʔ↗w	1	0	0	0
rạo	TONE_NANG	ʒaːʔ↓w	ɹˈaːʔ↓w	1	0	0	0
rau	TONE_NGANG	ʒa→w	ɹˈaw	0	0	0	0
ràu	TONE_HUYEN	ʒa↘w	ɹˈa↘w	1	0	0	0
ráu	TONE_SAC	ʒa↗w	ɹˈa↗w	1	0	0	0
râu	TONE_HOI	ʒa↓w	ɹˈə→w	0	0	0	0
rãu	TONE_NGA	ʒaʔ↗w	ɹˈaʔ↗w	1	0	0	0
rạu	TONE_NANG	ʒaʔ↓w	ɹˈaʔ↓w	1	0	0	0
ram	TONE_NGANG	ʒaː→m	ɹˈaːm	0	0	0	0
ràm	TONE_HUYEN	ʒaː↘m	ɹˈaː↘m	1	0	0	0
rám	TONE_SAC	ʒaː↗m	ɹˈaː↗m	1	0	0	0
râm	TONE_HOI	ʒaː↓m	ɹˈəm	0	0	0	0
rãm	TONE_NGA	ʒaːʔ↗m	ɹˈaːʔ↗m	1	0	0	0
rạm	TONE_NANG	ʒaːʔ↓m	ɹˈaːʔ↓m	1	0	0	0
ran	TONE_NGANG	ʒaː→n	ɹˈaːn	0	0	0	0
ràn	TONE_HUYEN	ʒaː↘n	ɹˈaː↘n	1	0	0	0
rán	TONE_SAC	ʒaː↗n	ɹˈaː↗n	1	0	0	0
rân	TONE_HOI	ʒaː↓n	ɹˈən	0	0	0	0
rãn	TONE_NGA	ʒaːʔ↗n	ɹˈaːʔ↗n	1	0	0	0
rạn	TONE_NANG	ʒaːʔ↓n	ɹˈaːʔ↓n	1	0	0	0
ráp	TONE_SAC	ʒaː↗p	ɹˈaː↗p	1	0	0	0
rạp	TONE_NANG	ʒaːʔ↓p	ɹˈaːʔ↓p	1	0	0	0
rát	TONE_SAC	ʒaː↗t	ɹˈaː↗t	1	0	0	0
rạt	TONE_NANG	ʒaːʔ↓t	ɹˈaːʔ↓t	1	0	0	0
rang	TONE_NGANG	ʒaː→ŋ	ɹˈaːŋ	0	0	0	0
ràng	TONE_HUYEN	ʒaː↘ŋ	ɹˈaː↘ŋ	1	0	0	0
ráng	TONE_SAC	ʒaː↗ŋ	ɹˈaː↗ŋ	1	0	0	0
râng	TONE_HOI	ʒaː↓ŋ	ɹˈəŋ	0	0	0	0
rãng	TONE_NGA	ʒaːʔ↗ŋ	ɹˈaːʔ↗ŋ	1	0	0	0
rạng	TONE_NANG	ʒaːʔ↓ŋ	ɹˈaːʔ↓ŋ	1	0	0	0
ranh	TONE_NGANG	ʒaː→ɲ	ɹˈæɲ	0	0	0	1
rành	TONE_HUYEN	ʒaː↘ɲ	ɹˈæ↘ɲ	1	0	0	1
ránh	TONE_SAC	ʒaː↗ɲ	ɹˈæ↗ɲ	1	0	0	1
rânh	TONE_HOI	ʒaː↓ɲ	ɹˈən hˈa↗t	0	0	0	1
rãnh	TONE_NGA	ʒaːʔ↗ɲ	ɹˈæʔ↗ɲ	1	0	0	1
rạnh	TONE_NANG	ʒaːʔ↓ɲ	ɹˈæʔ↓ɲ	1	0	0	1
rác	TONE_SAC	ʒaː↗k	ɹˈaː↗c	1	0	0	0
rạc	TONE_NANG	ʒaːʔ↓k	ɹˈaːʔ↓c	1	0	0	0
rách	TONE_SAC	ʒa↗k	ɹˈæ↗c	1	0	0	0
rạch	TONE_NANG	ʒaʔ↓k	ɹˈæʔ↓c	1	0	0	0
ră	TONE_NGANG	ʒa→	ˈɛʒəː↘ă	0	1	0	0
rằ	TONE_HUYEN	ʒa↘	ˈɛʒəː↘ằ	1	1	0	0
rắ	TONE_SAC	ʒa↗	ˈɛʒəː↘ắ	0	1	0	0
ră̂	TONE_HOI	ʒa↓	ˈɛʒəː↘ă	0	1	0	0
rẵ	TONE_NGA	ʒaʔ↗	ˈɛʒəː↘ẵ	0	1	0	0
rặ	TONE_NANG	ʒaʔ↓	ˈɛʒəː↘ặ	0	1	0	0
răm	TONE_NGANG	ʒa→m	ɹˈam	0	0	0	0
rằm	TONE_HUYEN	ʒa↘m	ɹˈa↘m	1	0	0	0
rắm	TONE_SAC	ʒa↗m	ɹˈa↗m	1	0	0	0
ră̂m	TONE_HOI	ʒa↓m	ˈɛʒəː↘ă mˈəː↘	0	1	0	0
rẵm	TONE_NGA	ʒaʔ↗m	ɹˈaʔ↗m	1	0	0	0
rặm	TONE_NANG	ʒaʔ↓m	ɹˈaʔ↓m	1	0	0	0
răn	TONE_NGANG	ʒa→n	ɹˈan	0	0	0	0
rằn	TONE_HUYEN	ʒa↘n	ɹˈa↘n	1	0	0	0
rắn	TONE_SAC	ʒa↗n	ɹˈa↗n	1	0	0	0
ră̂n	TONE_HOI	ʒa↓n	ˈɛʒəː↘ă nˈəː↘	0	1	0	0
rẵn	TONE_NGA	ʒaʔ↗n	ɹˈaʔ↗n	1	0	0	0
rặn	TONE_NANG	ʒaʔ↓n	ɹˈaʔ↓n	1	0	0	0
rắp	TONE_SAC	ʒa↗p	ɹˈa↗p	1	0	0	0
rặp	TONE_NANG	ʒaʔ↓p	ɹˈaʔ↓p	1	0	0	0
rắt	TONE_SAC	ʒa↗t	ɹˈa↗t	1	0	0	0
rặt	TONE_NANG	ʒaʔ↓t	ɹˈaʔ↓t	1	0	0	0
răng	TONE_NGANG	ʒa→ŋ	ɹˈaŋ	0	0	0	0
rằng	TONE_HUYEN	ʒa↘ŋ	ɹˈa↘ŋ	1	0	0	0
rắng	TONE_SAC	ʒa↗ŋ	ɹˈa↗ŋ	1	0	0	0
ră̂ng	TONE_HOI	ʒa↓ŋ	ˈɛʒəː↘ă ˌɛndʒˈiː	0	1	0	0
rẵng	TONE_NGA	ʒaʔ↗ŋ	ɹˈaʔ↗ŋ	1	0	0	0
rặng	TONE_NANG	ʒaʔ↓ŋ	ɹˈaʔ↓ŋ	1	0	0	0
rắc	TONE_SAC	ʒa↗k	ɹˈa↗c	1	0	0	0
rặc	TONE_NANG	ʒaʔ↓k	ɹˈaʔ↓c	1	0	0	0
rắch	TONE_SAC	ʒa↗k	ɹˈa↗c hˈa↗t	0	0	0	0
rặch	TONE_NANG	ʒaʔ↓k	ɹˈaʔ↓c hˈa↗t	0	0	0	0
râ	TONE_NGANG	ʒə→	ˈɛʒəː↘ˌeɪsˈ↗ːkəmflˌɛks	0	0	0	0
rầ	TONE_HUYEN	ʒə↘	ˈɛʒəː↘ầ	1	1	0	0
rấ	TONE_SAC	ʒə↗	ˈɛʒəː↘ấ	0	1	0	0
râ̂	TONE_HOI	ʒə↓	ˈɛʒəː↘ˌeɪsˈ↗ːkəmflˌɛks	0	0	0	0
rẫ	TONE_NGA	ʒəʔ↗	ˈɛʒəː↘ẫ	0	1	0	0
rậ	TONE_NANG	ʒəʔ↓	ˈɛʒəː↘ậ	0	1	0	0
râi	TONE_NGANG	ʒə→j	ˈɛʒəː↘ˌeɪsˈ↗ːkəmflˌɛksˈi	0	0	0	0
rầi	TONE_HUYEN	ʒə↘j	ˈɛʒəː↘ầˈi	0	1	0	0
rấi	TONE_SAC	ʒə↗j	ˈɛʒəː↘ấˈi	0	1	0	0
râ̂i	TONE_HOI	ʒə↓j	ˈɛʒəː↘ˌeɪsˈ↗ːkəmflˌɛks ˈi	0	0	0	0
rẫi	TONE_NGA	ʒəʔ↗j	ˈɛʒəː↘ẫˈi	0	1	0	0
rậi	TONE_NANG	ʒəʔ↓j	ˈɛʒəː↘ậˈi	0	1	0	0
rây	TONE_NGANG	ʒə→j	ɹˈəɪ	0	0	0	0
rầy	TONE_HUYEN	ʒə↘j	ɹˈəɪ↘	1	0	0	0
rấy	TONE_SAC	ʒə↗j	ɹˈəɪ↗	1	0	0	0
râ̂y	TONE_HOI	ʒə↓j	ˈɛʒəː↘ˌeɪsˈ↗ːkəmflˌɛks ˈi	0	0	0	0
rẫy	TONE_NGA	ʒəʔ↗j	ɹˈəɪʔ↗	1	0	0	0
rậy	TONE_NANG	ʒəʔ↓j	ɹˈəɪʔ↓	1	0	0	0
râo	TONE_NGANG	ʒə→w	ˈɛʒəː↘ˌeɪsˈ↗ːkəmflˌɛksˈɔ	0	0	0	0
rầo	TONE_HUYEN	ʒə↘w	ˈɛʒəː↘ầˈɔ	1	1	0	0
rấo	TONE_SAC	ʒə↗w	ˈɛʒəː↘ấˈɔ	0	1	0	0
râ̂o	TONE_HOI	ʒə↓w	ˈɛʒəː↘ˌeɪsˈ↗ːkəmflˌɛks ˈo	0	0	0	0
rẫo	TONE_NGA	ʒəʔ↗w	ˈɛʒəː↘ẫˈɔ	0	1	0	0
rậo	TONE_NANG	ʒəʔ↓w	ˈɛʒəː↘ậˈɔ	0	1	0	0
râu	TONE_NGANG	ʒə→w	ɹˈə→w	1	0	0	0
rầu	TONE_HUYEN	ʒə↘w	ɹˈə↘w	1	0	0	0
rấu	TONE_SAC	ʒə↗w	ɹˈə↗w	1	0	0	0
râ̂u	TONE_HOI	ʒə↓w	ˈɛʒəː↘ˌeɪsˈ↗ːkəmflˌɛks ˈu	0	0	0	0
rẫu	TONE_NGA	ʒəʔ↗w	ɹˈəʔ↗w	1	0	0	0
rậu	TONE_NANG	ʒəʔ↓w	ɹˈəʔ↓w	1	0	0	0
râm	TONE_NGANG	ʒə→m	ɹˈəm	0	0	0	0
rầm	TONE_HUYEN	ʒə↘m	ɹˈə↘m	1	0	0	0
rấm	TONE_SAC	ʒə↗m	ɹˈə↗m	1	0	0	0
râ̂m	TONE_HOI	ʒə↓m	ˈɛʒəː↘ˌeɪsˈ↗ːkəmflˌɛks mˈəː↘	0	0	0	0
rẫm	TONE_NGA	ʒəʔ↗m	ɹˈəʔ↗m	1	0	0	0
rậm	TONE_NANG	ʒəʔ↓m	ɹˈəʔ↓m	1	0	0	0
rân	TONE_NGANG	ʒə→n	ɹˈən	0	0	0	0
rần	TONE_HUYEN	ʒə↘n	ɹˈə↘n	1	0	0	0
rấn	TONE_SAC	ʒə↗n	ɹˈə↗n	1	0	0	0
râ̂n	TONE_HOI	ʒə↓n	ˈɛʒəː↘ˌeɪsˈ↗ːkəmflˌɛks nˈəː↘	0	0	0	0
rẫn	TONE_NGA	ʒəʔ↗n	ɹˈəʔ↗n	1	0	0	0
rận	TONE_NANG	ʒəʔ↓n	ɹˈəʔ↓n	1	0	0	0
rấp	TONE_SAC	ʒə↗p	ɹˈə↗p	1	0	0	0
rập	TONE_NANG	ʒəʔ↓p	ɹˈəʔ↓p	1	0	0	0
rất	TONE_SAC	ʒə↗t	ɹˈə↗t	1	0	0	0
rật	TONE_NANG	ʒəʔ↓t	ɹˈəʔ↓t	1	0	0	0
râng	TONE_NGANG	ʒə→ŋ	ɹˈəŋ	0	0	0	0
rầng	TONE_HUYEN	ʒə↘ŋ	ɹˈə↘ŋ	1	0	0	0
rấng	TONE_SAC	ʒə↗ŋ	ɹˈə↗ŋ	1	0	0	0
râ̂ng	TONE_HOI	ʒə↓ŋ	ˈɛʒəː↘ˌeɪsˈ↗ːkəmflˌɛks ˌɛndʒˈiː	0	0	0	0
rẫng	TONE_NGA	ʒəʔ↗ŋ	ɹˈəʔ↗ŋ	1	0	0	0
rậng	TONE_NANG	ʒəʔ↓ŋ	ɹˈəʔ↓ŋ	1	0	0	0
rấc	TONE_SAC	ʒə↗k	ɹˈə↗c	1	0	0	0
rậc	TONE_NANG	ʒəʔ↓k	ɹˈəʔ↓c	1	0	0	0
rấch	TONE_SAC	ʒə↗k	ɹˈə↗c hˈa↗t	0	0	0	0
rậch	TONE_NANG	ʒəʔ↓k	ɹˈəʔ↓c hˈa↗t	0	0	0	0
re	TONE_NGANG	ʒɛ→	ɹˈɛ	0	0	0	0
rè	TONE_HUYEN	ʒɛ↘	ɹˈɛ↘	1	0	0	0
ré	TONE_SAC	ʒɛ↗	ɹˈɛ↗	1	0	0	0
rê	TONE_HOI	ʒɛ↓	ɹˈe	0	0	0	0
rẽ	TONE_NGA	ʒɛʔ↗	ɹˈɛʔ↗	1	0	0	0
rẹ	TONE_NANG	ʒɛʔ↓	ɹˈɛʔ↓	1	0	0	0
reo	TONE_NGANG	ʒɛ→w	ɹˈɛw	0	0	0	0
rèo	TONE_HUYEN	ʒɛ↘w	ɹˈɛ↘w	1	0	0	0
réo	TONE_SAC	ʒɛ↗w	ɹˈɛ↗w	1	0	0	0
rêo	TONE_HOI	ʒɛ↓w	ɹˈe ˈɔ	0	0	0	0
rẽo	TONE_NGA	ʒɛʔ↗w	ɹˈɛʔ↗w	1	0	0	0
rẹo	TONE_NANG	ʒɛʔ↓w	ɹˈɛʔ↓w	1	0	0	0
reu	TONE_NGANG	ʒɛ→w	ɹˈe→w	1	0	0	0
rèu	TONE_HUYEN	ʒɛ↘w	ɹˈɛ↘ ˈu	0	0	0	0
réu	TONE_SAC	ʒɛ↗w	ɹˈɛ↗ ˈu	0	0	0	0
rêu	TONE_HOI	ʒɛ↓w	ɹˈe→w	0	0	0	0
rẽu	TONE_NGA	ʒɛʔ↗w	ɹˈɛʔ↗ ˈu	0	0	0	0
rẹu	TONE_NANG	ʒɛʔ↓w	ɹˈɛʔ↓ ˈu	0	0	0	0
rem	TONE_NGANG	ʒɛ→m	ɹˈɛm	0	0	0	0
rèm	TONE_HUYEN	ʒɛ↘m	ɹˈɛ↘m	1	0	0	0
rém	TONE_SAC	ʒɛ↗m	ɹˈɛ↗m	1	0	0	0
rêm	TONE_HOI	ʒɛ↓m	ɹˈem	0	0	0	0
rẽm	TONE_NGA	ʒɛʔ↗m	ɹˈɛʔ↗m	1	0	0	0
rẹm	TONE_NANG	ʒɛʔ↓m	ɹˈɛʔ↓m	1	0	0	0
ren	TONE_NGANG	ʒɛ→n	ɹˈɛn	0	0	0	0
rèn	TONE_HUYEN	ʒɛ↘n	ɹˈɛ↘n	1	0	0	0
rén	TONE_SAC	ʒɛ↗n	ɹˈɛ↗n	1	0	0	0
rên	TONE_HOI	ʒɛ↓n	ɹˈen	0	0	0	0
rẽn	TONE_NGA	ʒɛʔ↗n	ɹˈɛʔ↗n	1	0	0	0
rẹn	TONE_NANG	ʒɛʔ↓n	ɹˈɛʔ↓n	1	0	0	0
rép	TONE_SAC	ʒɛ↗p	ɹˈɛ↗p	1	0	0	0
rẹp	TONE_NANG	ʒɛʔ↓p	ɹˈɛʔ↓p	1	0	0	0
rét	TONE_SAC	ʒɛ↗t	ɹˈɛ↗t	1	0	0	0
rẹt	TONE_NANG	ʒɛʔ↓t	ɹˈɛʔ↓t	1	0	0	0
reng	TONE_NGANG	ʒɛ→ŋ	ɹˈɛŋ	0	0	0	0
rèng	TONE_HUYEN	ʒɛ↘ŋ	ɹˈɛ↘ŋ	1	0	0	0
réng	TONE_SAC	ʒɛ↗ŋ	ɹˈɛ↗ŋ	1	0	0	0
rêng	TONE_HOI	ʒɛ↓ŋ	ɹˈen ðˈe→	0	0	0	0
rẽng	TONE_NGA	ʒɛʔ↗ŋ	ɹˈɛʔ↗ŋ	1	0	0	0
rẹng	TONE_NANG	ʒɛʔ↓ŋ	ɹˈɛʔ↓ŋ	1	0	0	0
réc	TONE_SAC	ʒɛ↗k	ɹˈɛ↗c	1	0	0	0
rẹc	TONE_NANG	ʒɛʔ↓k	ɹˈɛʔ↓c	1	0	0	0
réch	TONE_SAC	ʒɛ↗k	ɹˈɛ↗c hˈa↗t	0	0	0	0
rẹch	TONE_NANG	ʒɛʔ↓k	ɹˈɛʔ↓c hˈa↗t	0	0	0	0
rê	TONE_NGANG	ʒe→	ɹˈe	0	0	0	0
rề	TONE_HUYEN	ʒe↘	ɹˈe↘	1	0	0	0
rế	TONE_SAC	ʒe↗	ɹˈe↗	1	0	0	0
rê̂	TONE_HOI	ʒe↓	ɹˈe	0	0	0	0
rễ	TONE_NGA	ʒeʔ↗	ɹˈeʔ↗	1	0	0	0
rệ	TONE_NANG	ʒeʔ↓	ɹˈeʔ↓	1	0	0	0
rêo	TONE_NGANG	ʒe→w	ɹˈe ˈɔ	0	0	0	0
rềo	TONE_HUYEN	ʒe↘w	ɹˈe↘ ˈɔ	1	0	0	0
rếo	TONE_SAC	ʒe↗w	ɹˈe↗ ˈɔ	1	0	0	0
rê̂o	TONE_HOI	ʒe↓w	ɹˈe ˈo	0	0	0	0
rễo	TONE_NGA	ʒeʔ↗w	ɹˈeʔ↗ ˈɔ	1	0	0	0
rệo	TONE_NANG	ʒeʔ↓w	ɹˈeʔ↓ ˈɔ	1	0	0	0
rêu	TONE_NGANG	ʒe→w	ɹˈe→w	1	0	0	0
rều	TONE_HUYEN	ʒe↘w	ɹˈe↘w	1	0	0	0
rếu	TONE_SAC	ʒe↗w	ɹˈe↗w	1	0	0	0
rê̂u	TONE_HOI	ʒe↓w	ɹˈe ˈu	0	0	0	0
rễu	TONE_NGA	ʒeʔ↗w	ɹˈeʔ↗w	1	0	0	0
rệu	TONE_NANG	ʒeʔ↓w	ɹˈeʔ↓w	1	0	0	0
rêm	TONE_NGANG	ʒe→m	ɹˈem	0	0	0	0
rềm	TONE_HUYEN	ʒe↘m	ɹˈe↘m	1	0	0	0
rếm	TONE_SAC	ʒe↗m	ɹˈe↗m	1	0	0	0
rê̂m	TONE_HOI	ʒe↓m	ɹˈe mˈəː↘	0	0	0	0
rễm	TONE_NGA	ʒeʔ↗m	ɹˈeʔ↗m	1	0	0	0
rệm	TONE_NANG	ʒeʔ↓m	ɹˈeʔ↓m	1	0	0	0
rên	TONE_NGANG	ʒe→n	ɹˈen	0	0	0	0
rền	TONE_HUYEN	ʒe↘n	ɹˈe↘n	1	0	0	0
rến	TONE_SAC	ʒe↗n	ɹˈe↗n	1	0	0	0
rê̂n	TONE_HOI	ʒe↓n	ɹˈe nˈəː↘	0	0	0	0
rễn	TONE_NGA	ʒeʔ↗n	ɹˈeʔ↗n	1	0	0	0
rện	TONE_NANG	ʒeʔ↓n	ɹˈeʔ↓n	1	0	0	0
rếp	TONE_SAC	ʒe↗p	ɹˈe↗p	1	0	0	0
rệp	TONE_NANG	ʒeʔ↓p	ɹˈeʔ↓p	1	0	0	0
rết	TONE_SAC	ʒe↗t	ɹˈe↗t	1	0	0	0
rệt	TONE_NANG	ʒeʔ↓t	ɹˈeʔ↓t	1	0	0	0
rênh	TONE_NGANG	ʒe→ɲ	ɹˈeɲ	0	0	0	0
rềnh	TONE_HUYEN	ʒe↘ɲ	ɹˈe↘ɲ	1	0	0	0
rếnh	TONE_SAC	ʒe↗ɲ	ɹˈe↗ɲ	1	0	0	0
rê̂nh	TONE_HOI	ʒe↓ɲ	ɹˈe ˌɛnˈeɪʧ	0	0	0	0
rễnh	TONE_NGA	ʒeʔ↗ɲ	ɹˈeʔ↗ɲ	1	0	0	0
rệnh	TONE_NANG	ʒeʔ↓ɲ	ɹˈeʔ↓ɲ	1	0	0	0
rếc	TONE_SAC	ʒe↗k	ɹˈe↗ sˈe	0	0	0	0
rệc	TONE_NANG	ʒeʔ↓k	ɹˈeʔ↓ sˈe	0	0	0	0
rếch	TONE_SAC	ʒe↗k	ɹˈe↗c	1	0	0	0
rệch	TONE_NANG	ʒeʔ↓k	ɹˈeʔ↓c	1	0	0	0
ri	TONE_NGANG	ʒi→	ɹˈi	0	0	0	0
rì	TONE_HUYEN	ʒi↘	ɹˈi↘	1	0	0	0
rí	TONE_SAC	ʒi↗	ɹˈi↗	1	0	0	0
rî	TONE_HOI	ʒi↓	ɹˈi	0	0	0	0
rĩ	TONE_NGA	ʒiʔ↗	ɹˈiʔ↗	1	0	0	0
rị	TONE_NANG	ʒiʔ↓	ɹˈiʔ↓	1	0	0	0
rio	TONE_NGANG	ʒi→w	ɹˈiːoʊ	0	0	0	0
rìo	TONE_HUYEN	ʒi↘w	ɹˈi↘ ˈɔ	1	0	0	0
río	TONE_SAC	ʒi↗w	ɹˈiːoʊ	0	0	0	0
rîo	TONE_HOI	ʒi↓w	ɹˈiːoʊ	0	0	0	0
rĩo	TONE_NGA	ʒiʔ↗w	ɹˈiʔ↗ ˈɔ	1	0	0	0
rịo	TONE_NANG	ʒiʔ↓w	ɹˈiʔ↓ ˈɔ	1	0	0	0
riu	TONE_NGANG	ʒi→w	ɹˈiw	0	0	0	0
rìu	TONE_HUYEN	ʒi↘w	ɹˈi↘w	1	0	0	0
ríu	TONE_SAC	ʒi↗w	ɹˈi↗w	1	0	0	0
rîu	TONE_HOI	ʒi↓w	ɹˈiw	0	0	0	0
rĩu	TONE_NGA	ʒiʔ↗w	ɹˈiʔ↗w	1	0	0	0
rịu	TONE_NANG	ʒiʔ↓w	ɹˈiʔ↓w	1	0	0	0
rim	TONE_NGANG	ʒi→m	ɹˈim	0	0	0	0
rìm	TONE_HUYEN	ʒi↘m	ɹˈi↘m	1	0	0	0
rím	TONE_SAC	ʒi↗m	ɹˈi↗m	1	0	0	0
rîm	TONE_HOI	ʒi↓m	ɹˈim	0	0	0	0
rĩm	TONE_NGA	ʒiʔ↗m	ɹˈiʔ↗m	1	0	0	0
rịm	TONE_NANG	ʒiʔ↓m	ɹˈiʔ↓m	1	0	0	0
rin	TONE_NGANG	ʒi→n	ɹˈin	0	0	0	0
rìn	TONE_HUYEN	ʒi↘n	ɹˈi↘n	1	0	0	0
rín	TONE_SAC	ʒi↗n	ɹˈi↗n	1	0	0	0
rîn	TONE_HOI	ʒi↓n	ɹˈin	0	0	0	0
rĩn	TONE_NGA	ʒiʔ↗n	ɹˈiʔ↗n	1	0	0	0
rịn	TONE_NANG	ʒiʔ↓n	ɹˈiʔ↓n	1	0	0	0
ríp	TONE_SAC	ʒi↗p	ɹˈi↗p	1	0	0	0
rịp	TONE_NANG	ʒiʔ↓p	ɹˈiʔ↓p	1	0	0	0
rít	TONE_SAC	ʒi↗t	ɹˈi↗t	1	0	0	0
rịt	TONE_NANG	ʒiʔ↓t	ɹˈiʔ↓t	1	0	0	0
rinh	TONE_NGANG	ʒi→ɲ	ɹˈiɲ	0	0	0	1
rình	TONE_HUYEN	ʒi↘ɲ	ɹˈi↘ɲ	1	0	0	1
rính	TONE_SAC	ʒi↗ɲ	ɹˈi↗ɲ	1	0	0	1
rînh	TONE_HOI	ʒi↓ɲ	ɹˈiɲ	0	0	0	1
rĩnh	TONE_NGA	ʒiʔ↗ɲ	ɹˈiʔ↗ɲ	1	0	0	1
rịnh	TONE_NANG	ʒiʔ↓ɲ	ɹˈiʔ↓ɲ	1	0	0	1
ríc	TONE_SAC	ʒi↗k	ɹˈi↗ sˈe	0	0	0	0
rịc	TONE_NANG	ʒiʔ↓k	ɹˈiʔ↓ sˈe	0	0	0	0
rích	TONE_SAC	ʒi↗k	ɹˈi↗c	1	0	0	0
rịch	TONE_NANG	ʒiʔ↓k	ɹˈiʔ↓c	1	0	0	0
ry	TONE_NGANG	ʒi→	ɹˈi	0	0	0	0
rỳ	TONE_HUYEN	ʒi↘	ɹˈi↘	1	0	0	0
rý	TONE_SAC	ʒi↗	ɹˈi↗	1	0	0	0
rŷ	TONE_HOI	ʒi↓	ɹˈi	0	0	0	0
rỹ	TONE_NGA	ʒiʔ↗	ɹˈiʔ↗	1	0	0	0
rỵ	TONE_NANG	ʒiʔ↓	ɹˈiʔ↓	1	0	0	0
ryo	TONE_NGANG	ʒi→w	ɹˈaɪoʊ	0	0	0	0
rỳo	TONE_HUYEN	ʒi↘w	ɹˈi↘ ˈɔ	1	0	0	0
rýo	TONE_SAC	ʒi↗w	ɹˈi↗ ˈɔ	1	0	0	0
rŷo	TONE_HOI	ʒi↓w	ɹˈaɪoʊ	0	0	0	0
rỹo	TONE_NGA	ʒiʔ↗w	ɹˈiʔ↗ ˈɔ	1	0	0	0
rỵo	TONE_NANG	ʒiʔ↓w	ɹˈiʔ↓ ˈɔ	1	0	0	0
ryu	TONE_NGANG	ʒi→w	ɹˈaɪuː	0	0	0	0
rỳu	TONE_HUYEN	ʒi↘w	ɹˈi↘ ˈu	0	0	0	0
rýu	TONE_SAC	ʒi↗w	ɹˈi↗ ˈu	0	0	0	0
rŷu	TONE_HOI	ʒi↓w	ɹˈaɪuː	0	0	0	0
rỹu	TONE_NGA	ʒiʔ↗w	ɹˈiʔ↗ ˈu	0	0	0	0
rỵu	TONE_NANG	ʒiʔ↓w	ɹˈiʔ↓ ˈu	0	0	0	0
rym	TONE_NGANG	ʒi→m	ɹˈɪm	0	0	0	0
rỳm	TONE_HUYEN	ʒi↘m	ɹˈi↘ ˈməː↘	0	0	0	0
rým	TONE_SAC	ʒi↗m	ɹˈi↗ ˈməː↘	0	0	0	0
rŷm	TONE_HOI	ʒi↓m	ɹˈɪm	0	0	0	0
rỹm	TONE_NGA	ʒiʔ↗m	ɹˈiʔ↗ ˈməː↘	0	0	0	0
rỵm	TONE_NANG	ʒiʔ↓m	ɹˈiʔ↓ ˈməː↘	0	0	0	0
ryn	TONE_NGANG	ʒi→n	ɹˈɪn	0	0	0	0
rỳn	TONE_HUYEN	ʒi↘n	ɹˈi↘ ˈɛnəː↘	0	0	0	0
rýn	TONE_SAC	ʒi↗n	ɹˈi↗ ˈɛnəː↘	0	0	0	0
rŷn	TONE_HOI	ʒi↓n	ɹˈɪn	0	0	0	0
rỹn	TONE_NGA	ʒiʔ↗n	ɹˈiʔ↗ ˈɛnəː↘	0	0	0	0
rỵn	TONE_NANG	ʒiʔ↓n	ɹˈiʔ↓ ˈɛnəː↘	0	0	0	0
rýp	TONE_SAC	ʒi↗p	ɹˈi↗ pˈe	0	0	0	0
rỵp	TONE_NANG	ʒiʔ↓p	ɹˈiʔ↓ pˈe	0	0	0	0
rýt	TONE_SAC	ʒi↗t	ɹˈi↗ tˈe	0	0	0	0
rỵt	TONE_NANG	ʒiʔ↓t	ɹˈiʔ↓ tˈe	0	0	0	0
rynh	TONE_NGANG	ʒi→ɲ	ˈɑːɹ ˈɪn	0	0	0	0
rỳnh	TONE_HUYEN	ʒi↘ɲ	ɹˈi↘ ˈɛnəː↘hˈa↗t	0	0	0	0
rýnh	TONE_SAC	ʒi↗ɲ	ɹˈi↗ ˈɛnəː↘hˈa↗t	0	0	0	0
rŷnh	TONE_HOI	ʒi↓ɲ	ˈɑːɹ ˈɪn	0	0	0	0
rỹnh	TONE_NGA	ʒiʔ↗ɲ	ɹˈiʔ↗ ˈɛnəː↘hˈa↗t	0	0	0	0
rỵnh	TONE_NANG	ʒiʔ↓ɲ	ɹˈiʔ↓ ˈɛnəː↘hˈa↗t	0	0	0	0
rýc	TONE_SAC	ʒi↗k	ɹˈi↗ sˈe	0	0	0	0
rỵc	TONE_NANG	ʒiʔ↓k	ɹˈiʔ↓ sˈe	0	0	0	0
rých	TONE_SAC	ʒi↗k	ɹˈi↗ sˈehˈa↗t	0	0	0	0
rỵch	TONE_NANG	ʒiʔ↓k	ɹˈiʔ↓ sˈehˈa↗t	0	0	0	0
ro	TONE_NGANG	ʒɔ→	ɹˈɔ	0	0	0	0
rò	TONE_HUYEN	ʒɔ↘	ɹˈɔ↘	1	0	0	0
ró	TONE_SAC	ʒɔ↗	ɹˈɔ↗	1	0	0	0
rô	TONE_HOI	ʒɔ↓	ɹˈo	0	0	0	0
rõ	TONE_NGA	ʒɔʔ↗	ɹˈɔʔ↗	1	0	0	0
rọ	TONE_NANG	ʒɔʔ↓	ɹˈɔʔ↓	1	0	0	0
roi	TONE_NGANG	ʒɔ→j	ɹˈɔj	0	0	0	0
ròi	TONE_HUYEN	ʒɔ↘j	ɹˈɔ↘j	1	0	0	0
rói	TONE_SAC	ʒɔ↗j	ɹˈɔ↗j	1	0	0	0
rôi	TONE_HOI	ʒɔ↓j	ɹˈoj	0	0	0	0
rõi	TONE_NGA	ʒɔʔ↗j	ɹˈɔʔ↗j	1	0	0	0
rọi	TONE_NANG	ʒɔʔ↓j	ɹˈɔʔ↓j	1	0	0	0
roy	TONE_NGANG	ʒɔ→j	ɹˈɔɪ	0	0	0	0
ròy	TONE_HUYEN	ʒɔ↘j	ɹˈɔ↘ ˈi	0	0	0	0
róy	TONE_SAC	ʒɔ↗j	ɹˈɔ↗ ˈi	0	0	0	0
rôy	TONE_HOI	ʒɔ↓j	ɹˈo ˈi	0	0	0	0
rõy	TONE_NGA	ʒɔʔ↗j	ɹˈɔʔ↗ ˈi	0	0	0	0
rọy	TONE_NANG	ʒɔʔ↓j	ɹˈɔʔ↓ ˈi	0	0	0	0
rom	TONE_NGANG	ʒɔ→m	ɹˈɔm	0	0	0	0
ròm	TONE_HUYEN	ʒɔ↘m	ɹˈɔ↘m	1	0	0	0
róm	TONE_SAC	ʒɔ↗m	ɹˈɔ↗m	1	0	0	0
rôm	TONE_HOI	ʒɔ↓m	ɹˈom	0	0	0	0
rõm	TONE_NGA	ʒɔʔ↗m	ɹˈɔʔ↗m	1	0	0	0
rọm	TONE_NANG	ʒɔʔ↓m	ɹˈɔʔ↓m	1	0	0	0
ron	TONE_NGANG	ʒɔ→n	ɹˈɔn	0	0	0	0
ròn	TONE_HUYEN	ʒɔ↘n	ɹˈɔ↘n	1	0	0	0
rón	TONE_SAC	ʒɔ↗n	ɹˈɔ↗n	1	0	0	0
rôn	TONE_HOI	ʒɔ↓n	ɹˈon	0	0	0	0
rõn	TONE_NGA	ʒɔʔ↗n	ɹˈɔʔ↗n	1	0	0	0
rọn	TONE_NANG	ʒɔʔ↓n	ɹˈɔʔ↓n	1	0	0	0
róp	TONE_SAC	ʒɔ↗p	ɹˈɔ↗p	1	0	0	0
rọp	TONE_NANG	ʒɔʔ↓p	ɹˈɔʔ↓p	1	0	0	0
rót	TONE_SAC	ʒɔ↗t	ɹˈɔ↗t	1	0	0	0
rọt	TONE_NANG	ʒɔʔ↓t	ɹˈɔʔ↓t	1	0	0	0
rong	TONE_NGANG	ʒɔ→ŋ	ɹˈɔŋ	0	0	0	0
ròng	TONE_HUYEN	ʒɔ↘ŋ	ɹˈɔ↘ŋ	1	0	0	0
róng	TONE_SAC	ʒɔ↗ŋ	ɹˈɔ↗ŋ	1	0	0	0
rông	TONE_HOI	ʒɔ↓ŋ	ɹˈoŋ	0	0	0	0
rõng	TONE_NGA	ʒɔʔ↗ŋ	ɹˈɔʔ↗ŋ	1	0	0	0
rọng	TONE_NANG	ʒɔʔ↓ŋ	ɹˈɔʔ↓ŋ	1	0	0	0
róc	TONE_SAC	ʒɔ↗k	ɹˈɔ↗k	1	0	0	0
rọc	TONE_NANG	ʒɔʔ↓k	ɹˈɔʔ↓k	1	0	0	0
róch	TONE_SAC	ʒɔ↗k	ɹˈɔ↗k hˈa↗t	0	0	0	0
rọch	TONE_NANG	ʒɔʔ↓k	ɹˈɔʔ↓k hˈa↗t	0	0	0	0
rô	TONE_NGANG	ʒo→	ɹˈo	0	0	0	0
rồ	TONE_HUYEN	ʒo↘	ɹˈo↘	1	0	0	0
rố	TONE_SAC	ʒo↗	ɹˈo↗	1	0	0	0
rô̂	TONE_HOI	ʒo↓	ɹˈo	0	0	0	0
rỗ	TONE_NGA	ʒoʔ↗	ɹˈoʔ↗	1	0	0	0
rộ	TONE_NANG	ʒoʔ↓	ɹˈoʔ↓	1	0	0	0
rôi	TONE_NGANG	ʒo→j	ɹˈoj	0	0	0	0
rồi	TONE_HUYEN	ʒo↘j	ɹˈo↘j	1	0	0	0
rối	TONE_SAC	ʒo↗j	ɹˈo↗j	1	0	0	0
rô̂i	TONE_HOI	ʒo↓j	ɹˈo ˈi	0	0	0	0
rỗi	TONE_NGA	ʒoʔ↗j	ɹˈoʔ↗j	1	0	0	0
rội	TONE_NANG	ʒoʔ↓j	ɹˈoʔ↓j	1	0	0	0
rôy	TONE_NGANG	ʒo→j	ɹˈo ˈi	0	0	0	0
rồy	TONE_HUYEN	ʒo↘j	ɹˈo↘ ˈi	0	0	0	0
rốy	TONE_SAC	ʒo↗j	ɹˈo↗ ˈi	0	0	0	0
rô̂y	TONE_HOI	ʒo↓j	ɹˈo ˈi	0	0	0	0
rỗy	TONE_NGA	ʒoʔ↗j	ɹˈoʔ↗ ˈi	0	0	0	0
rộy	TONE_NANG	ʒoʔ↓j	ɹˈoʔ↓ ˈi	0	0	0	0
rôm	TONE_NGANG	ʒo→m	ɹˈom	0	0	0	0
rồm	TONE_HUYEN	ʒo↘m	ɹˈo↘m	1	0	0	0
rốm	TONE_SAC	ʒo↗m	ɹˈo↗m	1	0	0	0
rô̂m	TONE_HOI	ʒo↓m	ɹˈo mˈəː↘	0	0	0	0
rỗm	TONE_NGA	ʒoʔ↗m	ɹˈoʔ↗m	1	0	0	0
rộm	TONE_NANG	ʒoʔ↓m	ɹˈoʔ↓m	1	0	0	0
rôn	TONE_NGANG	ʒo→n	ɹˈon	0	0	0	0
rồn	TONE_HUYEN	ʒo↘n	ɹˈo↘n	1	0	0	0
rốn	TONE_SAC	ʒo↗n	ɹˈo↗n	1	0	0	0
rô̂n	TONE_HOI	ʒo↓n	ɹˈo nˈəː↘	0	0	0	0
rỗn	TONE_NGA	ʒoʔ↗n	ɹˈoʔ↗n	1	0	0	0
rộn	TONE_NANG	ʒoʔ↓n	ɹˈoʔ↓n	1	0	0	0
rốp	TONE_SAC	ʒo↗p	ɹˈo↗p	1	0	0	0
rộp	TONE_NANG	ʒoʔ↓p	ɹˈoʔ↓p	1	0	0	0
rốt	TONE_SAC	ʒo↗t	ɹˈo↗t	1	0	0	0
rột	TONE_NANG	ʒoʔ↓t	ɹˈoʔ↓t	1	0	0	0
rông	TONE_NGANG	ʒo→ŋ	ɹˈoŋ	0	0	0	0
rồng	TONE_HUYEN	ʒo↘ŋ	ɹˈo↘ŋ	1	0	0	0
rống	TONE_SAC	ʒo↗ŋ	ɹˈo↗ŋ	1	0	0	0
rô̂ng	TONE_HOI	ʒo↓ŋ	ɹˈo ˌɛndʒˈiː	0	0	0	0
rỗng	TONE_NGA	ʒoʔ↗ŋ	ɹˈoʔ↗ŋ	1	0	0	0
rộng	TONE_NANG	ʒoʔ↓ŋ	ɹˈoʔ↓ŋ	1	0	0	0
rốc	TONE_SAC	ʒo↗k	ɹˈo↗k	1	0	0	0
rộc	TONE_NANG	ʒoʔ↓k	ɹˈoʔ↓k	1	0	0	0
rốch	TONE_SAC	ʒo↗k	ɹˈo↗k hˈa↗t	0	0	0	0
rộch	TONE_NANG	ʒoʔ↓k	ɹˈoʔ↓k hˈa↗t	0	0	0	0
rơ	TONE_NGANG	ʒəː→	ɹˈəː	0	0	0	0
rờ	TONE_HUYEN	ʒəː↘	ɹˈəː↘	1	0	0	0
rớ	TONE_SAC	ʒəː↗	ɹˈəː↗	1	0	0	0
rơ̂	TONE_HOI	ʒəː↓	ɹˈəː	0	0	0	0
rỡ	TONE_NGA	ʒəːʔ↗	ɹˈəːʔ↗	1	0	0	0
rợ	TONE_NANG	ʒəːʔ↓	ɹˈəːʔ↓	1	0	0	0
rơi	TONE_NGANG	ʒəː→j	ɹˈəːj	0	0	0	0
rời	TONE_HUYEN	ʒəː↘j	ɹˈəː↘j	1	0	0	0
rới	TONE_SAC	ʒəː↗j	ɹˈəː↗j	1	0	0	0
rơ̂i	TONE_HOI	ʒəː↓j	ɹˈəː ˈi	0	0	0	0
rỡi	TONE_NGA	ʒəːʔ↗j	ɹˈəːʔ↗j	1	0	0	0
rợi	TONE_NANG	ʒəːʔ↓j	ɹˈəːʔ↓j	1	0	0	0
rơy	TONE_NGANG	ʒəː→j	ɹˈəː ˈi	0	0	0	0
rờy	TONE_HUYEN	ʒəː↘j	ɹˈəː↘ ˈi	0	0	0	0
rớy	TONE_SAC	ʒəː↗j	ɹˈəː↗ ˈi	0	0	0	0
rơ̂y	TONE_HOI	ʒəː↓j	ɹˈəː ˈi	0	0	0	0
rỡy	TONE_NGA	ʒəːʔ↗j	ɹˈəːʔ↗ ˈi	0	0	0	0
rợy	TONE_NANG	ʒəːʔ↓j	ɹˈəːʔ↓ ˈi	0	0	0	0
rơm	TONE_NGANG	ʒəː→m	ɹˈəːm	0	0	0	0
rờm	TONE_HUYEN	ʒəː↘m	ɹˈəː↘m	1	0	0	0
rớm	TONE_SAC	ʒəː↗m	ɹˈəː↗m	1	0	0	0
rơ̂m	TONE_HOI	ʒəː↓m	ɹˈəː mˈəː↘	0	0	0	0
rỡm	TONE_NGA	ʒəːʔ↗m	ɹˈəːʔ↗m	1	0	0	0
rợm	TONE_NANG	ʒəːʔ↓m	ɹˈəːʔ↓m	1	0	0	0
rơn	TONE_NGANG	ʒəː→n	ɹˈəːn	0	0	0	0
rờn	TONE_HUYEN	ʒəː↘n	ɹˈəː↘n	1	0	0	0
rớn	TONE_SAC	ʒəː↗n	ɹˈəː↗n	1	0	0	0
rơ̂n	TONE_HOI	ʒəː↓n	ɹˈəː nˈəː↘	0	0	0	0
rỡn	TONE_NGA	ʒəːʔ↗n	ɹˈəːʔ↗n	1	0	0	0
rợn	TONE_NANG	ʒəːʔ↓n	ɹˈəːʔ↓n	1	0	0	0
rớp	TONE_SAC	ʒəː↗p	ɹˈəː↗p	1	0	0	0
rợp	TONE_NANG	ʒəːʔ↓p	ɹˈəːʔ↓p	1	0	0	0
rớt	TONE_SAC	ʒəː↗t	ɹˈəː↗t	1	0	0	0
rợt	TONE_NANG	ʒəːʔ↓t	ɹˈəːʔ↓t	1	0	0	0
rớc	TONE_SAC	ʒəː↗k	ɹˈəː↗ sˈe	0	0	0	0
rợc	TONE_NANG	ʒəːʔ↓k	ɹˈəːʔ↓ sˈe	0	0	0	0
rớch	TONE_SAC	ʒəː↗k	ɹˈəː↗ sˈehˈa↗t	0	0	0	0
rợch	TONE_NANG	ʒəːʔ↓k	ɹˈəːʔ↓ sˈehˈa↗t	0	0	0	0
ru	TONE_NGANG	ʒu→	ɹˈu	0	0	0	0
rù	TONE_HUYEN	ʒu↘	ɹˈu↘	1	0	0	0
rú	TONE_SAC	ʒu↗	ɹˈu↗	1	0	0	0
rû	TONE_HOI	ʒu↓	ɹˈu	0	0	0	0
rũ	TONE_NGA	ʒuʔ↗	ɹˈuʔ↗	1	0	0	0
rụ	TONE_NANG	ʒuʔ↓	ɹˈuʔ↓	1	0	0	0
rui	TONE_NGANG	ʒu→j	ɹˈuj	0	0	0	0
rùi	TONE_HUYEN	ʒu↘j	ɹˈu↘j	1	0	0	0
rúi	TONE_SAC	ʒu↗j	ɹˈu↗j	1	0	0	0
rûi	TONE_HOI	ʒu↓j	ɹˈuj	0	0	0	0
rũi	TONE_NGA	ʒuʔ↗j	ɹˈuʔ↗j	1	0	0	0
rụi	TONE_NANG	ʒuʔ↓j	ɹˈuʔ↓j	1	0	0	0
ruy	TONE_NGANG	ʒu→j	ɹwˈi	0	0	0	0
rùy	TONE_HUYEN	ʒu↘j	ɹˈu↘ ˈi	0	0	0	0
rúy	TONE_SAC	ʒu↗j	ɹˈu↗ ˈi	0	0	0	0
rûy	TONE_HOI	ʒu↓j	ɹwˈi	0	0	0	0
rũy	TONE_NGA	ʒuʔ↗j	ɹˈuʔ↗ ˈi	0	0	0	0
rụy	TONE_NANG	ʒuʔ↓j	ɹˈuʔ↓ ˈi	0	0	0	0
rum	TONE_NGANG	ʒu→m	ɹˈum	0	0	0	0
rùm	TONE_HUYEN	ʒu↘m	ɹˈu↘m	1	0	0	0
rúm	TONE_SAC	ʒu↗m	ɹˈu↗m	1	0	0	0
rûm	TONE_HOI	ʒu↓m	ɹˈum	0	0	0	0
rũm	TONE_NGA	ʒuʔ↗m	ɹˈuʔ↗m	1	0	0	0
rụm	TONE_NANG	ʒuʔ↓m	ɹˈuʔ↓m	1	0	0	0
run	TONE_NGANG	ʒu→n	ɹˈun	0	0	0	0
rùn	TONE_HUYEN	ʒu↘n	ɹˈu↘n	1	0	0	0
rún	TONE_SAC	ʒu↗n	ɹˈu↗n	1	0	0	0
rûn	TONE_HOI	ʒu↓n	ɹˈun	0	0	0	0
rũn	TONE_NGA	ʒuʔ↗n	ɹˈuʔ↗n	1	0	0	0
rụn	TONE_NANG	ʒuʔ↓n	ɹˈuʔ↓n	1	0	0	0
rúp	TONE_SAC	ʒu↗p	ɹˈu↗p	1	0	0	0
rụp	TONE_NANG	ʒuʔ↓p	ɹˈuʔ↓p	1	0	0	0
rút	TONE_SAC	ʒu↗t	ɹˈu↗t	1	0	0	0
rụt	TONE_NANG	ʒuʔ↓t	ɹˈuʔ↓t	1	0	0	0
rung	TONE_NGANG	ʒu→ŋ	ɹˈuŋ	0	0	0	0
rùng	TONE_HUYEN	ʒu↘ŋ	ɹˈu↘ŋ	1	0	0	0
rúng	TONE_SAC	ʒu↗ŋ	ɹˈu↗ŋ	1	0	0	0
rûng	TONE_HOI	ʒu↓ŋ	ɹˈuŋ	0	0	0	0
rũng	TONE_NGA	ʒuʔ↗ŋ	ɹˈuʔ↗ŋ	1	0	0	0
rụng	TONE_NANG	ʒuʔ↓ŋ	ɹˈuʔ↓ŋ	1	0	0	0
rúc	TONE_SAC	ʒu↗k	ɹˈu↗c	1	0	0	0
rục	TONE_NANG	ʒuʔ↓k	ɹˈuʔ↓c	1	0	0	0
rúch	TONE_SAC	ʒu↗k	ɹˈu↗c hˈa↗t	0	0	0	0
rụch	TONE_NANG	ʒuʔ↓k	ɹˈuʔ↓c hˈa↗t	0	0	0	0
rư	TONE_NGANG	ʒɨ→	ɹˈy	0	0	0	0
rừ	TONE_HUYEN	ʒɨ↘	ɹˈy↘	1	0	0	0
rứ	TONE_SAC	ʒɨ↗	ɹˈy↗	1	0	0	0
rư̂	TONE_HOI	ʒɨ↓	ɹˈy	0	0	0	0
rữ	TONE_NGA	ʒɨʔ↗	ɹˈyʔ↗	1	0	0	0
rự	TONE_NANG	ʒɨʔ↓	ɹˈyʔ↓	1	0	0	0
rưi	TONE_NGANG	ʒɨ→j	ɹˈyj	0	0	0	0
rừi	TONE_HUYEN	ʒɨ↘j	ɹˈy↘j	1	0	0	0
rứi	TONE_SAC	ʒɨ↗j	ɹˈy↗j	1	0	0	0
rư̂i	TONE_HOI	ʒɨ↓j	ɹˈy ˈi	0	0	0	0
rữi	TONE_NGA	ʒɨʔ↗j	ɹˈyʔ↗j	1	0	0	0
rựi	TONE_NANG	ʒɨʔ↓j	ɹˈyʔ↓j	1	0	0	0
rưy	TONE_NGANG	ʒɨ→j	ɹˈy ˈi	0	0	0	0
rừy	TONE_HUYEN	ʒɨ↘j	ɹˈy↘ ˈi	0	0	0	0
rứy	TONE_SAC	ʒɨ↗j	ɹˈy↗ ˈi	0	0	0	0
rư̂y	TONE_HOI	ʒɨ↓j	ɹˈy ˈi	0	0	0	0
rữy	TONE_NGA	ʒɨʔ↗j	ɹˈyʔ↗ ˈi	0	0	0	0
rựy	TONE_NANG	ʒɨʔ↓j	ɹˈyʔ↓ ˈi	0	0	0	0
rưo	TONE_NGANG	ʒɨ→w	ɹˈy ˈɔ	0	0	0	0
rừo	TONE_HUYEN	ʒɨ↘w	ɹˈy↘ ˈɔ	1	0	0	0
rứo	TONE_SAC	ʒɨ↗w	ɹˈy↗ ˈɔ	1	0	0	0
rư̂o	TONE_HOI	ʒɨ↓w	ɹˈy ˈo	0	0	0	0
rữo	TONE_NGA	ʒɨʔ↗w	ɹˈyʔ↗ ˈɔ	1	0	0	0
rựo	TONE_NANG	ʒɨʔ↓w	ɹˈyʔ↓ ˈɔ	1	0	0	0
rưu	TONE_NGANG	ʒɨ→w	ɹˈiw	0	0	0	0
rừu	TONE_HUYEN	ʒɨ↘w	ɹˈi↘w	1	0	0	0
rứu	TONE_SAC	ʒɨ↗w	ɹˈi↗w	1	0	0	0
rư̂u	TONE_HOI	ʒɨ↓w	ɹˈy ˈu	0	0	0	0
rữu	TONE_NGA	ʒɨʔ↗w	ɹˈiʔ↗w	1	0	0	0
rựu	TONE_NANG	ʒɨʔ↓w	ɹˈiʔ↓w	1	0	0	0
rưm	TONE_NGANG	ʒɨ→m	ɹˈym	0	0	0	0
rừm	TONE_HUYEN	ʒɨ↘m	ɹˈy↘m	1	0	0	0
rứm	TONE_SAC	ʒɨ↗m	ɹˈy↗m	1	0	0	0
rư̂m	TONE_HOI	ʒɨ↓m	ɹˈy mˈəː↘	0	0	0	0
rữm	TONE_NGA	ʒɨʔ↗m	ɹˈyʔ↗m	1	0	0	0
rựm	TONE_NANG	ʒɨʔ↓m	ɹˈyʔ↓m	1	0	0	0
rưn	TONE_NGANG	ʒɨ→n	ɹˈyn	0	0	0	0
rừn	TONE_HUYEN	ʒɨ↘n	ɹˈy↘n	1	0	0	0
rứn	TONE_SAC	ʒɨ↗n	ɹˈy↗n	1	0	0	0
rư̂n	TONE_HOI	ʒɨ↓n	ɹˈy nˈəː↘	0	0	0	0
rữn	TONE_NGA	ʒɨʔ↗n	ɹˈyʔ↗n	1	0	0	0
rựn	TONE_NANG	ʒɨʔ↓n	ɹˈyʔ↓n	1	0	0	0
rứp	TONE_SAC	ʒɨ↗p	ɹˈy↗ pˈe	0	0	0	0
rựp	TONE_NANG	ʒɨʔ↓p	ɹˈyʔ↓ pˈe	0	0	0	0
rứt	TONE_SAC	ʒɨ↗t	ɹˈy↗t	1	0	0	0
rựt	TONE_NANG	ʒɨʔ↓t	ɹˈyʔ↓t	1	0	0	0
rưng	TONE_NGANG	ʒɨ→ŋ	ɹˈyŋ	0	0	0	0
rừng	TONE_HUYEN	ʒɨ↘ŋ	ɹˈy↘ŋ	1	0	0	0
rứng	TONE_SAC	ʒɨ↗ŋ	ɹˈy↗ŋ	1	0	0	0
rư̂ng	TONE_HOI	ʒɨ↓ŋ	ɹˈy ˌɛndʒˈiː	0	0	0	0
rững	TONE_NGA	ʒɨʔ↗ŋ	ɹˈyʔ↗ŋ	1	0	0	0
rựng	TONE_NANG	ʒɨʔ↓ŋ	ɹˈyʔ↓ŋ	1	0	0	0
rức	TONE_SAC	ʒɨ↗k	ɹˈy↗c	1	0	0	0
rực	TONE_NANG	ʒɨʔ↓k	ɹˈyʔ↓c	1	0	0	0
rứch	TONE_SAC	ʒɨ↗k	ɹˈy↗c hˈa↗t	0	0	0	0
rựch	TONE_NANG	ʒɨʔ↓k	ɹˈyʔ↓c hˈa↗t	0	0	0	0
siê	TONE_NGANG	ʂiə→	ʂˈi ˈe	0	0	0	0
siề	TONE_HUYEN	ʂiə↘	ʂˈi ˈe↘	1	0	0	0
siế	TONE_SAC	ʂiə↗	ʂˈi ˈe↗	1	0	0	0
siê̂	TONE_HOI	ʂiə↓	ʂˈi ˈe	0	0	0	0
siễ	TONE_NGA	ʂiəʔ↗	ʂˈi ˈeʔ↗	1	0	0	0
siệ	TONE_NANG	ʂiəʔ↓	ʂˈi ˈeʔ↓	1	0	0	0
siêo	TONE_NGANG	ʂiə→w	ʂˈi ˈeˈɔ	0	0	0	0
siềo	TONE_HUYEN	ʂiə↘w	ʂˈi ˈe↘ˈɔ	1	0	0	0
siếo	TONE_SAC	ʂiə↗w	ʂˈi ˈe↗ˈɔ	1	0	0	0
siê̂o	TONE_HOI	ʂiə↓w	ʂˈi ˈe ˈo	0	0	0	0
siễo	TONE_NGA	ʂiəʔ↗w	ʂˈi ˈeʔ↗ˈɔ	1	0	0	0
siệo	TONE_NANG	ʂiəʔ↓w	ʂˈi ˈeʔ↓ˈɔ	1	0	0	0
siêu	TONE_NGANG	ʂiə→w	ʂˈiɛw	0	0	0	0
siều	TONE_HUYEN	ʂiə↘w	ʂˈiɛ↘w	1	0	0	0
siếu	TONE_SAC	ʂiə↗w	ʂˈiɛ↗w	1	0	0	0
siê̂u	TONE_HOI	ʂiə↓w	ʂˈi ˈe ˈu	0	0	0	0
siễu	TONE_NGA	ʂiəʔ↗w	ʂˈiɛʔ↗w	1	0	0	0
siệu	TONE_NANG	ʂiəʔ↓w	ʂˈiɛʔ↓w	1	0	0	0
siêm	TONE_NGANG	ʂiə→m	ʂˈiɛm	0	0	0	0
siềm	TONE_HUYEN	ʂiə↘m	ʂˈiɛ↘m	1	0	0	0
siếm	TONE_SAC	ʂiə↗m	ʂˈiɛ↗m	1	0	0	0
siê̂m	TONE_HOI	ʂiə↓m	ʂˈi ˈe mˈəː↘	0	0	0	0
siễm	TONE_NGA	ʂiəʔ↗m	ʂˈiɛʔ↗m	1	0	0	0
siệm	TONE_NANG	ʂiəʔ↓m	ʂˈiɛʔ↓m	1	0	0	0
siên	TONE_NGANG	ʂiə→n	ʂˈiɛn	0	0	0	0
siền	TONE_HUYEN	ʂiə↘n	ʂˈiɛ↘n	1	0	0	0
siến	TONE_SAC	ʂiə↗n	ʂˈiɛ↗n	1	0	0	0
siê̂n	TONE_HOI	ʂiə↓n	ʂˈi ˈe nˈəː↘	0	0	0	0
siễn	TONE_NGA	ʂiəʔ↗n	ʂˈiɛʔ↗n	1	0	0	0
siện	TONE_NANG	ʂiəʔ↓n	ʂˈiɛʔ↓n	1	0	0	0
siếp	TONE_SAC	ʂiə↗p	ʂˈiɛ↗p	1	0	0	0
siệp	TONE_NANG	ʂiəʔ↓p	ʂˈiɛʔ↓p	1	0	0	0
siết	TONE_SAC	ʂiə↗t	ʂˈiɛ↗t	1	0	0	0
siệt	TONE_NANG	ʂiəʔ↓t	ʂˈiɛʔ↓t	1	0	0	0
siêng	TONE_NGANG	ʂiə→ŋ	ʂˈiɛŋ	0	0	0	0
siềng	TONE_HUYEN	ʂiə↘ŋ	ʂˈiɛ↘ŋ	1	0	0	0
siếng	TONE_SAC	ʂiə↗ŋ	ʂˈiɛ↗ŋ	1	0	0	0
siê̂ng	TONE_HOI	ʂiə↓ŋ	ʂˈi ˈe ˌɛndʒˈiː	0	0	0	0
siễng	TONE_NGA	ʂiəʔ↗ŋ	ʂˈiɛʔ↗ŋ	1	0	0	0
siệng	TONE_NANG	ʂiəʔ↓ŋ	ʂˈiɛʔ↓ŋ	1	0	0	0
siênh	TONE_NGANG	ʂiə→ɲ	ʂˈi ˈeɲ	0	0	0	0
siềnh	TONE_HUYEN	ʂiə↘ɲ	ʂˈi ˈe↘ɲ	1	0	0	0
siếnh	TONE_SAC	ʂiə↗ɲ	ʂˈi ˈe↗ɲ	1	0	0	0
siê̂nh	TONE_HOI	ʂiə↓ɲ	ʂˈi ˈe ˌɛnˈeɪʧ	0	0	0	0
siễnh	TONE_NGA	ʂiəʔ↗ɲ	ʂˈi ˈeʔ↗ɲ	1	0	0	0
siệnh	TONE_NANG	ʂiəʔ↓ɲ	ʂˈi ˈeʔ↓ɲ	1	0	0	0
siếc	TONE_SAC	ʂiə↗k	ʂˈiɛ↗c	1	0	0	0
siệc	TONE_NANG	ʂiəʔ↓k	ʂˈiɛʔ↓c	1	0	0	0
siếch	TONE_SAC	ʂiə↗k	ʂˈi ˈe↗c	1	0	0	0
siệch	TONE_NANG	ʂiəʔ↓k	ʂˈi ˈeʔ↓c	1	0	0	0
syê	TONE_NGANG	ʂiə→	ʂˈi ˈe	0	0	0	0
syề	TONE_HUYEN	ʂiə↘	ʂˈi ˈe↘	1	0	0	0
syế	TONE_SAC	ʂiə↗	ʂˈi ˈe↗	1	0	0	0
syê̂	TONE_HOI	ʂiə↓	ʂˈi ˈe	0	0	0	0
syễ	TONE_NGA	ʂiəʔ↗	ʂˈi ˈeʔ↗	1	0	0	0
syệ	TONE_NANG	ʂiəʔ↓	ʂˈi ˈeʔ↓	1	0	0	0
syêo	TONE_NGANG	ʂiə→w	ʂˈi ˈeˈɔ	0	0	0	0
syềo	TONE_HUYEN	ʂiə↘w	ʂˈi ˈe↘ˈɔ	1	0	0	0
syếo	TONE_SAC	ʂiə↗w	ʂˈi ˈe↗ˈɔ	1	0	0	0
syê̂o	TONE_HOI	ʂiə↓w	ʂˈi ˈe ˈo	0	0	0	0
syễo	TONE_NGA	ʂiəʔ↗w	ʂˈi ˈeʔ↗ˈɔ	1	0	0	0
syệo	TONE_NANG	ʂiəʔ↓w	ʂˈi ˈeʔ↓ˈɔ	1	0	0	0
syêu	TONE_NGANG	ʂiə→w	ʂˈi ˈeˈu	0	0	0	0
syều	TONE_HUYEN	ʂiə↘w	ʂˈi ˈe↘ˈu	0	0	0	0
syếu	TONE_SAC	ʂiə↗w	ʂˈi ˈe↗ˈu	0	0	0	0
syê̂u	TONE_HOI	ʂiə↓w	ʂˈi ˈe ˈu	0	0	0	0
syễu	TONE_NGA	ʂiəʔ↗w	ʂˈi ˈeʔ↗ˈu	0	0	0	0
syệu	TONE_NANG	ʂiəʔ↓w	ʂˈi ˈeʔ↓ˈu	0	0	0	0
syêm	TONE_NGANG	ʂiə→m	ʂˈi ˈem	0	0	0	0
syềm	TONE_HUYEN	ʂiə↘m	ʂˈi ˈe↘m	1	0	0	0
syếm	TONE_SAC	ʂiə↗m	ʂˈi ˈe↗m	1	0	0	0
syê̂m	TONE_HOI	ʂiə↓m	ʂˈi ˈe mˈəː↘	0	0	0	0
syễm	TONE_NGA	ʂiəʔ↗m	ʂˈi ˈeʔ↗m	1	0	0	0
syệm	TONE_NANG	ʂiəʔ↓m	ʂˈi ˈeʔ↓m	1	0	0	0
syên	TONE_NGANG	ʂiə→n	ʂˈi ˈen	0	0	0	0
syền	TONE_HUYEN	ʂiə↘n	ʂˈi ˈe↘n	1	0	0	0
syến	TONE_SAC	ʂiə↗n	ʂˈi ˈe↗n	1	0	0	0
syê̂n	TONE_HOI	ʂiə↓n	ʂˈi ˈe nˈəː↘	0	0	0	0
syễn	TONE_NGA	ʂiəʔ↗n	ʂˈi ˈeʔ↗n	1	0	0	0
syện	TONE_NANG	ʂiəʔ↓n	ʂˈi ˈeʔ↓n	1	0	0	0
syếp	TONE_SAC	ʂiə↗p	ʂˈi ˈe↗p	1	0	0	0
syệp	TONE_NANG	ʂiəʔ↓p	ʂˈi ˈeʔ↓p	1	0	0	0
syết	TONE_SAC	ʂiə↗t	ʂˈi ˈe↗t	1	0	0	0
syệt	TONE_NANG	ʂiəʔ↓t	ʂˈi ˈeʔ↓t	1	0	0	0
syêng	TONE_NGANG	ʂiə→ŋ	ˈɛ↗ʂ ˈiɛŋ	0	0	0	0
syềng	TONE_HUYEN	ʂiə↘ŋ	ˈɛ↗ʂ ˈiɛ↘ŋ	0	0	0	0
syếng	TONE_SAC	ʂiə↗ŋ	ˈɛ↗ʂ ˈiɛ↗ŋ	0	0	0	0
syê̂ng	TONE_HOI	ʂiə↓ŋ	ʂˈi ˈe ˌɛndʒˈiː	0	0	0	0
syễng	TONE_NGA	ʂiəʔ↗ŋ	ˈɛ↗ʂ ˈiɛʔ↗ŋ	0	0	0	0
syệng	TONE_NANG	ʂiəʔ↓ŋ	ˈɛ↗ʂ ˈiɛʔ↓ŋ	0	0	0	0
syênh	TONE_NGANG	ʂiə→ɲ	ʂˈi ˈeɲ	0	0	0	0
syềnh	TONE_HUYEN	ʂiə↘ɲ	ʂˈi ˈe↘ɲ	1	0	0	0
syếnh	TONE_SAC	ʂiə↗ɲ	ʂˈi ˈe↗ɲ	1	0	0	0
syê̂nh	TONE_HOI	ʂiə↓ɲ	ʂˈi ˈe ˌɛnˈeɪʧ	0	0	0	0
syễnh	TONE_NGA	ʂiəʔ↗ɲ	ʂˈi ˈeʔ↗ɲ	1	0	0	0
syệnh	TONE_NANG	ʂiəʔ↓ɲ	ʂˈi ˈeʔ↓ɲ	1	0	0	0
syếc	TONE_SAC	ʂiə↗k	ʂˈi ˈe↗sˈe	0	0	0	0
syệc	TONE_NANG	ʂiəʔ↓k	ʂˈi ˈeʔ↓sˈe	0	0	0	0
syếch	TONE_SAC	ʂiə↗k	ʂˈi ˈe↗c	1	0	0	0
syệch	TONE_NANG	ʂiəʔ↓k	ʂˈi ˈeʔ↓c	1	0	0	0
sia	TONE_NGANG	ʂiə→	ʂˈiəʔ↓	0	0	0	0
sìa	TONE_HUYEN	ʂiə↘	ʂˈiə↘	1	0	0	0
sía	TONE_SAC	ʂiə↗	ʂˈiə↗	1	0	0	0
sîa	TONE_HOI	ʂiə↓	ʂˈiəʔ↓	0	0	0	0
sĩa	TONE_NGA	ʂiəʔ↗	ʂˈiəʔ↗	1	0	0	0
sịa	TONE_NANG	ʂiəʔ↓	ʂˈiəʔ↓	1	0	0	0
siao	TONE_NGANG	ʂiə→w	ʂˈiəʔ↓ ˈoʊ	0	0	0	0
sìao	TONE_HUYEN	ʂiə↘w	ʂˈiə↘ ˈɔ	1	0	0	0
síao	TONE_SAC	ʂiə↗w	ʂˈiə↗ ˈɔ	1	0	0	0
sîao	TONE_HOI	ʂiə↓w	ʂˈiəʔ↓ ˈoʊ	0	0	0	0
sĩao	TONE_NGA	ʂiəʔ↗w	ʂˈiəʔ↗ ˈɔ	1	0	0	0
sịao	TONE_NANG	ʂiəʔ↓w	ʂˈiəʔ↓ ˈɔ	1	0	0	0
siau	TONE_NGANG	ʂiə→w	ʂˈaɪəˌuː	0	0	0	0
sìau	TONE_HUYEN	ʂiə↘w	ʂˈiə↘ ˈu	0	0	0	0
síau	TONE_SAC	ʂiə↗w	ʂˈiə↗ ˈu	0	0	0	0
sîau	TONE_HOI	ʂiə↓w	ʂˈaɪəˌuː	0	0	0	0
sĩau	TONE_NGA	ʂiəʔ↗w	ʂˈiəʔ↗ ˈu	0	0	0	0
sịau	TONE_NANG	ʂiəʔ↓w	ʂˈiəʔ↓ ˈu	0	0	0	0
siam	TONE_NGANG	ʂiə→m	ʂaɪˈæm	0	0	0	0
sìam	TONE_HUYEN	ʂiə↘m	ʂˈi↘ ˈaːm	0	0	0	0
síam	TONE_SAC	ʂiə↗m	ʂˈi↗ ˈaːm	0	0	0	0
sîam	TONE_HOI	ʂiə↓m	ʂaɪˈæm	0	0	0	0
sĩam	TONE_NGA	ʂiəʔ↗m	ʂˈiʔ↗ ˈaːm	0	0	0	0
sịam	TONE_NANG	ʂiəʔ↓m	ʂˈiʔ↓ ˈaːm	0	0	0	0
sian	TONE_NGANG	ʂiə→n	ʂˈaɪən	0	0	0	0
sìan	TONE_HUYEN	ʂiə↘n	ʂˈi↘ ˈaːn	0	0	0	0
sían	TONE_SAC	ʂiə↗n	ʂˈi↗ ˈaːn	0	0	0	0
sîan	TONE_HOI	ʂiə↓n	ʂˈaɪən	0	0	0	0
sĩan	TONE_NGA	ʂiəʔ↗n	ʂˈiʔ↗ ˈaːn	0	0	0	0
sịan	TONE_NANG	ʂiəʔ↓n	ʂˈiʔ↓ ˈaːn	0	0	0	0
síap	TONE_SAC	ʂiə↗p	ʂˈi↗ ˈaː↗p	0	0	0	0
sịap	TONE_NANG	ʂiəʔ↓p	ʂˈiʔ↓ ˈaː↗p	0	0	0	0
síat	TONE_SAC	ʂiə↗t	ʂˈi↗ ˈaː↗t	0	0	0	0
sịat	TONE_NANG	ʂiəʔ↓t	ʂˈiʔ↓ ˈaː↗t	0	0	0	0
siang	TONE_NGANG	ʂiə→ŋ	ʂjˈæŋ	0	0	0	0
sìang	TONE_HUYEN	ʂiə↘ŋ	ʂˈi↘ ˈaːŋ	0	0	0	0
síang	TONE_SAC	ʂiə↗ŋ	ʂˈi↗ ˈaːŋ	0	0	0	0
sîang	TONE_HOI	ʂiə↓ŋ	ʂjˈæŋ	0	0	0	0
sĩang	TONE_NGA	ʂiəʔ↗ŋ	ʂˈiʔ↗ ˈaːŋ	0	0	0	0
sịang	TONE_NANG	ʂiəʔ↓ŋ	ʂˈiʔ↓ ˈaːŋ	0	0	0	0
sianh	TONE_NGANG	ʂiə→ɲ	ʂˈi ˈæɲ	0	0	0	0
sìanh	TONE_HUYEN	ʂiə↘ɲ	ʂˈi↘ ˈæɲ	0	0	0	0
síanh	TONE_SAC	ʂiə↗ɲ	ʂˈi↗ ˈæɲ	0	0	0	0
sîanh	TONE_HOI	ʂiə↓ɲ	ʂˈi ˈæɲ	0	0	0	0
sĩanh	TONE_NGA	ʂiəʔ↗ɲ	ʂˈiʔ↗ ˈæɲ	0	0	0	0
sịanh	TONE_NANG	ʂiəʔ↓ɲ	ʂˈiʔ↓ ˈæɲ	0	0	0	0
síac	TONE_SAC	ʂiə↗k	ʂˈi↗ ˈaː↗c	0	0	0	0
sịac	TONE_NANG	ʂiəʔ↓k	ʂˈiʔ↓ ˈaː↗c	0	0	0	0
síach	TONE_SAC	ʂiə↗k	ʂˈi↗ ˈæ↗c	0	0	0	0
sịach	TONE_NANG	ʂiəʔ↓k	ʂˈiʔ↓ ˈæ↗c	0	0	0	0
sya	TONE_NGANG	ʂiə→	ʂˈɪə	0	0	0	0
sỳa	TONE_HUYEN	ʂiə↘	ʂˈi↘ ˈaː	0	0	0	0
sýa	TONE_SAC	ʂiə↗	ʂˈi↗ ˈaː	0	0	0	0
sŷa	TONE_HOI	ʂiə↓	ʂˈɪə	0	0	0	0
sỹa	TONE_NGA	ʂiəʔ↗	ʂˈiʔ↗ ˈaː	0	0	0	0
sỵa	TONE_NANG	ʂiəʔ↓	ʂˈiʔ↓ ˈaː	0	0	0	0
syao	TONE_NGANG	ʂiə→w	ʂˈɪə ˈoʊ	0	0	0	0
sỳao	TONE_HUYEN	ʂiə↘w	ʂˈi↘ ˈaːˈɔ	0	0	0	0
sýao	TONE_SAC	ʂiə↗w	ʂˈi↗ ˈaːˈɔ	0	0	0	0
sŷao	TONE_HOI	ʂiə↓w	ʂˈɪə ˈoʊ	0	0	0	0
sỹao	TONE_NGA	ʂiəʔ↗w	ʂˈiʔ↗ ˈaːˈɔ	0	0	0	0
sỵao	TONE_NANG	ʂiəʔ↓w	ʂˈiʔ↓ ˈaːˈɔ	0	0	0	0
syau	TONE_NGANG	ʂiə→w	ʂˈɪə jˈuː	0	0	0	0
sỳau	TONE_HUYEN	ʂiə↘w	ʂˈi↘ ˈaːˈu	0	0	0	0
sýau	TONE_SAC	ʂiə↗w	ʂˈi↗ ˈaːˈu	0	0	0	0
sŷau	TONE_HOI	ʂiə↓w	ʂˈɪə jˈuː	0	0	0	0
sỹau	TONE_NGA	ʂiəʔ↗w	ʂˈiʔ↗ ˈaːˈu	0	0	0	0
sỵau	TONE_NANG	ʂiəʔ↓w	ʂˈiʔ↓ ˈaːˈu	0	0	0	0
syam	TONE_NGANG	ʂiə→m	ʂˈɪæm	0	0	0	0
sỳam	TONE_HUYEN	ʂiə↘m	ʂˈi↘ ˈaːm	0	0	0	0
sýam	TONE_SAC	ʂiə↗m	ʂˈi↗ ˈaːm	0	0	0	0
sŷam	TONE_HOI	ʂiə↓m	ʂˈɪæm	0	0	0	0
sỹam	TONE_NGA	ʂiəʔ↗m	ʂˈiʔ↗ ˈaːm	0	0	0	0
sỵam	TONE_NANG	ʂiəʔ↓m	ʂˈiʔ↓ ˈaːm	0	0	0	0
syan	TONE_NGANG	ʂiə→n	ʂˈi æn	0	0	0	0
sỳan	TONE_HUYEN	ʂiə↘n	ʂˈi↘ ˈaːn	0	0	0	0
sýan	TONE_SAC	ʂiə↗n	ʂˈi↗ ˈaːn	0	0	0	0
sŷan	TONE_HOI	ʂiə↓n	ʂˈi æn	0	0	0	0
sỹan	TONE_NGA	ʂiəʔ↗n	ʂˈiʔ↗ ˈaːn	0	0	0	0
sỵan	TONE_NANG	ʂiəʔ↓n	ʂˈiʔ↓ ˈaːn	0	0	0	0
sýap	TONE_SAC	ʂiə↗p	ʂˈi↗ ˈaː↗p	0	0	0	0
sỵap	TONE_NANG	ʂiəʔ↓p	ʂˈiʔ↓ ˈaː↗p	0	0	0	0
sýat	TONE_SAC	ʂiə↗t	ʂˈi↗ ˈaː↗t	0	0	0	0
sỵat	TONE_NANG	ʂiəʔ↓t	ʂˈiʔ↓ ˈaː↗t	0	0	0	0
syang	TONE_NGANG	ʂiə→ŋ	ʂˈi ˈaːŋ	0	0	0	0
sỳang	TONE_HUYEN	ʂiə↘ŋ	ʂˈi↘ ˈaːŋ	0	0	0	0
sýang	TONE_SAC	ʂiə↗ŋ	ʂˈi↗ ˈaːŋ	0	0	0	0
sŷang	TONE_HOI	ʂiə↓ŋ	ʂˈi ˈaːŋ	0	0	0	0
sỹang	TONE_NGA	ʂiəʔ↗ŋ	ʂˈiʔ↗ ˈaːŋ	0	0	0	0
sỵang	TONE_NANG	ʂiəʔ↓ŋ	ʂˈiʔ↓ ˈaːŋ	0	0	0	0
syanh	TONE_NGANG	ʂiə→ɲ	ʂˈi ˈæɲ	0	0	0	0
sỳanh	TONE_HUYEN	ʂiə↘ɲ	ʂˈi↘ ˈæɲ	0	0	0	0
sýanh	TONE_SAC	ʂiə↗ɲ	ʂˈi↗ ˈæɲ	0	0	0	0
sŷanh	TONE_HOI	ʂiə↓ɲ	ʂˈi ˈæɲ	0	0	0	0
sỹanh	TONE_NGA	ʂiəʔ↗ɲ	ʂˈiʔ↗ ˈæɲ	0	0	0	0
sỵanh	TONE_NANG	ʂiəʔ↓ɲ	ʂˈiʔ↓ ˈæɲ	0	0	0	0
sýac	TONE_SAC	ʂiə↗k	ʂˈi↗ ˈaː↗c	0	0	0	0
sỵac	TONE_NANG	ʂiəʔ↓k	ʂˈiʔ↓ ˈaː↗c	0	0	0	0
sýach	TONE_SAC	ʂiə↗k	ʂˈi↗ ˈæ↗c	0	0	0	0
sỵach	TONE_NANG	ʂiəʔ↓k	ʂˈiʔ↓ ˈæ↗c	0	0	0	0
sươ	TONE_NGANG	ʂɨə→	ʂˈy ˈəː	0	0	0	0
sườ	TONE_HUYEN	ʂɨə↘	ʂˈy ˈəː↘	1	0	0	0
sướ	TONE_SAC	ʂɨə↗	ʂˈy ˈəː↗	1	0	0	0
sươ̂	TONE_HOI	ʂɨə↓	ʂˈy ˈəː	0	0	0	0
sưỡ	TONE_NGA	ʂɨəʔ↗	ʂˈy ˈəːʔ↗	1	0	0	0
sượ	TONE_NANG	ʂɨəʔ↓	ʂˈy ˈəːʔ↓	1	0	0	0
sươi	TONE_NGANG	ʂɨə→j	ʂˈyəj	0	0	0	0
sười	TONE_HUYEN	ʂɨə↘j	ʂˈyə↘j	1	0	0	0
sưới	TONE_SAC	ʂɨə↗j	ʂˈyə↗j	1	0	0	0
sươ̂i	TONE_HOI	ʂɨə↓j	ʂˈy ˈəː ˈi	0	0	0	0
sưỡi	TONE_NGA	ʂɨəʔ↗j	ʂˈyəʔ↗j	1	0	0	0
sượi	TONE_NANG	ʂɨəʔ↓j	ʂˈyəʔ↓j	1	0	0	0
sươy	TONE_NGANG	ʂɨə→j	ʂˈy ˈəːˈi	0	0	0	0
sườy	TONE_HUYEN	ʂɨə↘j	ʂˈy ˈəː↘ˈi	0	0	0	0
sướy	TONE_SAC	ʂɨə↗j	ʂˈy ˈəː↗ˈi	0	0	0	0
sươ̂y	TONE_HOI	ʂɨə↓j	ʂˈy ˈəː ˈi	0	0	0	0
sưỡy	TONE_NGA	ʂɨəʔ↗j	ʂˈy ˈəːʔ↗ˈi	0	0	0	0
sượy	TONE_NANG	ʂɨəʔ↓j	ʂˈy ˈəːʔ↓ˈi	0	0	0	0
sươo	TONE_NGANG	ʂɨə→w	ʂˈy ˈəːˈɔ	0	0	0	0
sườo	TONE_HUYEN	ʂɨə↘w	ʂˈy ˈəː↘ˈɔ	1	0	0	0
sướo	TONE_SAC	ʂɨə↗w	ʂˈy ˈəː↗ˈɔ	1	0	0	0
sươ̂o	TONE_HOI	ʂɨə↓w	ʂˈy ˈəː ˈo	0	0	0	0
sưỡo	TONE_NGA	ʂɨəʔ↗w	ʂˈy ˈəːʔ↗ˈɔ	1	0	0	0
sượo	TONE_NANG	ʂɨəʔ↓w	ʂˈy ˈəːʔ↓ˈɔ	1	0	0	0
sươu	TONE_NGANG	ʂɨə→w	ʂˈyəw	0	0	0	0
sườu	TONE_HUYEN	ʂɨə↘w	ʂˈyə↘w	1	0	0	0
sướu	TONE_SAC	ʂɨə↗w	ʂˈyə↗w	1	0	0	0
sươ̂u	TONE_HOI	ʂɨə↓w	ʂˈy ˈəː ˈu	0	0	0	0
sưỡu	TONE_NGA	ʂɨəʔ↗w	ʂˈyəʔ↗w	1	0	0	0
sượu	TONE_NANG	ʂɨəʔ↓w	ʂˈyəʔ↓w	1	0	0	0
sươm	TONE_NGANG	ʂɨə→m	ʂˈyəm	0	0	0	0
sườm	TONE_HUYEN	ʂɨə↘m	ʂˈyə↘m	1	0	0	0
sướm	TONE_SAC	ʂɨə↗m	ʂˈyə↗m	1	0	0	0
sươ̂m	TONE_HOI	ʂɨə↓m	ʂˈy ˈəː mˈəː↘	0	0	0	0
sưỡm	TONE_NGA	ʂɨəʔ↗m	ʂˈyəʔ↗m	1	0	0	0
sượm	TONE_NANG	ʂɨəʔ↓m	ʂˈyəʔ↓m	1	0	0	0
sướp	TONE_SAC	ʂɨə↗p	ʂˈyə↗p	1	0	0	0
sượp	TONE_NANG	ʂɨəʔ↓p	ʂˈyəʔ↓p	1	0	0	0
sướt	TONE_SAC	ʂɨə↗t	ʂˈyə↗t	1	0	0	0
sượt	TONE_NANG	ʂɨəʔ↓t	ʂˈyəʔ↓t	1	0	0	0
sương	TONE_NGANG	ʂɨə→ŋ	ʂˈyəŋ	0	0	0	0
sường	TONE_HUYEN	ʂɨə↘ŋ	ʂˈyə↘ŋ	1	0	0	0
sướng	TONE_SAC	ʂɨə↗ŋ	ʂˈyə↗ŋ	1	0	0	0
sươ̂ng	TONE_HOI	ʂɨə↓ŋ	ʂˈy ˈəː ˌɛndʒˈiː	0	0	0	0
sưỡng	TONE_NGA	ʂɨəʔ↗ŋ	ʂˈyəʔ↗ŋ	1	0	0	0
sượng	TONE_NANG	ʂɨəʔ↓ŋ	ʂˈyəʔ↓ŋ	1	0	0	0
sước	TONE_SAC	ʂɨə↗k	ʂˈyə↗c	1	0	0	0
sược	TONE_NANG	ʂɨəʔ↓k	ʂˈyəʔ↓c	1	0	0	0
sướch	TONE_SAC	ʂɨə↗k	ʂˈyə↗c hˈa↗t	0	0	0	0
sượch	TONE_NANG	ʂɨəʔ↓k	ʂˈyəʔ↓c hˈa↗t	0	0	0	0
sưa	TONE_NGANG	ʂɨə→	ʂˈyə	0	0	0	0
sừa	TONE_HUYEN	ʂɨə↘	ʂˈyə↘	1	0	0	0
sứa	TONE_SAC	ʂɨə↗	ʂˈyə↗	1	0	0	0
sư̂a	TONE_HOI	ʂɨə↓	ʂˈy ˈaː	0	0	0	0
sữa	TONE_NGA	ʂɨəʔ↗	ʂˈyəʔ↗	1	0	0	0
sựa	TONE_NANG	ʂɨəʔ↓	ʂˈyəʔ↓	1	0	0	0
sưai	TONE_NGANG	ʂɨə→j	ʂˈyə ˈi	0	0	0	0
sừai	TONE_HUYEN	ʂɨə↘j	ʂˈyə↘ ˈi	0	0	0	0
sứai	TONE_SAC	ʂɨə↗j	ʂˈyə↗ ˈi	0	0	0	0
sư̂ai	TONE_HOI	ʂɨə↓j	ʂˈy ˈaːj	0	0	0	0
sữai	TONE_NGA	ʂɨəʔ↗j	ʂˈyəʔ↗ ˈi	0	0	0	0
sựai	TONE_NANG	ʂɨəʔ↓j	ʂˈyəʔ↓ ˈi	0	0	0	0
sưay	TONE_NGANG	ʂɨə→j	ʂˈyə ˈi	0	0	0	0
sừay	TONE_HUYEN	ʂɨə↘j	ʂˈyə↘ ˈi	0	0	0	0
sứay	TONE_SAC	ʂɨə↗j	ʂˈyə↗ ˈi	0	0	0	0
sư̂ay	TONE_HOI	ʂɨə↓j	ʂˈy ˈaj	0	0	0	0
sữay	TONE_NGA	ʂɨəʔ↗j	ʂˈyəʔ↗ ˈi	0	0	0	0
sựay	TONE_NANG	ʂɨəʔ↓j	ʂˈyəʔ↓ ˈi	0	0	0	0
sưao	TONE_NGANG	ʂɨə→w	ʂˈyə ˈɔ	0	0	0	0
sừao	TONE_HUYEN	ʂɨə↘w	ʂˈyə↘ ˈɔ	1	0	0	0
sứao	TONE_SAC	ʂɨə↗w	ʂˈyə↗ ˈɔ	1	0	0	0
sư̂ao	TONE_HOI	ʂɨə↓w	ʂˈy ˈaːw	0	0	0	0
sữao	TONE_NGA	ʂɨəʔ↗w	ʂˈyəʔ↗ ˈɔ	1	0	0	0
sựao	TONE_NANG	ʂɨəʔ↓w	ʂˈyəʔ↓ ˈɔ	1	0	0	0
sưau	TONE_NGANG	ʂɨə→w	ʂˈyə ˈu	0	0	0	0
sừau	TONE_HUYEN	ʂɨə↘w	ʂˈyə↘ ˈu	0	0	0	0
sứau	TONE_SAC	ʂɨə↗w	ʂˈyə↗ ˈu	0	0	0	0
sư̂au	TONE_HOI	ʂɨə↓w	ʂˈy ˈaw	0	0	0	0
sữau	TONE_NGA	ʂɨəʔ↗w	ʂˈyəʔ↗ ˈu	0	0	0	0
sựau	TONE_NANG	ʂɨəʔ↓w	ʂˈyəʔ↓ ˈu	0	0	0	0
sưam	TONE_NGANG	ʂɨə→m	ʂˈy ˈaːm	0	0	0	0
sừam	TONE_HUYEN	ʂɨə↘m	ʂˈy↘ ˈaːm	0	0	0	0
sứam	TONE_SAC	ʂɨə↗m	ʂˈy↗ ˈaːm	0	0	0	0
sư̂am	TONE_HOI	ʂɨə↓m	ʂˈy ˈaːm	0	0	0	0
sữam	TONE_NGA	ʂɨəʔ↗m	ʂˈyʔ↗ ˈaːm	0	0	0	0
sựam	TONE_NANG	ʂɨəʔ↓m	ʂˈyʔ↓ ˈaːm	0	0	0	0
sứap	TONE_SAC	ʂɨə↗p	ʂˈy↗ ˈaː↗p	0	0	0	0
sựap	TONE_NANG	ʂɨəʔ↓p	ʂˈyʔ↓ ˈaː↗p	0	0	0	0
sứat	TONE_SAC	ʂɨə↗t	ʂˈy↗ ˈaː↗t	0	0	0	0
sựat	TONE_NANG	ʂɨəʔ↓t	ʂˈyʔ↓ ˈaː↗t	0	0	0	0
sưang	TONE_NGANG	ʂɨə→ŋ	ʂˈy ˈaːŋ	0	0	0	0
sừang	TONE_HUYEN	ʂɨə↘ŋ	ʂˈy↘ ˈaːŋ	0	0	0	0
sứang	TONE_SAC	ʂɨə↗ŋ	ʂˈy↗ ˈaːŋ	0	0	0	0
sư̂ang	TONE_HOI	ʂɨə↓ŋ	ʂˈy ˈaːŋ	0	0	0	0
sữang	TONE_NGA	ʂɨəʔ↗ŋ	ʂˈyʔ↗ ˈaːŋ	0	0	0	0
sựang	TONE_NANG	ʂɨəʔ↓ŋ	ʂˈyʔ↓ ˈaːŋ	0	0	0	0
sứac	TONE_SAC	ʂɨə↗k	ʂˈy↗ ˈaː↗c	0	0	0	0
sựac	TONE_NANG	ʂɨəʔ↓k	ʂˈyʔ↓ ˈaː↗c	0	0	0	0
sứach	TONE_SAC	ʂɨə↗k	ʂˈy↗ ˈæ↗c	0	0	0	0
sựach	TONE_NANG	ʂɨəʔ↓k	ʂˈyʔ↓ ˈæ↗c	0	0	0	0
suô	TONE_NGANG	ʂuə→	ʂˈu ˈo	0	0	0	0
suồ	TONE_HUYEN	ʂuə↘	ʂˈu ˈo↘	1	0	0	0
suố	TONE_SAC	ʂuə↗	ʂˈu ˈo↗	1	0	0	0
suô̂	TONE_HOI	ʂuə↓	ʂˈu ˈo	0	0	0	0
suỗ	TONE_NGA	ʂuəʔ↗	ʂˈu ˈoʔ↗	1	0	0	0
suộ	TONE_NANG	ʂuəʔ↓	ʂˈu ˈoʔ↓	1	0	0	0
suôi	TONE_NGANG	ʂuə→j	ʂˈuəj	0	0	0	0
suồi	TONE_HUYEN	ʂuə↘j	ʂˈuə↘j	1	0	0	0
suối	TONE_SAC	ʂuə↗j	ʂˈuə↗j	1	0	0	0
suô̂i	TONE_HOI	ʂuə↓j	ʂˈu ˈo ˈi	0	0	0	0
suỗi	TONE_NGA	ʂuəʔ↗j	ʂˈuəʔ↗j	1	0	0	0
suội	TONE_NANG	ʂuəʔ↓j	ʂˈuəʔ↓j	1	0	0	0
suôy	TONE_NGANG	ʂuə→j	ʂˈu ˈoˈi	0	0	0	0
suồy	TONE_HUYEN	ʂuə↘j	ʂˈu ˈo↘ˈi	0	0	0	0
suốy	TONE_SAC	ʂuə↗j	ʂˈu ˈo↗ˈi	0	0	0	0
suô̂y	TONE_HOI	ʂuə↓j	ʂˈu ˈo ˈi	0	0	0	0
suỗy	TONE_NGA	ʂuəʔ↗j	ʂˈu ˈoʔ↗ˈi	0	0	0	0
suộy	TONE_NANG	ʂuəʔ↓j	ʂˈu ˈoʔ↓ˈi	0	0	0	0
suôn	TONE_NGANG	ʂuə→n	ʂˈuən	0	0	0	0
suồn	TONE_HUYEN	ʂuə↘n	ʂˈuə↘n	1	0	0	0
suốn	TONE_SAC	ʂuə↗n	ʂˈuə↗n	1	0	0	0
suô̂n	TONE_HOI	ʂuə↓n	ʂˈu ˈo nˈəː↘	0	0	0	0
suỗn	TONE_NGA	ʂuəʔ↗n	ʂˈuəʔ↗n	1	0	0	0
suộn	TONE_NANG	ʂuəʔ↓n	ʂˈuəʔ↓n	1	0	0	0
suốp	TONE_SAC	ʂuə↗p	ʂˈuə↗p	1	0	0	0
suộp	TONE_NANG	ʂuəʔ↓p	ʂˈuəʔ↓p	1	0	0	0
suốt	TONE_SAC	ʂuə↗t	ʂˈuə↗t	1	0	0	0
suột	TONE_NANG	ʂuəʔ↓t	ʂˈuəʔ↓t	1	0	0	0
suông	TONE_NGANG	ʂuə→ŋ	ʂˈuəŋ	0	0	0	0
suồng	TONE_HUYEN	ʂuə↘ŋ	ʂˈuə↘ŋ	1	0	0	0
suống	TONE_SAC	ʂuə↗ŋ	ʂˈuə↗ŋ	1	0	0	0
suô̂ng	TONE_HOI	ʂuə↓ŋ	ʂˈu ˈo ˌɛndʒˈiː	0	0	0	0
suỗng	TONE_NGA	ʂuəʔ↗ŋ	ʂˈuəʔ↗ŋ	1	0	0	0
suộng	TONE_NANG	ʂuəʔ↓ŋ	ʂˈuəʔ↓ŋ	1	0	0	0
suốc	TONE_SAC	ʂuə↗k	ʂˈuə↗c	1	0	0	0
suộc	TONE_NANG	ʂuəʔ↓k	ʂˈuəʔ↓c	1	0	0	0
suốch	TONE_SAC	ʂuə↗k	ʂˈuə↗c hˈa↗t	0	0	0	0
suộch	TONE_NANG	ʂuəʔ↓k	ʂˈuəʔ↓c hˈa↗t	0	0	0	0
sua	TONE_NGANG	ʂuə→	ʂˈuə	0	0	0	0
sùa	TONE_HUYEN	ʂuə↘	ʂˈuə↘	1	0	0	0
súa	TONE_SAC	ʂuə↗	ʂˈuə↗	1	0	0	0
sûa	TONE_HOI	ʂuə↓	ʂˈuə	0	0	0	0
sũa	TONE_NGA	ʂuəʔ↗	ʂˈuəʔ↗	1	0	0	0
sụa	TONE_NANG	ʂuəʔ↓	ʂˈuəʔ↓	1	0	0	0
suai	TONE_NGANG	ʂuə→j	ʂˈuːaɪ	0	0	0	0
sùai	TONE_HUYEN	ʂuə↘j	ʂˈuə↘ ˈi	0	0	0	0
súai	TONE_SAC	ʂuə↗j	ʂˈuə↗ ˈi	0	0	0	0
sûai	TONE_HOI	ʂuə↓j	ʂˈuːaɪ	0	0	0	0
sũai	TONE_NGA	ʂuəʔ↗j	ʂˈuəʔ↗ ˈi	0	0	0	0
sụai	TONE_NANG	ʂuəʔ↓j	ʂˈuəʔ↓ ˈi	0	0	0	0
suay	TONE_NGANG	ʂuə→j	ʂˈuːeɪ	0	0	0	0
sùay	TONE_HUYEN	ʂuə↘j	ʂˈuə↘ ˈi	0	0	0	0
súay	TONE_SAC	ʂuə↗j	ʂˈuə↗ ˈi	0	0	0	0
sûay	TONE_HOI	ʂuə↓j	ʂˈuːeɪ	0	0	0	0
sũay	TONE_NGA	ʂuəʔ↗j	ʂˈuəʔ↗ ˈi	0	0	0	0
sụay	TONE_NANG	ʂuəʔ↓j	ʂˈuəʔ↓ ˈi	0	0	0	0
sao	TONE_NGANG	ʂaː→w	ʂˈaːw	0	0	0	0
sào	TONE_HUYEN	ʂaː↘w	ʂˈaː↘w	1	0	0	0
sáo	TONE_SAC	ʂaː↗w	ʂˈaː↗w	1	0	0	0
sâo	TONE_HOI	ʂaː↓w	ˈɛ↗ʂˌeɪsˈ↗ːkəmflˌɛksˈɔ	0	0	0	0
são	TONE_NGA	ʂaːʔ↗w	ʂˈaːʔ↗w	1	0	0	0
sạo	TONE_NANG	ʂaːʔ↓w	ʂˈaːʔ↓w	1	0	0	0
sau	TONE_NGANG	ʂa→w	ʂˈaw	0	0	0	0
sàu	TONE_HUYEN	ʂa↘w	ʂˈa↘w	1	0	0	0
sáu	TONE_SAC	ʂa↗w	ʂˈa↗w	1	0	0	0
sâu	TONE_HOI	ʂa↓w	ʂˈə→w	0	0	0	0
sãu	TONE_NGA	ʂaʔ↗w	ʂˈaʔ↗w	1	0	0	0
sạu	TONE_NANG	ʂaʔ↓w	ʂˈaʔ↓w	1	0	0	0
suan	TONE_NGANG	ʂuə→n	ʂˈuːən	0	0	0	0
sùan	TONE_HUYEN	ʂuə↘n	ʂˈu↘ ˈaːn	0	0	0	0
súan	TONE_SAC	ʂuə↗n	ʂˈu↗ ˈaːn	0	0	0	0
sûan	TONE_HOI	ʂuə↓n	ʂˈuːən	0	0	0	0
sũan	TONE_NGA	ʂuəʔ↗n	ʂˈuʔ↗ ˈaːn	0	0	0	0
sụan	TONE_NANG	ʂuəʔ↓n	ʂˈuʔ↓ ˈaːn	0	0	0	0
súap	TONE_SAC	ʂuə↗p	ʂˈu↗ ˈaː↗p	0	0	0	0
sụap	TONE_NANG	ʂuəʔ↓p	ʂˈuʔ↓ ˈaː↗p	0	0	0	0
súat	TONE_SAC	ʂuə↗t	ʂˈu↗ ˈaː↗t	0	0	0	0
sụat	TONE_NANG	ʂuəʔ↓t	ʂˈuʔ↓ ˈaː↗t	0	0	0	0
suang	TONE_NGANG	ʂuə→ŋ	ʂwˈɑːŋ	0	0	0	0
sùang	TONE_HUYEN	ʂuə↘ŋ	ʂˈu↘ ˈaːŋ	0	0	0	0
súang	TONE_SAC	ʂuə↗ŋ	ʂˈu↗ ˈaːŋ	0	0	0	0
sûang	TONE_HOI	ʂuə↓ŋ	ʂwˈɑːŋ	0	0	0	0
sũang	TONE_NGA	ʂuəʔ↗ŋ	ʂˈuʔ↗ ˈaːŋ	0	0	0	0
sụang	TONE_NANG	ʂuəʔ↓ŋ	ʂˈuʔ↓ ˈaːŋ	0	0	0	0
sanh	TONE_NGANG	ʂaː→ɲ	ʂˈæɲ	0	0	0	1
sành	TONE_HUYEN	ʂaː↘ɲ	ʂˈæ↘ɲ	1	0	0	1
sánh	TONE_SAC	ʂaː↗ɲ	ʂˈæ↗ɲ	1	0	0	1
sânh	TONE_HOI	ʂaː↓ɲ	ʂˈən hˈa↗t	0	0	0	1
sãnh	TONE_NGA	ʂaːʔ↗ɲ	ʂˈæʔ↗ɲ	1	0	0	1
sạnh	TONE_NANG	ʂaːʔ↓ɲ	ʂˈæʔ↓ɲ	1	0	0	1
súac	TONE_SAC	ʂuə↗k	ʂˈu↗ ˈaː↗c	0	0	0	0
sụac	TONE_NANG	ʂuəʔ↓k	ʂˈuʔ↓ ˈaː↗c	0	0	0	0
súach	TONE_SAC	ʂuə↗k	ʂˈu↗ ˈæ↗c	0	0	0	0
sụach	TONE_NANG	ʂuəʔ↓k	ʂˈuʔ↓ ˈæ↗c	0	0	0	0
sa	TONE_NGANG	ʂaː→	ʂˈaː	0	0	0	0
sà	TONE_HUYEN	ʂaː↘	ʂˈaː↘	1	0	0	0
sá	TONE_SAC	ʂaː↗	ʂˈaː↗	1	0	0	0
sâ	TONE_HOI	ʂaː↓	ˈɛ↗ʂˌeɪsˈ↗ːkəmflˌɛks	0	0	0	0
sã	TONE_NGA	ʂaːʔ↗	ʂˈaːʔ↗	1	0	0	0
sạ	TONE_NANG	ʂaːʔ↓	ʂˈaːʔ↓	1	0	0	0
sai	TONE_NGANG	ʂaː→j	ʂˈaːj	0	0	0	0
sài	TONE_HUYEN	ʂaː↘j	ʂˈaː↘j	1	0	0	0
sái	TONE_SAC	ʂaː↗j	ʂˈaː↗j	1	0	0	0
sâi	TONE_HOI	ʂaː↓j	ˈɛ↗ʂˌeɪsˈ↗ːkəmflˌɛksˈi	0	0	0	0
sãi	TONE_NGA	ʂaːʔ↗j	ʂˈaːʔ↗j	1	0	0	0
sại	TONE_NANG	ʂaːʔ↓j	ʂˈaːʔ↓j	1	0	0	0
say	TONE_NGANG	ʂa→j	ʂˈeɪ	0	0	0	0
sày	TONE_HUYEN	ʂa↘j	ʂˈa↘j	1	0	0	0
sáy	TONE_SAC	ʂa↗j	ʂˈa↗j	1	0	0	0
sây	TONE_HOI	ʂa↓j	ʂˈəɪ	0	0	0	0
sãy	TONE_NGA	ʂaʔ↗j	ʂˈaʔ↗j	1	0	0	0
sạy	TONE_NANG	ʂaʔ↓j	ʂˈaʔ↓j	1	0	0	0
sao	TONE_NGANG	ʂaː→w	ʂˈaːw	0	0	0	0
sào	TONE_HUYEN	ʂaː↘w	ʂˈaː↘w	1	0	0	0
sáo	TONE_SAC	ʂaː↗w	ʂˈaː↗w	1	0	0	0
sâo	TONE_HOI	ʂaː↓w	ˈɛ↗ʂˌeɪsˈ↗ːkəmflˌɛksˈɔ	0	0	0	0
são	TONE_NGA	ʂaːʔ↗w	ʂˈaːʔ↗w	1	0	0	0
sạo	TONE_NANG	ʂaːʔ↓w	ʂˈaːʔ↓w	1	0	0	0
sau	TONE_NGANG	ʂa→w	ʂˈaw	0	0	0	0
sàu	TONE_HUYEN	ʂa↘w	ʂˈa↘w	1	0	0	0
sáu	TONE_SAC	ʂa↗w	ʂˈa↗w	1	0	0	0
sâu	TONE_HOI	ʂa↓w	ʂˈə→w	0	0	0	0
sãu	TONE_NGA	ʂaʔ↗w	ʂˈaʔ↗w	1	0	0	0
sạu	TONE_NANG	ʂaʔ↓w	ʂˈaʔ↓w	1	0	0	0
sam	TONE_NGANG	ʂaː→m	ʂˈaːm	0	0	0	0
sàm	TONE_HUYEN	ʂaː↘m	ʂˈaː↘m	1	0	0	0
sám	TONE_SAC	ʂaː↗m	ʂˈaː↗m	1	0	0	0
sâm	TONE_HOI	ʂaː↓m	ʂˈəm	0	0	0	0
sãm	TONE_NGA	ʂaːʔ↗m	ʂˈaːʔ↗m	1	0	0	0
sạm	TONE_NANG	ʂaːʔ↓m	ʂˈaːʔ↓m	1	0	0	0
san	TONE_NGANG	ʂaː→n	ʂˈaːn	0	0	0	0
sàn	TONE_HUYEN	ʂaː↘n	ʂˈaː↘n	1	0	0	0
sán	TONE_SAC	ʂaː↗n	ʂˈaː↗n	1	0	0	0
sân	TONE_HOI	ʂaː↓n	ʂˈən	0	0	0	0
sãn	TONE_NGA	ʂaːʔ↗n	ʂˈaːʔ↗n	1	0	0	0
sạn	TONE_NANG	ʂaːʔ↓n	ʂˈaːʔ↓n	1	0	0	0
sáp	TONE_SAC	ʂaː↗p	ʂˈaː↗p	1	0	0	0
sạp	TONE_NANG	ʂaːʔ↓p	ʂˈaːʔ↓p	1	0	0	0
sát	TONE_SAC	ʂaː↗t	ʂˈaː↗t	1	0	0	0
sạt	TONE_NANG	ʂaːʔ↓t	ʂˈaːʔ↓t	1	0	0	0
sang	TONE_NGANG	ʂaː→ŋ	ʂˈæŋ	0	0	0	0
sàng	TONE_HUYEN	ʂaː↘ŋ	ʂˈaː↘ŋ	1	0	0	0
sáng	TONE_SAC	ʂaː↗ŋ	ʂˈaː↗ŋ	1	0	0	0
sâng	TONE_HOI	ʂaː↓ŋ	ʂˈəŋ	0	0	0	0
sãng	TONE_NGA	ʂaːʔ↗ŋ	ʂˈaːʔ↗ŋ	1	0	0	0
sạng	TONE_NANG	ʂaːʔ↓ŋ	ʂˈaːʔ↓ŋ	1	0	0	0
sanh	TONE_NGANG	ʂaː→ɲ	ʂˈæɲ	0	0	0	1
sành	TONE_HUYEN	ʂaː↘ɲ	ʂˈæ↘ɲ	1	0	0	1
sánh	TONE_SAC	ʂaː↗ɲ	ʂˈæ↗ɲ	1	0	0	1
sânh	TONE_HOI	ʂaː↓ɲ	ʂˈən hˈa↗t	0	0	0	1
sãnh	TONE_NGA	ʂaːʔ↗ɲ	ʂˈæʔ↗ɲ	1	0	0	1
sạnh	TONE_NANG	ʂaːʔ↓ɲ	ʂˈæʔ↓ɲ	1	0	0	1
sác	TONE_SAC	ʂaː↗k	ʂˈaː↗c	1	0	0	0
sạc	TONE_NANG	ʂaːʔ↓k	ʂˈaːʔ↓c	1	0	0	0
sách	TONE_SAC	ʂa↗k	ʂˈæ↗c	1	0	0	0
sạch	TONE_NANG	ʂaʔ↓k	ʂˈæʔ↓c	1	0	0	0
să	TONE_NGANG	ʂa→	ʂˈɑː	0	0	0	0
sằ	TONE_HUYEN	ʂa↘	ˈɛ↗ʂằ	0	1	0	0
sắ	TONE_SAC	ʂa↗	ˈɛ↗ʂắ	1	1	0	0
să̂	TONE_HOI	ʂa↓	ʂˈɑː	0	0	0	0
sẵ	TONE_NGA	ʂaʔ↗	ˈɛ↗ʂẵ	0	1	0	0
sặ	TONE_NANG	ʂaʔ↓	ˈɛ↗ʂặ	0	1	0	0
săm	TONE_NGANG	ʂa→m	ʂˈam	0	0	0	0
sằm	TONE_HUYEN	ʂa↘m	ʂˈa↘m	1	0	0	0
sắm	TONE_SAC	ʂa↗m	ʂˈa↗m	1	0	0	0
să̂m	TONE_HOI	ʂa↓m	ʂˈɑː mˈəː↘	0	0	0	0
sẵm	TONE_NGA	ʂaʔ↗m	ʂˈaʔ↗m	1	0	0	0
sặm	TONE_NANG	ʂaʔ↓m	ʂˈaʔ↓m	1	0	0	0
săn	TONE_NGANG	ʂa→n	ʂˈan	0	0	0	0
sằn	TONE_HUYEN	ʂa↘n	ʂˈa↘n	1	0	0	0
sắn	TONE_SAC	ʂa↗n	ʂˈa↗n	1	0	0	0
să̂n	TONE_HOI	ʂa↓n	ʂˈɑː nˈəː↘	0	0	0	0
sẵn	TONE_NGA	ʂaʔ↗n	ʂˈaʔ↗n	1	0	0	0
sặn	TONE_NANG	ʂaʔ↓n	ʂˈaʔ↓n	1	0	0	0
sắp	TONE_SAC	ʂa↗p	ʂˈa↗p	1	0	0	0
sặp	TONE_NANG	ʂaʔ↓p	ʂˈaʔ↓p	1	0	0	0
sắt	TONE_SAC	ʂa↗t	ʂˈa↗t	1	0	0	0
sặt	TONE_NANG	ʂaʔ↓t	ʂˈaʔ↓t	1	0	0	0
săng	TONE_NGANG	ʂa→ŋ	ʂˈaŋ	0	0	0	0
sằng	TONE_HUYEN	ʂa↘ŋ	ʂˈa↘ŋ	1	0	0	0
sắng	TONE_SAC	ʂa↗ŋ	ʂˈa↗ŋ	1	0	0	0
să̂ng	TONE_HOI	ʂa↓ŋ	ʂˈɑː ˌɛndʒˈiː	0	0	0	0
sẵng	TONE_NGA	ʂaʔ↗ŋ	ʂˈaʔ↗ŋ	1	0	0	0
sặng	TONE_NANG	ʂaʔ↓ŋ	ʂˈaʔ↓ŋ	1	0	0	0
sắc	TONE_SAC	ʂa↗k	ʂˈa↗c	1	0	0	0
sặc	TONE_NANG	ʂaʔ↓k	ʂˈaʔ↓c	1	0	0	0
sắch	TONE_SAC	ʂa↗k	ʂˈa↗c hˈa↗t	0	0	0	0
sặch	TONE_NANG	ʂaʔ↓k	ʂˈaʔ↓c hˈa↗t	0	0	0	0
sâ	TONE_NGANG	ʂə→	ˈɛ↗ʂˌeɪsˈ↗ːkəmflˌɛks	0	0	0	0
sầ	TONE_HUYEN	ʂə↘	ˈɛ↗ʂầ	0	1	0	0
sấ	TONE_SAC	ʂə↗	ˈɛ↗ʂấ	1	1	0	0
sâ̂	TONE_HOI	ʂə↓	ˈɛ↗ʂˌeɪsˈ↗ːkəmflˌɛks	0	0	0	0
sẫ	TONE_NGA	ʂəʔ↗	ˈɛ↗ʂẫ	0	1	0	0
sậ	TONE_NANG	ʂəʔ↓	ˈɛ↗ʂậ	0	1	0	0
sâi	TONE_NGANG	ʂə→j	ˈɛ↗ʂˌeɪsˈ↗ːkəmflˌɛksˈi	0	0	0	0
sầi	TONE_HUYEN	ʂə↘j	ˈɛ↗ʂầˈi	0	1	0	0
sấi	TONE_SAC	ʂə↗j	ˈɛ↗ʂấˈi	0	1	0	0
sâ̂i	TONE_HOI	ʂə↓j	ˈɛ↗ʂˌeɪsˈ↗ːkəmflˌɛks ˈi	0	0	0	0
sẫi	TONE_NGA	ʂəʔ↗j	ˈɛ↗ʂẫˈi	0	1	0	0
sậi	TONE_NANG	ʂəʔ↓j	ˈɛ↗ʂậˈi	0	1	0	0
sây	TONE_NGANG	ʂə→j	ʂˈəɪ	0	0	0	0
sầy	TONE_HUYEN	ʂə↘j	ʂˈəɪ↘	1	0	0	0
sấy	TONE_SAC	ʂə↗j	ʂˈəɪ↗	1	0	0	0
sâ̂y	TONE_HOI	ʂə↓j	ˈɛ↗ʂˌeɪsˈ↗ːkəmflˌɛks ˈi	0	0	0	0
sẫy	TONE_NGA	ʂəʔ↗j	ʂˈəɪʔ↗	1	0	0	0
sậy	TONE_NANG	ʂəʔ↓j	ʂˈəɪʔ↓	1	0	0	0
sâo	TONE_NGANG	ʂə→w	ˈɛ↗ʂˌeɪsˈ↗ːkəmflˌɛksˈɔ	0	0	0	0
sầo	TONE_HUYEN	ʂə↘w	ˈɛ↗ʂầˈɔ	0	1	0	0
sấo	TONE_SAC	ʂə↗w	ˈɛ↗ʂấˈɔ	1	1	0	0
sâ̂o	TONE_HOI	ʂə↓w	ˈɛ↗ʂˌeɪsˈ↗ːkəmflˌɛks ˈo	0	0	0	0
sẫo	TONE_NGA	ʂəʔ↗w	ˈɛ↗ʂẫˈɔ	0	1	0	0
sậo	TONE_NANG	ʂəʔ↓w	ˈɛ↗ʂậˈɔ	0	1	0	0
sâu	TONE_NGANG	ʂə→w	ʂˈə→w	1	0	0	0
sầu	TONE_HUYEN	ʂə↘w	ʂˈə↘w	1	0	0	0
sấu	TONE_SAC	ʂə↗w	ʂˈə↗w	1	0	0	0
sâ̂u	TONE_HOI	ʂə↓w	ˈɛ↗ʂˌeɪsˈ↗ːkəmflˌɛks ˈu	0	0	0	0
sẫu	TONE_NGA	ʂəʔ↗w	ʂˈəʔ↗w	1	0	0	0
sậu	TONE_NANG	ʂəʔ↓w	ʂˈəʔ↓w	1	0	0	0
sâm	TONE_NGANG	ʂə→m	ʂˈəm	0	0	0	0
sầm	TONE_HUYEN	ʂə↘m	ʂˈə↘m	1	0	0	0
sấm	TONE_SAC	ʂə↗m	ʂˈə↗m	1	0	0	0
sâ̂m	TONE_HOI	ʂə↓m	ˈɛ↗ʂˌeɪsˈ↗ːkəmflˌɛks mˈəː↘	0	0	0	0
sẫm	TONE_NGA	ʂəʔ↗m	ʂˈəʔ↗m	1	0	0	0
sậm	TONE_NANG	ʂəʔ↓m	ʂˈəʔ↓m	1	0	0	0
sân	TONE_NGANG	ʂə→n	ʂˈən	0	0	0	0
sần	TONE_HUYEN	ʂə↘n	ʂˈə↘n	1	0	0	0
sấn	TONE_SAC	ʂə↗n	ʂˈə↗n	1	0	0	0
sâ̂n	TONE_HOI	ʂə↓n	ˈɛ↗ʂˌeɪsˈ↗ːkəmflˌɛks nˈəː↘	0	0	0	0
sẫn	TONE_NGA	ʂəʔ↗n	ʂˈəʔ↗n	1	0	0	0
sận	TONE_NANG	ʂəʔ↓n	ʂˈəʔ↓n	1	0	0	0
sấp	TONE_SAC	ʂə↗p	ʂˈə↗p	1	0	0	0
sập	TONE_NANG	ʂəʔ↓p	ʂˈəʔ↓p	1	0	0	0
sất	TONE_SAC	ʂə↗t	ʂˈə↗t	1	0	0	0
sật	TONE_NANG	ʂəʔ↓t	ʂˈəʔ↓t	1	0	0	0
sâng	TONE_NGANG	ʂə→ŋ	ʂˈəŋ	0	0	0	0
sầng	TONE_HUYEN	ʂə↘ŋ	ʂˈə↘ŋ	1	0	0	0
sấng	TONE_SAC	ʂə↗ŋ	ʂˈə↗ŋ	1	0	0	0
sâ̂ng	TONE_HOI	ʂə↓ŋ	ˈɛ↗ʂˌeɪsˈ↗ːkəmflˌɛks ˌɛndʒˈiː	0	0	0	0
sẫng	TONE_NGA	ʂəʔ↗ŋ	ʂˈəʔ↗ŋ	1	0	0	0
sậng	TONE_NANG	ʂəʔ↓ŋ	ʂˈəʔ↓ŋ	1	0	0	0
sấc	TONE_SAC	ʂə↗k	ʂˈə↗c	1	0	0	0
sậc	TONE_NANG	ʂəʔ↓k	ʂˈəʔ↓c	1	0	0	0
sấch	TONE_SAC	ʂə↗k	ʂˈə↗c hˈa↗t	0	0	0	0
sậch	TONE_NANG	ʂəʔ↓k	ʂˈəʔ↓c hˈa↗t	0	0	0	0
se	TONE_NGANG	ʂɛ→	ʂˈɛ	0	0	0	0
sè	TONE_HUYEN	ʂɛ↘	ʂˈɛ↘	1	0	0	0
sé	TONE_SAC	ʂɛ↗	ʂˈɛ↗	1	0	0	0
sê	TONE_HOI	ʂɛ↓	ʂˈe	0	0	0	0
sẽ	TONE_NGA	ʂɛʔ↗	ʂˌɛʔ↗	1	0	0	0
sẹ	TONE_NANG	ʂɛʔ↓	ʂˈɛʔ↓	1	0	0	0
seo	TONE_NGANG	ʂɛ→w	ʂˈɛw	0	0	0	0
sèo	TONE_HUYEN	ʂɛ↘w	ʂˈɛ↘w	1	0	0	0
séo	TONE_SAC	ʂɛ↗w	ʂˈɛ↗w	1	0	0	0
sêo	TONE_HOI	ʂɛ↓w	ʂˈe ˈɔ	0	0	0	0
sẽo	TONE_NGA	ʂɛʔ↗w	ʂˈɛʔ↗w	1	0	0	0
sẹo	TONE_NANG	ʂɛʔ↓w	ʂˈɛʔ↓w	1	0	0	0
seu	TONE_NGANG	ʂɛ→w	ʂˈe→w	1	0	0	0
sèu	TONE_HUYEN	ʂɛ↘w	ʂˈɛ↘ ˈu	0	0	0	0
séu	TONE_SAC	ʂɛ↗w	ʂˈɛ↗ ˈu	0	0	0	0
sêu	TONE_HOI	ʂɛ↓w	ʂˈe→w	0	0	0	0
sẽu	TONE_NGA	ʂɛʔ↗w	ʂˌɛʔ↗ ˈu	0	0	0	0
sẹu	TONE_NANG	ʂɛʔ↓w	ʂˈɛʔ↓ ˈu	0	0	0	0
sem	TONE_NGANG	ʂɛ→m	ʂˈɛm	0	0	0	0
sèm	TONE_HUYEN	ʂɛ↘m	ʂˈɛ↘m	1	0	0	0
sém	TONE_SAC	ʂɛ↗m	ʂˈɛ↗m	1	0	0	0
sêm	TONE_HOI	ʂɛ↓m	ʂˈem	0	0	0	0
sẽm	TONE_NGA	ʂɛʔ↗m	ʂˈɛʔ↗m	1	0	0	0
sẹm	TONE_NANG	ʂɛʔ↓m	ʂˈɛʔ↓m	1	0	0	0
sen	TONE_NGANG	ʂɛ→n	ʂˈɛn	0	0	0	0
sèn	TONE_HUYEN	ʂɛ↘n	ʂˈɛ↘n	1	0	0	0
sén	TONE_SAC	ʂɛ↗n	ʂˈɛ↗n	1	0	0	0
sên	TONE_HOI	ʂɛ↓n	ʂˈen	0	0	0	0
sẽn	TONE_NGA	ʂɛʔ↗n	ʂˈɛʔ↗n	1	0	0	0
sẹn	TONE_NANG	ʂɛʔ↓n	ʂˈɛʔ↓n	1	0	0	0
sép	TONE_SAC	ʂɛ↗p	ʂˈɛ↗p	1	0	0	0
sẹp	TONE_NANG	ʂɛʔ↓p	ʂˈɛʔ↓p	1	0	0	0
sét	TONE_SAC	ʂɛ↗t	ʂˈɛ↗t	1	0	0	0
sẹt	TONE_NANG	ʂɛʔ↓t	ʂˈɛʔ↓t	1	0	0	0
seng	TONE_NGANG	ʂɛ→ŋ	ʂˈɛŋ	0	0	0	0
sèng	TONE_HUYEN	ʂɛ↘ŋ	ʂˈɛ↘ŋ	1	0	0	0
séng	TONE_SAC	ʂɛ↗ŋ	ʂˈɛ↗ŋ	1	0	0	0
sêng	TONE_HOI	ʂɛ↓ŋ	ʂˈen ðˈe→	0	0	0	0
sẽng	TONE_NGA	ʂɛʔ↗ŋ	ʂˈɛʔ↗ŋ	1	0	0	0
sẹng	TONE_NANG	ʂɛʔ↓ŋ	ʂˈɛʔ↓ŋ	1	0	0	0
séc	TONE_SAC	ʂɛ↗k	ʂˈɛ↗c	1	0	0	0
sẹc	TONE_NANG	ʂɛʔ↓k	ʂˈɛʔ↓c	1	0	0	0
séch	TONE_SAC	ʂɛ↗k	ʂˈɛ↗c hˈa↗t	0	0	0	0
sẹch	TONE_NANG	ʂɛʔ↓k	ʂˈɛʔ↓c hˈa↗t	0	0	0	0
sê	TONE_NGANG	ʂe→	ʂˈe	0	0	0	0
sề	TONE_HUYEN	ʂe↘	ʂˈe↘	1	0	0	0
sế	TONE_SAC	ʂe↗	ʂˈe↗	1	0	0	0
sê̂	TONE_HOI	ʂe↓	ʂˈe	0	0	0	0
sễ	TONE_NGA	ʂeʔ↗	ʂˈeʔ↗	1	0	0	0
sệ	TONE_NANG	ʂeʔ↓	ʂˈeʔ↓	1	0	0	0
sêo	TONE_NGANG	ʂe→w	ʂˈe ˈɔ	0	0	0	0
sềo	TONE_HUYEN	ʂe↘w	ʂˈe↘ ˈɔ	1	0	0	0
sếo	TONE_SAC	ʂe↗w	ʂˈe↗ ˈɔ	1	0	0	0
sê̂o	TONE_HOI	ʂe↓w	ʂˈe ˈo	0	0	0	0
sễo	TONE_NGA	ʂeʔ↗w	ʂˈeʔ↗ ˈɔ	1	0	0	0
sệo	TONE_NANG	ʂeʔ↓w	ʂˈeʔ↓ ˈɔ	1	0	0	0
sêu	TONE_NGANG	ʂe→w	ʂˈe→w	1	0	0	0
sều	TONE_HUYEN	ʂe↘w	ʂˈe↘w	1	0	0	0
sếu	TONE_SAC	ʂe↗w	ʂˈe↗w	1	0	0	0
sê̂u	TONE_HOI	ʂe↓w	ʂˈe ˈu	0	0	0	0
sễu	TONE_NGA	ʂeʔ↗w	ʂˈeʔ↗w	1	0	0	0
sệu	TONE_NANG	ʂeʔ↓w	ʂˈeʔ↓w	1	0	0	0
sêm	TONE_NGANG	ʂe→m	ʂˈem	0	0	0	0
sềm	TONE_HUYEN	ʂe↘m	ʂˈe↘m	1	0	0	0
sếm	TONE_SAC	ʂe↗m	ʂˈe↗m	1	0	0	0
sê̂m	TONE_HOI	ʂe↓m	ʂˈe mˈəː↘	0	0	0	0
sễm	TONE_NGA	ʂeʔ↗m	ʂˈeʔ↗m	1	0	0	0
sệm	TONE_NANG	ʂeʔ↓m	ʂˈeʔ↓m	1	0	0	0
sên	TONE_NGANG	ʂe→n	ʂˈen	0	0	0	0
sền	TONE_HUYEN	ʂe↘n	ʂˈe↘n	1	0	0	0
sến	TONE_SAC	ʂe↗n	ʂˈe↗n	1	0	0	0
sê̂n	TONE_HOI	ʂe↓n	ʂˈe nˈəː↘	0	0	0	0
sễn	TONE_NGA	ʂeʔ↗n	ʂˈeʔ↗n	1	0	0	0
sện	TONE_NANG	ʂeʔ↓n	ʂˈeʔ↓n	1	0	0	0
sếp	TONE_SAC	ʂe↗p	ʂˈe↗p	1	0	0	0
sệp	TONE_NANG	ʂeʔ↓p	ʂˈeʔ↓p	1	0	0	0
sết	TONE_SAC	ʂe↗t	ʂˈe↗t	1	0	0	0
sệt	TONE_NANG	ʂeʔ↓t	ʂˈeʔ↓t	1	0	0	0
sênh	TONE_NGANG	ʂe→ɲ	ʂˈeɲ	0	0	0	0
sềnh	TONE_HUYEN	ʂe↘ɲ	ʂˈe↘ɲ	1	0	0	0
sếnh	TONE_SAC	ʂe↗ɲ	ʂˈe↗ɲ	1	0	0	0
sê̂nh	TONE_HOI	ʂe↓ɲ	ʂˈe ˌɛnˈeɪʧ	0	0	0	0
sễnh	TONE_NGA	ʂeʔ↗ɲ	ʂˈeʔ↗ɲ	1	0	0	0
sệnh	TONE_NANG	ʂeʔ↓ɲ	ʂˈeʔ↓ɲ	1	0	0	0
sếc	TONE_SAC	ʂe↗k	ʂˈe↗ sˈe	0	0	0	0
sệc	TONE_NANG	ʂeʔ↓k	ʂˈeʔ↓ sˈe	0	0	0	0
sếch	TONE_SAC	ʂe↗k	ʂˈe↗c	1	0	0	0
sệch	TONE_NANG	ʂeʔ↓k	ʂˈeʔ↓c	1	0	0	0
si	TONE_NGANG	ʂi→	ʂˈi	0	0	0	0
sì	TONE_HUYEN	ʂi↘	ʂˈi↘	1	0	0	0
sí	TONE_SAC	ʂi↗	ʂˈi↗	1	0	0	0
sî	TONE_HOI	ʂi↓	ʂˈi	0	0	0	0
sĩ	TONE_NGA	ʂiʔ↗	ʂˈiʔ↗	1	0	0	0
sị	TONE_NANG	ʂiʔ↓	ʂˈiʔ↓	1	0	0	0
sio	TONE_NGANG	ʂi→w	ʂˈiːoʊ	0	0	0	0
sìo	TONE_HUYEN	ʂi↘w	ʂˈi↘ ˈɔ	1	0	0	0
sío	TONE_SAC	ʂi↗w	ʂˈi↗ ˈɔ	1	0	0	0
sîo	TONE_HOI	ʂi↓w	ʂˈiːoʊ	0	0	0	0
sĩo	TONE_NGA	ʂiʔ↗w	ʂˈiʔ↗ ˈɔ	1	0	0	0
sịo	TONE_NANG	ʂiʔ↓w	ʂˈiʔ↓ ˈɔ	1	0	0	0
siu	TONE_NGANG	ʂi→w	ʂˈiw	0	0	0	0
sìu	TONE_HUYEN	ʂi↘w	ʂˈi↘w	1	0	0	0
síu	TONE_SAC	ʂi↗w	ʂˈi↗w	1	0	0	0
sîu	TONE_HOI	ʂi↓w	ʂˈiw	0	0	0	0
sĩu	TONE_NGA	ʂiʔ↗w	ʂˈiʔ↗w	1	0	0	0
sịu	TONE_NANG	ʂiʔ↓w	ʂˈiʔ↓w	1	0	0	0
sim	TONE_NGANG	ʂi→m	ʂˈim	0	0	0	0
sìm	TONE_HUYEN	ʂi↘m	ʂˈi↘m	1	0	0	0
sím	TONE_SAC	ʂi↗m	ʂˈi↗m	1	0	0	0
sîm	TONE_HOI	ʂi↓m	ʂˈim	0	0	0	0
sĩm	TONE_NGA	ʂiʔ↗m	ʂˈiʔ↗m	1	0	0	0
sịm	TONE_NANG	ʂiʔ↓m	ʂˈiʔ↓m	1	0	0	0
sin	TONE_NGANG	ʂi→n	ʂˈɪn	0	0	0	0
sìn	TONE_HUYEN	ʂi↘n	ʂˈi↘n	1	0	0	0
sín	TONE_SAC	ʂi↗n	ʂˈi↗n	1	0	0	0
sîn	TONE_HOI	ʂi↓n	ʂˈɪn	0	0	0	0
sĩn	TONE_NGA	ʂiʔ↗n	ʂˈiʔ↗n	1	0	0	0
sịn	TONE_NANG	ʂiʔ↓n	ʂˈiʔ↓n	1	0	0	0
síp	TONE_SAC	ʂi↗p	ʂˈi↗p	1	0	0	0
sịp	TONE_NANG	ʂiʔ↓p	ʂˈiʔ↓p	1	0	0	0
sít	TONE_SAC	ʂi↗t	ʂˈi↗t	1	0	0	0
sịt	TONE_NANG	ʂiʔ↓t	ʂˈiʔ↓t	1	0	0	0
sinh	TONE_NGANG	ʂi→ɲ	ʂˈiɲ	0	0	0	1
sình	TONE_HUYEN	ʂi↘ɲ	ʂˈi↘ɲ	1	0	0	1
sính	TONE_SAC	ʂi↗ɲ	ʂˈi↗ɲ	1	0	0	1
sînh	TONE_HOI	ʂi↓ɲ	ʂˈiɲ	0	0	0	1
sĩnh	TONE_NGA	ʂiʔ↗ɲ	ʂˈiʔ↗ɲ	1	0	0	1
sịnh	TONE_NANG	ʂiʔ↓ɲ	ʂˈiʔ↓ɲ	1	0	0	1
síc	TONE_SAC	ʂi↗k	ʂˈi↗ sˈe	0	0	0	0
sịc	TONE_NANG	ʂiʔ↓k	ʂˈiʔ↓ sˈe	0	0	0	0
sích	TONE_SAC	ʂi↗k	ʂˈi↗c	1	0	0	0
sịch	TONE_NANG	ʂiʔ↓k	ʂˈiʔ↓c	1	0	0	0
sy	TONE_NGANG	ʂi→	ʂˈi	0	0	0	0
sỳ	TONE_HUYEN	ʂi↘	ʂˈi↘	1	0	0	0
sý	TONE_SAC	ʂi↗	ʂˈi↗	1	0	0	0
sŷ	TONE_HOI	ʂi↓	ʂˈi	0	0	0	0
sỹ	TONE_NGA	ʂiʔ↗	ʂˈiʔ↗	1	0	0	0
sỵ	TONE_NANG	ʂiʔ↓	ʂˈiʔ↓	1	0	0	0
syo	TONE_NGANG	ʂi→w	ʂˈɪoʊ	0	0	0	0
sỳo	TONE_HUYEN	ʂi↘w	ʂˈi↘ ˈɔ	1	0	0	0
sýo	TONE_SAC	ʂi↗w	ʂˈi↗ ˈɔ	1	0	0	0
sŷo	TONE_HOI	ʂi↓w	ʂˈɪoʊ	0	0	0	0
sỹo	TONE_NGA	ʂiʔ↗w	ʂˈiʔ↗ ˈɔ	1	0	0	0
sỵo	TONE_NANG	ʂiʔ↓w	ʂˈiʔ↓ ˈɔ	1	0	0	0
syu	TONE_NGANG	ʂi→w	ʂˈɪuː	0	0	0	0
sỳu	TONE_HUYEN	ʂi↘w	ʂˈi↘ ˈu	0	0	0	0
sýu	TONE_SAC	ʂi↗w	ʂˈi↗ ˈu	0	0	0	0
sŷu	TONE_HOI	ʂi↓w	ʂˈɪuː	0	0	0	0
sỹu	TONE_NGA	ʂiʔ↗w	ʂˈiʔ↗ ˈu	0	0	0	0
sỵu	TONE_NANG	ʂiʔ↓w	ʂˈiʔ↓ ˈu	0	0	0	0
sym	TONE_NGANG	ʂi→m	ʂˈɪm	0	0	0	0
sỳm	TONE_HUYEN	ʂi↘m	ʂˈi↘ ˈməː↘	0	0	0	0
sým	TONE_SAC	ʂi↗m	ʂˈi↗ ˈməː↘	0	0	0	0
sŷm	TONE_HOI	ʂi↓m	ʂˈɪm	0	0	0	0
sỹm	TONE_NGA	ʂiʔ↗m	ʂˈiʔ↗ ˈməː↘	0	0	0	0
sỵm	TONE_NANG	ʂiʔ↓m	ʂˈiʔ↓ ˈməː↘	0	0	0	0
syn	TONE_NGANG	ʂi→n	ʂˈɪn	0	0	0	0
sỳn	TONE_HUYEN	ʂi↘n	ʂˈi↘ ˈɛnəː↘	0	0	0	0
sýn	TONE_SAC	ʂi↗n	ʂˈi↗ ˈɛnəː↘	0	0	0	0
sŷn	TONE_HOI	ʂi↓n	ʂˈɪn	0	0	0	0
sỹn	TONE_NGA	ʂiʔ↗n	ʂˈiʔ↗ ˈɛnəː↘	0	0	0	0
sỵn	TONE_NANG	ʂiʔ↓n	ʂˈiʔ↓ ˈɛnəː↘	0	0	0	0
sýp	TONE_SAC	ʂi↗p	ʂˈi↗ pˈe	0	0	0	0
sỵp	TONE_NANG	ʂiʔ↓p	ʂˈiʔ↓ pˈe	0	0	0	0
sýt	TONE_SAC	ʂi↗t	ʂˈi↗ tˈe	0	0	0	0
sỵt	TONE_NANG	ʂiʔ↓t	ʂˈiʔ↓ tˈe	0	0	0	0
synh	TONE_NGANG	ʂi→ɲ	ˈɛʂ ˈɪn	0	0	0	0
sỳnh	TONE_HUYEN	ʂi↘ɲ	ʂˈi↘ ˈɛnəː↘hˈa↗t	0	0	0	0
sýnh	TONE_SAC	ʂi↗ɲ	ʂˈi↗ ˈɛnəː↘hˈa↗t	0	0	0	0
sŷnh	TONE_HOI	ʂi↓ɲ	ˈɛʂ ˈɪn	0	0	0	0
sỹnh	TONE_NGA	ʂiʔ↗ɲ	ʂˈiʔ↗ ˈɛnəː↘hˈa↗t	0	0	0	0
sỵnh	TONE_NANG	ʂiʔ↓ɲ	ʂˈiʔ↓ ˈɛnəː↘hˈa↗t	0	0	0	0
sýc	TONE_SAC	ʂi↗k	ʂˈi↗ sˈe	0	0	0	0
sỵc	TONE_NANG	ʂiʔ↓k	ʂˈiʔ↓ sˈe	0	0	0	0
sých	TONE_SAC	ʂi↗k	ʂˈi↗ sˈehˈa↗t	0	0	0	0
sỵch	TONE_NANG	ʂiʔ↓k	ʂˈiʔ↓ sˈehˈa↗t	0	0	0	0
so	TONE_NGANG	ʂɔ→	ʂˈoʊ	0	0	0	0
sò	TONE_HUYEN	ʂɔ↘	ʂˈɔ↘	1	0	0	0
só	TONE_SAC	ʂɔ↗	ʂˈɔ↗	1	0	0	0
sô	TONE_HOI	ʂɔ↓	ʂˈo	0	0	0	0
sõ	TONE_NGA	ʂɔʔ↗	ʂˈɔʔ↗	1	0	0	0
sọ	TONE_NANG	ʂɔʔ↓	ʂˈɔʔ↓	1	0	0	0
soi	TONE_NGANG	ʂɔ→j	ʂˈɔj	0	0	0	0
sòi	TONE_HUYEN	ʂɔ↘j	ʂˈɔ↘j	1	0	0	0
sói	TONE_SAC	ʂɔ↗j	ʂˈɔ↗j	1	0	0	0
sôi	TONE_HOI	ʂɔ↓j	ʂˈoj	0	0	0	0
sõi	TONE_NGA	ʂɔʔ↗j	ʂˈɔʔ↗j	1	0	0	0
sọi	TONE_NANG	ʂɔʔ↓j	ʂˈɔʔ↓j	1	0	0	0
soy	TONE_NGANG	ʂɔ→j	ʂˈɔɪ	0	0	0	0
sòy	TONE_HUYEN	ʂɔ↘j	ʂˈɔ↘ ˈi	0	0	0	0
sóy	TONE_SAC	ʂɔ↗j	ʂˈɔ↗ ˈi	0	0	0	0
sôy	TONE_HOI	ʂɔ↓j	ʂˈo ˈi	0	0	0	0
sõy	TONE_NGA	ʂɔʔ↗j	ʂˈɔʔ↗ ˈi	0	0	0	0
sọy	TONE_NANG	ʂɔʔ↓j	ʂˈɔʔ↓ ˈi	0	0	0	0
som	TONE_NGANG	ʂɔ→m	ʂˈɔm	0	0	0	0
sòm	TONE_HUYEN	ʂɔ↘m	ʂˈɔ↘m	1	0	0	0
sóm	TONE_SAC	ʂɔ↗m	ʂˈɔ↗m	1	0	0	0
sôm	TONE_HOI	ʂɔ↓m	ʂˈom	0	0	0	0
sõm	TONE_NGA	ʂɔʔ↗m	ʂˈɔʔ↗m	1	0	0	0
sọm	TONE_NANG	ʂɔʔ↓m	ʂˈɔʔ↓m	1	0	0	0
son	TONE_NGANG	ʂɔ→n	ʂˈʌn	0	0	0	0
sòn	TONE_HUYEN	ʂɔ↘n	ʂˈɔ↘n	1	0	0	0
són	TONE_SAC	ʂɔ↗n	ʂˈɔ↗n	1	0	0	0
sôn	TONE_HOI	ʂɔ↓n	ʂˈon	0	0	0	0
sõn	TONE_NGA	ʂɔʔ↗n	ʂˈɔʔ↗n	1	0	0	0
sọn	TONE_NANG	ʂɔʔ↓n	ʂˈɔʔ↓n	1	0	0	0
sóp	TONE_SAC	ʂɔ↗p	ʂˈɔ↗p	1	0	0	0
sọp	TONE_NANG	ʂɔʔ↓p	ʂˈɔʔ↓p	1	0	0	0
sót	TONE_SAC	ʂɔ↗t	ʂˈɔ↗t	1	0	0	0
sọt	TONE_NANG	ʂɔʔ↓t	ʂˈɔʔ↓t	1	0	0	0
song	TONE_NGANG	ʂɔ→ŋ	ʂˈɔŋ	0	0	0	0
sòng	TONE_HUYEN	ʂɔ↘ŋ	ʂˈɔ↘ŋ	1	0	0	0
sóng	TONE_SAC	ʂɔ↗ŋ	ʂˈɔ↗ŋ	1	0	0	0
sông	TONE_HOI	ʂɔ↓ŋ	ʂˈoŋ	0	0	0	0
sõng	TONE_NGA	ʂɔʔ↗ŋ	ʂˈɔʔ↗ŋ	1	0	0	0
sọng	TONE_NANG	ʂɔʔ↓ŋ	ʂˈɔʔ↓ŋ	1	0	0	0
sóc	TONE_SAC	ʂɔ↗k	ʂˈɔ↗k	1	0	0	0
sọc	TONE_NANG	ʂɔʔ↓k	ʂˈɔʔ↓k	1	0	0	0
sóch	TONE_SAC	ʂɔ↗k	ʂˈɔ↗k hˈa↗t	0	0	0	0
sọch	TONE_NANG	ʂɔʔ↓k	ʂˈɔʔ↓k hˈa↗t	0	0	0	0
sô	TONE_NGANG	ʂo→	ʂˈo	0	0	0	0
sồ	TONE_HUYEN	ʂo↘	ʂˈo↘	1	0	0	0
số	TONE_SAC	ʂo↗	ʂˈo↗	1	0	0	0
sô̂	TONE_HOI	ʂo↓	ʂˈo	0	0	0	0
sỗ	TONE_NGA	ʂoʔ↗	ʂˈoʔ↗	1	0	0	0
sộ	TONE_NANG	ʂoʔ↓	ʂˈoʔ↓	1	0	0	0
sôi	TONE_NGANG	ʂo→j	ʂˈoj	0	0	0	0
sồi	TONE_HUYEN	ʂo↘j	ʂˈo↘j	1	0	0	0
sối	TONE_SAC	ʂo↗j	ʂˈo↗j	1	0	0	0
sô̂i	TONE_HOI	ʂo↓j	ʂˈo ˈi	0	0	0	0
sỗi	TONE_NGA	ʂoʔ↗j	ʂˈoʔ↗j	1	0	0	0
sội	TONE_NANG	ʂoʔ↓j	ʂˈoʔ↓j	1	0	0	0
sôy	TONE_NGANG	ʂo→j	ʂˈo ˈi	0	0	0	0
sồy	TONE_HUYEN	ʂo↘j	ʂˈo↘ ˈi	0	0	0	0
sốy	TONE_SAC	ʂo↗j	ʂˈo↗ ˈi	0	0	0	0
sô̂y	TONE_HOI	ʂo↓j	ʂˈo ˈi	0	0	0	0
sỗy	TONE_NGA	ʂoʔ↗j	ʂˈoʔ↗ ˈi	0	0	0	0
sộy	TONE_NANG	ʂoʔ↓j	ʂˈoʔ↓ ˈi	0	0	0	0
sôm	TONE_NGANG	ʂo→m	ʂˈom	0	0	0	0
sồm	TONE_HUYEN	ʂo↘m	ʂˈo↘m	1	0	0	0
sốm	TONE_SAC	ʂo↗m	ʂˈo↗m	1	0	0	0
sô̂m	TONE_HOI	ʂo↓m	ʂˈo mˈəː↘	0	0	0	0
sỗm	TONE_NGA	ʂoʔ↗m	ʂˈoʔ↗m	1	0	0	0
sộm	TONE_NANG	ʂoʔ↓m	ʂˈoʔ↓m	1	0	0	0
sôn	TONE_NGANG	ʂo→n	ʂˈon	0	0	0	0
sồn	TONE_HUYEN	ʂo↘n	ʂˈo↘n	1	0	0	0
sốn	TONE_SAC	ʂo↗n	ʂˈo↗n	1	0	0	0
sô̂n	TONE_HOI	ʂo↓n	ʂˈo nˈəː↘	0	0	0	0
sỗn	TONE_NGA	ʂoʔ↗n	ʂˈoʔ↗n	1	0	0	0
sộn	TONE_NANG	ʂoʔ↓n	ʂˈoʔ↓n	1	0	0	0
sốp	TONE_SAC	ʂo↗p	ʂˈo↗p	1	0	0	0
sộp	TONE_NANG	ʂoʔ↓p	ʂˈoʔ↓p	1	0	0	0
sốt	TONE_SAC	ʂo↗t	ʂˈo↗t	1	0	0	0
sột	TONE_NANG	ʂoʔ↓t	ʂˈoʔ↓t	1	0	0	0
sông	TONE_NGANG	ʂo→ŋ	ʂˈoŋ	0	0	0	0
sồng	TONE_HUYEN	ʂo↘ŋ	ʂˈo↘ŋ	1	0	0	0
sống	TONE_SAC	ʂo↗ŋ	ʂˈo↗ŋ	1	0	0	0
sô̂ng	TONE_HOI	ʂo↓ŋ	ʂˈo ˌɛndʒˈiː	0	0	0	0
sỗng	TONE_NGA	ʂoʔ↗ŋ	ʂˈoʔ↗ŋ	1	0	0	0
sộng	TONE_NANG	ʂoʔ↓ŋ	ʂˈoʔ↓ŋ	1	0	0	0
sốc	TONE_SAC	ʂo↗k	ʂˈo↗k	1	0	0	0
sộc	TONE_NANG	ʂoʔ↓k	ʂˈoʔ↓k	1	0	0	0
sốch	TONE_SAC	ʂo↗k	ʂˈo↗k hˈa↗t	0	0	0	0
sộch	TONE_NANG	ʂoʔ↓k	ʂˈoʔ↓k hˈa↗t	0	0	0	0
sơ	TONE_NGANG	ʂəː→	ʂˈəː	0	0	0	0
sờ	TONE_HUYEN	ʂəː↘	ʂˈəː↘	1	0	0	0
sớ	TONE_SAC	ʂəː↗	ʂˈəː↗	1	0	0	0
sơ̂	TONE_HOI	ʂəː↓	ʂˈəː	0	0	0	0
sỡ	TONE_NGA	ʂəːʔ↗	ʂˈəːʔ↗	1	0	0	0
sợ	TONE_NANG	ʂəːʔ↓	ʂˈəːʔ↓	1	0	0	0
sơi	TONE_NGANG	ʂəː→j	ʂˈəːj	0	0	0	0
sời	TONE_HUYEN	ʂəː↘j	ʂˈəː↘j	1	0	0	0
sới	TONE_SAC	ʂəː↗j	ʂˈəː↗j	1	0	0	0
sơ̂i	TONE_HOI	ʂəː↓j	ʂˈəː ˈi	0	0	0	0
sỡi	TONE_NGA	ʂəːʔ↗j	ʂˈəːʔ↗j	1	0	0	0
sợi	TONE_NANG	ʂəːʔ↓j	ʂˈəːʔ↓j	1	0	0	0
sơy	TONE_NGANG	ʂəː→j	ʂˈəː ˈi	0	0	0	0
sờy	TONE_HUYEN	ʂəː↘j	ʂˈəː↘ ˈi	0	0	0	0
sớy	TONE_SAC	ʂəː↗j	ʂˈəː↗ ˈi	0	0	0	0
sơ̂y	TONE_HOI	ʂəː↓j	ʂˈəː ˈi	0	0	0	0
sỡy	TONE_NGA	ʂəːʔ↗j	ʂˈəːʔ↗ ˈi	0	0	0	0
sợy	TONE_NANG	ʂəːʔ↓j	ʂˈəːʔ↓ ˈi	0	0	0	0
sơm	TONE_NGANG	ʂəː→m	ʂˈəːm	0	0	0	0
sờm	TONE_HUYEN	ʂəː↘m	ʂˈəː↘m	1	0	0	0
sớm	TONE_SAC	ʂəː↗m	ʂˈəː↗m	1	0	0	0
sơ̂m	TONE_HOI	ʂəː↓m	ʂˈəː mˈəː↘	0	0	0	0
sỡm	TONE_NGA	ʂəːʔ↗m	ʂˈəːʔ↗m	1	0	0	0
sợm	TONE_NANG	ʂəːʔ↓m	ʂˈəːʔ↓m	1	0	0	0
sơn	TONE_NGANG	ʂəː→n	ʂˈəːn	0	0	0	0
sờn	TONE_HUYEN	ʂəː↘n	ʂˈəː↘n	1	0	0	0
sớn	TONE_SAC	ʂəː↗n	ʂˈəː↗n	1	0	0	0
sơ̂n	TONE_HOI	ʂəː↓n	ʂˈəː nˈəː↘	0	0	0	0
sỡn	TONE_NGA	ʂəːʔ↗n	ʂˈəːʔ↗n	1	0	0	0
sợn	TONE_NANG	ʂəːʔ↓n	ʂˈəːʔ↓n	1	0	0	0
sớp	TONE_SAC	ʂəː↗p	ʂˈəː↗p	1	0	0	0
sợp	TONE_NANG	ʂəːʔ↓p	ʂˈəːʔ↓p	1	0	0	0
sớt	TONE_SAC	ʂəː↗t	ʂˈəː↗t	1	0	0	0
sợt	TONE_NANG	ʂəːʔ↓t	ʂˈəːʔ↓t	1	0	0	0
sớc	TONE_SAC	ʂəː↗k	ʂˈəː↗ sˈe	0	0	0	0
sợc	TONE_NANG	ʂəːʔ↓k	ʂˈəːʔ↓ sˈe	0	0	0	0
sớch	TONE_SAC	ʂəː↗k	ʂˈəː↗ sˈehˈa↗t	0	0	0	0
sợch	TONE_NANG	ʂəːʔ↓k	ʂˈəːʔ↓ sˈehˈa↗t	0	0	0	0
su	TONE_NGANG	ʂu→	ʂˈu	0	0	0	0
sù	TONE_HUYEN	ʂu↘	ʂˈu↘	1	0	0	0
sú	TONE_SAC	ʂu↗	ʂˈu↗	1	0	0	0
sû	TONE_HOI	ʂu↓	ʂˈu	0	0	0	0
sũ	TONE_NGA	ʂuʔ↗	ʂˈuʔ↗	1	0	0	0
sụ	TONE_NANG	ʂuʔ↓	ʂˈuʔ↓	1	0	0	0
sui	TONE_NGANG	ʂu→j	ʂˈuj	0	0	0	0
sùi	TONE_HUYEN	ʂu↘j	ʂˈu↘j	1	0	0	0
súi	TONE_SAC	ʂu↗j	ʂˈu↗j	1	0	0	0
sûi	TONE_HOI	ʂu↓j	ʂˈuj	0	0	0	0
sũi	TONE_NGA	ʂuʔ↗j	ʂˈuʔ↗j	1	0	0	0
sụi	TONE_NANG	ʂuʔ↓j	ʂˈuʔ↓j	1	0	0	0
suy	TONE_NGANG	ʂu→j	ʂwˈi	0	0	0	0
sùy	TONE_HUYEN	ʂu↘j	ʂˈu↘ ˈi	0	0	0	0
súy	TONE_SAC	ʂu↗j	ʂwˈi↗	1	0	0	0
sûy	TONE_HOI	ʂu↓j	ʂwˈi	0	0	0	0
sũy	TONE_NGA	ʂuʔ↗j	ʂˈuʔ↗ ˈi	0	0	0	0
sụy	TONE_NANG	ʂuʔ↓j	ʂˈuʔ↓ ˈi	0	0	0	0
sum	TONE_NGANG	ʂu→m	ʂˈʌm	0	0	0	0
sùm	TONE_HUYEN	ʂu↘m	ʂˈu↘m	1	0	0	0
súm	TONE_SAC	ʂu↗m	ʂˈu↗m	1	0	0	0
sûm	TONE_HOI	ʂu↓m	ʂˈʌm	0	0	0	0
sũm	TONE_NGA	ʂuʔ↗m	ʂˈuʔ↗m	1	0	0	0
sụm	TONE_NANG	ʂuʔ↓m	ʂˈuʔ↓m	1	0	0	0
sun	TONE_NGANG	ʂu→n	ʂˈʌn	0	0	0	0
sùn	TONE_HUYEN	ʂu↘n	ʂˈu↘n	1	0	0	0
sún	TONE_SAC	ʂu↗n	ʂˈu↗n	1	0	0	0
sûn	TONE_HOI	ʂu↓n	ʂˈʌn	0	0	0	0
sũn	TONE_NGA	ʂuʔ↗n	ʂˈuʔ↗n	1	0	0	0
sụn	TONE_NANG	ʂuʔ↓n	ʂˈuʔ↓n	1	0	0	0
súp	TONE_SAC	ʂu↗p	ʂˈu↗p	1	0	0	0
sụp	TONE_NANG	ʂuʔ↓p	ʂˈuʔ↓p	1	0	0	0
sút	TONE_SAC	ʂu↗t	ʂˈu↗t	1	0	0	0
sụt	TONE_NANG	ʂuʔ↓t	ʂˈuʔ↓t	1	0	0	0
sung	TONE_NGANG	ʂu→ŋ	ʂˈuŋ	0	0	0	0
sùng	TONE_HUYEN	ʂu↘ŋ	ʂˈu↘ŋ	1	0	0	0
súng	TONE_SAC	ʂu↗ŋ	ʂˈu↗ŋ	1	0	0	0
sûng	TONE_HOI	ʂu↓ŋ	ʂˈuŋ	0	0	0	0
sũng	TONE_NGA	ʂuʔ↗ŋ	ʂˈuʔ↗ŋ	1	0	0	0
sụng	TONE_NANG	ʂuʔ↓ŋ	ʂˈuʔ↓ŋ	1	0	0	0
súc	TONE_SAC	ʂu↗k	ʂˈu↗c	1	0	0	0
sục	TONE_NANG	ʂuʔ↓k	ʂˈuʔ↓c	1	0	0	0
súch	TONE_SAC	ʂu↗k	ʂˈu↗c hˈa↗t	0	0	0	0
sụch	TONE_NANG	ʂuʔ↓k	ʂˈuʔ↓c hˈa↗t	0	0	0	0
sư	TONE_NGANG	ʂɨ→	ʂˈy	0	0	0	0
sừ	TONE_HUYEN	ʂɨ↘	ʂˈy↘	1	0	0	0
sứ	TONE_SAC	ʂɨ↗	ʂˈy↗	1	0	0	0
sư̂	TONE_HOI	ʂɨ↓	ʂˈy	0	0	0	0
sữ	TONE_NGA	ʂɨʔ↗	ʂˈyʔ↗	1	0	0	0
sự	TONE_NANG	ʂɨʔ↓	ʂˈyʔ↓	1	0	0	0
sưi	TONE_NGANG	ʂɨ→j	ʂˈyj	0	0	0	0
sừi	TONE_HUYEN	ʂɨ↘j	ʂˈy↘j	1	0	0	0
sứi	TONE_SAC	ʂɨ↗j	ʂˈy↗j	1	0	0	0
sư̂i	TONE_HOI	ʂɨ↓j	ʂˈy ˈi	0	0	0	0
sữi	TONE_NGA	ʂɨʔ↗j	ʂˈyʔ↗j	1	0	0	0
sựi	TONE_NANG	ʂɨʔ↓j	ʂˈyʔ↓j	1	0	0	0
sưy	TONE_NGANG	ʂɨ→j	ʂˈy ˈi	0	0	0	0
sừy	TONE_HUYEN	ʂɨ↘j	ʂˈy↘ ˈi	0	0	0	0
sứy	TONE_SAC	ʂɨ↗j	ʂˈy↗ ˈi	0	0	0	0
sư̂y	TONE_HOI	ʂɨ↓j	ʂˈy ˈi	0	0	0	0
sữy	TONE_NGA	ʂɨʔ↗j	ʂˈyʔ↗ ˈi	0	0	0	0
sựy	TONE_NANG	ʂɨʔ↓j	ʂˈyʔ↓ ˈi	0	0	0	0
sưo	TONE_NGANG	ʂɨ→w	ʂˈy ˈɔ	0	0	0	0
sừo	TONE_HUYEN	ʂɨ↘w	ʂˈy↘ ˈɔ	1	0	0	0
sứo	TONE_SAC	ʂɨ↗w	ʂˈy↗ ˈɔ	1	0	0	0
sư̂o	TONE_HOI	ʂɨ↓w	ʂˈy ˈo	0	0	0	0
sữo	TONE_NGA	ʂɨʔ↗w	ʂˈyʔ↗ ˈɔ	1	0	0	0
sựo	TONE_NANG	ʂɨʔ↓w	ʂˈyʔ↓ ˈɔ	1	0	0	0
sưu	TONE_NGANG	ʂɨ→w	ʂˈiw	0	0	0	0
sừu	TONE_HUYEN	ʂɨ↘w	ʂˈi↘w	1	0	0	0
sứu	TONE_SAC	ʂɨ↗w	ʂˈi↗w	1	0	0	0
sư̂u	TONE_HOI	ʂɨ↓w	ʂˈy ˈu	0	0	0	0
sữu	TONE_NGA	ʂɨʔ↗w	ʂˈiʔ↗w	1	0	0	0
sựu	TONE_NANG	ʂɨʔ↓w	ʂˈiʔ↓w	1	0	0	0
sưm	TONE_NGANG	ʂɨ→m	ʂˈym	0	0	0	0
sừm	TONE_HUYEN	ʂɨ↘m	ʂˈy↘m	1	0	0	0
sứm	TONE_SAC	ʂɨ↗m	ʂˈy↗m	1	0	0	0
sư̂m	TONE_HOI	ʂɨ↓m	ʂˈy mˈəː↘	0	0	0	0
sữm	TONE_NGA	ʂɨʔ↗m	ʂˈyʔ↗m	1	0	0	0
sựm	TONE_NANG	ʂɨʔ↓m	ʂˈyʔ↓m	1	0	0	0
sưn	TONE_NGANG	ʂɨ→n	ʂˈyn	0	0	0	0
sừn	TONE_HUYEN	ʂɨ↘n	ʂˈy↘n	1	0	0	0
sứn	TONE_SAC	ʂɨ↗n	ʂˈy↗n	1	0	0	0
sư̂n	TONE_HOI	ʂɨ↓n	ʂˈy nˈəː↘	0	0	0	0
sữn	TONE_NGA	ʂɨʔ↗n	ʂˈyʔ↗n	1	0	0	0
sựn	TONE_NANG	ʂɨʔ↓n	ʂˈyʔ↓n	1	0	0	0
sứp	TONE_SAC	ʂɨ↗p	ʂˈy↗ pˈe	0	0	0	0
sựp	TONE_NANG	ʂɨʔ↓p	ʂˈyʔ↓ pˈe	0	0	0	0
sứt	TONE_SAC	ʂɨ↗t	ʂˈy↗t	1	0	0	0
sựt	TONE_NANG	ʂɨʔ↓t	ʂˈyʔ↓t	1	0	0	0
sưng	TONE_NGANG	ʂɨ→ŋ	ʂˈyŋ	0	0	0	0
sừng	TONE_HUYEN	ʂɨ↘ŋ	ʂˈy↘ŋ	1	0	0	0
sứng	TONE_SAC	ʂɨ↗ŋ	ʂˈy↗ŋ	1	0	0	0
sư̂ng	TONE_HOI	ʂɨ↓ŋ	ʂˈy ˌɛndʒˈiː	0	0	0	0
sững	TONE_NGA	ʂɨʔ↗ŋ	ʂˈyʔ↗ŋ	1	0	0	0
sựng	TONE_NANG	ʂɨʔ↓ŋ	ʂˈyʔ↓ŋ	1	0	0	0
sức	TONE_SAC	ʂɨ↗k	ʂˈy↗c	1	0	0	0
sực	TONE_NANG	ʂɨʔ↓k	ʂˈyʔ↓c	1	0	0	0
sứch	TONE_SAC	ʂɨ↗k	ʂˈy↗c hˈa↗t	0	0	0	0
sựch	TONE_NANG	ʂɨʔ↓k	ʂˈyʔ↓c hˈa↗t	0	0	0	0
tiê	TONE_NGANG	tiə→	tˈi ˈe	0	0	0	0
tiề	TONE_HUYEN	tiə↘	tˈi ˈe↘	1	0	0	0
tiế	TONE_SAC	tiə↗	tˈi ˈe↗	1	0	0	0
tiê̂	TONE_HOI	tiə↓	tˈi ˈe	0	0	0	0
tiễ	TONE_NGA	tiəʔ↗	tˈi ˈeʔ↗	1	0	0	0
tiệ	TONE_NANG	tiəʔ↓	tˈi ˈeʔ↓	1	0	0	0
tiêo	TONE_NGANG	tiə→w	tˈi ˈeˈɔ	0	0	0	0
tiềo	TONE_HUYEN	tiə↘w	tˈi ˈe↘ˈɔ	1	0	0	0
tiếo	TONE_SAC	tiə↗w	tˈi ˈe↗ˈɔ	1	0	0	0
tiê̂o	TONE_HOI	tiə↓w	tˈi ˈe ˈo	0	0	0	0
tiễo	TONE_NGA	tiəʔ↗w	tˈi ˈeʔ↗ˈɔ	1	0	0	0
tiệo	TONE_NANG	tiəʔ↓w	tˈi ˈeʔ↓ˈɔ	1	0	0	0
tiêu	TONE_NGANG	tiə→w	tˈiɛw	0	0	0	0
tiều	TONE_HUYEN	tiə↘w	tˈiɛ↘w	1	0	0	0
tiếu	TONE_SAC	tiə↗w	tˈiɛ↗w	1	0	0	0
tiê̂u	TONE_HOI	tiə↓w	tˈi ˈe ˈu	0	0	0	0
tiễu	TONE_NGA	tiəʔ↗w	tˈiɛʔ↗w	1	0	0	0
tiệu	TONE_NANG	tiəʔ↓w	tˈiɛʔ↓w	1	0	0	0
tiêm	TONE_NGANG	tiə→m	tˈiɛm	0	0	0	0
tiềm	TONE_HUYEN	tiə↘m	tˈiɛ↘m	1	0	0	0
tiếm	TONE_SAC	tiə↗m	tˈiɛ↗m	1	0	0	0
tiê̂m	TONE_HOI	tiə↓m	tˈi ˈe mˈəː↘	0	0	0	0
tiễm	TONE_NGA	tiəʔ↗m	tˈiɛʔ↗m	1	0	0	0
tiệm	TONE_NANG	tiəʔ↓m	tˈiɛʔ↓m	1	0	0	0
tiên	TONE_NGANG	tiə→n	tˈiɛn	0	0	0	0
tiền	TONE_HUYEN	tiə↘n	tˈiɛ↘n	1	0	0	0
tiến	TONE_SAC	tiə↗n	tˈiɛ↗n	1	0	0	0
tiê̂n	TONE_HOI	tiə↓n	tˈi ˈe nˈəː↘	0	0	0	0
tiễn	TONE_NGA	tiəʔ↗n	tˈiɛʔ↗n	1	0	0	0
tiện	TONE_NANG	tiəʔ↓n	tˈiɛʔ↓n	1	0	0	0
tiếp	TONE_SAC	tiə↗p	tˈiɛ↗p	1	0	0	0
tiệp	TONE_NANG	tiəʔ↓p	tˈiɛʔ↓p	1	0	0	0
tiết	TONE_SAC	tiə↗t	tˈiɛ↗t	1	0	0	0
tiệt	TONE_NANG	tiəʔ↓t	tˈiɛʔ↓t	1	0	0	0
tiêng	TONE_NGANG	tiə→ŋ	tˈiɛŋ	0	0	0	0
tiềng	TONE_HUYEN	tiə↘ŋ	tˈiɛ↘ŋ	1	0	0	0
tiếng	TONE_SAC	tiə↗ŋ	tˈiɛ↗ŋ	1	0	0	0
tiê̂ng	TONE_HOI	tiə↓ŋ	tˈi ˈe ˌɛndʒˈiː	0	0	0	0
tiễng	TONE_NGA	tiəʔ↗ŋ	tˈiɛʔ↗ŋ	1	0	0	0
tiệng	TONE_NANG	tiəʔ↓ŋ	tˈiɛʔ↓ŋ	1	0	0	0
tiênh	TONE_NGANG	tiə→ɲ	tˈi ˈeɲ	0	0	0	0
tiềnh	TONE_HUYEN	tiə↘ɲ	tˈi ˈe↘ɲ	1	0	0	0
tiếnh	TONE_SAC	tiə↗ɲ	tˈi ˈe↗ɲ	1	0	0	0
tiê̂nh	TONE_HOI	tiə↓ɲ	tˈi ˈe ˌɛnˈeɪʧ	0	0	0	0
tiễnh	TONE_NGA	tiəʔ↗ɲ	tˈi ˈeʔ↗ɲ	1	0	0	0
tiệnh	TONE_NANG	tiəʔ↓ɲ	tˈi ˈeʔ↓ɲ	1	0	0	0
tiếc	TONE_SAC	tiə↗k	tˈiɛ↗c	1	0	0	0
tiệc	TONE_NANG	tiəʔ↓k	tˈiɛʔ↓c	1	0	0	0
tiếch	TONE_SAC	tiə↗k	tˈi ˈe↗c	1	0	0	0
tiệch	TONE_NANG	tiəʔ↓k	tˈi ˈeʔ↓c	1	0	0	0
tyê	TONE_NGANG	tiə→	tˈi ˈe	0	0	0	0
tyề	TONE_HUYEN	tiə↘	tˈi ˈe↘	1	0	0	0
tyế	TONE_SAC	tiə↗	tˈi ˈe↗	1	0	0	0
tyê̂	TONE_HOI	tiə↓	tˈi ˈe	0	0	0	0
tyễ	TONE_NGA	tiəʔ↗	tˈi ˈeʔ↗	1	0	0	0
tyệ	TONE_NANG	tiəʔ↓	tˈi ˈeʔ↓	1	0	0	0
tyêo	TONE_NGANG	tiə→w	tˈi ˈeˈɔ	0	0	0	0
tyềo	TONE_HUYEN	tiə↘w	tˈi ˈe↘ˈɔ	1	0	0	0
tyếo	TONE_SAC	tiə↗w	tˈi ˈe↗ˈɔ	1	0	0	0
tyê̂o	TONE_HOI	tiə↓w	tˈi ˈe ˈo	0	0	0	0
tyễo	TONE_NGA	tiəʔ↗w	tˈi ˈeʔ↗ˈɔ	1	0	0	0
tyệo	TONE_NANG	tiəʔ↓w	tˈi ˈeʔ↓ˈɔ	1	0	0	0
tyêu	TONE_NGANG	tiə→w	tˈi ˈeˈu	0	0	0	0
tyều	TONE_HUYEN	tiə↘w	tˈi ˈe↘ˈu	0	0	0	0
tyếu	TONE_SAC	tiə↗w	tˈi ˈe↗ˈu	0	0	0	0
tyê̂u	TONE_HOI	tiə↓w	tˈi ˈe ˈu	0	0	0	0
tyễu	TONE_NGA	tiəʔ↗w	tˈi ˈeʔ↗ˈu	0	0	0	0
tyệu	TONE_NANG	tiəʔ↓w	tˈi ˈeʔ↓ˈu	0	0	0	0
tyêm	TONE_NGANG	tiə→m	tˈi ˈem	0	0	0	0
tyềm	TONE_HUYEN	tiə↘m	tˈi ˈe↘m	1	0	0	0
tyếm	TONE_SAC	tiə↗m	tˈi ˈe↗m	1	0	0	0
tyê̂m	TONE_HOI	tiə↓m	tˈi ˈe mˈəː↘	0	0	0	0
tyễm	TONE_NGA	tiəʔ↗m	tˈi ˈeʔ↗m	1	0	0	0
tyệm	TONE_NANG	tiəʔ↓m	tˈi ˈeʔ↓m	1	0	0	0
tyên	TONE_NGANG	tiə→n	tˈi ˈen	0	0	0	0
tyền	TONE_HUYEN	tiə↘n	tˈi ˈe↘n	1	0	0	0
tyến	TONE_SAC	tiə↗n	tˈi ˈe↗n	1	0	0	0
tyê̂n	TONE_HOI	tiə↓n	tˈi ˈe nˈəː↘	0	0	0	0
tyễn	TONE_NGA	tiəʔ↗n	tˈi ˈeʔ↗n	1	0	0	0
tyện	TONE_NANG	tiəʔ↓n	tˈi ˈeʔ↓n	1	0	0	0
tyếp	TONE_SAC	tiə↗p	tˈi ˈe↗p	1	0	0	0
tyệp	TONE_NANG	tiəʔ↓p	tˈi ˈeʔ↓p	1	0	0	0
tyết	TONE_SAC	tiə↗t	tˈi ˈe↗t	1	0	0	0
tyệt	TONE_NANG	tiəʔ↓t	tˈi ˈeʔ↓t	1	0	0	0
tyêng	TONE_NGANG	tiə→ŋ	tˈe ˈiɛŋ	0	0	0	0
tyềng	TONE_HUYEN	tiə↘ŋ	tˈe ˈiɛ↘ŋ	1	0	0	0
tyếng	TONE_SAC	tiə↗ŋ	tˈe ˈiɛ↗ŋ	1	0	0	0
tyê̂ng	TONE_HOI	tiə↓ŋ	tˈi ˈe ˌɛndʒˈiː	0	0	0	0
tyễng	TONE_NGA	tiəʔ↗ŋ	tˈe ˈiɛʔ↗ŋ	1	0	0	0
tyệng	TONE_NANG	tiəʔ↓ŋ	tˈe ˈiɛʔ↓ŋ	1	0	0	0
tyênh	TONE_NGANG	tiə→ɲ	tˈi ˈeɲ	0	0	0	0
tyềnh	TONE_HUYEN	tiə↘ɲ	tˈi ˈe↘ɲ	1	0	0	0
tyếnh	TONE_SAC	tiə↗ɲ	tˈi ˈe↗ɲ	1	0	0	0
tyê̂nh	TONE_HOI	tiə↓ɲ	tˈi ˈe ˌɛnˈeɪʧ	0	0	0	0
tyễnh	TONE_NGA	tiəʔ↗ɲ	tˈi ˈeʔ↗ɲ	1	0	0	0
tyệnh	TONE_NANG	tiəʔ↓ɲ	tˈi ˈeʔ↓ɲ	1	0	0	0
tyếc	TONE_SAC	tiə↗k	tˈi ˈe↗sˈe	0	0	0	0
tyệc	TONE_NANG	tiəʔ↓k	tˈi ˈeʔ↓sˈe	0	0	0	0
tyếch	TONE_SAC	tiə↗k	tˈi ˈe↗c	1	0	0	0
tyệch	TONE_NANG	tiəʔ↓k	tˈi ˈeʔ↓c	1	0	0	0
tia	TONE_NGANG	tiə→	tˈiə	0	0	0	0
tìa	TONE_HUYEN	tiə↘	tˈiə↘	1	0	0	0
tía	TONE_SAC	tiə↗	tˈiə↗	1	0	0	0
tîa	TONE_HOI	tiə↓	tˈiə	0	0	0	0
tĩa	TONE_NGA	tiəʔ↗	tˈiəʔ↗	1	0	0	0
tịa	TONE_NANG	tiəʔ↓	tˈiəʔ↓	1	0	0	0
tiao	TONE_NGANG	tiə→w	tˈiːəˌoʊ	0	0	0	0
tìao	TONE_HUYEN	tiə↘w	tˈiə↘ ˈɔ	1	0	0	0
tíao	TONE_SAC	tiə↗w	tˈiə↗ ˈɔ	1	0	0	0
tîao	TONE_HOI	tiə↓w	tˈiːəˌoʊ	0	0	0	0
tĩao	TONE_NGA	tiəʔ↗w	tˈiəʔ↗ ˈɔ	1	0	0	0
tịao	TONE_NANG	tiəʔ↓w	tˈiəʔ↓ ˈɔ	1	0	0	0
tiau	TONE_NGANG	tiə→w	tˈiːəˌuː	0	0	0	0
tìau	TONE_HUYEN	tiə↘w	tˈiə↘ ˈu	0	0	0	0
tíau	TONE_SAC	tiə↗w	tˈiə↗ ˈu	0	0	0	0
tîau	TONE_HOI	tiə↓w	tˈiːəˌuː	0	0	0	0
tĩau	TONE_NGA	tiəʔ↗w	tˈiəʔ↗ ˈu	0	0	0	0
tịau	TONE_NANG	tiəʔ↓w	tˈiəʔ↓ ˈu	0	0	0	0
tiam	TONE_NGANG	tiə→m	tˈiəm	0	0	0	0
tìam	TONE_HUYEN	tiə↘m	tˈi↘ ˈaːm	0	0	0	0
tíam	TONE_SAC	tiə↗m	tˈi↗ ˈaːm	0	0	0	0
tîam	TONE_HOI	tiə↓m	tˈiəm	0	0	0	0
tĩam	TONE_NGA	tiəʔ↗m	tˈiʔ↗ ˈaːm	0	0	0	0
tịam	TONE_NANG	tiəʔ↓m	tˈiʔ↓ ˈaːm	0	0	0	0
tian	TONE_NGANG	tiə→n	tjˈæn	0	0	0	0
tìan	TONE_HUYEN	tiə↘n	tˈi↘ ˈaːn	0	0	0	0
tían	TONE_SAC	tiə↗n	tˈi↗ ˈaːn	0	0	0	0
tîan	TONE_HOI	tiə↓n	tjˈæn	0	0	0	0
tĩan	TONE_NGA	tiəʔ↗n	tˈiʔ↗ ˈaːn	0	0	0	0
tịan	TONE_NANG	tiəʔ↓n	tˈiʔ↓ ˈaːn	0	0	0	0
tíap	TONE_SAC	tiə↗p	tˈi↗ ˈaː↗p	0	0	0	0
tịap	TONE_NANG	tiəʔ↓p	tˈiʔ↓ ˈaː↗p	0	0	0	0
tíat	TONE_SAC	tiə↗t	tˈi↗ ˈaː↗t	0	0	0	0
tịat	TONE_NANG	tiəʔ↓t	tˈiʔ↓ ˈaː↗t	0	0	0	0
tiang	TONE_NGANG	tiə→ŋ	tjˈæŋɡ	0	0	0	0
tìang	TONE_HUYEN	tiə↘ŋ	tˈi↘ ˈaːŋ	0	0	0	0
tíang	TONE_SAC	tiə↗ŋ	tˈi↗ ˈaːŋ	0	0	0	0
tîang	TONE_HOI	tiə↓ŋ	tjˈæŋɡ	0	0	0	0
tĩang	TONE_NGA	tiəʔ↗ŋ	tˈiʔ↗ ˈaːŋ	0	0	0	0
tịang	TONE_NANG	tiəʔ↓ŋ	tˈiʔ↓ ˈaːŋ	0	0	0	0
tianh	TONE_NGANG	tiə→ɲ	tˈi ˈæɲ	0	0	0	0
tìanh	TONE_HUYEN	tiə↘ɲ	tˈi↘ ˈæɲ	0	0	0	0
tíanh	TONE_SAC	tiə↗ɲ	tˈi↗ ˈæɲ	0	0	0	0
tîanh	TONE_HOI	tiə↓ɲ	tˈi ˈæɲ	0	0	0	0
tĩanh	TONE_NGA	tiəʔ↗ɲ	tˈiʔ↗ ˈæɲ	0	0	0	0
tịanh	TONE_NANG	tiəʔ↓ɲ	tˈiʔ↓ ˈæɲ	0	0	0	0
tíac	TONE_SAC	tiə↗k	tˈi↗ ˈaː↗c	0	0	0	0
tịac	TONE_NANG	tiəʔ↓k	tˈiʔ↓ ˈaː↗c	0	0	0	0
tíach	TONE_SAC	tiə↗k	tˈi↗ ˈæ↗c	0	0	0	0
tịach	TONE_NANG	tiəʔ↓k	tˈiʔ↓ ˈæ↗c	0	0	0	0
tya	TONE_NGANG	tiə→	tˈaɪə	0	0	0	0
tỳa	TONE_HUYEN	tiə↘	tˈi↘ ˈaː	0	0	0	0
týa	TONE_SAC	tiə↗	tˈi↗ ˈaː	0	0	0	0
tŷa	TONE_HOI	tiə↓	tˈaɪə	0	0	0	0
tỹa	TONE_NGA	tiəʔ↗	tˈiʔ↗ ˈaː	0	0	0	0
tỵa	TONE_NANG	tiəʔ↓	tˈiʔ↓ ˈaː	0	0	0	0
tyao	TONE_NGANG	tiə→w	tˈaɪə ˈoʊ	0	0	0	0
tỳao	TONE_HUYEN	tiə↘w	tˈi↘ ˈaːˈɔ	0	0	0	0
týao	TONE_SAC	tiə↗w	tˈi↗ ˈaːˈɔ	0	0	0	0
tŷao	TONE_HOI	tiə↓w	tˈaɪə ˈoʊ	0	0	0	0
tỹao	TONE_NGA	tiəʔ↗w	tˈiʔ↗ ˈaːˈɔ	0	0	0	0
tỵao	TONE_NANG	tiəʔ↓w	tˈiʔ↓ ˈaːˈɔ	0	0	0	0
tyau	TONE_NGANG	tiə→w	tˈaɪə jˈuː	0	0	0	0
tỳau	TONE_HUYEN	tiə↘w	tˈi↘ ˈaːˈu	0	0	0	0
týau	TONE_SAC	tiə↗w	tˈi↗ ˈaːˈu	0	0	0	0
tŷau	TONE_HOI	tiə↓w	tˈaɪə jˈuː	0	0	0	0
tỹau	TONE_NGA	tiəʔ↗w	tˈiʔ↗ ˈaːˈu	0	0	0	0
tỵau	TONE_NANG	tiəʔ↓w	tˈiʔ↓ ˈaːˈu	0	0	0	0
tyam	TONE_NGANG	tiə→m	tˈi æm	0	0	0	0
tỳam	TONE_HUYEN	tiə↘m	tˈi↘ ˈaːm	0	0	0	0
týam	TONE_SAC	tiə↗m	tˈi↗ ˈaːm	0	0	0	0
tŷam	TONE_HOI	tiə↓m	tˈi æm	0	0	0	0
tỹam	TONE_NGA	tiəʔ↗m	tˈiʔ↗ ˈaːm	0	0	0	0
tỵam	TONE_NANG	tiəʔ↓m	tˈiʔ↓ ˈaːm	0	0	0	0
tyan	TONE_NGANG	tiə→n	tˈaɪən	0	0	0	0
tỳan	TONE_HUYEN	tiə↘n	tˈi↘ ˈaːn	0	0	0	0
týan	TONE_SAC	tiə↗n	tˈi↗ ˈaːn	0	0	0	0
tŷan	TONE_HOI	tiə↓n	tˈaɪən	0	0	0	0
tỹan	TONE_NGA	tiəʔ↗n	tˈiʔ↗ ˈaːn	0	0	0	0
tỵan	TONE_NANG	tiəʔ↓n	tˈiʔ↓ ˈaːn	0	0	0	0
týap	TONE_SAC	tiə↗p	tˈi↗ ˈaː↗p	0	0	0	0
tỵap	TONE_NANG	tiəʔ↓p	tˈiʔ↓ ˈaː↗p	0	0	0	0
týat	TONE_SAC	tiə↗t	tˈi↗ ˈaː↗t	0	0	0	0
tỵat	TONE_NANG	tiəʔ↓t	tˈiʔ↓ ˈaː↗t	0	0	0	0
tyang	TONE_NGANG	tiə→ŋ	tjˈɑːŋ	0	0	0	0
tỳang	TONE_HUYEN	tiə↘ŋ	tˈi↘ ˈaːŋ	0	0	0	0
týang	TONE_SAC	tiə↗ŋ	tˈi↗ ˈaːŋ	0	0	0	0
tŷang	TONE_HOI	tiə↓ŋ	tjˈɑːŋ	0	0	0	0
tỹang	TONE_NGA	tiəʔ↗ŋ	tˈiʔ↗ ˈaːŋ	0	0	0	0
tỵang	TONE_NANG	tiəʔ↓ŋ	tˈiʔ↓ ˈaːŋ	0	0	0	0
tyanh	TONE_NGANG	tiə→ɲ	tˈi ˈæɲ	0	0	0	0
tỳanh	TONE_HUYEN	tiə↘ɲ	tˈi↘ ˈæɲ	0	0	0	0
týanh	TONE_SAC	tiə↗ɲ	tˈi↗ ˈæɲ	0	0	0	0
tŷanh	TONE_HOI	tiə↓ɲ	tˈi ˈæɲ	0	0	0	0
tỹanh	TONE_NGA	tiəʔ↗ɲ	tˈiʔ↗ ˈæɲ	0	0	0	0
tỵanh	TONE_NANG	tiəʔ↓ɲ	tˈiʔ↓ ˈæɲ	0	0	0	0
týac	TONE_SAC	tiə↗k	tˈi↗ ˈaː↗c	0	0	0	0
tỵac	TONE_NANG	tiəʔ↓k	tˈiʔ↓ ˈaː↗c	0	0	0	0
týach	TONE_SAC	tiə↗k	tˈi↗ ˈæ↗c	0	0	0	0
tỵach	TONE_NANG	tiəʔ↓k	tˈiʔ↓ ˈæ↗c	0	0	0	0
tươ	TONE_NGANG	tɨə→	tˈy ˈəː	0	0	0	0
tườ	TONE_HUYEN	tɨə↘	tˈy ˈəː↘	1	0	0	0
tướ	TONE_SAC	tɨə↗	tˈy ˈəː↗	1	0	0	0
tươ̂	TONE_HOI	tɨə↓	tˈy ˈəː	0	0	0	0
tưỡ	TONE_NGA	tɨəʔ↗	tˈy ˈəːʔ↗	1	0	0	0
tượ	TONE_NANG	tɨəʔ↓	tˈy ˈəːʔ↓	1	0	0	0
tươi	TONE_NGANG	tɨə→j	tˈyəj	0	0	0	0
tười	TONE_HUYEN	tɨə↘j	tˈyə↘j	1	0	0	0
tưới	TONE_SAC	tɨə↗j	tˈyə↗j	1	0	0	0
tươ̂i	TONE_HOI	tɨə↓j	tˈy ˈəː ˈi	0	0	0	0
tưỡi	TONE_NGA	tɨəʔ↗j	tˈyəʔ↗j	1	0	0	0
tượi	TONE_NANG	tɨəʔ↓j	tˈyəʔ↓j	1	0	0	0
tươy	TONE_NGANG	tɨə→j	tˈy ˈəːˈi	0	0	0	0
tườy	TONE_HUYEN	tɨə↘j	tˈy ˈəː↘ˈi	0	0	0	0
tướy	TONE_SAC	tɨə↗j	tˈy ˈəː↗ˈi	0	0	0	0
tươ̂y	TONE_HOI	tɨə↓j	tˈy ˈəː ˈi	0	0	0	0
tưỡy	TONE_NGA	tɨəʔ↗j	tˈy ˈəːʔ↗ˈi	0	0	0	0
tượy	TONE_NANG	tɨəʔ↓j	tˈy ˈəːʔ↓ˈi	0	0	0	0
tươo	TONE_NGANG	tɨə→w	tˈy ˈəːˈɔ	0	0	0	0
tườo	TONE_HUYEN	tɨə↘w	tˈy ˈəː↘ˈɔ	1	0	0	0
tướo	TONE_SAC	tɨə↗w	tˈy ˈəː↗ˈɔ	1	0	0	0
tươ̂o	TONE_HOI	tɨə↓w	tˈy ˈəː ˈo	0	0	0	0
tưỡo	TONE_NGA	tɨəʔ↗w	tˈy ˈəːʔ↗ˈɔ	1	0	0	0
tượo	TONE_NANG	tɨəʔ↓w	tˈy ˈəːʔ↓ˈɔ	1	0	0	0
tươu	TONE_NGANG	tɨə→w	tˈyəw	0	0	0	0
tườu	TONE_HUYEN	tɨə↘w	tˈyə↘w	1	0	0	0
tướu	TONE_SAC	tɨə↗w	tˈyə↗w	1	0	0	0
tươ̂u	TONE_HOI	tɨə↓w	tˈy ˈəː ˈu	0	0	0	0
tưỡu	TONE_NGA	tɨəʔ↗w	tˈyəʔ↗w	1	0	0	0
tượu	TONE_NANG	tɨəʔ↓w	tˈyəʔ↓w	1	0	0	0
tươm	TONE_NGANG	tɨə→m	tˈyəm	0	0	0	0
tườm	TONE_HUYEN	tɨə↘m	tˈyə↘m	1	0	0	0
tướm	TONE_SAC	tɨə↗m	tˈyə↗m	1	0	0	0
tươ̂m	TONE_HOI	tɨə↓m	tˈy ˈəː mˈəː↘	0	0	0	0
tưỡm	TONE_NGA	tɨəʔ↗m	tˈyəʔ↗m	1	0	0	0
tượm	TONE_NANG	tɨəʔ↓m	tˈyəʔ↓m	1	0	0	0
tướp	TONE_SAC	tɨə↗p	tˈyə↗p	1	0	0	0
tượp	TONE_NANG	tɨəʔ↓p	tˈyəʔ↓p	1	0	0	0
tướt	TONE_SAC	tɨə↗t	tˈyə↗t	1	0	0	0
tượt	TONE_NANG	tɨəʔ↓t	tˈyəʔ↓t	1	0	0	0
tương	TONE_NGANG	tɨə→ŋ	tˈyəŋ	0	0	0	0
tường	TONE_HUYEN	tɨə↘ŋ	tˈyə↘ŋ	1	0	0	0
tướng	TONE_SAC	tɨə↗ŋ	tˈyə↗ŋ	1	0	0	0
tươ̂ng	TONE_HOI	tɨə↓ŋ	tˈy ˈəː ˌɛndʒˈiː	0	0	0	0
tưỡng	TONE_NGA	tɨəʔ↗ŋ	tˈyəʔ↗ŋ	1	0	0	0
tượng	TONE_NANG	tɨəʔ↓ŋ	tˈyəʔ↓ŋ	1	0	0	0
tước	TONE_SAC	tɨə↗k	tˈyə↗c	1	0	0	0
tược	TONE_NANG	tɨəʔ↓k	tˈyəʔ↓c	1	0	0	0
tướch	TONE_SAC	tɨə↗k	tˈyə↗c hˈa↗t	0	0	0	0
tượch	TONE_NANG	tɨəʔ↓k	tˈyəʔ↓c hˈa↗t	0	0	0	0
tưa	TONE_NGANG	tɨə→	tˈyə	0	0	0	0
từa	TONE_HUYEN	tɨə↘	tˈyə↘	1	0	0	0
tứa	TONE_SAC	tɨə↗	tˈyə↗	1	0	0	0
tư̂a	TONE_HOI	tɨə↓	tˈy ˈaː	0	0	0	0
tữa	TONE_NGA	tɨəʔ↗	tˈyəʔ↗	1	0	0	0
tựa	TONE_NANG	tɨəʔ↓	tˈyəʔ↓	1	0	0	0
tưai	TONE_NGANG	tɨə→j	tˈyə ˈi	0	0	0	0
từai	TONE_HUYEN	tɨə↘j	tˈyə↘ ˈi	0	0	0	0
tứai	TONE_SAC	tɨə↗j	tˈyə↗ ˈi	0	0	0	0
tư̂ai	TONE_HOI	tɨə↓j	tˈy ˈaːj	0	0	0	0
tữai	TONE_NGA	tɨəʔ↗j	tˈyəʔ↗ ˈi	0	0	0	0
tựai	TONE_NANG	tɨəʔ↓j	tˈyəʔ↓ ˈi	0	0	0	0
tưay	TONE_NGANG	tɨə→j	tˈyə ˈi	0	0	0	0
từay	TONE_HUYEN	tɨə↘j	tˈyə↘ ˈi	0	0	0	0
tứay	TONE_SAC	tɨə↗j	tˈyə↗ ˈi	0	0	0	0
tư̂ay	TONE_HOI	tɨə↓j	tˈy ˈaj	0	0	0	0
tữay	TONE_NGA	tɨəʔ↗j	tˈyəʔ↗ ˈi	0	0	0	0
tựay	TONE_NANG	tɨəʔ↓j	tˈyəʔ↓ ˈi	0	0	0	0
tưao	TONE_NGANG	tɨə→w	tˈyə ˈɔ	0	0	0	0
từao	TONE_HUYEN	tɨə↘w	tˈyə↘ ˈɔ	1	0	0	0
tứao	TONE_SAC	tɨə↗w	tˈyə↗ ˈɔ	1	0	0	0
tư̂ao	TONE_HOI	tɨə↓w	tˈy ˈaːw	0	0	0	0
tữao	TONE_NGA	tɨəʔ↗w	tˈyəʔ↗ ˈɔ	1	0	0	0
tựao	TONE_NANG	tɨəʔ↓w	tˈyəʔ↓ ˈɔ	1	0	0	0
tưau	TONE_NGANG	tɨə→w	tˈyə ˈu	0	0	0	0
từau	TONE_HUYEN	tɨə↘w	tˈyə↘ ˈu	0	0	0	0
tứau	TONE_SAC	tɨə↗w	tˈyə↗ ˈu	0	0	0	0
tư̂au	TONE_HOI	tɨə↓w	tˈy ˈaw	0	0	0	0
tữau	TONE_NGA	tɨəʔ↗w	tˈyəʔ↗ ˈu	0	0	0	0
tựau	TONE_NANG	tɨəʔ↓w	tˈyəʔ↓ ˈu	0	0	0	0
tưam	TONE_NGANG	tɨə→m	tˈy ˈaːm	0	0	0	0
từam	TONE_HUYEN	tɨə↘m	tˌy↘ ˈaːm	0	0	0	0
tứam	TONE_SAC	tɨə↗m	tˈy↗ ˈaːm	0	0	0	0
tư̂am	TONE_HOI	tɨə↓m	tˈy ˈaːm	0	0	0	0
tữam	TONE_NGA	tɨəʔ↗m	tˈyʔ↗ ˈaːm	0	0	0	0
tựam	TONE_NANG	tɨəʔ↓m	tˈyʔ↓ ˈaːm	0	0	0	0
tứap	TONE_SAC	tɨə↗p	tˈy↗ ˈaː↗p	0	0	0	0
tựap	TONE_NANG	tɨəʔ↓p	tˈyʔ↓ ˈaː↗p	0	0	0	0
tứat	TONE_SAC	tɨə↗t	tˈy↗ ˈaː↗t	0	0	0	0
tựat	TONE_NANG	tɨəʔ↓t	tˈyʔ↓ ˈaː↗t	0	0	0	0
tưang	TONE_NGANG	tɨə→ŋ	tˈy ˈaːŋ	0	0	0	0
từang	TONE_HUYEN	tɨə↘ŋ	tˌy↘ ˈaːŋ	0	0	0	0
tứang	TONE_SAC	tɨə↗ŋ	tˈy↗ ˈaːŋ	0	0	0	0
tư̂ang	TONE_HOI	tɨə↓ŋ	tˈy ˈaːŋ	0	0	0	0
tữang	TONE_NGA	tɨəʔ↗ŋ	tˈyʔ↗ ˈaːŋ	0	0	0	0
tựang	TONE_NANG	tɨəʔ↓ŋ	tˈyʔ↓ ˈaːŋ	0	0	0	0
tứac	TONE_SAC	tɨə↗k	tˈy↗ ˈaː↗c	0	0	0	0
tựac	TONE_NANG	tɨəʔ↓k	tˈyʔ↓ ˈaː↗c	0	0	0	0
tứach	TONE_SAC	tɨə↗k	tˈy↗ ˈæ↗c	0	0	0	0
tựach	TONE_NANG	tɨəʔ↓k	tˈyʔ↓ ˈæ↗c	0	0	0	0
tuô	TONE_NGANG	tuə→	tˈu ˈo	0	0	0	0
tuồ	TONE_HUYEN	tuə↘	tˈu ˈo↘	1	0	0	0
tuố	TONE_SAC	tuə↗	tˈu ˈo↗	1	0	0	0
tuô̂	TONE_HOI	tuə↓	tˈu ˈo	0	0	0	0
tuỗ	TONE_NGA	tuəʔ↗	tˈu ˈoʔ↗	1	0	0	0
tuộ	TONE_NANG	tuəʔ↓	tˈu ˈoʔ↓	1	0	0	0
tuôi	TONE_NGANG	tuə→j	tˈuəj	0	0	0	0
tuồi	TONE_HUYEN	tuə↘j	tˈuə↘j	1	0	0	0
tuối	TONE_SAC	tuə↗j	tˈuə↗j	1	0	0	0
tuô̂i	TONE_HOI	tuə↓j	tˈu ˈo ˈi	0	0	0	0
tuỗi	TONE_NGA	tuəʔ↗j	tˈuəʔ↗j	1	0	0	0
tuội	TONE_NANG	tuəʔ↓j	tˈuəʔ↓j	1	0	0	0
tuôy	TONE_NGANG	tuə→j	tˈu ˈoˈi	0	0	0	0
tuồy	TONE_HUYEN	tuə↘j	tˈu ˈo↘ˈi	0	0	0	0
tuốy	TONE_SAC	tuə↗j	tˈu ˈo↗ˈi	0	0	0	0
tuô̂y	TONE_HOI	tuə↓j	tˈu ˈo ˈi	0	0	0	0
tuỗy	TONE_NGA	tuəʔ↗j	tˈu ˈoʔ↗ˈi	0	0	0	0
tuộy	TONE_NANG	tuəʔ↓j	tˈu ˈoʔ↓ˈi	0	0	0	0
tuôn	TONE_NGANG	tuə→n	tˈuən	0	0	0	0
tuồn	TONE_HUYEN	tuə↘n	tˈuə↘n	1	0	0	0
tuốn	TONE_SAC	tuə↗n	tˈuə↗n	1	0	0	0
tuô̂n	TONE_HOI	tuə↓n	tˈu ˈo nˈəː↘	0	0	0	0
tuỗn	TONE_NGA	tuəʔ↗n	tˈuəʔ↗n	1	0	0	0
tuộn	TONE_NANG	tuəʔ↓n	tˈuəʔ↓n	1	0	0	0
tuốp	TONE_SAC	tuə↗p	tˈuə↗p	1	0	0	0
tuộp	TONE_NANG	tuəʔ↓p	tˈuəʔ↓p	1	0	0	0
tuốt	TONE_SAC	tuə↗t	tˈuə↗t	1	0	0	0
tuột	TONE_NANG	tuəʔ↓t	tˈuəʔ↓t	1	0	0	0
tuông	TONE_NGANG	tuə→ŋ	tˈuəŋ	0	0	0	0
tuồng	TONE_HUYEN	tuə↘ŋ	tˈuə↘ŋ	1	0	0	0
tuống	TONE_SAC	tuə↗ŋ	tˈuə↗ŋ	1	0	0	0
tuô̂ng	TONE_HOI	tuə↓ŋ	tˈu ˈo ˌɛndʒˈiː	0	0	0	0
tuỗng	TONE_NGA	tuəʔ↗ŋ	tˈuəʔ↗ŋ	1	0	0	0
tuộng	TONE_NANG	tuəʔ↓ŋ	tˈuəʔ↓ŋ	1	0	0	0
tuốc	TONE_SAC	tuə↗k	tˈuə↗c	1	0	0	0
tuộc	TONE_NANG	tuəʔ↓k	tˈuəʔ↓c	1	0	0	0
tuốch	TONE_SAC	tuə↗k	tˈuə↗c hˈa↗t	0	0	0	0
tuộch	TONE_NANG	tuəʔ↓k	tˈuəʔ↓c hˈa↗t	0	0	0	0
tua	TONE_NGANG	tuə→	tˈuə	0	0	0	0
tùa	TONE_HUYEN	tuə↘	tˈuə↘	1	0	0	0
túa	TONE_SAC	tuə↗	tˈuə↗	1	0	0	0
tûa	TONE_HOI	tuə↓	tˈuə	0	0	0	0
tũa	TONE_NGA	tuəʔ↗	tˈuəʔ↗	1	0	0	0
tụa	TONE_NANG	tuəʔ↓	tˈuəʔ↓	1	0	0	0
tuai	TONE_NGANG	tuə→j	tˈuːaɪ	0	0	0	0
tùai	TONE_HUYEN	tuə↘j	tˈuə↘ ˈi	0	0	0	0
túai	TONE_SAC	tuə↗j	tˈuə↗ ˈi	0	0	0	0
tûai	TONE_HOI	tuə↓j	tˈuːaɪ	0	0	0	0
tũai	TONE_NGA	tuəʔ↗j	tˈuəʔ↗ ˈi	0	0	0	0
tụai	TONE_NANG	tuəʔ↓j	tˈuəʔ↓ ˈi	0	0	0	0
tuay	TONE_NGANG	tuə→j	tˈuə wˈaɪ	0	0	0	0
tùay	TONE_HUYEN	tuə↘j	tˈuə↘ ˈi	0	0	0	0
túay	TONE_SAC	tuə↗j	tˈuə↗ ˈi	0	0	0	0
tûay	TONE_HOI	tuə↓j	tˈuə wˈaɪ	0	0	0	0
tũay	TONE_NGA	tuəʔ↗j	tˈuəʔ↗ ˈi	0	0	0	0
tụay	TONE_NANG	tuəʔ↓j	tˈuəʔ↓ ˈi	0	0	0	0
tao	TONE_NGANG	taː→w	tˈaːw	0	0	0	0
tào	TONE_HUYEN	taː↘w	tˈaː↘w	1	0	0	0
táo	TONE_SAC	taː↗w	tˈaː↗w	1	0	0	0
tâo	TONE_HOI	taː↓w	tˈeˌeɪsˈ↗ːkəmflˌɛksˈɔ	0	0	0	0
tão	TONE_NGA	taːʔ↗w	tˈaːʔ↗w	1	0	0	0
tạo	TONE_NANG	taːʔ↓w	tˈaːʔ↓w	1	0	0	0
tau	TONE_NGANG	ta→w	tˈaw	0	0	0	0
tàu	TONE_HUYEN	ta↘w	tˈa↘w	1	0	0	0
táu	TONE_SAC	ta↗w	tˈa↗w	1	0	0	0
tâu	TONE_HOI	ta↓w	tˈə→w	0	0	0	0
tãu	TONE_NGA	taʔ↗w	tˈaʔ↗w	1	0	0	0
tạu	TONE_NANG	taʔ↓w	tˈaʔ↓w	1	0	0	0
tuan	TONE_NGANG	tuə→n	twˈən	0	0	0	0
tùan	TONE_HUYEN	tuə↘n	tˈu↘ ˈaːn	0	0	0	0
túan	TONE_SAC	tuə↗n	tˈu↗ ˈaːn	0	0	0	0
tûan	TONE_HOI	tuə↓n	twˈən	0	0	0	0
tũan	TONE_NGA	tuəʔ↗n	tˈuʔ↗ ˈaːn	0	0	0	0
tụan	TONE_NANG	tuəʔ↓n	tˈuʔ↓ ˈaːn	0	0	0	0
túap	TONE_SAC	tuə↗p	tˈu↗ ˈaː↗p	0	0	0	0
tụap	TONE_NANG	tuəʔ↓p	tˈuʔ↓ ˈaː↗p	0	0	0	0
túat	TONE_SAC	tuə↗t	tˈu↗ ˈaː↗t	0	0	0	0
tụat	TONE_NANG	tuəʔ↓t	tˈuʔ↓ ˈaː↗t	0	0	0	0
tuang	TONE_NGANG	tuə→ŋ	twˈɑːŋ	0	0	0	0
tùang	TONE_HUYEN	tuə↘ŋ	tˈu↘ ˈaːŋ	0	0	0	0
túang	TONE_SAC	tuə↗ŋ	tˈu↗ ˈaːŋ	0	0	0	0
tûang	TONE_HOI	tuə↓ŋ	twˈɑːŋ	0	0	0	0
tũang	TONE_NGA	tuəʔ↗ŋ	tˈuʔ↗ ˈaːŋ	0	0	0	0
tụang	TONE_NANG	tuəʔ↓ŋ	tˈuʔ↓ ˈaːŋ	0	0	0	0
tanh	TONE_NGANG	taː→ɲ	tˈæɲ	0	0	0	1
tành	TONE_HUYEN	taː↘ɲ	tˈæ↘ɲ	1	0	0	1
tánh	TONE_SAC	taː↗ɲ	tˈæ↗ɲ	1	0	0	1
tânh	TONE_HOI	taː↓ɲ	tˈən hˈa↗t	0	0	0	1
tãnh	TONE_NGA	taːʔ↗ɲ	tˈæʔ↗ɲ	1	0	0	1
tạnh	TONE_NANG	taːʔ↓ɲ	tˈæʔ↓ɲ	1	0	0	1
túac	TONE_SAC	tuə↗k	tˈu↗ ˈaː↗c	0	0	0	0
tụac	TONE_NANG	tuəʔ↓k	tˈuʔ↓ ˈaː↗c	0	0	0	0
túach	TONE_SAC	tuə↗k	tˈu↗ ˈæ↗c	0	0	0	0
tụach	TONE_NANG	tuəʔ↓k	tˈuʔ↓ ˈæ↗c	0	0	0	0
ta	TONE_NGANG	taː→	tˈaː	0	0	0	0
tà	TONE_HUYEN	taː↘	tˈaː↘	1	0	0	0
tá	TONE_SAC	taː↗	tˈaː↗	1	0	0	0
tâ	TONE_HOI	taː↓	tˈeˌeɪsˈ↗ːkəmflˌɛks	0	0	0	0
tã	TONE_NGA	taːʔ↗	tˈaːʔ↗	1	0	0	0
tạ	TONE_NANG	taːʔ↓	tˈaːʔ↓	1	0	0	0
tai	TONE_NGANG	taː→j	tˈaːj	0	0	0	0
tài	TONE_HUYEN	taː↘j	tˈaː↘j	1	0	0	0
tái	TONE_SAC	taː↗j	tˈaː↗j	1	0	0	0
tâi	TONE_HOI	taː↓j	tˈeˌeɪsˈ↗ːkəmflˌɛksˈi	0	0	0	0
tãi	TONE_NGA	taːʔ↗j	tˈaːʔ↗j	1	0	0	0
tại	TONE_NANG	taːʔ↓j	tˈaːʔ↓j	1	0	0	0
tay	TONE_NGANG	ta→j	tˈaj	0	0	0	0
tày	TONE_HUYEN	ta↘j	tˈa↘j	1	0	0	0
táy	TONE_SAC	ta↗j	tˈa↗j	1	0	0	0
tây	TONE_HOI	ta↓j	tˈəɪ	0	0	0	0
tãy	TONE_NGA	taʔ↗j	tˈaʔ↗j	1	0	0	0
tạy	TONE_NANG	taʔ↓j	tˈaʔ↓j	1	0	0	0
tao	TONE_NGANG	taː→w	tˈaːw	0	0	0	0
tào	TONE_HUYEN	taː↘w	tˈaː↘w	1	0	0	0
táo	TONE_SAC	taː↗w	tˈaː↗w	1	0	0	0
tâo	TONE_HOI	taː↓w	tˈeˌeɪsˈ↗ːkəmflˌɛksˈɔ	0	0	0	0
tão	TONE_NGA	taːʔ↗w	tˈaːʔ↗w	1	0	0	0
tạo	TONE_NANG	taːʔ↓w	tˈaːʔ↓w	1	0	0	0
tau	TONE_NGANG	ta→w	tˈaw	0	0	0	0
tàu	TONE_HUYEN	ta↘w	tˈa↘w	1	0	0	0
táu	TONE_SAC	ta↗w	tˈa↗w	1	0	0	0
tâu	TONE_HOI	ta↓w	tˈə→w	0	0	0	0
tãu	TONE_NGA	taʔ↗w	tˈaʔ↗w	1	0	0	0
tạu	TONE_NANG	taʔ↓w	tˈaʔ↓w	1	0	0	0
tam	TONE_NGANG	taː→m	tˈaːm	0	0	0	0
tàm	TONE_HUYEN	taː↘m	tˈaː↘m	1	0	0	0
tám	TONE_SAC	taː↗m	tˈaː↗m	1	0	0	0
tâm	TONE_HOI	taː↓m	tˈəm	0	0	0	0
tãm	TONE_NGA	taːʔ↗m	tˈaːʔ↗m	1	0	0	0
tạm	TONE_NANG	taːʔ↓m	tˈaːʔ↓m	1	0	0	0
tan	TONE_NGANG	taː→n	tˈæn	0	0	0	0
tàn	TONE_HUYEN	taː↘n	tˈaː↘n	1	0	0	0
tán	TONE_SAC	taː↗n	tˈaː↗n	1	0	0	0
tân	TONE_HOI	taː↓n	tˈən	0	0	0	0
tãn	TONE_NGA	taːʔ↗n	tˈaːʔ↗n	1	0	0	0
tạn	TONE_NANG	taːʔ↓n	tˈaːʔ↓n	1	0	0	0
táp	TONE_SAC	taː↗p	tˈaː↗p	1	0	0	0
tạp	TONE_NANG	taːʔ↓p	tˈaːʔ↓p	1	0	0	0
tát	TONE_SAC	taː↗t	tˈaː↗t	1	0	0	0
tạt	TONE_NANG	taːʔ↓t	tˈaːʔ↓t	1	0	0	0
tang	TONE_NGANG	taː→ŋ	tˈaːŋ	0	0	0	0
tàng	TONE_HUYEN	taː↘ŋ	tˈaː↘ŋ	1	0	0	0
táng	TONE_SAC	taː↗ŋ	tˈaː↗ŋ	1	0	0	0
tâng	TONE_HOI	taː↓ŋ	tˈəŋ	0	0	0	0
tãng	TONE_NGA	taːʔ↗ŋ	tˈaːʔ↗ŋ	1	0	0	0
tạng	TONE_NANG	taːʔ↓ŋ	tˈaːʔ↓ŋ	1	0	0	0
tanh	TONE_NGANG	taː→ɲ	tˈæɲ	0	0	0	1
tành	TONE_HUYEN	taː↘ɲ	tˈæ↘ɲ	1	0	0	1
tánh	TONE_SAC	taː↗ɲ	tˈæ↗ɲ	1	0	0	1
tânh	TONE_HOI	taː↓ɲ	tˈən hˈa↗t	0	0	0	1
tãnh	TONE_NGA	taːʔ↗ɲ	tˈæʔ↗ɲ	1	0	0	1
tạnh	TONE_NANG	taːʔ↓ɲ	tˈæʔ↓ɲ	1	0	0	1
tác	TONE_SAC	taː↗k	tˈaː↗c	1	0	0	0
tạc	TONE_NANG	taːʔ↓k	tˈaːʔ↓c	1	0	0	0
tách	TONE_SAC	ta↗k	tˈæ↗c	1	0	0	0
tạch	TONE_NANG	taʔ↓k	tˈæʔ↓c	1	0	0	0
tă	TONE_NGANG	ta→	tˈeă	0	1	0	0
tằ	TONE_HUYEN	ta↘	tˈeằ	0	1	0	0
tắ	TONE_SAC	ta↗	tˈeắ	0	1	0	0
tă̂	TONE_HOI	ta↓	tˈeă	0	1	0	0
tẵ	TONE_NGA	taʔ↗	tˈeẵ	0	1	0	0
tặ	TONE_NANG	taʔ↓	tˈeặ	0	1	0	0
tăm	TONE_NGANG	ta→m	tˈam	0	0	0	0
tằm	TONE_HUYEN	ta↘m	tˈa↘m	1	0	0	0
tắm	TONE_SAC	ta↗m	tˈa↗m	1	0	0	0
tă̂m	TONE_HOI	ta↓m	tˈeă mˈəː↘	0	1	0	0
tẵm	TONE_NGA	taʔ↗m	tˈaʔ↗m	1	0	0	0
tặm	TONE_NANG	taʔ↓m	tˈaʔ↓m	1	0	0	0
tăn	TONE_NGANG	ta→n	tˈan	0	0	0	0
tằn	TONE_HUYEN	ta↘n	tˈa↘n	1	0	0	0
tắn	TONE_SAC	ta↗n	tˈa↗n	1	0	0	0
tă̂n	TONE_HOI	ta↓n	tˈeă nˈəː↘	0	1	0	0
tẵn	TONE_NGA	taʔ↗n	tˈaʔ↗n	1	0	0	0
tặn	TONE_NANG	taʔ↓n	tˈaʔ↓n	1	0	0	0
tắp	TONE_SAC	ta↗p	tˈa↗p	1	0	0	0
tặp	TONE_NANG	taʔ↓p	tˈaʔ↓p	1	0	0	0
tắt	TONE_SAC	ta↗t	tˈa↗t	1	0	0	0
tặt	TONE_NANG	taʔ↓t	tˈaʔ↓t	1	0	0	0
tăng	TONE_NGANG	ta→ŋ	tˈaŋ	0	0	0	0
tằng	TONE_HUYEN	ta↘ŋ	tˈa↘ŋ	1	0	0	0
tắng	TONE_SAC	ta↗ŋ	tˈa↗ŋ	1	0	0	0
tă̂ng	TONE_HOI	ta↓ŋ	tˈeă ˌɛndʒˈiː	0	1	0	0
tẵng	TONE_NGA	taʔ↗ŋ	tˈaʔ↗ŋ	1	0	0	0
tặng	TONE_NANG	taʔ↓ŋ	tˈaʔ↓ŋ	1	0	0	0
tắc	TONE_SAC	ta↗k	tˈa↗c	1	0	0	0
tặc	TONE_NANG	taʔ↓k	tˈaʔ↓c	1	0	0	0
tắch	TONE_SAC	ta↗k	tˈa↗c hˈa↗t	0	0	0	0
tặch	TONE_NANG	taʔ↓k	tˈaʔ↓c hˈa↗t	0	0	0	0
tâ	TONE_NGANG	tə→	tˈeˌeɪsˈ↗ːkəmflˌɛks	0	0	0	0
tầ	TONE_HUYEN	tə↘	tˈeầ	0	1	0	0
tấ	TONE_SAC	tə↗	tˈeấ	0	1	0	0
tâ̂	TONE_HOI	tə↓	tˈeˌeɪsˈ↗ːkəmflˌɛks	0	0	0	0
tẫ	TONE_NGA	təʔ↗	tˈeẫ	0	1	0	0
tậ	TONE_NANG	təʔ↓	tˈeậ	0	1	0	0
tâi	TONE_NGANG	tə→j	tˈeˌeɪsˈ↗ːkəmflˌɛksˈi	0	0	0	0
tầi	TONE_HUYEN	tə↘j	tˈeầˈi	0	1	0	0
tấi	TONE_SAC	tə↗j	tˈeấˈi	0	1	0	0
tâ̂i	TONE_HOI	tə↓j	tˈeˌeɪsˈ↗ːkəmflˌɛks ˈi	0	0	0	0
tẫi	TONE_NGA	təʔ↗j	tˈeẫˈi	0	1	0	0
tậi	TONE_NANG	təʔ↓j	tˈeậˈi	0	1	0	0
tây	TONE_NGANG	tə→j	tˈəɪ	0	0	0	0
tầy	TONE_HUYEN	tə↘j	tˈəɪ↘	1	0	0	0
tấy	TONE_SAC	tə↗j	tˈəɪ↗	1	0	0	0
tâ̂y	TONE_HOI	tə↓j	tˈeˌeɪsˈ↗ːkəmflˌɛks ˈi	0	0	0	0
tẫy	TONE_NGA	təʔ↗j	tˈəɪʔ↗	1	0	0	0
tậy	TONE_NANG	təʔ↓j	tˈəɪʔ↓	1	0	0	0
tâo	TONE_NGANG	tə→w	tˈeˌeɪsˈ↗ːkəmflˌɛksˈɔ	0	0	0	0
tầo	TONE_HUYEN	tə↘w	tˈeầˈɔ	0	1	0	0
tấo	TONE_SAC	tə↗w	tˈeấˈɔ	0	1	0	0
tâ̂o	TONE_HOI	tə↓w	tˈeˌeɪsˈ↗ːkəmflˌɛks ˈo	0	0	0	0
tẫo	TONE_NGA	təʔ↗w	tˈeẫˈɔ	0	1	0	0
tậo	TONE_NANG	təʔ↓w	tˈeậˈɔ	0	1	0	0
tâu	TONE_NGANG	tə→w	tˈə→w	1	0	0	0
tầu	TONE_HUYEN	tə↘w	tˈə↘w	1	0	0	0
tấu	TONE_SAC	tə↗w	tˈə↗w	1	0	0	0
tâ̂u	TONE_HOI	tə↓w	tˈeˌeɪsˈ↗ːkəmflˌɛks ˈu	0	0	0	0
tẫu	TONE_NGA	təʔ↗w	tˈəʔ↗w	1	0	0	0
tậu	TONE_NANG	təʔ↓w	tˈəʔ↓w	1	0	0	0
tâm	TONE_NGANG	tə→m	tˈəm	0	0	0	0
tầm	TONE_HUYEN	tə↘m	tˈə↘m	1	0	0	0
tấm	TONE_SAC	tə↗m	tˈə↗m	1	0	0	0
tâ̂m	TONE_HOI	tə↓m	tˈeˌeɪsˈ↗ːkəmflˌɛks mˈəː↘	0	0	0	0
tẫm	TONE_NGA	təʔ↗m	tˈəʔ↗m	1	0	0	0
tậm	TONE_NANG	təʔ↓m	tˈəʔ↓m	1	0	0	0
tân	TONE_NGANG	tə→n	tˈən	0	0	0	0
tần	TONE_HUYEN	tə↘n	tˈə↘n	1	0	0	0
tấn	TONE_SAC	tə↗n	tˈə↗n	1	0	0	0
tâ̂n	TONE_HOI	tə↓n	tˈeˌeɪsˈ↗ːkəmflˌɛks nˈəː↘	0	0	0	0
tẫn	TONE_NGA	təʔ↗n	tˈəʔ↗n	1	0	0	0
tận	TONE_NANG	təʔ↓n	tˈəʔ↓n	1	0	0	0
tấp	TONE_SAC	tə↗p	tˈə↗p	1	0	0	0
tập	TONE_NANG	təʔ↓p	tˈəʔ↓p	1	0	0	0
tất	TONE_SAC	tə↗t	tˈə↗t	1	0	0	0
tật	TONE_NANG	təʔ↓t	tˈəʔ↓t	1	0	0	0
tâng	TONE_NGANG	tə→ŋ	tˈəŋ	0	0	0	0
tầng	TONE_HUYEN	tə↘ŋ	tˈə↘ŋ	1	0	0	0
tấng	TONE_SAC	tə↗ŋ	tˈə↗ŋ	1	0	0	0
tâ̂ng	TONE_HOI	tə↓ŋ	tˈeˌeɪsˈ↗ːkəmflˌɛks ˌɛndʒˈiː	0	0	0	0
tẫng	TONE_NGA	təʔ↗ŋ	tˈəʔ↗ŋ	1	0	0	0
tậng	TONE_NANG	təʔ↓ŋ	tˈəʔ↓ŋ	1	0	0	0
tấc	TONE_SAC	tə↗k	tˈə↗c	1	0	0	0
tậc	TONE_NANG	təʔ↓k	tˈəʔ↓c	1	0	0	0
tấch	TONE_SAC	tə↗k	tˈə↗c hˈa↗t	0	0	0	0
tậch	TONE_NANG	təʔ↓k	tˈəʔ↓c hˈa↗t	0	0	0	0
te	TONE_NGANG	tɛ→	tˈɛ	0	0	0	0
tè	TONE_HUYEN	tɛ↘	tˈɛ↘	1	0	0	0
té	TONE_SAC	tɛ↗	tˈɛ↗	1	0	0	0
tê	TONE_HOI	tɛ↓	tˈe	0	0	0	0
tẽ	TONE_NGA	tɛʔ↗	tˈɛʔ↗	1	0	0	0
tẹ	TONE_NANG	tɛʔ↓	tˈɛʔ↓	1	0	0	0
teo	TONE_NGANG	tɛ→w	tˈɛw	0	0	0	0
tèo	TONE_HUYEN	tɛ↘w	tˈɛ↘w	1	0	0	0
téo	TONE_SAC	tɛ↗w	tˈɛ↗w	1	0	0	0
têo	TONE_HOI	tɛ↓w	tˈe ˈɔ	0	0	0	0
tẽo	TONE_NGA	tɛʔ↗w	tˈɛʔ↗w	1	0	0	0
tẹo	TONE_NANG	tɛʔ↓w	tˈɛʔ↓w	1	0	0	0
teu	TONE_NGANG	tɛ→w	tˈe→w	1	0	0	0
tèu	TONE_HUYEN	tɛ↘w	tˈɛ↘ ˈu	0	0	0	0
téu	TONE_SAC	tɛ↗w	tˈɛ↗ ˈu	0	0	0	0
têu	TONE_HOI	tɛ↓w	tˈe→w	0	0	0	0
tẽu	TONE_NGA	tɛʔ↗w	tˈɛʔ↗ ˈu	0	0	0	0
tẹu	TONE_NANG	tɛʔ↓w	tˈɛʔ↓ ˈu	0	0	0	0
tem	TONE_NGANG	tɛ→m	tˈɛm	0	0	0	0
tèm	TONE_HUYEN	tɛ↘m	tˈɛ↘m	1	0	0	0
tém	TONE_SAC	tɛ↗m	tˈɛ↗m	1	0	0	0
têm	TONE_HOI	tɛ↓m	tˈem	0	0	0	0
tẽm	TONE_NGA	tɛʔ↗m	tˈɛʔ↗m	1	0	0	0
tẹm	TONE_NANG	tɛʔ↓m	tˈɛʔ↓m	1	0	0	0
ten	TONE_NGANG	tɛ→n	tˈɛn	0	0	0	0
tèn	TONE_HUYEN	tɛ↘n	tˈɛ↘n	1	0	0	0
tén	TONE_SAC	tɛ↗n	tˈɛ↗n	1	0	0	0
tên	TONE_HOI	tɛ↓n	tˈen	0	0	0	0
tẽn	TONE_NGA	tɛʔ↗n	tˈɛʔ↗n	1	0	0	0
tẹn	TONE_NANG	tɛʔ↓n	tˈɛʔ↓n	1	0	0	0
tép	TONE_SAC	tɛ↗p	tˈɛ↗p	1	0	0	0
tẹp	TONE_NANG	tɛʔ↓p	tˈɛʔ↓p	1	0	0	0
tét	TONE_SAC	tɛ↗t	tˈɛ↗t	1	0	0	0
tẹt	TONE_NANG	tɛʔ↓t	tˈɛʔ↓t	1	0	0	0
teng	TONE_NGANG	tɛ→ŋ	tˈɛŋ	0	0	0	0
tèng	TONE_HUYEN	tɛ↘ŋ	tˈɛ↘ŋ	1	0	0	0
téng	TONE_SAC	tɛ↗ŋ	tˈɛ↗ŋ	1	0	0	0
têng	TONE_HOI	tɛ↓ŋ	tˈen ðˈe→	0	0	0	0
tẽng	TONE_NGA	tɛʔ↗ŋ	tˈɛʔ↗ŋ	1	0	0	0
tẹng	TONE_NANG	tɛʔ↓ŋ	tˈɛʔ↓ŋ	1	0	0	0
téc	TONE_SAC	tɛ↗k	tˈɛ↗c	1	0	0	0
tẹc	TONE_NANG	tɛʔ↓k	tˈɛʔ↓c	1	0	0	0
téch	TONE_SAC	tɛ↗k	tˈɛ↗c hˈa↗t	0	0	0	0
tẹch	TONE_NANG	tɛʔ↓k	tˈɛʔ↓c hˈa↗t	0	0	0	0
tê	TONE_NGANG	te→	tˈe	0	0	0	0
tề	TONE_HUYEN	te↘	tˈe↘	1	0	0	0
tế	TONE_SAC	te↗	tˈe↗	1	0	0	0
tê̂	TONE_HOI	te↓	tˈe	0	0	0	0
tễ	TONE_NGA	teʔ↗	tˈeʔ↗	1	0	0	0
tệ	TONE_NANG	teʔ↓	tˈeʔ↓	1	0	0	0
têo	TONE_NGANG	te→w	tˈe ˈɔ	0	0	0	0
tềo	TONE_HUYEN	te↘w	tˈe↘ ˈɔ	1	0	0	0
tếo	TONE_SAC	te↗w	tˈe↗ ˈɔ	1	0	0	0
tê̂o	TONE_HOI	te↓w	tˈe ˈo	0	0	0	0
tễo	TONE_NGA	teʔ↗w	tˈeʔ↗ ˈɔ	1	0	0	0
tệo	TONE_NANG	teʔ↓w	tˈeʔ↓ ˈɔ	1	0	0	0
têu	TONE_NGANG	te→w	tˈe→w	1	0	0	0
tều	TONE_HUYEN	te↘w	tˈe↘w	1	0	0	0
tếu	TONE_SAC	te↗w	tˈe↗w	1	0	0	0
tê̂u	TONE_HOI	te↓w	tˈe ˈu	0	0	0	0
tễu	TONE_NGA	teʔ↗w	tˈeʔ↗w	1	0	0	0
tệu	TONE_NANG	teʔ↓w	tˈeʔ↓w	1	0	0	0
têm	TONE_NGANG	te→m	tˈem	0	0	0	0
tềm	TONE_HUYEN	te↘m	tˈe↘m	1	0	0	0
tếm	TONE_SAC	te↗m	tˈe↗m	1	0	0	0
tê̂m	TONE_HOI	te↓m	tˈe mˈəː↘	0	0	0	0
tễm	TONE_NGA	teʔ↗m	tˈeʔ↗m	1	0	0	0
tệm	TONE_NANG	teʔ↓m	tˈeʔ↓m	1	0	0	0
tên	TONE_NGANG	te→n	tˈen	0	0	0	0
tền	TONE_HUYEN	te↘n	tˈe↘n	1	0	0	0
tến	TONE_SAC	te↗n	tˈe↗n	1	0	0	0
tê̂n	TONE_HOI	te↓n	tˈe nˈəː↘	0	0	0	0
tễn	TONE_NGA	teʔ↗n	tˈeʔ↗n	1	0	0	0
tện	TONE_NANG	teʔ↓n	tˈeʔ↓n	1	0	0	0
tếp	TONE_SAC	te↗p	tˈe↗p	1	0	0	0
tệp	TONE_NANG	teʔ↓p	tˈeʔ↓p	1	0	0	0
tết	TONE_SAC	te↗t	tˈe↗t	1	0	0	0
tệt	TONE_NANG	teʔ↓t	tˈeʔ↓t	1	0	0	0
tênh	TONE_NGANG	te→ɲ	tˈeɲ	0	0	0	0
tềnh	TONE_HUYEN	te↘ɲ	tˈe↘ɲ	1	0	0	0
tếnh	TONE_SAC	te↗ɲ	tˈe↗ɲ	1	0	0	0
tê̂nh	TONE_HOI	te↓ɲ	tˈe ˌɛnˈeɪʧ	0	0	0	0
tễnh	TONE_NGA	teʔ↗ɲ	tˈeʔ↗ɲ	1	0	0	0
tệnh	TONE_NANG	teʔ↓ɲ	tˈeʔ↓ɲ	1	0	0	0
tếc	TONE_SAC	te↗k	tˈe↗ sˈe	0	0	0	0
tệc	TONE_NANG	teʔ↓k	tˈeʔ↓ sˈe	0	0	0	0
tếch	TONE_SAC	te↗k	tˈe↗c	1	0	0	0
tệch	TONE_NANG	teʔ↓k	tˈeʔ↓c	1	0	0	0
ti	TONE_NGANG	ti→	tˈi	0	0	0	0
tì	TONE_HUYEN	ti↘	tˈi↘	1	0	0	0
tí	TONE_SAC	ti↗	tˈi↗	1	0	0	0
tî	TONE_HOI	ti↓	tˈi	0	0	0	0
tĩ	TONE_NGA	tiʔ↗	tˈiʔ↗	1	0	0	0
tị	TONE_NANG	tiʔ↓	tˈiʔ↓	1	0	0	0
tio	TONE_NGANG	ti→w	tˈiːoʊ	0	0	0	0
tìo	TONE_HUYEN	ti↘w	tˈi↘ ˈɔ	1	0	0	0
tío	TONE_SAC	ti↗w	tˈiːoʊ	0	0	0	0
tîo	TONE_HOI	ti↓w	tˈiːoʊ	0	0	0	0
tĩo	TONE_NGA	tiʔ↗w	tˈiʔ↗ ˈɔ	1	0	0	0
tịo	TONE_NANG	tiʔ↓w	tˈiʔ↓ ˈɔ	1	0	0	0
tiu	TONE_NGANG	ti→w	tˈiw	0	0	0	0
tìu	TONE_HUYEN	ti↘w	tˈi↘w	1	0	0	0
tíu	TONE_SAC	ti↗w	tˈi↗w	1	0	0	0
tîu	TONE_HOI	ti↓w	tˈiw	0	0	0	0
tĩu	TONE_NGA	tiʔ↗w	tˈiʔ↗w	1	0	0	0
tịu	TONE_NANG	tiʔ↓w	tˈiʔ↓w	1	0	0	0
tim	TONE_NGANG	ti→m	tˈim	0	0	0	0
tìm	TONE_HUYEN	ti↘m	tˈi↘m	1	0	0	0
tím	TONE_SAC	ti↗m	tˈi↗m	1	0	0	0
tîm	TONE_HOI	ti↓m	tˈim	0	0	0	0
tĩm	TONE_NGA	tiʔ↗m	tˈiʔ↗m	1	0	0	0
tịm	TONE_NANG	tiʔ↓m	tˈiʔ↓m	1	0	0	0
tin	TONE_NGANG	ti→n	tˈin	0	0	0	0
tìn	TONE_HUYEN	ti↘n	tˈi↘n	1	0	0	0
tín	TONE_SAC	ti↗n	tˈi↗n	1	0	0	0
tîn	TONE_HOI	ti↓n	tˈin	0	0	0	0
tĩn	TONE_NGA	tiʔ↗n	tˈiʔ↗n	1	0	0	0
tịn	TONE_NANG	tiʔ↓n	tˈiʔ↓n	1	0	0	0
típ	TONE_SAC	ti↗p	tˈi↗p	1	0	0	0
tịp	TONE_NANG	tiʔ↓p	tˈiʔ↓p	1	0	0	0
tít	TONE_SAC	ti↗t	tˈi↗t	1	0	0	0
tịt	TONE_NANG	tiʔ↓t	tˈiʔ↓t	1	0	0	0
tinh	TONE_NGANG	ti→ɲ	tˈiɲ	0	0	0	1
tình	TONE_HUYEN	ti↘ɲ	tˈi↘ɲ	1	0	0	1
tính	TONE_SAC	ti↗ɲ	tˈi↗ɲ	1	0	0	1
tînh	TONE_HOI	ti↓ɲ	tˈiɲ	0	0	0	1
tĩnh	TONE_NGA	tiʔ↗ɲ	tˈiʔ↗ɲ	1	0	0	1
tịnh	TONE_NANG	tiʔ↓ɲ	tˈiʔ↓ɲ	1	0	0	1
tíc	TONE_SAC	ti↗k	tˈi↗ sˈe	0	0	0	0
tịc	TONE_NANG	tiʔ↓k	tˈiʔ↓ sˈe	0	0	0	0
tích	TONE_SAC	ti↗k	tˈi↗c	1	0	0	0
tịch	TONE_NANG	tiʔ↓k	tˈiʔ↓c	1	0	0	0
ty	TONE_NGANG	ti→	tˈi	0	0	0	0
tỳ	TONE_HUYEN	ti↘	tˈi↘	1	0	0	0
tý	TONE_SAC	ti↗	tˈi↗	1	0	0	0
tŷ	TONE_HOI	ti↓	tˈi	0	0	0	0
tỹ	TONE_NGA	tiʔ↗	tˈiʔ↗	1	0	0	0
tỵ	TONE_NANG	tiʔ↓	tˈiʔ↓	1	0	0	0
tyo	TONE_NGANG	ti→w	tˈaɪoʊ	0	0	0	0
tỳo	TONE_HUYEN	ti↘w	tˈi↘ ˈɔ	1	0	0	0
týo	TONE_SAC	ti↗w	tˈi↗ ˈɔ	1	0	0	0
tŷo	TONE_HOI	ti↓w	tˈaɪoʊ	0	0	0	0
tỹo	TONE_NGA	tiʔ↗w	tˈiʔ↗ ˈɔ	1	0	0	0
tỵo	TONE_NANG	tiʔ↓w	tˈiʔ↓ ˈɔ	1	0	0	0
tyu	TONE_NGANG	ti→w	tˈaɪuː	0	0	0	0
tỳu	TONE_HUYEN	ti↘w	tˈi↘ ˈu	0	0	0	0
týu	TONE_SAC	ti↗w	tˈi↗ ˈu	0	0	0	0
tŷu	TONE_HOI	ti↓w	tˈaɪuː	0	0	0	0
tỹu	TONE_NGA	tiʔ↗w	tˈiʔ↗ ˈu	0	0	0	0
tỵu	TONE_NANG	tiʔ↓w	tˈiʔ↓ ˈu	0	0	0	0
tym	TONE_NGANG	ti→m	tˈi ˈɛm	0	0	0	0
tỳm	TONE_HUYEN	ti↘m	tˈi↘ ˈməː↘	0	0	0	0
tým	TONE_SAC	ti↗m	tˈi↗ ˈməː↘	0	0	0	0
tŷm	TONE_HOI	ti↓m	tˈi ˈɛm	0	0	0	0
tỹm	TONE_NGA	tiʔ↗m	tˈiʔ↗ ˈməː↘	0	0	0	0
tỵm	TONE_NANG	tiʔ↓m	tˈiʔ↓ ˈməː↘	0	0	0	0
tyn	TONE_NGANG	ti→n	tˈɪn	0	0	0	0
tỳn	TONE_HUYEN	ti↘n	tˈi↘ ˈɛnəː↘	0	0	0	0
týn	TONE_SAC	ti↗n	tˈi↗ ˈɛnəː↘	0	0	0	0
tŷn	TONE_HOI	ti↓n	tˈɪn	0	0	0	0
tỹn	TONE_NGA	tiʔ↗n	tˈiʔ↗ ˈɛnəː↘	0	0	0	0
tỵn	TONE_NANG	tiʔ↓n	tˈiʔ↓ ˈɛnəː↘	0	0	0	0
týp	TONE_SAC	ti↗p	tˈi↗p	1	0	0	0
tỵp	TONE_NANG	tiʔ↓p	tˈiʔ↓ pˈe	0	0	0	0
týt	TONE_SAC	ti↗t	tˈi↗ tˈe	0	0	0	0
tỵt	TONE_NANG	tiʔ↓t	tˈiʔ↓ tˈe	0	0	0	0
tynh	TONE_NGANG	ti→ɲ	tˈiː ˈɪn	0	0	0	0
tỳnh	TONE_HUYEN	ti↘ɲ	tˈi↘ ˈɛnəː↘hˈa↗t	0	0	0	0
týnh	TONE_SAC	ti↗ɲ	tˈi↗ ˈɛnəː↘hˈa↗t	0	0	0	0
tŷnh	TONE_HOI	ti↓ɲ	tˈiː ˈɪn	0	0	0	0
tỹnh	TONE_NGA	tiʔ↗ɲ	tˈiʔ↗ ˈɛnəː↘hˈa↗t	0	0	0	0
tỵnh	TONE_NANG	tiʔ↓ɲ	tˈiʔ↓ ˈɛnəː↘hˈa↗t	0	0	0	0
týc	TONE_SAC	ti↗k	tˈi↗ sˈe	0	0	0	0
tỵc	TONE_NANG	tiʔ↓k	tˈiʔ↓ sˈe	0	0	0	0
tých	TONE_SAC	ti↗k	tˈi↗ sˈehˈa↗t	0	0	0	0
tỵch	TONE_NANG	tiʔ↓k	tˈiʔ↓ sˈehˈa↗t	0	0	0	0
to	TONE_NGANG	tɔ→	tuː	0	0	0	0
tò	TONE_HUYEN	tɔ↘	tˈɔ↘	1	0	0	0
tó	TONE_SAC	tɔ↗	tˈɔ↗	1	0	0	0
tô	TONE_HOI	tɔ↓	tˈo	0	0	0	0
tõ	TONE_NGA	tɔʔ↗	tˈɔʔ↗	1	0	0	0
tọ	TONE_NANG	tɔʔ↓	tˈɔʔ↓	1	0	0	0
toi	TONE_NGANG	tɔ→j	tˈɔj	0	0	0	0
tòi	TONE_HUYEN	tɔ↘j	tˈɔ↘j	1	0	0	0
tói	TONE_SAC	tɔ↗j	tˈɔ↗j	1	0	0	0
tôi	TONE_HOI	tɔ↓j	tˈoj	0	0	0	0
tõi	TONE_NGA	tɔʔ↗j	tˈɔʔ↗j	1	0	0	0
tọi	TONE_NANG	tɔʔ↓j	tˈɔʔ↓j	1	0	0	0
toy	TONE_NGANG	tɔ→j	tˈɔɪ	0	0	0	0
tòy	TONE_HUYEN	tɔ↘j	tˈɔ↘ ˈi	0	0	0	0
tóy	TONE_SAC	tɔ↗j	tˈɔ↗ ˈi	0	0	0	0
tôy	TONE_HOI	tɔ↓j	tˈo ˈi	0	0	0	0
tõy	TONE_NGA	tɔʔ↗j	tˈɔʔ↗ ˈi	0	0	0	0
tọy	TONE_NANG	tɔʔ↓j	tˈɔʔ↓ ˈi	0	0	0	0
tom	TONE_NGANG	tɔ→m	tˈɔm	0	0	0	0
tòm	TONE_HUYEN	tɔ↘m	tˈɔ↘m	1	0	0	0
tóm	TONE_SAC	tɔ↗m	tˈɔ↗m	1	0	0	0
tôm	TONE_HOI	tɔ↓m	tˈom	0	0	0	0
tõm	TONE_NGA	tɔʔ↗m	tˈɔʔ↗m	1	0	0	0
tọm	TONE_NANG	tɔʔ↓m	tˈɔʔ↓m	1	0	0	0
ton	TONE_NGANG	tɔ→n	tˈʌn	0	0	0	0
tòn	TONE_HUYEN	tɔ↘n	tˈɔ↘n	1	0	0	0
tón	TONE_SAC	tɔ↗n	tˈɔ↗n	1	0	0	0
tôn	TONE_HOI	tɔ↓n	tˈon	0	0	0	0
tõn	TONE_NGA	tɔʔ↗n	tˈɔʔ↗n	1	0	0	0
tọn	TONE_NANG	tɔʔ↓n	tˈɔʔ↓n	1	0	0	0
tóp	TONE_SAC	tɔ↗p	tˈɔ↗p	1	0	0	0
tọp	TONE_NANG	tɔʔ↓p	tˈɔʔ↓p	1	0	0	0
tót	TONE_SAC	tɔ↗t	tˈɔ↗t	1	0	0	0
tọt	TONE_NANG	tɔʔ↓t	tˈɔʔ↓t	1	0	0	0
tong	TONE_NGANG	tɔ→ŋ	tˈɔŋ	0	0	0	0
tòng	TONE_HUYEN	tɔ↘ŋ	tˈɔ↘ŋ	1	0	0	0
tóng	TONE_SAC	tɔ↗ŋ	tˈɔ↗ŋ	1	0	0	0
tông	TONE_HOI	tɔ↓ŋ	tˈoŋ	0	0	0	0
tõng	TONE_NGA	tɔʔ↗ŋ	tˈɔʔ↗ŋ	1	0	0	0
tọng	TONE_NANG	tɔʔ↓ŋ	tˈɔʔ↓ŋ	1	0	0	0
tóc	TONE_SAC	tɔ↗k	tˈɔ↗k	1	0	0	0
tọc	TONE_NANG	tɔʔ↓k	tˈɔʔ↓k	1	0	0	0
tóch	TONE_SAC	tɔ↗k	tˈɔ↗k hˈa↗t	0	0	0	0
tọch	TONE_NANG	tɔʔ↓k	tˈɔʔ↓k hˈa↗t	0	0	0	0
tô	TONE_NGANG	to→	tˈo	0	0	0	0
tồ	TONE_HUYEN	to↘	tˈo↘	1	0	0	0
tố	TONE_SAC	to↗	tˈo↗	1	0	0	0
tô̂	TONE_HOI	to↓	tˈo	0	0	0	0
tỗ	TONE_NGA	toʔ↗	tˈoʔ↗	1	0	0	0
tộ	TONE_NANG	toʔ↓	tˈoʔ↓	1	0	0	0
tôi	TONE_NGANG	to→j	tˈoj	0	0	0	0
tồi	TONE_HUYEN	to↘j	tˈo↘j	1	0	0	0
tối	TONE_SAC	to↗j	tˈo↗j	1	0	0	0
tô̂i	TONE_HOI	to↓j	tˈo ˈi	0	0	0	0
tỗi	TONE_NGA	toʔ↗j	tˈoʔ↗j	1	0	0	0
tội	TONE_NANG	toʔ↓j	tˈoʔ↓j	1	0	0	0
tôy	TONE_NGANG	to→j	tˈo ˈi	0	0	0	0
tồy	TONE_HUYEN	to↘j	tˈo↘ ˈi	0	0	0	0
tốy	TONE_SAC	to↗j	tˈo↗ ˈi	0	0	0	0
tô̂y	TONE_HOI	to↓j	tˈo ˈi	0	0	0	0
tỗy	TONE_NGA	toʔ↗j	tˈoʔ↗ ˈi	0	0	0	0
tộy	TONE_NANG	toʔ↓j	tˈoʔ↓ ˈi	0	0	0	0
tôm	TONE_NGANG	to→m	tˈom	0	0	0	0
tồm	TONE_HUYEN	to↘m	tˈo↘m	1	0	0	0
tốm	TONE_SAC	to↗m	tˈo↗m	1	0	0	0
tô̂m	TONE_HOI	to↓m	tˈo mˈəː↘	0	0	0	0
tỗm	TONE_NGA	toʔ↗m	tˈoʔ↗m	1	0	0	0
tộm	TONE_NANG	toʔ↓m	tˈoʔ↓m	1	0	0	0
tôn	TONE_NGANG	to→n	tˈon	0	0	0	0
tồn	TONE_HUYEN	to↘n	tˈo↘n	1	0	0	0
tốn	TONE_SAC	to↗n	tˈo↗n	1	0	0	0
tô̂n	TONE_HOI	to↓n	tˈo nˈəː↘	0	0	0	0
tỗn	TONE_NGA	toʔ↗n	tˈoʔ↗n	1	0	0	0
tộn	TONE_NANG	toʔ↓n	tˈoʔ↓n	1	0	0	0
tốp	TONE_SAC	to↗p	tˈo↗p	1	0	0	0
tộp	TONE_NANG	toʔ↓p	tˈoʔ↓p	1	0	0	0
tốt	TONE_SAC	to↗t	tˈo↗t	1	0	0	0
tột	TONE_NANG	toʔ↓t	tˈoʔ↓t	1	0	0	0
tông	TONE_NGANG	to→ŋ	tˈoŋ	0	0	0	0
tồng	TONE_HUYEN	to↘ŋ	tˈo↘ŋ	1	0	0	0
tống	TONE_SAC	to↗ŋ	tˈo↗ŋ	1	0	0	0
tô̂ng	TONE_HOI	to↓ŋ	tˈo ˌɛndʒˈiː	0	0	0	0
tỗng	TONE_NGA	toʔ↗ŋ	tˈoʔ↗ŋ	1	0	0	0
tộng	TONE_NANG	toʔ↓ŋ	tˈoʔ↓ŋ	1	0	0	0
tốc	TONE_SAC	to↗k	tˈo↗k	1	0	0	0
tộc	TONE_NANG	toʔ↓k	tˈoʔ↓k	1	0	0	0
tốch	TONE_SAC	to↗k	tˈo↗k hˈa↗t	0	0	0	0
tộch	TONE_NANG	toʔ↓k	tˈoʔ↓k hˈa↗t	0	0	0	0
tơ	TONE_NGANG	təː→	tˈəː	0	0	0	0
tờ	TONE_HUYEN	təː↘	tˈəː↘	1	0	0	0
tớ	TONE_SAC	təː↗	tˈəː↗	1	0	0	0
tơ̂	TONE_HOI	təː↓	tˈəː	0	0	0	0
tỡ	TONE_NGA	təːʔ↗	tˈəːʔ↗	1	0	0	0
tợ	TONE_NANG	təːʔ↓	tˈəːʔ↓	1	0	0	0
tơi	TONE_NGANG	təː→j	tˈəːj	0	0	0	0
tời	TONE_HUYEN	təː↘j	tˈəː↘j	1	0	0	0
tới	TONE_SAC	təː↗j	tˌəː↗j	1	0	0	0
tơ̂i	TONE_HOI	təː↓j	tˈəː ˈi	0	0	0	0
tỡi	TONE_NGA	təːʔ↗j	tˈəːʔ↗j	1	0	0	0
tợi	TONE_NANG	təːʔ↓j	tˈəːʔ↓j	1	0	0	0
tơy	TONE_NGANG	təː→j	tˈəː ˈi	0	0	0	0
tờy	TONE_HUYEN	təː↘j	tˈəː↘ ˈi	0	0	0	0
tớy	TONE_SAC	təː↗j	tˈəː↗ ˈi	0	0	0	0
tơ̂y	TONE_HOI	təː↓j	tˈəː ˈi	0	0	0	0
tỡy	TONE_NGA	təːʔ↗j	tˈəːʔ↗ ˈi	0	0	0	0
tợy	TONE_NANG	təːʔ↓j	tˈəːʔ↓ ˈi	0	0	0	0
tơm	TONE_NGANG	təː→m	tˈəːm	0	0	0	0
tờm	TONE_HUYEN	təː↘m	tˈəː↘m	1	0	0	0
tớm	TONE_SAC	təː↗m	tˈəː↗m	1	0	0	0
tơ̂m	TONE_HOI	təː↓m	tˈəː mˈəː↘	0	0	0	0
tỡm	TONE_NGA	təːʔ↗m	tˈəːʔ↗m	1	0	0	0
tợm	TONE_NANG	təːʔ↓m	tˈəːʔ↓m	1	0	0	0
tơn	TONE_NGANG	təː→n	tˈəːn	0	0	0	0
tờn	TONE_HUYEN	təː↘n	tˈəː↘n	1	0	0	0
tớn	TONE_SAC	təː↗n	tˈəː↗n	1	0	0	0
tơ̂n	TONE_HOI	təː↓n	tˈəː nˈəː↘	0	0	0	0
tỡn	TONE_NGA	təːʔ↗n	tˈəːʔ↗n	1	0	0	0
tợn	TONE_NANG	təːʔ↓n	tˈəːʔ↓n	1	0	0	0
tớp	TONE_SAC	təː↗p	tˈəː↗p	1	0	0	0
tợp	TONE_NANG	təːʔ↓p	tˈəːʔ↓p	1	0	0	0
tớt	TONE_SAC	təː↗t	tˈəː↗t	1	0	0	0
tợt	TONE_NANG	təːʔ↓t	tˈəːʔ↓t	1	0	0	0
tớc	TONE_SAC	təː↗k	tˈəː↗ sˈe	0	0	0	0
tợc	TONE_NANG	təːʔ↓k	tˈəːʔ↓ sˈe	0	0	0	0
tớch	TONE_SAC	təː↗k	tˈəː↗ sˈehˈa↗t	0	0	0	0
tợch	TONE_NANG	təːʔ↓k	tˈəːʔ↓ sˈehˈa↗t	0	0	0	0
tu	TONE_NGANG	tu→	tˈu	0	0	0	0
tù	TONE_HUYEN	tu↘	tˈu↘	1	0	0	0
tú	TONE_SAC	tu↗	tˈu↗	1	0	0	0
tû	TONE_HOI	tu↓	tˈu	0	0	0	0
tũ	TONE_NGA	tuʔ↗	tˈuʔ↗	1	0	0	0
tụ	TONE_NANG	tuʔ↓	tˈuʔ↓	1	0	0	0
tui	TONE_NGANG	tu→j	tˈuj	0	0	0	0
tùi	TONE_HUYEN	tu↘j	tˈu↘j	1	0	0	0
túi	TONE_SAC	tu↗j	tˈu↗j	1	0	0	0
tûi	TONE_HOI	tu↓j	tˈuj	0	0	0	0
tũi	TONE_NGA	tuʔ↗j	tˈuʔ↗j	1	0	0	0
tụi	TONE_NANG	tuʔ↓j	tˈuʔ↓j	1	0	0	0
tuy	TONE_NGANG	tu→j	twˈi	0	0	0	0
tùy	TONE_HUYEN	tu↘j	twˈi↘	1	0	0	0
túy	TONE_SAC	tu↗j	twˈi↗	1	0	0	0
tûy	TONE_HOI	tu↓j	twˈi	0	0	0	0
tũy	TONE_NGA	tuʔ↗j	tˈuʔ↗ ˈi	0	0	0	0
tụy	TONE_NANG	tuʔ↓j	twˈiʔ↓	1	0	0	0
tum	TONE_NGANG	tu→m	tˈum	0	0	0	0
tùm	TONE_HUYEN	tu↘m	tˈu↘m	1	0	0	0
túm	TONE_SAC	tu↗m	tˈu↗m	1	0	0	0
tûm	TONE_HOI	tu↓m	tˈum	0	0	0	0
tũm	TONE_NGA	tuʔ↗m	tˈuʔ↗m	1	0	0	0
tụm	TONE_NANG	tuʔ↓m	tˈuʔ↓m	1	0	0	0
tun	TONE_NGANG	tu→n	tˈun	0	0	0	0
tùn	TONE_HUYEN	tu↘n	tˈu↘n	1	0	0	0
tún	TONE_SAC	tu↗n	tˈu↗n	1	0	0	0
tûn	TONE_HOI	tu↓n	tˈun	0	0	0	0
tũn	TONE_NGA	tuʔ↗n	tˈuʔ↗n	1	0	0	0
tụn	TONE_NANG	tuʔ↓n	tˈuʔ↓n	1	0	0	0
túp	TONE_SAC	tu↗p	tˈu↗p	1	0	0	0
tụp	TONE_NANG	tuʔ↓p	tˈuʔ↓p	1	0	0	0
tút	TONE_SAC	tu↗t	tˈu↗t	1	0	0	0
tụt	TONE_NANG	tuʔ↓t	tˈuʔ↓t	1	0	0	0
tung	TONE_NGANG	tu→ŋ	tˈuŋ	0	0	0	0
tùng	TONE_HUYEN	tu↘ŋ	tˈu↘ŋ	1	0	0	0
túng	TONE_SAC	tu↗ŋ	tˈu↗ŋ	1	0	0	0
tûng	TONE_HOI	tu↓ŋ	tˈuŋ	0	0	0	0
tũng	TONE_NGA	tuʔ↗ŋ	tˈuʔ↗ŋ	1	0	0	0
tụng	TONE_NANG	tuʔ↓ŋ	tˈuʔ↓ŋ	1	0	0	0
túc	TONE_SAC	tu↗k	tˈu↗c	1	0	0	0
tục	TONE_NANG	tuʔ↓k	tˈuʔ↓c	1	0	0	0
túch	TONE_SAC	tu↗k	tˈu↗c hˈa↗t	0	0	0	0
tụch	TONE_NANG	tuʔ↓k	tˈuʔ↓c hˈa↗t	0	0	0	0
tư	TONE_NGANG	tɨ→	tˈy	0	0	0	0
từ	TONE_HUYEN	tɨ↘	tˌy↘	1	0	0	0
tứ	TONE_SAC	tɨ↗	tˈy↗	1	0	0	0
tư̂	TONE_HOI	tɨ↓	tˈy	0	0	0	0
tữ	TONE_NGA	tɨʔ↗	tˈyʔ↗	1	0	0	0
tự	TONE_NANG	tɨʔ↓	tˈyʔ↓	1	0	0	0
tưi	TONE_NGANG	tɨ→j	tˈyj	0	0	0	0
từi	TONE_HUYEN	tɨ↘j	tˈy↘j	1	0	0	0
tứi	TONE_SAC	tɨ↗j	tˈy↗j	1	0	0	0
tư̂i	TONE_HOI	tɨ↓j	tˈy ˈi	0	0	0	0
tữi	TONE_NGA	tɨʔ↗j	tˈyʔ↗j	1	0	0	0
tựi	TONE_NANG	tɨʔ↓j	tˈyʔ↓j	1	0	0	0
tưy	TONE_NGANG	tɨ→j	tˈy ˈi	0	0	0	0
từy	TONE_HUYEN	tɨ↘j	tˌy↘ ˈi	0	0	0	0
tứy	TONE_SAC	tɨ↗j	tˈy↗ ˈi	0	0	0	0
tư̂y	TONE_HOI	tɨ↓j	tˈy ˈi	0	0	0	0
tữy	TONE_NGA	tɨʔ↗j	tˈyʔ↗ ˈi	0	0	0	0
tựy	TONE_NANG	tɨʔ↓j	tˈyʔ↓ ˈi	0	0	0	0
tưo	TONE_NGANG	tɨ→w	tˈy ˈɔ	0	0	0	0
từo	TONE_HUYEN	tɨ↘w	tˌy↘ ˈɔ	1	0	0	0
tứo	TONE_SAC	tɨ↗w	tˈy↗ ˈɔ	1	0	0	0
tư̂o	TONE_HOI	tɨ↓w	tˈy ˈo	0	0	0	0
tữo	TONE_NGA	tɨʔ↗w	tˈyʔ↗ ˈɔ	1	0	0	0
tựo	TONE_NANG	tɨʔ↓w	tˈyʔ↓ ˈɔ	1	0	0	0
tưu	TONE_NGANG	tɨ→w	tˈiw	0	0	0	0
từu	TONE_HUYEN	tɨ↘w	tˈi↘w	1	0	0	0
tứu	TONE_SAC	tɨ↗w	tˈi↗w	1	0	0	0
tư̂u	TONE_HOI	tɨ↓w	tˈy ˈu	0	0	0	0
tữu	TONE_NGA	tɨʔ↗w	tˈiʔ↗w	1	0	0	0
tựu	TONE_NANG	tɨʔ↓w	tˈiʔ↓w	1	0	0	0
tưm	TONE_NGANG	tɨ→m	tˈym	0	0	0	0
từm	TONE_HUYEN	tɨ↘m	tˈy↘m	1	0	0	0
tứm	TONE_SAC	tɨ↗m	tˈy↗m	1	0	0	0
tư̂m	TONE_HOI	tɨ↓m	tˈy mˈəː↘	0	0	0	0
tữm	TONE_NGA	tɨʔ↗m	tˈyʔ↗m	1	0	0	0
tựm	TONE_NANG	tɨʔ↓m	tˈyʔ↓m	1	0	0	0
tưn	TONE_NGANG	tɨ→n	tˈyn	0	0	0	0
từn	TONE_HUYEN	tɨ↘n	tˈy↘n	1	0	0	0
tứn	TONE_SAC	tɨ↗n	tˈy↗n	1	0	0	0
tư̂n	TONE_HOI	tɨ↓n	tˈy nˈəː↘	0	0	0	0
tữn	TONE_NGA	tɨʔ↗n	tˈyʔ↗n	1	0	0	0
tựn	TONE_NANG	tɨʔ↓n	tˈyʔ↓n	1	0	0	0
tứp	TONE_SAC	tɨ↗p	tˈy↗ pˈe	0	0	0	0
tựp	TONE_NANG	tɨʔ↓p	tˈyʔ↓ pˈe	0	0	0	0
tứt	TONE_SAC	tɨ↗t	tˈy↗t	1	0	0	0
tựt	TONE_NANG	tɨʔ↓t	tˈyʔ↓t	1	0	0	0
tưng	TONE_NGANG	tɨ→ŋ	tˈyŋ	0	0	0	0
từng	TONE_HUYEN	tɨ↘ŋ	tˈy↘ŋ	1	0	0	0
tứng	TONE_SAC	tɨ↗ŋ	tˈy↗ŋ	1	0	0	0
tư̂ng	TONE_HOI	tɨ↓ŋ	tˈy ˌɛndʒˈiː	0	0	0	0
tững	TONE_NGA	tɨʔ↗ŋ	tˈyʔ↗ŋ	1	0	0	0
tựng	TONE_NANG	tɨʔ↓ŋ	tˈyʔ↓ŋ	1	0	0	0
tức	TONE_SAC	tɨ↗k	tˈy↗c	1	0	0	0
tực	TONE_NANG	tɨʔ↓k	tˈyʔ↓c	1	0	0	0
tứch	TONE_SAC	tɨ↗k	tˈy↗c hˈa↗t	0	0	0	0
tựch	TONE_NANG	tɨʔ↓k	tˈyʔ↓c hˈa↗t	0	0	0	0
viê	TONE_NGANG	viə→	vˈi ˈe	0	0	0	0
viề	TONE_HUYEN	viə↘	vˈi ˈe↘	1	0	0	0
viế	TONE_SAC	viə↗	vˈi ˈe↗	1	0	0	0
viê̂	TONE_HOI	viə↓	vˈi ˈe	0	0	0	0
viễ	TONE_NGA	viəʔ↗	vˈi ˈeʔ↗	1	0	0	0
việ	TONE_NANG	viəʔ↓	vˈi ˈeʔ↓	1	0	0	0
viêo	TONE_NGANG	viə→w	vˈi ˈeˈɔ	0	0	0	0
viềo	TONE_HUYEN	viə↘w	vˈi ˈe↘ˈɔ	1	0	0	0
viếo	TONE_SAC	viə↗w	vˈi ˈe↗ˈɔ	1	0	0	0
viê̂o	TONE_HOI	viə↓w	vˈi ˈe ˈo	0	0	0	0
viễo	TONE_NGA	viəʔ↗w	vˈi ˈeʔ↗ˈɔ	1	0	0	0
việo	TONE_NANG	viəʔ↓w	vˈi ˈeʔ↓ˈɔ	1	0	0	0
viêu	TONE_NGANG	viə→w	vˈiɛw	0	0	0	0
viều	TONE_HUYEN	viə↘w	vˈiɛ↘w	1	0	0	0
viếu	TONE_SAC	viə↗w	vˈiɛ↗w	1	0	0	0
viê̂u	TONE_HOI	viə↓w	vˈi ˈe ˈu	0	0	0	0
viễu	TONE_NGA	viəʔ↗w	vˈiɛʔ↗w	1	0	0	0
việu	TONE_NANG	viəʔ↓w	vˈiɛʔ↓w	1	0	0	0
viêm	TONE_NGANG	viə→m	vˈiɛm	0	0	0	0
viềm	TONE_HUYEN	viə↘m	vˈiɛ↘m	1	0	0	0
viếm	TONE_SAC	viə↗m	vˈiɛ↗m	1	0	0	0
viê̂m	TONE_HOI	viə↓m	vˈi ˈe mˈəː↘	0	0	0	0
viễm	TONE_NGA	viəʔ↗m	vˈiɛʔ↗m	1	0	0	0
việm	TONE_NANG	viəʔ↓m	vˈiɛʔ↓m	1	0	0	0
viên	TONE_NGANG	viə→n	vˈiɛn	0	0	0	0
viền	TONE_HUYEN	viə↘n	vˈiɛ↘n	1	0	0	0
viến	TONE_SAC	viə↗n	vˈiɛ↗n	1	0	0	0
viê̂n	TONE_HOI	viə↓n	vˈi ˈe nˈəː↘	0	0	0	0
viễn	TONE_NGA	viəʔ↗n	vˈiɛʔ↗n	1	0	0	0
viện	TONE_NANG	viəʔ↓n	vˈiɛʔ↓n	1	0	0	0
viếp	TONE_SAC	viə↗p	vˈiɛ↗p	1	0	0	0
việp	TONE_NANG	viəʔ↓p	vˈiɛʔ↓p	1	0	0	0
viết	TONE_SAC	viə↗t	vˈiɛ↗t	1	0	0	0
việt	TONE_NANG	viəʔ↓t	vˈiɛʔ↓t	1	0	0	0
viêng	TONE_NGANG	viə→ŋ	vˈiɛŋ	0	0	0	0
viềng	TONE_HUYEN	viə↘ŋ	vˈiɛ↘ŋ	1	0	0	0
viếng	TONE_SAC	viə↗ŋ	vˈiɛ↗ŋ	1	0	0	0
viê̂ng	TONE_HOI	viə↓ŋ	vˈi ˈe ˌɛndʒˈiː	0	0	0	0
viễng	TONE_NGA	viəʔ↗ŋ	vˈiɛʔ↗ŋ	1	0	0	0
việng	TONE_NANG	viəʔ↓ŋ	vˈiɛʔ↓ŋ	1	0	0	0
viênh	TONE_NGANG	viə→ɲ	vˈi ˈeɲ	0	0	0	0
viềnh	TONE_HUYEN	viə↘ɲ	vˈi ˈe↘ɲ	1	0	0	0
viếnh	TONE_SAC	viə↗ɲ	vˈi ˈe↗ɲ	1	0	0	0
viê̂nh	TONE_HOI	viə↓ɲ	vˈi ˈe ˌɛnˈeɪʧ	0	0	0	0
viễnh	TONE_NGA	viəʔ↗ɲ	vˈi ˈeʔ↗ɲ	1	0	0	0
việnh	TONE_NANG	viəʔ↓ɲ	vˈi ˈeʔ↓ɲ	1	0	0	0
viếc	TONE_SAC	viə↗k	vˈiɛ↗c	1	0	0	0
việc	TONE_NANG	viəʔ↓k	vˈiɛʔ↓c	1	0	0	0
viếch	TONE_SAC	viə↗k	vˈi ˈe↗c	1	0	0	0
việch	TONE_NANG	viəʔ↓k	vˈi ˈeʔ↓c	1	0	0	0
vyê	TONE_NGANG	viə→	vˈi ˈe	0	0	0	0
vyề	TONE_HUYEN	viə↘	vˈi ˈe↘	1	0	0	0
vyế	TONE_SAC	viə↗	vˈi ˈe↗	1	0	0	0
vyê̂	TONE_HOI	viə↓	vˈi ˈe	0	0	0	0
vyễ	TONE_NGA	viəʔ↗	vˈi ˈeʔ↗	1	0	0	0
vyệ	TONE_NANG	viəʔ↓	vˈi ˈeʔ↓	1	0	0	0
vyêo	TONE_NGANG	viə→w	vˈi ˈeˈɔ	0	0	0	0
vyềo	TONE_HUYEN	viə↘w	vˈi ˈe↘ˈɔ	1	0	0	0
vyếo	TONE_SAC	viə↗w	vˈi ˈe↗ˈɔ	1	0	0	0
vyê̂o	TONE_HOI	viə↓w	vˈi ˈe ˈo	0	0	0	0
vyễo	TONE_NGA	viəʔ↗w	vˈi ˈeʔ↗ˈɔ	1	0	0	0
vyệo	TONE_NANG	viəʔ↓w	vˈi ˈeʔ↓ˈɔ	1	0	0	0
vyêu	TONE_NGANG	viə→w	vˈi ˈeˈu	0	0	0	0
vyều	TONE_HUYEN	viə↘w	vˈi ˈe↘ˈu	0	0	0	0
vyếu	TONE_SAC	viə↗w	vˈi ˈe↗ˈu	0	0	0	0
vyê̂u	TONE_HOI	viə↓w	vˈi ˈe ˈu	0	0	0	0
vyễu	TONE_NGA	viəʔ↗w	vˈi ˈeʔ↗ˈu	0	0	0	0
vyệu	TONE_NANG	viəʔ↓w	vˈi ˈeʔ↓ˈu	0	0	0	0
vyêm	TONE_NGANG	viə→m	vˈi ˈem	0	0	0	0
vyềm	TONE_HUYEN	viə↘m	vˈi ˈe↘m	1	0	0	0
vyếm	TONE_SAC	viə↗m	vˈi ˈe↗m	1	0	0	0
vyê̂m	TONE_HOI	viə↓m	vˈi ˈe mˈəː↘	0	0	0	0
vyễm	TONE_NGA	viəʔ↗m	vˈi ˈeʔ↗m	1	0	0	0
vyệm	TONE_NANG	viəʔ↓m	vˈi ˈeʔ↓m	1	0	0	0
vyên	TONE_NGANG	viə→n	vˈi ˈen	0	0	0	0
vyền	TONE_HUYEN	viə↘n	vˈi ˈe↘n	1	0	0	0
vyến	TONE_SAC	viə↗n	vˈi ˈe↗n	1	0	0	0
vyê̂n	TONE_HOI	viə↓n	vˈi ˈe nˈəː↘	0	0	0	0
vyễn	TONE_NGA	viəʔ↗n	vˈi ˈeʔ↗n	1	0	0	0
vyện	TONE_NANG	viəʔ↓n	vˈi ˈeʔ↓n	1	0	0	0
vyếp	TONE_SAC	viə↗p	vˈi ˈe↗p	1	0	0	0
vyệp	TONE_NANG	viəʔ↓p	vˈi ˈeʔ↓p	1	0	0	0
vyết	TONE_SAC	viə↗t	vˈi ˈe↗t	1	0	0	0
vyệt	TONE_NANG	viəʔ↓t	vˈi ˈeʔ↓t	1	0	0	0
vyêng	TONE_NGANG	viə→ŋ	vˈe ˈiɛŋ	0	0	0	0
vyềng	TONE_HUYEN	viə↘ŋ	vˈe ˈiɛ↘ŋ	1	0	0	0
vyếng	TONE_SAC	viə↗ŋ	vˈe ˈiɛ↗ŋ	1	0	0	0
vyê̂ng	TONE_HOI	viə↓ŋ	vˈi ˈe ˌɛndʒˈiː	0	0	0	0
vyễng	TONE_NGA	viəʔ↗ŋ	vˈe ˈiɛʔ↗ŋ	1	0	0	0
vyệng	TONE_NANG	viəʔ↓ŋ	vˈe ˈiɛʔ↓ŋ	1	0	0	0
vyênh	TONE_NGANG	viə→ɲ	vˈi ˈeɲ	0	0	0	0
vyềnh	TONE_HUYEN	viə↘ɲ	vˈi ˈe↘ɲ	1	0	0	0
vyếnh	TONE_SAC	viə↗ɲ	vˈi ˈe↗ɲ	1	0	0	0
vyê̂nh	TONE_HOI	viə↓ɲ	vˈi ˈe ˌɛnˈeɪʧ	0	0	0	0
vyễnh	TONE_NGA	viəʔ↗ɲ	vˈi ˈeʔ↗ɲ	1	0	0	0
vyệnh	TONE_NANG	viəʔ↓ɲ	vˈi ˈeʔ↓ɲ	1	0	0	0
vyếc	TONE_SAC	viə↗k	vˈi ˈe↗sˈe	0	0	0	0
vyệc	TONE_NANG	viəʔ↓k	vˈi ˈeʔ↓sˈe	0	0	0	0
vyếch	TONE_SAC	viə↗k	vˈi ˈe↗c	1	0	0	0
vyệch	TONE_NANG	viəʔ↓k	vˈi ˈeʔ↓c	1	0	0	0
via	TONE_NGANG	viə→	vˈaɪə	0	0	0	0
vìa	TONE_HUYEN	viə↘	vˈiə↘	1	0	0	0
vía	TONE_SAC	viə↗	vˈiə↗	1	0	0	0
vîa	TONE_HOI	viə↓	vˈaɪə	0	0	0	0
vĩa	TONE_NGA	viəʔ↗	vˈiəʔ↗	1	0	0	0
vịa	TONE_NANG	viəʔ↓	vˈiəʔ↓	1	0	0	0
viao	TONE_NGANG	viə→w	vˈaɪə ˈoʊ	0	0	0	0
vìao	TONE_HUYEN	viə↘w	vˈiə↘ ˈɔ	1	0	0	0
víao	TONE_SAC	viə↗w	vˈiə↗ ˈɔ	1	0	0	0
vîao	TONE_HOI	viə↓w	vˈaɪə ˈoʊ	0	0	0	0
vĩao	TONE_NGA	viəʔ↗w	vˈiəʔ↗ ˈɔ	1	0	0	0
vịao	TONE_NANG	viəʔ↓w	vˈiəʔ↓ ˈɔ	1	0	0	0
viau	TONE_NGANG	viə→w	vˈaɪə jˈuː	0	0	0	0
vìau	TONE_HUYEN	viə↘w	vˈiə↘ ˈu	0	0	0	0
víau	TONE_SAC	viə↗w	vˈiə↗ ˈu	0	0	0	0
vîau	TONE_HOI	viə↓w	vˈaɪə jˈuː	0	0	0	0
vĩau	TONE_NGA	viəʔ↗w	vˈiəʔ↗ ˈu	0	0	0	0
vịau	TONE_NANG	viəʔ↓w	vˈiəʔ↓ ˈu	0	0	0	0
viam	TONE_NGANG	viə→m	vˈiəm	0	0	0	0
vìam	TONE_HUYEN	viə↘m	vˌi↘ ˈaːm	0	0	0	0
víam	TONE_SAC	viə↗m	vˈi↗ ˈaːm	0	0	0	0
vîam	TONE_HOI	viə↓m	vˈiəm	0	0	0	0
vĩam	TONE_NGA	viəʔ↗m	vˈiʔ↗ ˈaːm	0	0	0	0
vịam	TONE_NANG	viəʔ↓m	vˈiʔ↓ ˈaːm	0	0	0	0
vian	TONE_NGANG	viə→n	vˈaɪən	0	0	0	0
vìan	TONE_HUYEN	viə↘n	vˌi↘ ˈaːn	0	0	0	0
vían	TONE_SAC	viə↗n	vˈi↗ ˈaːn	0	0	0	0
vîan	TONE_HOI	viə↓n	vˈaɪən	0	0	0	0
vĩan	TONE_NGA	viəʔ↗n	vˈiʔ↗ ˈaːn	0	0	0	0
vịan	TONE_NANG	viəʔ↓n	vˈiʔ↓ ˈaːn	0	0	0	0
víap	TONE_SAC	viə↗p	vˈi↗ ˈaː↗p	0	0	0	0
vịap	TONE_NANG	viəʔ↓p	vˈiʔ↓ ˈaː↗p	0	0	0	0
víat	TONE_SAC	viə↗t	vˈi↗ ˈaː↗t	0	0	0	0
vịat	TONE_NANG	viəʔ↓t	vˈiʔ↓ ˈaː↗t	0	0	0	0
viang	TONE_NGANG	viə→ŋ	vjˈæŋ	0	0	0	0
vìang	TONE_HUYEN	viə↘ŋ	vˌi↘ ˈaːŋ	0	0	0	0
víang	TONE_SAC	viə↗ŋ	vˈi↗ ˈaːŋ	0	0	0	0
vîang	TONE_HOI	viə↓ŋ	vjˈæŋ	0	0	0	0
vĩang	TONE_NGA	viəʔ↗ŋ	vˈiʔ↗ ˈaːŋ	0	0	0	0
vịang	TONE_NANG	viəʔ↓ŋ	vˈiʔ↓ ˈaːŋ	0	0	0	0
vianh	TONE_NGANG	viə→ɲ	vˈi ˈæɲ	0	0	0	0
vìanh	TONE_HUYEN	viə↘ɲ	vˌi↘ ˈæɲ	0	0	0	0
víanh	TONE_SAC	viə↗ɲ	vˈi↗ ˈæɲ	0	0	0	0
vîanh	TONE_HOI	viə↓ɲ	vˈi ˈæɲ	0	0	0	0
vĩanh	TONE_NGA	viəʔ↗ɲ	vˈiʔ↗ ˈæɲ	0	0	0	0
vịanh	TONE_NANG	viəʔ↓ɲ	vˈiʔ↓ ˈæɲ	0	0	0	0
víac	TONE_SAC	viə↗k	vˈi↗ ˈaː↗c	0	0	0	0
vịac	TONE_NANG	viəʔ↓k	vˈiʔ↓ ˈaː↗c	0	0	0	0
víach	TONE_SAC	viə↗k	vˈi↗ ˈæ↗c	0	0	0	0
vịach	TONE_NANG	viəʔ↓k	vˈiʔ↓ ˈæ↗c	0	0	0	0
vya	TONE_NGANG	viə→	vˈaɪə	0	0	0	0
vỳa	TONE_HUYEN	viə↘	vˈi↘ ˈaː	0	0	0	0
výa	TONE_SAC	viə↗	vˈi↗ ˈaː	0	0	0	0
vŷa	TONE_HOI	viə↓	vˈaɪə	0	0	0	0
vỹa	TONE_NGA	viəʔ↗	vˈiʔ↗ ˈaː	0	0	0	0
vỵa	TONE_NANG	viəʔ↓	vˈiʔ↓ ˈaː	0	0	0	0
vyao	TONE_NGANG	viə→w	vˈaɪə ˈoʊ	0	0	0	0
vỳao	TONE_HUYEN	viə↘w	vˈi↘ ˈaːˈɔ	0	0	0	0
výao	TONE_SAC	viə↗w	vˈi↗ ˈaːˈɔ	0	0	0	0
vŷao	TONE_HOI	viə↓w	vˈaɪə ˈoʊ	0	0	0	0
vỹao	TONE_NGA	viəʔ↗w	vˈiʔ↗ ˈaːˈɔ	0	0	0	0
vỵao	TONE_NANG	viəʔ↓w	vˈiʔ↓ ˈaːˈɔ	0	0	0	0
vyau	TONE_NGANG	viə→w	vˈaɪə jˈuː	0	0	0	0
vỳau	TONE_HUYEN	viə↘w	vˈi↘ ˈaːˈu	0	0	0	0
výau	TONE_SAC	viə↗w	vˈi↗ ˈaːˈu	0	0	0	0
vŷau	TONE_HOI	viə↓w	vˈaɪə jˈuː	0	0	0	0
vỹau	TONE_NGA	viəʔ↗w	vˈiʔ↗ ˈaːˈu	0	0	0	0
vỵau	TONE_NANG	viəʔ↓w	vˈiʔ↓ ˈaːˈu	0	0	0	0
vyam	TONE_NGANG	viə→m	vˈaɪæm	0	0	0	0
vỳam	TONE_HUYEN	viə↘m	vˈi↘ ˈaːm	0	0	0	0
výam	TONE_SAC	viə↗m	vˈi↗ ˈaːm	0	0	0	0
vŷam	TONE_HOI	viə↓m	vˈaɪæm	0	0	0	0
vỹam	TONE_NGA	viəʔ↗m	vˈiʔ↗ ˈaːm	0	0	0	0
vỵam	TONE_NANG	viəʔ↓m	vˈiʔ↓ ˈaːm	0	0	0	0
vyan	TONE_NGANG	viə→n	vˈaɪən	0	0	0	0
vỳan	TONE_HUYEN	viə↘n	vˈi↘ ˈaːn	0	0	0	0
výan	TONE_SAC	viə↗n	vˈi↗ ˈaːn	0	0	0	0
vŷan	TONE_HOI	viə↓n	vˈaɪən	0	0	0	0
vỹan	TONE_NGA	viəʔ↗n	vˈiʔ↗ ˈaːn	0	0	0	0
vỵan	TONE_NANG	viəʔ↓n	vˈiʔ↓ ˈaːn	0	0	0	0
výap	TONE_SAC	viə↗p	vˈi↗ ˈaː↗p	0	0	0	0
vỵap	TONE_NANG	viəʔ↓p	vˈiʔ↓ ˈaː↗p	0	0	0	0
výat	TONE_SAC	viə↗t	vˈi↗ ˈaː↗t	0	0	0	0
vỵat	TONE_NANG	viəʔ↓t	vˈiʔ↓ ˈaː↗t	0	0	0	0
vyang	TONE_NGANG	viə→ŋ	vˈi ˈaːŋ	0	0	0	0
vỳang	TONE_HUYEN	viə↘ŋ	vˈi↘ ˈaːŋ	0	0	0	0
výang	TONE_SAC	viə↗ŋ	vˈi↗ ˈaːŋ	0	0	0	0
vŷang	TONE_HOI	viə↓ŋ	vˈi ˈaːŋ	0	0	0	0
vỹang	TONE_NGA	viəʔ↗ŋ	vˈiʔ↗ ˈaːŋ	0	0	0	0
vỵang	TONE_NANG	viəʔ↓ŋ	vˈiʔ↓ ˈaːŋ	0	0	0	0
vyanh	TONE_NGANG	viə→ɲ	vˈi ˈæɲ	0	0	0	0
vỳanh	TONE_HUYEN	viə↘ɲ	vˈi↘ ˈæɲ	0	0	0	0
výanh	TONE_SAC	viə↗ɲ	vˈi↗ ˈæɲ	0	0	0	0
vŷanh	TONE_HOI	viə↓ɲ	vˈi ˈæɲ	0	0	0	0
vỹanh	TONE_NGA	viəʔ↗ɲ	vˈiʔ↗ ˈæɲ	0	0	0	0
vỵanh	TONE_NANG	viəʔ↓ɲ	vˈiʔ↓ ˈæɲ	0	0	0	0
výac	TONE_SAC	viə↗k	vˈi↗ ˈaː↗c	0	0	0	0
vỵac	TONE_NANG	viəʔ↓k	vˈiʔ↓ ˈaː↗c	0	0	0	0
výach	TONE_SAC	viə↗k	vˈi↗ ˈæ↗c	0	0	0	0
vỵach	TONE_NANG	viəʔ↓k	vˈiʔ↓ ˈæ↗c	0	0	0	0
vươ	TONE_NGANG	vɨə→	vˈy ˈəː	0	0	0	0
vườ	TONE_HUYEN	vɨə↘	vˈy ˈəː↘	1	0	0	0
vướ	TONE_SAC	vɨə↗	vˈy ˈəː↗	1	0	0	0
vươ̂	TONE_HOI	vɨə↓	vˈy ˈəː	0	0	0	0
vưỡ	TONE_NGA	vɨəʔ↗	vˈy ˈəːʔ↗	1	0	0	0
vượ	TONE_NANG	vɨəʔ↓	vˈy ˈəːʔ↓	1	0	0	0
vươi	TONE_NGANG	vɨə→j	vˈyəj	0	0	0	0
vười	TONE_HUYEN	vɨə↘j	vˈyə↘j	1	0	0	0
vưới	TONE_SAC	vɨə↗j	vˈyə↗j	1	0	0	0
vươ̂i	TONE_HOI	vɨə↓j	vˈy ˈəː ˈi	0	0	0	0
vưỡi	TONE_NGA	vɨəʔ↗j	vˈyəʔ↗j	1	0	0	0
vượi	TONE_NANG	vɨəʔ↓j	vˈyəʔ↓j	1	0	0	0
vươy	TONE_NGANG	vɨə→j	vˈy ˈəːˈi	0	0	0	0
vườy	TONE_HUYEN	vɨə↘j	vˈy ˈəː↘ˈi	0	0	0	0
vướy	TONE_SAC	vɨə↗j	vˈy ˈəː↗ˈi	0	0	0	0
vươ̂y	TONE_HOI	vɨə↓j	vˈy ˈəː ˈi	0	0	0	0
vưỡy	TONE_NGA	vɨəʔ↗j	vˈy ˈəːʔ↗ˈi	0	0	0	0
vượy	TONE_NANG	vɨəʔ↓j	vˈy ˈəːʔ↓ˈi	0	0	0	0
vươo	TONE_NGANG	vɨə→w	vˈy ˈəːˈɔ	0	0	0	0
vườo	TONE_HUYEN	vɨə↘w	vˈy ˈəː↘ˈɔ	1	0	0	0
vướo	TONE_SAC	vɨə↗w	vˈy ˈəː↗ˈɔ	1	0	0	0
vươ̂o	TONE_HOI	vɨə↓w	vˈy ˈəː ˈo	0	0	0	0
vưỡo	TONE_NGA	vɨəʔ↗w	vˈy ˈəːʔ↗ˈɔ	1	0	0	0
vượo	TONE_NANG	vɨəʔ↓w	vˈy ˈəːʔ↓ˈɔ	1	0	0	0
vươu	TONE_NGANG	vɨə→w	vˈyəw	0	0	0	0
vườu	TONE_HUYEN	vɨə↘w	vˈyə↘w	1	0	0	0
vướu	TONE_SAC	vɨə↗w	vˈyə↗w	1	0	0	0
vươ̂u	TONE_HOI	vɨə↓w	vˈy ˈəː ˈu	0	0	0	0
vưỡu	TONE_NGA	vɨəʔ↗w	vˈyəʔ↗w	1	0	0	0
vượu	TONE_NANG	vɨəʔ↓w	vˈyəʔ↓w	1	0	0	0
vươm	TONE_NGANG	vɨə→m	vˈyəm	0	0	0	0
vườm	TONE_HUYEN	vɨə↘m	vˈyə↘m	1	0	0	0
vướm	TONE_SAC	vɨə↗m	vˈyə↗m	1	0	0	0
vươ̂m	TONE_HOI	vɨə↓m	vˈy ˈəː mˈəː↘	0	0	0	0
vưỡm	TONE_NGA	vɨəʔ↗m	vˈyəʔ↗m	1	0	0	0
vượm	TONE_NANG	vɨəʔ↓m	vˈyəʔ↓m	1	0	0	0
vướp	TONE_SAC	vɨə↗p	vˈyə↗p	1	0	0	0
vượp	TONE_NANG	vɨəʔ↓p	vˈyəʔ↓p	1	0	0	0
vướt	TONE_SAC	vɨə↗t	vˈyə↗t	1	0	0	0
vượt	TONE_NANG	vɨəʔ↓t	vˈyəʔ↓t	1	0	0	0
vương	TONE_NGANG	vɨə→ŋ	vˈyəŋ	0	0	0	0
vường	TONE_HUYEN	vɨə↘ŋ	vˈyə↘ŋ	1	0	0	0
vướng	TONE_SAC	vɨə↗ŋ	vˈyə↗ŋ	1	0	0	0
vươ̂ng	TONE_HOI	vɨə↓ŋ	vˈy ˈəː ˌɛndʒˈiː	0	0	0	0
vưỡng	TONE_NGA	vɨəʔ↗ŋ	vˈyəʔ↗ŋ	1	0	0	0
vượng	TONE_NANG	vɨəʔ↓ŋ	vˈyəʔ↓ŋ	1	0	0	0
vước	TONE_SAC	vɨə↗k	vˈyə↗c	1	0	0	0
vược	TONE_NANG	vɨəʔ↓k	vˈyəʔ↓c	1	0	0	0
vướch	TONE_SAC	vɨə↗k	vˈyə↗c hˈa↗t	0	0	0	0
vượch	TONE_NANG	vɨəʔ↓k	vˈyəʔ↓c hˈa↗t	0	0	0	0
vưa	TONE_NGANG	vɨə→	vˈyə	0	0	0	0
vừa	TONE_HUYEN	vɨə↘	vˈyə↘	1	0	0	0
vứa	TONE_SAC	vɨə↗	vˈyə↗	1	0	0	0
vư̂a	TONE_HOI	vɨə↓	vˈy ˈaː	0	0	0	0
vữa	TONE_NGA	vɨəʔ↗	vˈyəʔ↗	1	0	0	0
vựa	TONE_NANG	vɨəʔ↓	vˈyəʔ↓	1	0	0	0
vưai	TONE_NGANG	vɨə→j	vˈyə ˈi	0	0	0	0
vừai	TONE_HUYEN	vɨə↘j	vˈyə↘ ˈi	0	0	0	0
vứai	TONE_SAC	vɨə↗j	vˈyə↗ ˈi	0	0	0	0
vư̂ai	TONE_HOI	vɨə↓j	vˈy ˈaːj	0	0	0	0
vữai	TONE_NGA	vɨəʔ↗j	vˈyəʔ↗ ˈi	0	0	0	0
vựai	TONE_NANG	vɨəʔ↓j	vˈyəʔ↓ ˈi	0	0	0	0
vưay	TONE_NGANG	vɨə→j	vˈyə ˈi	0	0	0	0
vừay	TONE_HUYEN	vɨə↘j	vˈyə↘ ˈi	0	0	0	0
vứay	TONE_SAC	vɨə↗j	vˈyə↗ ˈi	0	0	0	0
vư̂ay	TONE_HOI	vɨə↓j	vˈy ˈaj	0	0	0	0
vữay	TONE_NGA	vɨəʔ↗j	vˈyəʔ↗ ˈi	0	0	0	0
vựay	TONE_NANG	vɨəʔ↓j	vˈyəʔ↓ ˈi	0	0	0	0
vưao	TONE_NGANG	vɨə→w	vˈyə ˈɔ	0	0	0	0
vừao	TONE_HUYEN	vɨə↘w	vˈyə↘ ˈɔ	1	0	0	0
vứao	TONE_SAC	vɨə↗w	vˈyə↗ ˈɔ	1	0	0	0
vư̂ao	TONE_HOI	vɨə↓w	vˈy ˈaːw	0	0	0	0
vữao	TONE_NGA	vɨəʔ↗w	vˈyəʔ↗ ˈɔ	1	0	0	0
vựao	TONE_NANG	vɨəʔ↓w	vˈyəʔ↓ ˈɔ	1	0	0	0
vưau	TONE_NGANG	vɨə→w	vˈyə ˈu	0	0	0	0
vừau	TONE_HUYEN	vɨə↘w	vˈyə↘ ˈu	0	0	0	0
vứau	TONE_SAC	vɨə↗w	vˈyə↗ ˈu	0	0	0	0
vư̂au	TONE_HOI	vɨə↓w	vˈy ˈaw	0	0	0	0
vữau	TONE_NGA	vɨəʔ↗w	vˈyəʔ↗ ˈu	0	0	0	0
vựau	TONE_NANG	vɨəʔ↓w	vˈyəʔ↓ ˈu	0	0	0	0
vưam	TONE_NGANG	vɨə→m	vˈy ˈaːm	0	0	0	0
vừam	TONE_HUYEN	vɨə↘m	vˈy↘ ˈaːm	0	0	0	0
vứam	TONE_SAC	vɨə↗m	vˈy↗ ˈaːm	0	0	0	0
vư̂am	TONE_HOI	vɨə↓m	vˈy ˈaːm	0	0	0	0
vữam	TONE_NGA	vɨəʔ↗m	vˈyʔ↗ ˈaːm	0	0	0	0
vựam	TONE_NANG	vɨəʔ↓m	vˈyʔ↓ ˈaːm	0	0	0	0
vứap	TONE_SAC	vɨə↗p	vˈy↗ ˈaː↗p	0	0	0	0
vựap	TONE_NANG	vɨəʔ↓p	vˈyʔ↓ ˈaː↗p	0	0	0	0
vứat	TONE_SAC	vɨə↗t	vˈy↗ ˈaː↗t	0	0	0	0
vựat	TONE_NANG	vɨəʔ↓t	vˈyʔ↓ ˈaː↗t	0	0	0	0
vưang	TONE_NGANG	vɨə→ŋ	vˈy ˈaːŋ	0	0	0	0
vừang	TONE_HUYEN	vɨə↘ŋ	vˈy↘ ˈaːŋ	0	0	0	0
vứang	TONE_SAC	vɨə↗ŋ	vˈy↗ ˈaːŋ	0	0	0	0
vư̂ang	TONE_HOI	vɨə↓ŋ	vˈy ˈaːŋ	0	0	0	0
vữang	TONE_NGA	vɨəʔ↗ŋ	vˈyʔ↗ ˈaːŋ	0	0	0	0
vựang	TONE_NANG	vɨəʔ↓ŋ	vˈyʔ↓ ˈaːŋ	0	0	0	0
vứac	TONE_SAC	vɨə↗k	vˈy↗ ˈaː↗c	0	0	0	0
vựac	TONE_NANG	vɨəʔ↓k	vˈyʔ↓ ˈaː↗c	0	0	0	0
vứach	TONE_SAC	vɨə↗k	vˈy↗ ˈæ↗c	0	0	0	0
vựach	TONE_NANG	vɨəʔ↓k	vˈyʔ↓ ˈæ↗c	0	0	0	0
vuô	TONE_NGANG	vuə→	vˈu ˈo	0	0	0	0
vuồ	TONE_HUYEN	vuə↘	vˈu ˈo↘	1	0	0	0
vuố	TONE_SAC	vuə↗	vˈu ˈo↗	1	0	0	0
vuô̂	TONE_HOI	vuə↓	vˈu ˈo	0	0	0	0
vuỗ	TONE_NGA	vuəʔ↗	vˈu ˈoʔ↗	1	0	0	0
vuộ	TONE_NANG	vuəʔ↓	vˈu ˈoʔ↓	1	0	0	0
vuôi	TONE_NGANG	vuə→j	vˈuəj	0	0	0	0
vuồi	TONE_HUYEN	vuə↘j	vˈuə↘j	1	0	0	0
vuối	TONE_SAC	vuə↗j	vˈuə↗j	1	0	0	0
vuô̂i	TONE_HOI	vuə↓j	vˈu ˈo ˈi	0	0	0	0
vuỗi	TONE_NGA	vuəʔ↗j	vˈuəʔ↗j	1	0	0	0
vuội	TONE_NANG	vuəʔ↓j	vˈuəʔ↓j	1	0	0	0
vuôy	TONE_NGANG	vuə→j	vˈu ˈoˈi	0	0	0	0
vuồy	TONE_HUYEN	vuə↘j	vˈu ˈo↘ˈi	0	0	0	0
vuốy	TONE_SAC	vuə↗j	vˈu ˈo↗ˈi	0	0	0	0
vuô̂y	TONE_HOI	vuə↓j	vˈu ˈo ˈi	0	0	0	0
vuỗy	TONE_NGA	vuəʔ↗j	vˈu ˈoʔ↗ˈi	0	0	0	0
vuộy	TONE_NANG	vuəʔ↓j	vˈu ˈoʔ↓ˈi	0	0	0	0
vuôn	TONE_NGANG	vuə→n	vˈuən	0	0	0	0
vuồn	TONE_HUYEN	vuə↘n	vˈuə↘n	1	0	0	0
vuốn	TONE_SAC	vuə↗n	vˈuə↗n	1	0	0	0
vuô̂n	TONE_HOI	vuə↓n	vˈu ˈo nˈəː↘	0	0	0	0
vuỗn	TONE_NGA	vuəʔ↗n	vˈuəʔ↗n	1	0	0	0
vuộn	TONE_NANG	vuəʔ↓n	vˈuəʔ↓n	1	0	0	0
vuốp	TONE_SAC	vuə↗p	vˈuə↗p	1	0	0	0
vuộp	TONE_NANG	vuəʔ↓p	vˈuəʔ↓p	1	0	0	0
vuốt	TONE_SAC	vuə↗t	vˈuə↗t	1	0	0	0
vuột	TONE_NANG	vuəʔ↓t	vˈuəʔ↓t	1	0	0	0
vuông	TONE_NGANG	vuə→ŋ	vˈuəŋ	0	0	0	0
vuồng	TONE_HUYEN	vuə↘ŋ	vˈuə↘ŋ	1	0	0	0
vuống	TONE_SAC	vuə↗ŋ	vˈuə↗ŋ	1	0	0	0
vuô̂ng	TONE_HOI	vuə↓ŋ	vˈu ˈo ˌɛndʒˈiː	0	0	0	0
vuỗng	TONE_NGA	vuəʔ↗ŋ	vˈuəʔ↗ŋ	1	0	0	0
vuộng	TONE_NANG	vuəʔ↓ŋ	vˈuəʔ↓ŋ	1	0	0	0
vuốc	TONE_SAC	vuə↗k	vˈuə↗c	1	0	0	0
vuộc	TONE_NANG	vuəʔ↓k	vˈuəʔ↓c	1	0	0	0
vuốch	TONE_SAC	vuə↗k	vˈuə↗c hˈa↗t	0	0	0	0
vuộch	TONE_NANG	vuəʔ↓k	vˈuəʔ↓c hˈa↗t	0	0	0	0
vua	TONE_NGANG	vuə→	vˈuə	0	0	0	0
vùa	TONE_HUYEN	vuə↘	vˈuə↘	1	0	0	0
vúa	TONE_SAC	vuə↗	vˈuə↗	1	0	0	0
vûa	TONE_HOI	vuə↓	vˈuə	0	0	0	0
vũa	TONE_NGA	vuəʔ↗	vˈuəʔ↗	1	0	0	0
vụa	TONE_NANG	vuəʔ↓	vˈuəʔ↓	1	0	0	0
vuai	TONE_NGANG	vuə→j	vˈuə ˈaɪ	0	0	0	0
vùai	TONE_HUYEN	vuə↘j	vˈuə↘ ˈi	0	0	0	0
vúai	TONE_SAC	vuə↗j	vˈuə↗ ˈi	0	0	0	0
vûai	TONE_HOI	vuə↓j	vˈuə ˈaɪ	0	0	0	0
vũai	TONE_NGA	vuəʔ↗j	vˈuəʔ↗ ˈi	0	0	0	0
vụai	TONE_NANG	vuəʔ↓j	vˈuəʔ↓ ˈi	0	0	0	0
vuay	TONE_NGANG	vuə→j	vˈuə wˈaɪ	0	0	0	0
vùay	TONE_HUYEN	vuə↘j	vˈuə↘ ˈi	0	0	0	0
vúay	TONE_SAC	vuə↗j	vˈuə↗ ˈi	0	0	0	0
vûay	TONE_HOI	vuə↓j	vˈuə wˈaɪ	0	0	0	0
vũay	TONE_NGA	vuəʔ↗j	vˈuəʔ↗ ˈi	0	0	0	0
vụay	TONE_NANG	vuəʔ↓j	vˈuəʔ↓ ˈi	0	0	0	0
vao	TONE_NGANG	vaː→w	vˈaːw	0	0	0	0
vào	TONE_HUYEN	vaː↘w	vˈaː↘w	1	0	0	0
váo	TONE_SAC	vaː↗w	vˈaː↗w	1	0	0	0
vâo	TONE_HOI	vaː↓w	vˈeˌeɪsˈ↗ːkəmflˌɛksˈɔ	0	0	0	0
vão	TONE_NGA	vaːʔ↗w	vˈaːʔ↗w	1	0	0	0
vạo	TONE_NANG	vaːʔ↓w	vˈaːʔ↓w	1	0	0	0
vau	TONE_NGANG	va→w	vˈaw	0	0	0	0
vàu	TONE_HUYEN	va↘w	vˈa↘w	1	0	0	0
váu	TONE_SAC	va↗w	vˈa↗w	1	0	0	0
vâu	TONE_HOI	va↓w	vˈə→w	0	0	0	0
vãu	TONE_NGA	vaʔ↗w	vˈaʔ↗w	1	0	0	0
vạu	TONE_NANG	vaʔ↓w	vˈaʔ↓w	1	0	0	0
vuan	TONE_NGANG	vuə→n	vjˈuːæn	0	0	0	0
vùan	TONE_HUYEN	vuə↘n	vˈu↘ ˈaːn	0	0	0	0
vúan	TONE_SAC	vuə↗n	vˈu↗ ˈaːn	0	0	0	0
vûan	TONE_HOI	vuə↓n	vjˈuːæn	0	0	0	0
vũan	TONE_NGA	vuəʔ↗n	vˈuʔ↗ ˈaːn	0	0	0	0
vụan	TONE_NANG	vuəʔ↓n	vˈuʔ↓ ˈaːn	0	0	0	0
vúap	TONE_SAC	vuə↗p	vˈu↗ ˈaː↗p	0	0	0	0
vụap	TONE_NANG	vuəʔ↓p	vˈuʔ↓ ˈaː↗p	0	0	0	0
vúat	TONE_SAC	vuə↗t	vˈu↗ ˈaː↗t	0	0	0	0
vụat	TONE_NANG	vuəʔ↓t	vˈuʔ↓ ˈaː↗t	0	0	0	0
vuang	TONE_NGANG	vuə→ŋ	vˈu ˈaːŋ	0	0	0	0
vùang	TONE_HUYEN	vuə↘ŋ	vˈu↘ ˈaːŋ	0	0	0	0
vúang	TONE_SAC	vuə↗ŋ	vˈu↗ ˈaːŋ	0	0	0	0
vûang	TONE_HOI	vuə↓ŋ	vˈu ˈaːŋ	0	0	0	0
vũang	TONE_NGA	vuəʔ↗ŋ	vˈuʔ↗ ˈaːŋ	0	0	0	0
vụang	TONE_NANG	vuəʔ↓ŋ	vˈuʔ↓ ˈaːŋ	0	0	0	0
vanh	TONE_NGANG	vaː→ɲ	vˈæɲ	0	0	0	1
vành	TONE_HUYEN	vaː↘ɲ	vˈæ↘ɲ	1	0	0	1
vánh	TONE_SAC	vaː↗ɲ	vˈæ↗ɲ	1	0	0	1
vânh	TONE_HOI	vaː↓ɲ	vˈən hˈa↗t	0	0	0	1
vãnh	TONE_NGA	vaːʔ↗ɲ	vˈæʔ↗ɲ	1	0	0	1
vạnh	TONE_NANG	vaːʔ↓ɲ	vˈæʔ↓ɲ	1	0	0	1
vúac	TONE_SAC	vuə↗k	vˈu↗ ˈaː↗c	0	0	0	0
vụac	TONE_NANG	vuəʔ↓k	vˈuʔ↓ ˈaː↗c	0	0	0	0
vúach	TONE_SAC	vuə↗k	vˈu↗ ˈæ↗c	0	0	0	0
vụach	TONE_NANG	vuəʔ↓k	vˈuʔ↓ ˈæ↗c	0	0	0	0
va	TONE_NGANG	vaː→	vˈaː	0	0	0	0
và	TONE_HUYEN	vaː↘	vˌaː↘	1	0	0	0
vá	TONE_SAC	vaː↗	vˈaː↗	1	0	0	0
vâ	TONE_HOI	vaː↓	vˈeˌeɪsˈ↗ːkəmflˌɛks	0	0	0	0
vã	TONE_NGA	vaːʔ↗	vˈaːʔ↗	1	0	0	0
vạ	TONE_NANG	vaːʔ↓	vˈaːʔ↓	1	0	0	0
vai	TONE_NGANG	vaː→j	vˈaːj	0	0	0	0
vài	TONE_HUYEN	vaː↘j	vˈaː↘j	1	0	0	0
vái	TONE_SAC	vaː↗j	vˈaː↗j	1	0	0	0
vâi	TONE_HOI	vaː↓j	vˈeˌeɪsˈ↗ːkəmflˌɛksˈi	0	0	0	0
vãi	TONE_NGA	vaːʔ↗j	vˈaːʔ↗j	1	0	0	0
vại	TONE_NANG	vaːʔ↓j	vˈaːʔ↓j	1	0	0	0
vay	TONE_NGANG	va→j	vˈaj	0	0	0	0
vày	TONE_HUYEN	va↘j	vˈa↘j	1	0	0	0
váy	TONE_SAC	va↗j	vˈa↗j	1	0	0	0
vây	TONE_HOI	va↓j	vˈəɪ	0	0	0	0
vãy	TONE_NGA	vaʔ↗j	vˈaʔ↗j	1	0	0	0
vạy	TONE_NANG	vaʔ↓j	vˈaʔ↓j	1	0	0	0
vao	TONE_NGANG	vaː→w	vˈaːw	0	0	0	0
vào	TONE_HUYEN	vaː↘w	vˈaː↘w	1	0	0	0
váo	TONE_SAC	vaː↗w	vˈaː↗w	1	0	0	0
vâo	TONE_HOI	vaː↓w	vˈeˌeɪsˈ↗ːkəmflˌɛksˈɔ	0	0	0	0
vão	TONE_NGA	vaːʔ↗w	vˈaːʔ↗w	1	0	0	0
vạo	TONE_NANG	vaːʔ↓w	vˈaːʔ↓w	1	0	0	0
vau	TONE_NGANG	va→w	vˈaw	0	0	0	0
vàu	TONE_HUYEN	va↘w	vˈa↘w	1	0	0	0
váu	TONE_SAC	va↗w	vˈa↗w	1	0	0	0
vâu	TONE_HOI	va↓w	vˈə→w	0	0	0	0
vãu	TONE_NGA	vaʔ↗w	vˈaʔ↗w	1	0	0	0
vạu	TONE_NANG	vaʔ↓w	vˈaʔ↓w	1	0	0	0
vam	TONE_NGANG	vaː→m	vˈaːm	0	0	0	0
vàm	TONE_HUYEN	vaː↘m	vˈaː↘m	1	0	0	0
vám	TONE_SAC	vaː↗m	vˈaː↗m	1	0	0	0
vâm	TONE_HOI	vaː↓m	vˈəm	0	0	0	0
vãm	TONE_NGA	vaːʔ↗m	vˈaːʔ↗m	1	0	0	0
vạm	TONE_NANG	vaːʔ↓m	vˈaːʔ↓m	1	0	0	0
van	TONE_NGANG	vaː→n	vˈæn	0	0	0	0
vàn	TONE_HUYEN	vaː↘n	vˈaː↘n	1	0	0	0
ván	TONE_SAC	vaː↗n	vˈaː↗n	1	0	0	0
vân	TONE_HOI	vaː↓n	vˈən	0	0	0	0
vãn	TONE_NGA	vaːʔ↗n	vˈaːʔ↗n	1	0	0	0
vạn	TONE_NANG	vaːʔ↓n	vˈaːʔ↓n	1	0	0	0
váp	TONE_SAC	vaː↗p	vˈaː↗p	1	0	0	0
vạp	TONE_NANG	vaːʔ↓p	vˈaːʔ↓p	1	0	0	0
vát	TONE_SAC	vaː↗t	vˈaː↗t	1	0	0	0
vạt	TONE_NANG	vaːʔ↓t	vˈaːʔ↓t	1	0	0	0
vang	TONE_NGANG	vaː→ŋ	vˈaːŋ	0	0	0	0
vàng	TONE_HUYEN	vaː↘ŋ	vˈaː↘ŋ	1	0	0	0
váng	TONE_SAC	vaː↗ŋ	vˈaː↗ŋ	1	0	0	0
vâng	TONE_HOI	vaː↓ŋ	vˈəŋ	0	0	0	0
vãng	TONE_NGA	vaːʔ↗ŋ	vˈaːʔ↗ŋ	1	0	0	0
vạng	TONE_NANG	vaːʔ↓ŋ	vˈaːʔ↓ŋ	1	0	0	0
vanh	TONE_NGANG	vaː→ɲ	vˈæɲ	0	0	0	1
vành	TONE_HUYEN	vaː↘ɲ	vˈæ↘ɲ	1	0	0	1
vánh	TONE_SAC	vaː↗ɲ	vˈæ↗ɲ	1	0	0	1
vânh	TONE_HOI	vaː↓ɲ	vˈən hˈa↗t	0	0	0	1
vãnh	TONE_NGA	vaːʔ↗ɲ	vˈæʔ↗ɲ	1	0	0	1
vạnh	TONE_NANG	vaːʔ↓ɲ	vˈæʔ↓ɲ	1	0	0	1
vác	TONE_SAC	vaː↗k	vˈaː↗c	1	0	0	0
vạc	TONE_NANG	vaːʔ↓k	vˈaːʔ↓c	1	0	0	0
vách	TONE_SAC	va↗k	vˈæ↗c	1	0	0	0
vạch	TONE_NANG	vaʔ↓k	vˈæʔ↓c	1	0	0	0
vă	TONE_NGANG	va→	vˈeă	0	1	0	0
vằ	TONE_HUYEN	va↘	vˈeằ	0	1	0	0
vắ	TONE_SAC	va↗	vˈeắ	0	1	0	0
vă̂	TONE_HOI	va↓	vˈeă	0	1	0	0
vẵ	TONE_NGA	vaʔ↗	vˈeẵ	0	1	0	0
vặ	TONE_NANG	vaʔ↓	vˈeặ	0	1	0	0
văm	TONE_NGANG	va→m	vˈam	0	0	0	0
vằm	TONE_HUYEN	va↘m	vˈa↘m	1	0	0	0
vắm	TONE_SAC	va↗m	vˈa↗m	1	0	0	0
vă̂m	TONE_HOI	va↓m	vˈeă mˈəː↘	0	1	0	0
vẵm	TONE_NGA	vaʔ↗m	vˈaʔ↗m	1	0	0	0
vặm	TONE_NANG	vaʔ↓m	vˈaʔ↓m	1	0	0	0
văn	TONE_NGANG	va→n	vˈan	0	0	0	0
vằn	TONE_HUYEN	va↘n	vˈa↘n	1	0	0	0
vắn	TONE_SAC	va↗n	vˈa↗n	1	0	0	0
vă̂n	TONE_HOI	va↓n	vˈeă nˈəː↘	0	1	0	0
vẵn	TONE_NGA	vaʔ↗n	vˈaʔ↗n	1	0	0	0
vặn	TONE_NANG	vaʔ↓n	vˈaʔ↓n	1	0	0	0
vắp	TONE_SAC	va↗p	vˈa↗p	1	0	0	0
vặp	TONE_NANG	vaʔ↓p	vˈaʔ↓p	1	0	0	0
vắt	TONE_SAC	va↗t	vˈa↗t	1	0	0	0
vặt	TONE_NANG	vaʔ↓t	vˈaʔ↓t	1	0	0	0
văng	TONE_NGANG	va→ŋ	vˈaŋ	0	0	0	0
vằng	TONE_HUYEN	va↘ŋ	vˈa↘ŋ	1	0	0	0
vắng	TONE_SAC	va↗ŋ	vˈa↗ŋ	1	0	0	0
vă̂ng	TONE_HOI	va↓ŋ	vˈeă ˌɛndʒˈiː	0	1	0	0
vẵng	TONE_NGA	vaʔ↗ŋ	vˈaʔ↗ŋ	1	0	0	0
vặng	TONE_NANG	vaʔ↓ŋ	vˈaʔ↓ŋ	1	0	0	0
vắc	TONE_SAC	va↗k	vˈa↗c	1	0	0	0
vặc	TONE_NANG	vaʔ↓k	vˈaʔ↓c	1	0	0	0
vắch	TONE_SAC	va↗k	vˈa↗c hˈa↗t	0	0	0	0
vặch	TONE_NANG	vaʔ↓k	vˈaʔ↓c hˈa↗t	0	0	0	0
vâ	TONE_NGANG	və→	vˈeˌeɪsˈ↗ːkəmflˌɛks	0	0	0	0
vầ	TONE_HUYEN	və↘	vˈeầ	0	1	0	0
vấ	TONE_SAC	və↗	vˈeấ	0	1	0	0
vâ̂	TONE_HOI	və↓	vˈeˌeɪsˈ↗ːkəmflˌɛks	0	0	0	0
vẫ	TONE_NGA	vəʔ↗	vˈeẫ	0	1	0	0
vậ	TONE_NANG	vəʔ↓	vˈeậ	0	1	0	0
vâi	TONE_NGANG	və→j	vˈeˌeɪsˈ↗ːkəmflˌɛksˈi	0	0	0	0
vầi	TONE_HUYEN	və↘j	vˈeầˈi	0	1	0	0
vấi	TONE_SAC	və↗j	vˈeấˈi	0	1	0	0
vâ̂i	TONE_HOI	və↓j	vˈeˌeɪsˈ↗ːkəmflˌɛks ˈi	0	0	0	0
vẫi	TONE_NGA	vəʔ↗j	vˈeẫˈi	0	1	0	0
vậi	TONE_NANG	vəʔ↓j	vˈeậˈi	0	1	0	0
vây	TONE_NGANG	və→j	vˈəɪ	0	0	0	0
vầy	TONE_HUYEN	və↘j	vˈəɪ↘	1	0	0	0
vấy	TONE_SAC	və↗j	vˈəɪ↗	1	0	0	0
vâ̂y	TONE_HOI	və↓j	vˈeˌeɪsˈ↗ːkəmflˌɛks ˈi	0	0	0	0
vẫy	TONE_NGA	vəʔ↗j	vˈəɪʔ↗	1	0	0	0
vậy	TONE_NANG	vəʔ↓j	vˈəɪʔ↓	1	0	0	0
vâo	TONE_NGANG	və→w	vˈeˌeɪsˈ↗ːkəmflˌɛksˈɔ	0	0	0	0
vầo	TONE_HUYEN	və↘w	vˈeầˈɔ	0	1	0	0
vấo	TONE_SAC	və↗w	vˈeấˈɔ	0	1	0	0
vâ̂o	TONE_HOI	və↓w	vˈeˌeɪsˈ↗ːkəmflˌɛks ˈo	0	0	0	0
vẫo	TONE_NGA	vəʔ↗w	vˈeẫˈɔ	0	1	0	0
vậo	TONE_NANG	vəʔ↓w	vˈeậˈɔ	0	1	0	0
vâu	TONE_NGANG	və→w	vˈə→w	1	0	0	0
vầu	TONE_HUYEN	və↘w	vˈə↘w	1	0	0	0
vấu	TONE_SAC	və↗w	vˈə↗w	1	0	0	0
vâ̂u	TONE_HOI	və↓w	vˈeˌeɪsˈ↗ːkəmflˌɛks ˈu	0	0	0	0
vẫu	TONE_NGA	vəʔ↗w	vˈəʔ↗w	1	0	0	0
vậu	TONE_NANG	vəʔ↓w	vˈəʔ↓w	1	0	0	0
vâm	TONE_NGANG	və→m	vˈəm	0	0	0	0
vầm	TONE_HUYEN	və↘m	vˈə↘m	1	0	0	0
vấm	TONE_SAC	və↗m	vˈə↗m	1	0	0	0
vâ̂m	TONE_HOI	və↓m	vˈeˌeɪsˈ↗ːkəmflˌɛks mˈəː↘	0	0	0	0
vẫm	TONE_NGA	vəʔ↗m	vˈəʔ↗m	1	0	0	0
vậm	TONE_NANG	vəʔ↓m	vˈəʔ↓m	1	0	0	0
vân	TONE_NGANG	və→n	vˈən	0	0	0	0
vần	TONE_HUYEN	və↘n	vˈə↘n	1	0	0	0
vấn	TONE_SAC	və↗n	vˈə↗n	1	0	0	0
vâ̂n	TONE_HOI	və↓n	vˈeˌeɪsˈ↗ːkəmflˌɛks nˈəː↘	0	0	0	0
vẫn	TONE_NGA	vəʔ↗n	vˌəʔ↗n	1	0	0	0
vận	TONE_NANG	vəʔ↓n	vˈəʔ↓n	1	0	0	0
vấp	TONE_SAC	və↗p	vˈə↗p	1	0	0	0
vập	TONE_NANG	vəʔ↓p	vˈəʔ↓p	1	0	0	0
vất	TONE_SAC	və↗t	vˈə↗t	1	0	0	0
vật	TONE_NANG	vəʔ↓t	vˈəʔ↓t	1	0	0	0
vâng	TONE_NGANG	və→ŋ	vˈəŋ	0	0	0	0
vầng	TONE_HUYEN	və↘ŋ	vˈə↘ŋ	1	0	0	0
vấng	TONE_SAC	və↗ŋ	vˈə↗ŋ	1	0	0	0
vâ̂ng	TONE_HOI	və↓ŋ	vˈeˌeɪsˈ↗ːkəmflˌɛks ˌɛndʒˈiː	0	0	0	0
vẫng	TONE_NGA	vəʔ↗ŋ	vˈəʔ↗ŋ	1	0	0	0
vậng	TONE_NANG	vəʔ↓ŋ	vˈəʔ↓ŋ	1	0	0	0
vấc	TONE_SAC	və↗k	vˈə↗c	1	0	0	0
vậc	TONE_NANG	vəʔ↓k	vˈəʔ↓c	1	0	0	0
vấch	TONE_SAC	və↗k	vˈə↗c hˈa↗t	0	0	0	0
vậch	TONE_NANG	vəʔ↓k	vˈəʔ↓c hˈa↗t	0	0	0	0
ve	TONE_NGANG	vɛ→	vˈɛ	0	0	0	0
vè	TONE_HUYEN	vɛ↘	vˈɛ↘	1	0	0	0
vé	TONE_SAC	vɛ↗	vˈɛ↗	1	0	0	0
vê	TONE_HOI	vɛ↓	vˈe	0	0	0	0
vẽ	TONE_NGA	vɛʔ↗	vˈɛʔ↗	1	0	0	0
vẹ	TONE_NANG	vɛʔ↓	vˈɛʔ↓	1	0	0	0
veo	TONE_NGANG	vɛ→w	vˈiːəʊ	0	0	0	0
vèo	TONE_HUYEN	vɛ↘w	vˈɛ↘w	1	0	0	0
véo	TONE_SAC	vɛ↗w	vˈɛ↗w	1	0	0	0
vêo	TONE_HOI	vɛ↓w	vˈe ˈɔ	0	0	0	0
vẽo	TONE_NGA	vɛʔ↗w	vˈɛʔ↗w	1	0	0	0
vẹo	TONE_NANG	vɛʔ↓w	vˈɛʔ↓w	1	0	0	0
veu	TONE_NGANG	vɛ→w	vˈe→w	1	0	0	0
vèu	TONE_HUYEN	vɛ↘w	vˈɛ↘ ˈu	0	0	0	0
véu	TONE_SAC	vɛ↗w	vˈɛ↗ ˈu	0	0	0	0
vêu	TONE_HOI	vɛ↓w	vˈe→w	0	0	0	0
vẽu	TONE_NGA	vɛʔ↗w	vˈɛʔ↗ ˈu	0	0	0	0
vẹu	TONE_NANG	vɛʔ↓w	vˈɛʔ↓ ˈu	0	0	0	0
vem	TONE_NGANG	vɛ→m	vˈɛm	0	0	0	0
vèm	TONE_HUYEN	vɛ↘m	vˈɛ↘m	1	0	0	0
vém	TONE_SAC	vɛ↗m	vˈɛ↗m	1	0	0	0
vêm	TONE_HOI	vɛ↓m	vˈem	0	0	0	0
vẽm	TONE_NGA	vɛʔ↗m	vˈɛʔ↗m	1	0	0	0
vẹm	TONE_NANG	vɛʔ↓m	vˈɛʔ↓m	1	0	0	0
ven	TONE_NGANG	vɛ→n	vˈɛn	0	0	0	0
vèn	TONE_HUYEN	vɛ↘n	vˈɛ↘n	1	0	0	0
vén	TONE_SAC	vɛ↗n	vˈɛ↗n	1	0	0	0
vên	TONE_HOI	vɛ↓n	vˈen	0	0	0	0
vẽn	TONE_NGA	vɛʔ↗n	vˈɛʔ↗n	1	0	0	0
vẹn	TONE_NANG	vɛʔ↓n	vˈɛʔ↓n	1	0	0	0
vép	TONE_SAC	vɛ↗p	vˈɛ↗p	1	0	0	0
vẹp	TONE_NANG	vɛʔ↓p	vˈɛʔ↓p	1	0	0	0
vét	TONE_SAC	vɛ↗t	vˈɛ↗t	1	0	0	0
vẹt	TONE_NANG	vɛʔ↓t	vˈɛʔ↓t	1	0	0	0
veng	TONE_NGANG	vɛ→ŋ	vˈɛŋ	0	0	0	0
vèng	TONE_HUYEN	vɛ↘ŋ	vˈɛ↘ŋ	1	0	0	0
véng	TONE_SAC	vɛ↗ŋ	vˈɛ↗ŋ	1	0	0	0
vêng	TONE_HOI	vɛ↓ŋ	vˈen ðˈe→	0	0	0	0
vẽng	TONE_NGA	vɛʔ↗ŋ	vˈɛʔ↗ŋ	1	0	0	0
vẹng	TONE_NANG	vɛʔ↓ŋ	vˈɛʔ↓ŋ	1	0	0	0
véc	TONE_SAC	vɛ↗k	vˈɛ↗c	1	0	0	0
vẹc	TONE_NANG	vɛʔ↓k	vˈɛʔ↓c	1	0	0	0
véch	TONE_SAC	vɛ↗k	vˈɛ↗c hˈa↗t	0	0	0	0
vẹch	TONE_NANG	vɛʔ↓k	vˈɛʔ↓c hˈa↗t	0	0	0	0
vê	TONE_NGANG	ve→	vˈe	0	0	0	0
về	TONE_HUYEN	ve↘	vˈe↘	1	0	0	0
vế	TONE_SAC	ve↗	vˈe↗	1	0	0	0
vê̂	TONE_HOI	ve↓	vˈe	0	0	0	0
vễ	TONE_NGA	veʔ↗	vˈeʔ↗	1	0	0	0
vệ	TONE_NANG	veʔ↓	vˈeʔ↓	1	0	0	0
vêo	TONE_NGANG	ve→w	vˈe ˈɔ	0	0	0	0
vềo	TONE_HUYEN	ve↘w	vˈe↘ ˈɔ	1	0	0	0
vếo	TONE_SAC	ve↗w	vˈe↗ ˈɔ	1	0	0	0
vê̂o	TONE_HOI	ve↓w	vˈe ˈo	0	0	0	0
vễo	TONE_NGA	veʔ↗w	vˈeʔ↗ ˈɔ	1	0	0	0
vệo	TONE_NANG	veʔ↓w	vˈeʔ↓ ˈɔ	1	0	0	0
vêu	TONE_NGANG	ve→w	vˈe→w	1	0	0	0
vều	TONE_HUYEN	ve↘w	vˈe↘w	1	0	0	0
vếu	TONE_SAC	ve↗w	vˈe↗w	1	0	0	0
vê̂u	TONE_HOI	ve↓w	vˈe ˈu	0	0	0	0
vễu	TONE_NGA	veʔ↗w	vˈeʔ↗w	1	0	0	0
vệu	TONE_NANG	veʔ↓w	vˈeʔ↓w	1	0	0	0
vêm	TONE_NGANG	ve→m	vˈem	0	0	0	0
vềm	TONE_HUYEN	ve↘m	vˈe↘m	1	0	0	0
vếm	TONE_SAC	ve↗m	vˈe↗m	1	0	0	0
vê̂m	TONE_HOI	ve↓m	vˈe mˈəː↘	0	0	0	0
vễm	TONE_NGA	veʔ↗m	vˈeʔ↗m	1	0	0	0
vệm	TONE_NANG	veʔ↓m	vˈeʔ↓m	1	0	0	0
vên	TONE_NGANG	ve→n	vˈen	0	0	0	0
vền	TONE_HUYEN	ve↘n	vˈe↘n	1	0	0	0
vến	TONE_SAC	ve↗n	vˈe↗n	1	0	0	0
vê̂n	TONE_HOI	ve↓n	vˈe nˈəː↘	0	0	0	0
vễn	TONE_NGA	veʔ↗n	vˈeʔ↗n	1	0	0	0
vện	TONE_NANG	veʔ↓n	vˈeʔ↓n	1	0	0	0
vếp	TONE_SAC	ve↗p	vˈe↗p	1	0	0	0
vệp	TONE_NANG	veʔ↓p	vˈeʔ↓p	1	0	0	0
vết	TONE_SAC	ve↗t	vˈe↗t	1	0	0	0
vệt	TONE_NANG	veʔ↓t	vˈeʔ↓t	1	0	0	0
vênh	TONE_NGANG	ve→ɲ	vˈeɲ	0	0	0	0
vềnh	TONE_HUYEN	ve↘ɲ	vˈe↘ɲ	1	0	0	0
vếnh	TONE_SAC	ve↗ɲ	vˈe↗ɲ	1	0	0	0
vê̂nh	TONE_HOI	ve↓ɲ	vˈe ˌɛnˈeɪʧ	0	0	0	0
vễnh	TONE_NGA	veʔ↗ɲ	vˈeʔ↗ɲ	1	0	0	0
vệnh	TONE_NANG	veʔ↓ɲ	vˈeʔ↓ɲ	1	0	0	0
vếc	TONE_SAC	ve↗k	vˈe↗ sˈe	0	0	0	0
vệc	TONE_NANG	veʔ↓k	vˈeʔ↓ sˈe	0	0	0	0
vếch	TONE_SAC	ve↗k	vˈe↗c	1	0	0	0
vệch	TONE_NANG	veʔ↓k	vˈeʔ↓c	1	0	0	0
vi	TONE_NGANG	vi→	vˈi	0	0	0	0
vì	TONE_HUYEN	vi↘	vˌi↘	1	0	0	0
ví	TONE_SAC	vi↗	vˈi↗	1	0	0	0
vî	TONE_HOI	vi↓	vˈi	0	0	0	0
vĩ	TONE_NGA	viʔ↗	vˈiʔ↗	1	0	0	0
vị	TONE_NANG	viʔ↓	vˈiʔ↓	1	0	0	0
vio	TONE_NGANG	vi→w	vˈaɪɑː	0	0	0	0
vìo	TONE_HUYEN	vi↘w	vˌi↘ ˈɔ	1	0	0	0
vío	TONE_SAC	vi↗w	vˈi↗ ˈɔ	1	0	0	0
vîo	TONE_HOI	vi↓w	vˈaɪɑː	0	0	0	0
vĩo	TONE_NGA	viʔ↗w	vˈiʔ↗ ˈɔ	1	0	0	0
vịo	TONE_NANG	viʔ↓w	vˈiʔ↓ ˈɔ	1	0	0	0
viu	TONE_NGANG	vi→w	vˈiw	0	0	0	0
vìu	TONE_HUYEN	vi↘w	vˈi↘w	1	0	0	0
víu	TONE_SAC	vi↗w	vˈi↗w	1	0	0	0
vîu	TONE_HOI	vi↓w	vˈiw	0	0	0	0
vĩu	TONE_NGA	viʔ↗w	vˈiʔ↗w	1	0	0	0
vịu	TONE_NANG	viʔ↓w	vˈiʔ↓w	1	0	0	0
vim	TONE_NGANG	vi→m	vˈiʔ↓m	0	0	0	0
vìm	TONE_HUYEN	vi↘m	vˈi↘m	1	0	0	0
vím	TONE_SAC	vi↗m	vˈi↗m	1	0	0	0
vîm	TONE_HOI	vi↓m	vˈiʔ↓m	0	0	0	0
vĩm	TONE_NGA	viʔ↗m	vˈiʔ↗m	1	0	0	0
vịm	TONE_NANG	viʔ↓m	vˈiʔ↓m	1	0	0	0
vin	TONE_NGANG	vi→n	vˈɪn	0	0	0	0
vìn	TONE_HUYEN	vi↘n	vˈi↘n	1	0	0	0
vín	TONE_SAC	vi↗n	vˈi↗n	1	0	0	0
vîn	TONE_HOI	vi↓n	vˈɪn	0	0	0	0
vĩn	TONE_NGA	viʔ↗n	vˈiʔ↗n	1	0	0	0
vịn	TONE_NANG	viʔ↓n	vˈiʔ↓n	1	0	0	0
víp	TONE_SAC	vi↗p	vˈi↗p	1	0	0	0
vịp	TONE_NANG	viʔ↓p	vˈiʔ↓p	1	0	0	0
vít	TONE_SAC	vi↗t	vˈi↗t	1	0	0	0
vịt	TONE_NANG	viʔ↓t	vˈiʔ↓t	1	0	0	0
vinh	TONE_NGANG	vi→ɲ	vˈiɲ	0	0	0	1
vình	TONE_HUYEN	vi↘ɲ	vˈi↘ɲ	1	0	0	1
vính	TONE_SAC	vi↗ɲ	vˈi↗ɲ	1	0	0	1
vînh	TONE_HOI	vi↓ɲ	vˈiɲ	0	0	0	1
vĩnh	TONE_NGA	viʔ↗ɲ	vˈiʔ↗ɲ	1	0	0	1
vịnh	TONE_NANG	viʔ↓ɲ	vˈiʔ↓ɲ	1	0	0	1
víc	TONE_SAC	vi↗k	vˈi↗ sˈe	0	0	0	0
vịc	TONE_NANG	viʔ↓k	vˈiʔ↓ sˈe	0	0	0	0
vích	TONE_SAC	vi↗k	vˈi↗c	1	0	0	0
vịch	TONE_NANG	viʔ↓k	vˈiʔ↓c	1	0	0	0
vy	TONE_NGANG	vi→	vˈi	0	0	0	0
vỳ	TONE_HUYEN	vi↘	vˈi↘	1	0	0	0
vý	TONE_SAC	vi↗	vˈi↗	1	0	0	0
vŷ	TONE_HOI	vi↓	vˈi	0	0	0	0
vỹ	TONE_NGA	viʔ↗	vˈiʔ↗	1	0	0	0
vỵ	TONE_NANG	viʔ↓	vˈiʔ↓	1	0	0	0
vyo	TONE_NGANG	vi→w	vˈi ˈoʊ	0	0	0	0
vỳo	TONE_HUYEN	vi↘w	vˈi↘ ˈɔ	1	0	0	0
výo	TONE_SAC	vi↗w	vˈi↗ ˈɔ	1	0	0	0
vŷo	TONE_HOI	vi↓w	vˈi ˈoʊ	0	0	0	0
vỹo	TONE_NGA	viʔ↗w	vˈiʔ↗ ˈɔ	1	0	0	0
vỵo	TONE_NANG	viʔ↓w	vˈiʔ↓ ˈɔ	1	0	0	0
vyu	TONE_NGANG	vi→w	vˈaɪuː	0	0	0	0
vỳu	TONE_HUYEN	vi↘w	vˈi↘ ˈu	0	0	0	0
výu	TONE_SAC	vi↗w	vˈi↗ ˈu	0	0	0	0
vŷu	TONE_HOI	vi↓w	vˈaɪuː	0	0	0	0
vỹu	TONE_NGA	viʔ↗w	vˈiʔ↗ ˈu	0	0	0	0
vỵu	TONE_NANG	viʔ↓w	vˈiʔ↓ ˈu	0	0	0	0
vym	TONE_NGANG	vi→m	vˈiː ˈɪm	0	0	0	0
vỳm	TONE_HUYEN	vi↘m	vˈi↘ ˈməː↘	0	0	0	0
vým	TONE_SAC	vi↗m	vˈi↗ ˈməː↘	0	0	0	0
vŷm	TONE_HOI	vi↓m	vˈiː ˈɪm	0	0	0	0
vỹm	TONE_NGA	viʔ↗m	vˈiʔ↗ ˈməː↘	0	0	0	0
vỵm	TONE_NANG	viʔ↓m	vˈiʔ↓ ˈməː↘	0	0	0	0
vyn	TONE_NGANG	vi→n	vˈɪn	0	0	0	0
vỳn	TONE_HUYEN	vi↘n	vˈi↘ ˈɛnəː↘	0	0	0	0
výn	TONE_SAC	vi↗n	vˈi↗ ˈɛnəː↘	0	0	0	0
vŷn	TONE_HOI	vi↓n	vˈɪn	0	0	0	0
vỹn	TONE_NGA	viʔ↗n	vˈiʔ↗ ˈɛnəː↘	0	0	0	0
vỵn	TONE_NANG	viʔ↓n	vˈiʔ↓ ˈɛnəː↘	0	0	0	0
výp	TONE_SAC	vi↗p	vˈi↗ pˈe	0	0	0	0
vỵp	TONE_NANG	viʔ↓p	vˈiʔ↓ pˈe	0	0	0	0
výt	TONE_SAC	vi↗t	vˈi↗ tˈe	0	0	0	0
vỵt	TONE_NANG	viʔ↓t	vˈiʔ↓ tˈe	0	0	0	0
vynh	TONE_NGANG	vi→ɲ	vˈiː ˈɪn	0	0	0	0
vỳnh	TONE_HUYEN	vi↘ɲ	vˈi↘ ˈɛnəː↘hˈa↗t	0	0	0	0
výnh	TONE_SAC	vi↗ɲ	vˈi↗ ˈɛnəː↘hˈa↗t	0	0	0	0
vŷnh	TONE_HOI	vi↓ɲ	vˈiː ˈɪn	0	0	0	0
vỹnh	TONE_NGA	viʔ↗ɲ	vˈiʔ↗ ˈɛnəː↘hˈa↗t	0	0	0	0
vỵnh	TONE_NANG	viʔ↓ɲ	vˈiʔ↓ ˈɛnəː↘hˈa↗t	0	0	0	0
výc	TONE_SAC	vi↗k	vˈi↗ sˈe	0	0	0	0
vỵc	TONE_NANG	viʔ↓k	vˈiʔ↓ sˈe	0	0	0	0
vých	TONE_SAC	vi↗k	vˈi↗ sˈehˈa↗t	0	0	0	0
vỵch	TONE_NANG	viʔ↓k	vˈiʔ↓ sˈehˈa↗t	0	0	0	0
vo	TONE_NGANG	vɔ→	vˈɔ	0	0	0	0
vò	TONE_HUYEN	vɔ↘	vˈɔ↘	1	0	0	0
vó	TONE_SAC	vɔ↗	vˈɔ↗	1	0	0	0
vô	TONE_HOI	vɔ↓	vˈo	0	0	0	0
võ	TONE_NGA	vɔʔ↗	vˈɔʔ↗	1	0	0	0
vọ	TONE_NANG	vɔʔ↓	vˈɔʔ↓	1	0	0	0
voi	TONE_NGANG	vɔ→j	vˈɔj	0	0	0	0
vòi	TONE_HUYEN	vɔ↘j	vˈɔ↘j	1	0	0	0
vói	TONE_SAC	vɔ↗j	vˈɔ↗j	1	0	0	0
vôi	TONE_HOI	vɔ↓j	vˈoj	0	0	0	0
või	TONE_NGA	vɔʔ↗j	vˈɔʔ↗j	1	0	0	0
vọi	TONE_NANG	vɔʔ↓j	vˈɔʔ↓j	1	0	0	0
voy	TONE_NGANG	vɔ→j	vˈɔɪ	0	0	0	0
vòy	TONE_HUYEN	vɔ↘j	vˈɔ↘ ˈi	0	0	0	0
vóy	TONE_SAC	vɔ↗j	vˈɔ↗ ˈi	0	0	0	0
vôy	TONE_HOI	vɔ↓j	vˈo ˈi	0	0	0	0
võy	TONE_NGA	vɔʔ↗j	vˈɔʔ↗ ˈi	0	0	0	0
vọy	TONE_NANG	vɔʔ↓j	vˈɔʔ↓ ˈi	0	0	0	0
vom	TONE_NGANG	vɔ→m	vˈɔm	0	0	0	0
vòm	TONE_HUYEN	vɔ↘m	vˈɔ↘m	1	0	0	0
vóm	TONE_SAC	vɔ↗m	vˈɔ↗m	1	0	0	0
vôm	TONE_HOI	vɔ↓m	vˈom	0	0	0	0
võm	TONE_NGA	vɔʔ↗m	vˈɔʔ↗m	1	0	0	0
vọm	TONE_NANG	vɔʔ↓m	vˈɔʔ↓m	1	0	0	0
von	TONE_NGANG	vɔ→n	vˈɔn	0	0	0	0
vòn	TONE_HUYEN	vɔ↘n	vˈɔ↘n	1	0	0	0
vón	TONE_SAC	vɔ↗n	vˈɔ↗n	1	0	0	0
vôn	TONE_HOI	vɔ↓n	vˈon	0	0	0	0
võn	TONE_NGA	vɔʔ↗n	vˈɔʔ↗n	1	0	0	0
vọn	TONE_NANG	vɔʔ↓n	vˈɔʔ↓n	1	0	0	0
vóp	TONE_SAC	vɔ↗p	vˈɔ↗p	1	0	0	0
vọp	TONE_NANG	vɔʔ↓p	vˈɔʔ↓p	1	0	0	0
vót	TONE_SAC	vɔ↗t	vˈɔ↗t	1	0	0	0
vọt	TONE_NANG	vɔʔ↓t	vˈɔʔ↓t	1	0	0	0
vong	TONE_NGANG	vɔ→ŋ	vˈɔŋ	0	0	0	0
vòng	TONE_HUYEN	vɔ↘ŋ	vˈɔ↘ŋ	1	0	0	0
vóng	TONE_SAC	vɔ↗ŋ	vˈɔ↗ŋ	1	0	0	0
vông	TONE_HOI	vɔ↓ŋ	vˈoŋ	0	0	0	0
võng	TONE_NGA	vɔʔ↗ŋ	vˈɔʔ↗ŋ	1	0	0	0
vọng	TONE_NANG	vɔʔ↓ŋ	vˈɔʔ↓ŋ	1	0	0	0
vóc	TONE_SAC	vɔ↗k	vˈɔ↗k	1	0	0	0
vọc	TONE_NANG	vɔʔ↓k	vˈɔʔ↓k	1	0	0	0
vóch	TONE_SAC	vɔ↗k	vˈɔ↗k hˈa↗t	0	0	0	0
vọch	TONE_NANG	vɔʔ↓k	vˈɔʔ↓k hˈa↗t	0	0	0	0
vô	TONE_NGANG	vo→	vˈo	0	0	0	0
vồ	TONE_HUYEN	vo↘	vˈo↘	1	0	0	0
vố	TONE_SAC	vo↗	vˈo↗	1	0	0	0
vô̂	TONE_HOI	vo↓	vˈo	0	0	0	0
vỗ	TONE_NGA	voʔ↗	vˈoʔ↗	1	0	0	0
vộ	TONE_NANG	voʔ↓	vˈoʔ↓	1	0	0	0
vôi	TONE_NGANG	vo→j	vˈoj	0	0	0	0
vồi	TONE_HUYEN	vo↘j	vˈo↘j	1	0	0	0
vối	TONE_SAC	vo↗j	vˈo↗j	1	0	0	0
vô̂i	TONE_HOI	vo↓j	vˈo ˈi	0	0	0	0
vỗi	TONE_NGA	voʔ↗j	vˈoʔ↗j	1	0	0	0
vội	TONE_NANG	voʔ↓j	vˈoʔ↓j	1	0	0	0
vôy	TONE_NGANG	vo→j	vˈo ˈi	0	0	0	0
vồy	TONE_HUYEN	vo↘j	vˈo↘ ˈi	0	0	0	0
vốy	TONE_SAC	vo↗j	vˈo↗ ˈi	0	0	0	0
vô̂y	TONE_HOI	vo↓j	vˈo ˈi	0	0	0	0
vỗy	TONE_NGA	voʔ↗j	vˈoʔ↗ ˈi	0	0	0	0
vộy	TONE_NANG	voʔ↓j	vˈoʔ↓ ˈi	0	0	0	0
vôm	TONE_NGANG	vo→m	vˈom	0	0	0	0
vồm	TONE_HUYEN	vo↘m	vˈo↘m	1	0	0	0
vốm	TONE_SAC	vo↗m	vˈo↗m	1	0	0	0
vô̂m	TONE_HOI	vo↓m	vˈo mˈəː↘	0	0	0	0
vỗm	TONE_NGA	voʔ↗m	vˈoʔ↗m	1	0	0	0
vộm	TONE_NANG	voʔ↓m	vˈoʔ↓m	1	0	0	0
vôn	TONE_NGANG	vo→n	vˈon	0	0	0	0
vồn	TONE_HUYEN	vo↘n	vˈo↘n	1	0	0	0
vốn	TONE_SAC	vo↗n	vˈo↗n	1	0	0	0
vô̂n	TONE_HOI	vo↓n	vˈo nˈəː↘	0	0	0	0
vỗn	TONE_NGA	voʔ↗n	vˈoʔ↗n	1	0	0	0
vộn	TONE_NANG	voʔ↓n	vˈoʔ↓n	1	0	0	0
vốp	TONE_SAC	vo↗p	vˈo↗p	1	0	0	0
vộp	TONE_NANG	voʔ↓p	vˈoʔ↓p	1	0	0	0
vốt	TONE_SAC	vo↗t	vˈo↗t	1	0	0	0
vột	TONE_NANG	voʔ↓t	vˈoʔ↓t	1	0	0	0
vông	TONE_NGANG	vo→ŋ	vˈoŋ	0	0	0	0
vồng	TONE_HUYEN	vo↘ŋ	vˈo↘ŋ	1	0	0	0
vống	TONE_SAC	vo↗ŋ	vˈo↗ŋ	1	0	0	0
vô̂ng	TONE_HOI	vo↓ŋ	vˈo ˌɛndʒˈiː	0	0	0	0
vỗng	TONE_NGA	voʔ↗ŋ	vˈoʔ↗ŋ	1	0	0	0
vộng	TONE_NANG	voʔ↓ŋ	vˈoʔ↓ŋ	1	0	0	0
vốc	TONE_SAC	vo↗k	vˈo↗k	1	0	0	0
vộc	TONE_NANG	voʔ↓k	vˈoʔ↓k	1	0	0	0
vốch	TONE_SAC	vo↗k	vˈo↗k hˈa↗t	0	0	0	0
vộch	TONE_NANG	voʔ↓k	vˈoʔ↓k hˈa↗t	0	0	0	0
vơ	TONE_NGANG	vəː→	vˈəː	0	0	0	0
vờ	TONE_HUYEN	vəː↘	vˈəː↘	1	0	0	0
vớ	TONE_SAC	vəː↗	vˈəː↗	1	0	0	0
vơ̂	TONE_HOI	vəː↓	vˈəː	0	0	0	0
vỡ	TONE_NGA	vəːʔ↗	vˈəːʔ↗	1	0	0	0
vợ	TONE_NANG	vəːʔ↓	vˈəːʔ↓	1	0	0	0
vơi	TONE_NGANG	vəː→j	vˈəːj	0	0	0	0
vời	TONE_HUYEN	vəː↘j	vˈəː↘j	1	0	0	0
với	TONE_SAC	vəː↗j	vˌəː↗j	1	0	0	0
vơ̂i	TONE_HOI	vəː↓j	vˈəː ˈi	0	0	0	0
vỡi	TONE_NGA	vəːʔ↗j	vˈəːʔ↗j	1	0	0	0
vợi	TONE_NANG	vəːʔ↓j	vˈəːʔ↓j	1	0	0	0
vơy	TONE_NGANG	vəː→j	vˈəː ˈi	0	0	0	0
vờy	TONE_HUYEN	vəː↘j	vˈəː↘ ˈi	0	0	0	0
vớy	TONE_SAC	vəː↗j	vˈəː↗ ˈi	0	0	0	0
vơ̂y	TONE_HOI	vəː↓j	vˈəː ˈi	0	0	0	0
vỡy	TONE_NGA	vəːʔ↗j	vˈəːʔ↗ ˈi	0	0	0	0
vợy	TONE_NANG	vəːʔ↓j	vˈəːʔ↓ ˈi	0	0	0	0
vơm	TONE_NGANG	vəː→m	vˈəːm	0	0	0	0
vờm	TONE_HUYEN	vəː↘m	vˈəː↘m	1	0	0	0
vớm	TONE_SAC	vəː↗m	vˈəː↗m	1	0	0	0
vơ̂m	TONE_HOI	vəː↓m	vˈəː mˈəː↘	0	0	0	0
vỡm	TONE_NGA	vəːʔ↗m	vˈəːʔ↗m	1	0	0	0
vợm	TONE_NANG	vəːʔ↓m	vˈəːʔ↓m	1	0	0	0
vơn	TONE_NGANG	vəː→n	vˈəːn	0	0	0	0
vờn	TONE_HUYEN	vəː↘n	vˈəː↘n	1	0	0	0
vớn	TONE_SAC	vəː↗n	vˈəː↗n	1	0	0	0
vơ̂n	TONE_HOI	vəː↓n	vˈəː nˈəː↘	0	0	0	0
vỡn	TONE_NGA	vəːʔ↗n	vˈəːʔ↗n	1	0	0	0
vợn	TONE_NANG	vəːʔ↓n	vˈəːʔ↓n	1	0	0	0
vớp	TONE_SAC	vəː↗p	vˈəː↗p	1	0	0	0
vợp	TONE_NANG	vəːʔ↓p	vˈəːʔ↓p	1	0	0	0
vớt	TONE_SAC	vəː↗t	vˈəː↗t	1	0	0	0
vợt	TONE_NANG	vəːʔ↓t	vˈəːʔ↓t	1	0	0	0
vớc	TONE_SAC	vəː↗k	vˈəː↗ sˈe	0	0	0	0
vợc	TONE_NANG	vəːʔ↓k	vˈəːʔ↓ sˈe	0	0	0	0
vớch	TONE_SAC	vəː↗k	vˈəː↗ sˈehˈa↗t	0	0	0	0
vợch	TONE_NANG	vəːʔ↓k	vˈəːʔ↓ sˈehˈa↗t	0	0	0	0
vu	TONE_NGANG	vu→	vˈu	0	0	0	0
vù	TONE_HUYEN	vu↘	vˈu↘	1	0	0	0
vú	TONE_SAC	vu↗	vˈu↗	1	0	0	0
vû	TONE_HOI	vu↓	vˈu	0	0	0	0
vũ	TONE_NGA	vuʔ↗	vˈuʔ↗	1	0	0	0
vụ	TONE_NANG	vuʔ↓	vˈuʔ↓	1	0	0	0
vui	TONE_NGANG	vu→j	vˈuj	0	0	0	0
vùi	TONE_HUYEN	vu↘j	vˈu↘j	1	0	0	0
vúi	TONE_SAC	vu↗j	vˈu↗j	1	0	0	0
vûi	TONE_HOI	vu↓j	vˈuj	0	0	0	0
vũi	TONE_NGA	vuʔ↗j	vˈuʔ↗j	1	0	0	0
vụi	TONE_NANG	vuʔ↓j	vˈuʔ↓j	1	0	0	0
vuy	TONE_NGANG	vu→j	vwˈi	0	0	0	0
vùy	TONE_HUYEN	vu↘j	vˈu↘ ˈi	0	0	0	0
vúy	TONE_SAC	vu↗j	vˈu↗ ˈi	0	0	0	0
vûy	TONE_HOI	vu↓j	vwˈi	0	0	0	0
vũy	TONE_NGA	vuʔ↗j	vˈuʔ↗ ˈi	0	0	0	0
vụy	TONE_NANG	vuʔ↓j	vˈuʔ↓ ˈi	0	0	0	0
vum	TONE_NGANG	vu→m	vˈum	0	0	0	0
vùm	TONE_HUYEN	vu↘m	vˈu↘m	1	0	0	0
vúm	TONE_SAC	vu↗m	vˈu↗m	1	0	0	0
vûm	TONE_HOI	vu↓m	vˈum	0	0	0	0
vũm	TONE_NGA	vuʔ↗m	vˈuʔ↗m	1	0	0	0
vụm	TONE_NANG	vuʔ↓m	vˈuʔ↓m	1	0	0	0
vun	TONE_NGANG	vu→n	vˈun	0	0	0	0
vùn	TONE_HUYEN	vu↘n	vˈu↘n	1	0	0	0
vún	TONE_SAC	vu↗n	vˈu↗n	1	0	0	0
vûn	TONE_HOI	vu↓n	vˈun	0	0	0	0
vũn	TONE_NGA	vuʔ↗n	vˈuʔ↗n	1	0	0	0
vụn	TONE_NANG	vuʔ↓n	vˈuʔ↓n	1	0	0	0
vúp	TONE_SAC	vu↗p	vˈu↗p	1	0	0	0
vụp	TONE_NANG	vuʔ↓p	vˈuʔ↓p	1	0	0	0
vút	TONE_SAC	vu↗t	vˈu↗t	1	0	0	0
vụt	TONE_NANG	vuʔ↓t	vˈuʔ↓t	1	0	0	0
vung	TONE_NGANG	vu→ŋ	vˈuŋ	0	0	0	0
vùng	TONE_HUYEN	vu↘ŋ	vˈu↘ŋ	1	0	0	0
vúng	TONE_SAC	vu↗ŋ	vˈu↗ŋ	1	0	0	0
vûng	TONE_HOI	vu↓ŋ	vˈuŋ	0	0	0	0
vũng	TONE_NGA	vuʔ↗ŋ	vˈuʔ↗ŋ	1	0	0	0
vụng	TONE_NANG	vuʔ↓ŋ	vˈuʔ↓ŋ	1	0	0	0
vúc	TONE_SAC	vu↗k	vˈu↗c	1	0	0	0
vục	TONE_NANG	vuʔ↓k	vˈuʔ↓c	1	0	0	0
vúch	TONE_SAC	vu↗k	vˈu↗c hˈa↗t	0	0	0	0
vụch	TONE_NANG	vuʔ↓k	vˈuʔ↓c hˈa↗t	0	0	0	0
vư	TONE_NGANG	vɨ→	vˈy	0	0	0	0
vừ	TONE_HUYEN	vɨ↘	vˈy↘	1	0	0	0
vứ	TONE_SAC	vɨ↗	vˈy↗	1	0	0	0
vư̂	TONE_HOI	vɨ↓	vˈy	0	0	0	0
vữ	TONE_NGA	vɨʔ↗	vˈyʔ↗	1	0	0	0
vự	TONE_NANG	vɨʔ↓	vˈyʔ↓	1	0	0	0
vưi	TONE_NGANG	vɨ→j	vˈyj	0	0	0	0
vừi	TONE_HUYEN	vɨ↘j	vˈy↘j	1	0	0	0
vứi	TONE_SAC	vɨ↗j	vˈy↗j	1	0	0	0
vư̂i	TONE_HOI	vɨ↓j	vˈy ˈi	0	0	0	0
vữi	TONE_NGA	vɨʔ↗j	vˈyʔ↗j	1	0	0	0
vựi	TONE_NANG	vɨʔ↓j	vˈyʔ↓j	1	0	0	0
vưy	TONE_NGANG	vɨ→j	vˈy ˈi	0	0	0	0
vừy	TONE_HUYEN	vɨ↘j	vˈy↘ ˈi	0	0	0	0
vứy	TONE_SAC	vɨ↗j	vˈy↗ ˈi	0	0	0	0
vư̂y	TONE_HOI	vɨ↓j	vˈy ˈi	0	0	0	0
vữy	TONE_NGA	vɨʔ↗j	vˈyʔ↗ ˈi	0	0	0	0
vựy	TONE_NANG	vɨʔ↓j	vˈyʔ↓ ˈi	0	0	0	0
vưo	TONE_NGANG	vɨ→w	vˈy ˈɔ	0	0	0	0
vừo	TONE_HUYEN	vɨ↘w	vˈy↘ ˈɔ	1	0	0	0
vứo	TONE_SAC	vɨ↗w	vˈy↗ ˈɔ	1	0	0	0
vư̂o	TONE_HOI	vɨ↓w	vˈy ˈo	0	0	0	0
vữo	TONE_NGA	vɨʔ↗w	vˈyʔ↗ ˈɔ	1	0	0	0
vựo	TONE_NANG	vɨʔ↓w	vˈyʔ↓ ˈɔ	1	0	0	0
vưu	TONE_NGANG	vɨ→w	vˈiw	0	0	0	0
vừu	TONE_HUYEN	vɨ↘w	vˈi↘w	1	0	0	0
vứu	TONE_SAC	vɨ↗w	vˈi↗w	1	0	0	0
vư̂u	TONE_HOI	vɨ↓w	vˈy ˈu	0	0	0	0
vữu	TONE_NGA	vɨʔ↗w	vˈiʔ↗w	1	0	0	0
vựu	TONE_NANG	vɨʔ↓w	vˈiʔ↓w	1	0	0	0
vưm	TONE_NGANG	vɨ→m	vˈym	0	0	0	0
vừm	TONE_HUYEN	vɨ↘m	vˈy↘m	1	0	0	0
vứm	TONE_SAC	vɨ↗m	vˈy↗m	1	0	0	0
vư̂m	TONE_HOI	vɨ↓m	vˈy mˈəː↘	0	0	0	0
vữm	TONE_NGA	vɨʔ↗m	vˈyʔ↗m	1	0	0	0
vựm	TONE_NANG	vɨʔ↓m	vˈyʔ↓m	1	0	0	0
vưn	TONE_NGANG	vɨ→n	vˈyn	0	0	0	0
vừn	TONE_HUYEN	vɨ↘n	vˈy↘n	1	0	0	0
vứn	TONE_SAC	vɨ↗n	vˈy↗n	1	0	0	0
vư̂n	TONE_HOI	vɨ↓n	vˈy nˈəː↘	0	0	0	0
vữn	TONE_NGA	vɨʔ↗n	vˈyʔ↗n	1	0	0	0
vựn	TONE_NANG	vɨʔ↓n	vˈyʔ↓n	1	0	0	0
vứp	TONE_SAC	vɨ↗p	vˈy↗ pˈe	0	0	0	0
vựp	TONE_NANG	vɨʔ↓p	vˈyʔ↓ pˈe	0	0	0	0
vứt	TONE_SAC	vɨ↗t	vˈy↗t	1	0	0	0
vựt	TONE_NANG	vɨʔ↓t	vˈyʔ↓t	1	0	0	0
vưng	TONE_NGANG	vɨ→ŋ	vˈyŋ	0	0	0	0
vừng	TONE_HUYEN	vɨ↘ŋ	vˈy↘ŋ	1	0	0	0
vứng	TONE_SAC	vɨ↗ŋ	vˈy↗ŋ	1	0	0	0
vư̂ng	TONE_HOI	vɨ↓ŋ	vˈy ˌɛndʒˈiː	0	0	0	0
vững	TONE_NGA	vɨʔ↗ŋ	vˈyʔ↗ŋ	1	0	0	0
vựng	TONE_NANG	vɨʔ↓ŋ	vˈyʔ↓ŋ	1	0	0	0
vức	TONE_SAC	vɨ↗k	vˈy↗c	1	0	0	0
vực	TONE_NANG	vɨʔ↓k	vˈyʔ↓c	1	0	0	0
vứch	TONE_SAC	vɨ↗k	vˈy↗c hˈa↗t	0	0	0	0
vựch	TONE_NANG	vɨʔ↓k	vˈyʔ↓c hˈa↗t	0	0	0	0
xiê	TONE_NGANG	siə→	sˈi ˈe	0	0	0	0
xiề	TONE_HUYEN	siə↘	sˈi ˈe↘	1	0	0	0
xiế	TONE_SAC	siə↗	sˈi ˈe↗	1	0	0	0
xiê̂	TONE_HOI	siə↓	sˈi ˈe	0	0	0	0
xiễ	TONE_NGA	siəʔ↗	sˈi ˈeʔ↗	1	0	0	0
xiệ	TONE_NANG	siəʔ↓	sˈi ˈeʔ↓	1	0	0	0
xiêo	TONE_NGANG	siə→w	sˈi ˈeˈɔ	0	0	0	0
xiềo	TONE_HUYEN	siə↘w	sˈi ˈe↘ˈɔ	1	0	0	0
xiếo	TONE_SAC	siə↗w	sˈi ˈe↗ˈɔ	1	0	0	0
xiê̂o	TONE_HOI	siə↓w	sˈi ˈe ˈo	0	0	0	0
xiễo	TONE_NGA	siəʔ↗w	sˈi ˈeʔ↗ˈɔ	1	0	0	0
xiệo	TONE_NANG	siəʔ↓w	sˈi ˈeʔ↓ˈɔ	1	0	0	0
xiêu	TONE_NGANG	siə→w	sˈiɛw	0	0	0	0
xiều	TONE_HUYEN	siə↘w	sˈiɛ↘w	1	0	0	0
xiếu	TONE_SAC	siə↗w	sˈiɛ↗w	1	0	0	0
xiê̂u	TONE_HOI	siə↓w	sˈi ˈe ˈu	0	0	0	0
xiễu	TONE_NGA	siəʔ↗w	sˈiɛʔ↗w	1	0	0	0
xiệu	TONE_NANG	siəʔ↓w	sˈiɛʔ↓w	1	0	0	0
xiêm	TONE_NGANG	siə→m	sˈiɛm	0	0	0	0
xiềm	TONE_HUYEN	siə↘m	sˈiɛ↘m	1	0	0	0
xiếm	TONE_SAC	siə↗m	sˈiɛ↗m	1	0	0	0
xiê̂m	TONE_HOI	siə↓m	sˈi ˈe mˈəː↘	0	0	0	0
xiễm	TONE_NGA	siəʔ↗m	sˈiɛʔ↗m	1	0	0	0
xiệm	TONE_NANG	siəʔ↓m	sˈiɛʔ↓m	1	0	0	0
xiên	TONE_NGANG	siə→n	sˈiɛn	0	0	0	0
xiền	TONE_HUYEN	siə↘n	sˈiɛ↘n	1	0	0	0
xiến	TONE_SAC	siə↗n	sˈiɛ↗n	1	0	0	0
xiê̂n	TONE_HOI	siə↓n	sˈi ˈe nˈəː↘	0	0	0	0
xiễn	TONE_NGA	siəʔ↗n	sˈiɛʔ↗n	1	0	0	0
xiện	TONE_NANG	siəʔ↓n	sˈiɛʔ↓n	1	0	0	0
xiếp	TONE_SAC	siə↗p	sˈiɛ↗p	1	0	0	0
xiệp	TONE_NANG	siəʔ↓p	sˈiɛʔ↓p	1	0	0	0
xiết	TONE_SAC	siə↗t	sˈiɛ↗t	1	0	0	0
xiệt	TONE_NANG	siəʔ↓t	sˈiɛʔ↓t	1	0	0	0
xiêng	TONE_NGANG	siə→ŋ	sˈiɛŋ	0	0	0	0
xiềng	TONE_HUYEN	siə↘ŋ	sˈiɛ↘ŋ	1	0	0	0
xiếng	TONE_SAC	siə↗ŋ	sˈiɛ↗ŋ	1	0	0	0
xiê̂ng	TONE_HOI	siə↓ŋ	sˈi ˈe ˌɛndʒˈiː	0	0	0	0
xiễng	TONE_NGA	siəʔ↗ŋ	sˈiɛʔ↗ŋ	1	0	0	0
xiệng	TONE_NANG	siəʔ↓ŋ	sˈiɛʔ↓ŋ	1	0	0	0
xiênh	TONE_NGANG	siə→ɲ	sˈi ˈeɲ	0	0	0	0
xiềnh	TONE_HUYEN	siə↘ɲ	sˈi ˈe↘ɲ	1	0	0	0
xiếnh	TONE_SAC	siə↗ɲ	sˈi ˈe↗ɲ	1	0	0	0
xiê̂nh	TONE_HOI	siə↓ɲ	sˈi ˈe ˌɛnˈeɪʧ	0	0	0	0
xiễnh	TONE_NGA	siəʔ↗ɲ	sˈi ˈeʔ↗ɲ	1	0	0	0
xiệnh	TONE_NANG	siəʔ↓ɲ	sˈi ˈeʔ↓ɲ	1	0	0	0
xiếc	TONE_SAC	siə↗k	sˈiɛ↗c	1	0	0	0
xiệc	TONE_NANG	siəʔ↓k	sˈiɛʔ↓c	1	0	0	0
xiếch	TONE_SAC	siə↗k	sˈi ˈe↗c	1	0	0	0
xiệch	TONE_NANG	siəʔ↓k	sˈi ˈeʔ↓c	1	0	0	0
xyê	TONE_NGANG	siə→	sˈi ˈe	0	0	0	0
xyề	TONE_HUYEN	siə↘	sˈi ˈe↘	1	0	0	0
xyế	TONE_SAC	siə↗	sˈi ˈe↗	1	0	0	0
xyê̂	TONE_HOI	siə↓	sˈi ˈe	0	0	0	0
xyễ	TONE_NGA	siəʔ↗	sˈi ˈeʔ↗	1	0	0	0
xyệ	TONE_NANG	siəʔ↓	sˈi ˈeʔ↓	1	0	0	0
xyêo	TONE_NGANG	siə→w	sˈi ˈeˈɔ	0	0	0	0
xyềo	TONE_HUYEN	siə↘w	sˈi ˈe↘ˈɔ	1	0	0	0
xyếo	TONE_SAC	siə↗w	sˈi ˈe↗ˈɔ	1	0	0	0
xyê̂o	TONE_HOI	siə↓w	sˈi ˈe ˈo	0	0	0	0
xyễo	TONE_NGA	siəʔ↗w	sˈi ˈeʔ↗ˈɔ	1	0	0	0
xyệo	TONE_NANG	siəʔ↓w	sˈi ˈeʔ↓ˈɔ	1	0	0	0
xyêu	TONE_NGANG	siə→w	sˈi ˈeˈu	0	0	0	0
xyều	TONE_HUYEN	siə↘w	sˈi ˈe↘ˈu	0	0	0	0
xyếu	TONE_SAC	siə↗w	sˈi ˈe↗ˈu	0	0	0	0
xyê̂u	TONE_HOI	siə↓w	sˈi ˈe ˈu	0	0	0	0
xyễu	TONE_NGA	siəʔ↗w	sˈi ˈeʔ↗ˈu	0	0	0	0
xyệu	TONE_NANG	siəʔ↓w	sˈi ˈeʔ↓ˈu	0	0	0	0
xyêm	TONE_NGANG	siə→m	sˈi ˈem	0	0	0	0
xyềm	TONE_HUYEN	siə↘m	sˈi ˈe↘m	1	0	0	0
xyếm	TONE_SAC	siə↗m	sˈi ˈe↗m	1	0	0	0
xyê̂m	TONE_HOI	siə↓m	sˈi ˈe mˈəː↘	0	0	0	0
xyễm	TONE_NGA	siəʔ↗m	sˈi ˈeʔ↗m	1	0	0	0
xyệm	TONE_NANG	siəʔ↓m	sˈi ˈeʔ↓m	1	0	0	0
xyên	TONE_NGANG	siə→n	sˈi ˈen	0	0	0	0
xyền	TONE_HUYEN	siə↘n	sˈi ˈe↘n	1	0	0	0
xyến	TONE_SAC	siə↗n	sˈi ˈe↗n	1	0	0	0
xyê̂n	TONE_HOI	siə↓n	sˈi ˈe nˈəː↘	0	0	0	0
xyễn	TONE_NGA	siəʔ↗n	sˈi ˈeʔ↗n	1	0	0	0
xyện	TONE_NANG	siəʔ↓n	sˈi ˈeʔ↓n	1	0	0	0
xyếp	TONE_SAC	siə↗p	sˈi ˈe↗p	1	0	0	0
xyệp	TONE_NANG	siəʔ↓p	sˈi ˈeʔ↓p	1	0	0	0
xyết	TONE_SAC	siə↗t	sˈi ˈe↗t	1	0	0	0
xyệt	TONE_NANG	siəʔ↓t	sˈi ˈeʔ↓t	1	0	0	0
xyêng	TONE_NGANG	siə→ŋ	ˈi↗c ˈiɛŋ	0	0	0	0
xyềng	TONE_HUYEN	siə↘ŋ	ˈi↗c ˈiɛ↘ŋ	0	0	0	0
xyếng	TONE_SAC	siə↗ŋ	ˈi↗c ˈiɛ↗ŋ	0	0	0	0
xyê̂ng	TONE_HOI	siə↓ŋ	sˈi ˈe ˌɛndʒˈiː	0	0	0	0
xyễng	TONE_NGA	siəʔ↗ŋ	ˈi↗c ˈiɛʔ↗ŋ	0	0	0	0
xyệng	TONE_NANG	siəʔ↓ŋ	ˈi↗c ˈiɛʔ↓ŋ	0	0	0	0
xyênh	TONE_NGANG	siə→ɲ	sˈi ˈeɲ	0	0	0	0
xyềnh	TONE_HUYEN	siə↘ɲ	sˈi ˈe↘ɲ	1	0	0	0
xyếnh	TONE_SAC	siə↗ɲ	sˈi ˈe↗ɲ	1	0	0	0
xyê̂nh	TONE_HOI	siə↓ɲ	sˈi ˈe ˌɛnˈeɪʧ	0	0	0	0
xyễnh	TONE_NGA	siəʔ↗ɲ	sˈi ˈeʔ↗ɲ	1	0	0	0
xyệnh	TONE_NANG	siəʔ↓ɲ	sˈi ˈeʔ↓ɲ	1	0	0	0
xyếc	TONE_SAC	siə↗k	sˈi ˈe↗sˈe	0	0	0	0
xyệc	TONE_NANG	siəʔ↓k	sˈi ˈeʔ↓sˈe	0	0	0	0
xyếch	TONE_SAC	siə↗k	sˈi ˈe↗c	1	0	0	0
xyệch	TONE_NANG	siəʔ↓k	sˈi ˈeʔ↓c	1	0	0	0
xia	TONE_NGANG	siə→	sˈiə	0	0	0	0
xìa	TONE_HUYEN	siə↘	sˈiə↘	1	0	0	0
xía	TONE_SAC	siə↗	sˈiə↗	1	0	0	0
xîa	TONE_HOI	siə↓	sˈiə	0	0	0	0
xĩa	TONE_NGA	siəʔ↗	sˈiəʔ↗	1	0	0	0
xịa	TONE_NANG	siəʔ↓	sˈiəʔ↓	1	0	0	0
xiao	TONE_NGANG	siə→w	zˈaɪəˌoʊ	0	0	0	0
xìao	TONE_HUYEN	siə↘w	sˈiə↘ ˈɔ	1	0	0	0
xíao	TONE_SAC	siə↗w	sˈiə↗ ˈɔ	1	0	0	0
xîao	TONE_HOI	siə↓w	zˈaɪəˌoʊ	0	0	0	0
xĩao	TONE_NGA	siəʔ↗w	sˈiəʔ↗ ˈɔ	1	0	0	0
xịao	TONE_NANG	siəʔ↓w	sˈiəʔ↓ ˈɔ	1	0	0	0
xiau	TONE_NGANG	siə→w	sˈiə jˈuː	0	0	0	0
xìau	TONE_HUYEN	siə↘w	sˈiə↘ ˈu	0	0	0	0
xíau	TONE_SAC	siə↗w	sˈiə↗ ˈu	0	0	0	0
xîau	TONE_HOI	siə↓w	sˈiə jˈuː	0	0	0	0
xĩau	TONE_NGA	siəʔ↗w	sˈiəʔ↗ ˈu	0	0	0	0
xịau	TONE_NANG	siəʔ↓w	sˈiəʔ↓ ˈu	0	0	0	0
xiam	TONE_NGANG	siə→m	zˈiəm	0	0	0	0
xìam	TONE_HUYEN	siə↘m	sˈi↘ ˈaːm	0	0	0	0
xíam	TONE_SAC	siə↗m	sˈi↗ ˈaːm	0	0	0	0
xîam	TONE_HOI	siə↓m	zˈiəm	0	0	0	0
xĩam	TONE_NGA	siəʔ↗m	sˈiʔ↗ ˈaːm	0	0	0	0
xịam	TONE_NANG	siəʔ↓m	sˈiʔ↓ ˈaːm	0	0	0	0
xian	TONE_NGANG	siə→n	zˈaɪən	0	0	0	0
xìan	TONE_HUYEN	siə↘n	sˈi↘ ˈaːn	0	0	0	0
xían	TONE_SAC	siə↗n	sˈi↗ ˈaːn	0	0	0	0
xîan	TONE_HOI	siə↓n	zˈaɪən	0	0	0	0
xĩan	TONE_NGA	siəʔ↗n	sˈiʔ↗ ˈaːn	0	0	0	0
xịan	TONE_NANG	siəʔ↓n	sˈiʔ↓ ˈaːn	0	0	0	0
xíap	TONE_SAC	siə↗p	sˈi↗ ˈaː↗p	0	0	0	0
xịap	TONE_NANG	siəʔ↓p	sˈiʔ↓ ˈaː↗p	0	0	0	0
xíat	TONE_SAC	siə↗t	sˈi↗ ˈaː↗t	0	0	0	0
xịat	TONE_NANG	siəʔ↓t	sˈiʔ↓ ˈaː↗t	0	0	0	0
xiang	TONE_NGANG	siə→ŋ	zjˈæŋ	0	0	0	0
xìang	TONE_HUYEN	siə↘ŋ	sˈi↘ ˈaːŋ	0	0	0	0
xíang	TONE_SAC	siə↗ŋ	sˈi↗ ˈaːŋ	0	0	0	0
xîang	TONE_HOI	siə↓ŋ	zjˈæŋ	0	0	0	0
xĩang	TONE_NGA	siəʔ↗ŋ	sˈiʔ↗ ˈaːŋ	0	0	0	0
xịang	TONE_NANG	siəʔ↓ŋ	sˈiʔ↓ ˈaːŋ	0	0	0	0
xianh	TONE_NGANG	siə→ɲ	sˈi ˈæɲ	0	0	0	0
xìanh	TONE_HUYEN	siə↘ɲ	sˈi↘ ˈæɲ	0	0	0	0
xíanh	TONE_SAC	siə↗ɲ	sˈi↗ ˈæɲ	0	0	0	0
xîanh	TONE_HOI	siə↓ɲ	sˈi ˈæɲ	0	0	0	0
xĩanh	TONE_NGA	siəʔ↗ɲ	sˈiʔ↗ ˈæɲ	0	0	0	0
xịanh	TONE_NANG	siəʔ↓ɲ	sˈiʔ↓ ˈæɲ	0	0	0	0
xíac	TONE_SAC	siə↗k	sˈi↗ ˈaː↗c	0	0	0	0
xịac	TONE_NANG	siəʔ↓k	sˈiʔ↓ ˈaː↗c	0	0	0	0
xíach	TONE_SAC	siə↗k	sˈi↗ ˈæ↗c	0	0	0	0
xịach	TONE_NANG	siəʔ↓k	sˈiʔ↓ ˈæ↗c	0	0	0	0
xya	TONE_NGANG	siə→	sˈi ˈeɪ	0	0	0	0
xỳa	TONE_HUYEN	siə↘	sˈi↘ ˈaː	0	0	0	0
xýa	TONE_SAC	siə↗	sˈi↗ ˈaː	0	0	0	0
xŷa	TONE_HOI	siə↓	sˈi ˈeɪ	0	0	0	0
xỹa	TONE_NGA	siəʔ↗	sˈiʔ↗ ˈaː	0	0	0	0
xỵa	TONE_NANG	siəʔ↓	sˈiʔ↓ ˈaː	0	0	0	0
xyao	TONE_NGANG	siə→w	sˈi ˈeɪˈoʊ	0	0	0	0
xỳao	TONE_HUYEN	siə↘w	sˈi↘ ˈaːˈɔ	0	0	0	0
xýao	TONE_SAC	siə↗w	sˈi↗ ˈaːˈɔ	0	0	0	0
xŷao	TONE_HOI	siə↓w	sˈi ˈeɪˈoʊ	0	0	0	0
xỹao	TONE_NGA	siəʔ↗w	sˈiʔ↗ ˈaːˈɔ	0	0	0	0
xỵao	TONE_NANG	siəʔ↓w	sˈiʔ↓ ˈaːˈɔ	0	0	0	0
xyau	TONE_NGANG	siə→w	sˈi ˈeɪjˈuː	0	0	0	0
xỳau	TONE_HUYEN	siə↘w	sˈi↘ ˈaːˈu	0	0	0	0
xýau	TONE_SAC	siə↗w	sˈi↗ ˈaːˈu	0	0	0	0
xŷau	TONE_HOI	siə↓w	sˈi ˈeɪjˈuː	0	0	0	0
xỹau	TONE_NGA	siəʔ↗w	sˈiʔ↗ ˈaːˈu	0	0	0	0
xỵau	TONE_NANG	siəʔ↓w	sˈiʔ↓ ˈaːˈu	0	0	0	0
xyam	TONE_NGANG	siə→m	sˈi æm	0	0	0	0
xỳam	TONE_HUYEN	siə↘m	sˈi↘ ˈaːm	0	0	0	0
xýam	TONE_SAC	siə↗m	sˈi↗ ˈaːm	0	0	0	0
xŷam	TONE_HOI	siə↓m	sˈi æm	0	0	0	0
xỹam	TONE_NGA	siəʔ↗m	sˈiʔ↗ ˈaːm	0	0	0	0
xỵam	TONE_NANG	siəʔ↓m	sˈiʔ↓ ˈaːm	0	0	0	0
xyan	TONE_NGANG	siə→n	sˈi æn	0	0	0	0
xỳan	TONE_HUYEN	siə↘n	sˈi↘ ˈaːn	0	0	0	0
xýan	TONE_SAC	siə↗n	sˈi↗ ˈaːn	0	0	0	0
xŷan	TONE_HOI	siə↓n	sˈi æn	0	0	0	0
xỹan	TONE_NGA	siəʔ↗n	sˈiʔ↗ ˈaːn	0	0	0	0
xỵan	TONE_NANG	siəʔ↓n	sˈiʔ↓ ˈaːn	0	0	0	0
xýap	TONE_SAC	siə↗p	sˈi↗ ˈaː↗p	0	0	0	0
xỵap	TONE_NANG	siəʔ↓p	sˈiʔ↓ ˈaː↗p	0	0	0	0
xýat	TONE_SAC	siə↗t	sˈi↗ ˈaː↗t	0	0	0	0
xỵat	TONE_NANG	siəʔ↓t	sˈiʔ↓ ˈaː↗t	0	0	0	0
xyang	TONE_NGANG	siə→ŋ	sˈi ˈaːŋ	0	0	0	0
xỳang	TONE_HUYEN	siə↘ŋ	sˈi↘ ˈaːŋ	0	0	0	0
xýang	TONE_SAC	siə↗ŋ	sˈi↗ ˈaːŋ	0	0	0	0
xŷang	TONE_HOI	siə↓ŋ	sˈi ˈaːŋ	0	0	0	0
xỹang	TONE_NGA	siəʔ↗ŋ	sˈiʔ↗ ˈaːŋ	0	0	0	0
xỵang	TONE_NANG	siəʔ↓ŋ	sˈiʔ↓ ˈaːŋ	0	0	0	0
xyanh	TONE_NGANG	siə→ɲ	sˈi ˈæɲ	0	0	0	0
xỳanh	TONE_HUYEN	siə↘ɲ	sˈi↘ ˈæɲ	0	0	0	0
xýanh	TONE_SAC	siə↗ɲ	sˈi↗ ˈæɲ	0	0	0	0
xŷanh	TONE_HOI	siə↓ɲ	sˈi ˈæɲ	0	0	0	0
xỹanh	TONE_NGA	siəʔ↗ɲ	sˈiʔ↗ ˈæɲ	0	0	0	0
xỵanh	TONE_NANG	siəʔ↓ɲ	sˈiʔ↓ ˈæɲ	0	0	0	0
xýac	TONE_SAC	siə↗k	sˈi↗ ˈaː↗c	0	0	0	0
xỵac	TONE_NANG	siəʔ↓k	sˈiʔ↓ ˈaː↗c	0	0	0	0
xýach	TONE_SAC	siə↗k	sˈi↗ ˈæ↗c	0	0	0	0
xỵach	TONE_NANG	siəʔ↓k	sˈiʔ↓ ˈæ↗c	0	0	0	0
xươ	TONE_NGANG	sɨə→	sˈy ˈəː	0	0	0	0
xườ	TONE_HUYEN	sɨə↘	sˈy ˈəː↘	1	0	0	0
xướ	TONE_SAC	sɨə↗	sˈy ˈəː↗	1	0	0	0
xươ̂	TONE_HOI	sɨə↓	sˈy ˈəː	0	0	0	0
xưỡ	TONE_NGA	sɨəʔ↗	sˈy ˈəːʔ↗	1	0	0	0
xượ	TONE_NANG	sɨəʔ↓	sˈy ˈəːʔ↓	1	0	0	0
xươi	TONE_NGANG	sɨə→j	sˈyəj	0	0	0	0
xười	TONE_HUYEN	sɨə↘j	sˈyə↘j	1	0	0	0
xưới	TONE_SAC	sɨə↗j	sˈyə↗j	1	0	0	0
xươ̂i	TONE_HOI	sɨə↓j	sˈy ˈəː ˈi	0	0	0	0
xưỡi	TONE_NGA	sɨəʔ↗j	sˈyəʔ↗j	1	0	0	0
xượi	TONE_NANG	sɨəʔ↓j	sˈyəʔ↓j	1	0	0	0
xươy	TONE_NGANG	sɨə→j	sˈy ˈəːˈi	0	0	0	0
xườy	TONE_HUYEN	sɨə↘j	sˈy ˈəː↘ˈi	0	0	0	0
xướy	TONE_SAC	sɨə↗j	sˈy ˈəː↗ˈi	0	0	0	0
xươ̂y	TONE_HOI	sɨə↓j	sˈy ˈəː ˈi	0	0	0	0
xưỡy	TONE_NGA	sɨəʔ↗j	sˈy ˈəːʔ↗ˈi	0	0	0	0
xượy	TONE_NANG	sɨəʔ↓j	sˈy ˈəːʔ↓ˈi	0	0	0	0
xươo	TONE_NGANG	sɨə→w	sˈy ˈəːˈɔ	0	0	0	0
xườo	TONE_HUYEN	sɨə↘w	sˈy ˈəː↘ˈɔ	1	0	0	0
xướo	TONE_SAC	sɨə↗w	sˈy ˈəː↗ˈɔ	1	0	0	0
xươ̂o	TONE_HOI	sɨə↓w	sˈy ˈəː ˈo	0	0	0	0
xưỡo	TONE_NGA	sɨəʔ↗w	sˈy ˈəːʔ↗ˈɔ	1	0	0	0
xượo	TONE_NANG	sɨəʔ↓w	sˈy ˈəːʔ↓ˈɔ	1	0	0	0
xươu	TONE_NGANG	sɨə→w	sˈyəw	0	0	0	0
xườu	TONE_HUYEN	sɨə↘w	sˈyə↘w	1	0	0	0
xướu	TONE_SAC	sɨə↗w	sˈyə↗w	1	0	0	0
xươ̂u	TONE_HOI	sɨə↓w	sˈy ˈəː ˈu	0	0	0	0
xưỡu	TONE_NGA	sɨəʔ↗w	sˈyəʔ↗w	1	0	0	0
xượu	TONE_NANG	sɨəʔ↓w	sˈyəʔ↓w	1	0	0	0
xươm	TONE_NGANG	sɨə→m	sˈyəm	0	0	0	0
xườm	TONE_HUYEN	sɨə↘m	sˈyə↘m	1	0	0	0
xướm	TONE_SAC	sɨə↗m	sˈyə↗m	1	0	0	0
xươ̂m	TONE_HOI	sɨə↓m	sˈy ˈəː mˈəː↘	0	0	0	0
xưỡm	TONE_NGA	sɨəʔ↗m	sˈyəʔ↗m	1	0	0	0
xượm	TONE_NANG	sɨəʔ↓m	sˈyəʔ↓m	1	0	0	0
xướp	TONE_SAC	sɨə↗p	sˈyə↗p	1	0	0	0
xượp	TONE_NANG	sɨəʔ↓p	sˈyəʔ↓p	1	0	0	0
xướt	TONE_SAC	sɨə↗t	sˈyə↗t	1	0	0	0
xượt	TONE_NANG	sɨəʔ↓t	sˈyəʔ↓t	1	0	0	0
xương	TONE_NGANG	sɨə→ŋ	sˈyəŋ	0	0	0	0
xường	TONE_HUYEN	sɨə↘ŋ	sˈyə↘ŋ	1	0	0	0
xướng	TONE_SAC	sɨə↗ŋ	sˈyə↗ŋ	1	0	0	0
xươ̂ng	TONE_HOI	sɨə↓ŋ	sˈy ˈəː ˌɛndʒˈiː	0	0	0	0
xưỡng	TONE_NGA	sɨəʔ↗ŋ	sˈyəʔ↗ŋ	1	0	0	0
xượng	TONE_NANG	sɨəʔ↓ŋ	sˈyəʔ↓ŋ	1	0	0	0
xước	TONE_SAC	sɨə↗k	sˈyə↗c	1	0	0	0
xược	TONE_NANG	sɨəʔ↓k	sˈyəʔ↓c	1	0	0	0
xướch	TONE_SAC	sɨə↗k	sˈyə↗c hˈa↗t	0	0	0	0
xượch	TONE_NANG	sɨəʔ↓k	sˈyəʔ↓c hˈa↗t	0	0	0	0
xưa	TONE_NGANG	sɨə→	sˈyə	0	0	0	0
xừa	TONE_HUYEN	sɨə↘	sˈyə↘	1	0	0	0
xứa	TONE_SAC	sɨə↗	sˈyə↗	1	0	0	0
xư̂a	TONE_HOI	sɨə↓	sˈy ˈaː	0	0	0	0
xữa	TONE_NGA	sɨəʔ↗	sˈyəʔ↗	1	0	0	0
xựa	TONE_NANG	sɨəʔ↓	sˈyəʔ↓	1	0	0	0
xưai	TONE_NGANG	sɨə→j	sˈyə ˈi	0	0	0	0
xừai	TONE_HUYEN	sɨə↘j	sˈyə↘ ˈi	0	0	0	0
xứai	TONE_SAC	sɨə↗j	sˈyə↗ ˈi	0	0	0	0
xư̂ai	TONE_HOI	sɨə↓j	sˈy ˈaːj	0	0	0	0
xữai	TONE_NGA	sɨəʔ↗j	sˈyəʔ↗ ˈi	0	0	0	0
xựai	TONE_NANG	sɨəʔ↓j	sˈyəʔ↓ ˈi	0	0	0	0
xưay	TONE_NGANG	sɨə→j	sˈyə ˈi	0	0	0	0
xừay	TONE_HUYEN	sɨə↘j	sˈyə↘ ˈi	0	0	0	0
xứay	TONE_SAC	sɨə↗j	sˈyə↗ ˈi	0	0	0	0
xư̂ay	TONE_HOI	sɨə↓j	sˈy ˈaj	0	0	0	0
xữay	TONE_NGA	sɨəʔ↗j	sˈyəʔ↗ ˈi	0	0	0	0
xựay	TONE_NANG	sɨəʔ↓j	sˈyəʔ↓ ˈi	0	0	0	0
xưao	TONE_NGANG	sɨə→w	sˈyə ˈɔ	0	0	0	0
xừao	TONE_HUYEN	sɨə↘w	sˈyə↘ ˈɔ	1	0	0	0
xứao	TONE_SAC	sɨə↗w	sˈyə↗ ˈɔ	1	0	0	0
xư̂ao	TONE_HOI	sɨə↓w	sˈy ˈaːw	0	0	0	0
xữao	TONE_NGA	sɨəʔ↗w	sˈyəʔ↗ ˈɔ	1	0	0	0
xựao	TONE_NANG	sɨəʔ↓w	sˈyəʔ↓ ˈɔ	1	0	0	0
xưau	TONE_NGANG	sɨə→w	sˈyə ˈu	0	0	0	0
xừau	TONE_HUYEN	sɨə↘w	sˈyə↘ ˈu	0	0	0	0
xứau	TONE_SAC	sɨə↗w	sˈyə↗ ˈu	0	0	0	0
xư̂au	TONE_HOI	sɨə↓w	sˈy ˈaw	0	0	0	0
xữau	TONE_NGA	sɨəʔ↗w	sˈyəʔ↗ ˈu	0	0	0	0
xựau	TONE_NANG	sɨəʔ↓w	sˈyəʔ↓ ˈu	0	0	0	0
xưam	TONE_NGANG	sɨə→m	sˈy ˈaːm	0	0	0	0
xừam	TONE_HUYEN	sɨə↘m	sˈy↘ ˈaːm	0	0	0	0
xứam	TONE_SAC	sɨə↗m	sˈy↗ ˈaːm	0	0	0	0
xư̂am	TONE_HOI	sɨə↓m	sˈy ˈaːm	0	0	0	0
xữam	TONE_NGA	sɨəʔ↗m	sˈyʔ↗ ˈaːm	0	0	0	0
xựam	TONE_NANG	sɨəʔ↓m	sˈyʔ↓ ˈaːm	0	0	0	0
xứap	TONE_SAC	sɨə↗p	sˈy↗ ˈaː↗p	0	0	0	0
xựap	TONE_NANG	sɨəʔ↓p	sˈyʔ↓ ˈaː↗p	0	0	0	0
xứat	TONE_SAC	sɨə↗t	sˈy↗ ˈaː↗t	0	0	0	0
xựat	TONE_NANG	sɨəʔ↓t	sˈyʔ↓ ˈaː↗t	0	0	0	0
xưang	TONE_NGANG	sɨə→ŋ	sˈy ˈaːŋ	0	0	0	0
xừang	TONE_HUYEN	sɨə↘ŋ	sˈy↘ ˈaːŋ	0	0	0	0
xứang	TONE_SAC	sɨə↗ŋ	sˈy↗ ˈaːŋ	0	0	0	0
xư̂ang	TONE_HOI	sɨə↓ŋ	sˈy ˈaːŋ	0	0	0	0
xữang	TONE_NGA	sɨəʔ↗ŋ	sˈyʔ↗ ˈaːŋ	0	0	0	0
xựang	TONE_NANG	sɨəʔ↓ŋ	sˈyʔ↓ ˈaːŋ	0	0	0	0
xứac	TONE_SAC	sɨə↗k	sˈy↗ ˈaː↗c	0	0	0	0
xựac	TONE_NANG	sɨəʔ↓k	sˈyʔ↓ ˈaː↗c	0	0	0	0
xứach	TONE_SAC	sɨə↗k	sˈy↗ ˈæ↗c	0	0	0	0
xựach	TONE_NANG	sɨəʔ↓k	sˈyʔ↓ ˈæ↗c	0	0	0	0
xuô	TONE_NGANG	suə→	sˈu ˈo	0	0	0	0
xuồ	TONE_HUYEN	suə↘	sˈu ˈo↘	1	0	0	0
xuố	TONE_SAC	suə↗	sˈu ˈo↗	1	0	0	0
xuô̂	TONE_HOI	suə↓	sˈu ˈo	0	0	0	0
xuỗ	TONE_NGA	suəʔ↗	sˈu ˈoʔ↗	1	0	0	0
xuộ	TONE_NANG	suəʔ↓	sˈu ˈoʔ↓	1	0	0	0
xuôi	TONE_NGANG	suə→j	sˈuəj	0	0	0	0
xuồi	TONE_HUYEN	suə↘j	sˈuə↘j	1	0	0	0
xuối	TONE_SAC	suə↗j	sˈuə↗j	1	0	0	0
xuô̂i	TONE_HOI	suə↓j	sˈu ˈo ˈi	0	0	0	0
xuỗi	TONE_NGA	suəʔ↗j	sˈuəʔ↗j	1	0	0	0
xuội	TONE_NANG	suəʔ↓j	sˈuəʔ↓j	1	0	0	0
xuôy	TONE_NGANG	suə→j	sˈu ˈoˈi	0	0	0	0
xuồy	TONE_HUYEN	suə↘j	sˈu ˈo↘ˈi	0	0	0	0
xuốy	TONE_SAC	suə↗j	sˈu ˈo↗ˈi	0	0	0	0
xuô̂y	TONE_HOI	suə↓j	sˈu ˈo ˈi	0	0	0	0
xuỗy	TONE_NGA	suəʔ↗j	sˈu ˈoʔ↗ˈi	0	0	0	0
xuộy	TONE_NANG	suəʔ↓j	sˈu ˈoʔ↓ˈi	0	0	0	0
xuôn	TONE_NGANG	suə→n	sˈuən	0	0	0	0
xuồn	TONE_HUYEN	suə↘n	sˈuə↘n	1	0	0	0
xuốn	TONE_SAC	suə↗n	sˈuə↗n	1	0	0	0
xuô̂n	TONE_HOI	suə↓n	sˈu ˈo nˈəː↘	0	0	0	0
xuỗn	TONE_NGA	suəʔ↗n	sˈuəʔ↗n	1	0	0	0
xuộn	TONE_NANG	suəʔ↓n	sˈuəʔ↓n	1	0	0	0
xuốp	TONE_SAC	suə↗p	sˈuə↗p	1	0	0	0
xuộp	TONE_NANG	suəʔ↓p	sˈuəʔ↓p	1	0	0	0
xuốt	TONE_SAC	suə↗t	sˈuə↗t	1	0	0	0
xuột	TONE_NANG	suəʔ↓t	sˈuəʔ↓t	1	0	0	0
xuông	TONE_NGANG	suə→ŋ	sˈuəŋ	0	0	0	0
xuồng	TONE_HUYEN	suə↘ŋ	sˈuə↘ŋ	1	0	0	0
xuống	TONE_SAC	suə↗ŋ	sˈuə↗ŋ	1	0	0	0
xuô̂ng	TONE_HOI	suə↓ŋ	sˈu ˈo ˌɛndʒˈiː	0	0	0	0
xuỗng	TONE_NGA	suəʔ↗ŋ	sˈuəʔ↗ŋ	1	0	0	0
xuộng	TONE_NANG	suəʔ↓ŋ	sˈuəʔ↓ŋ	1	0	0	0
xuốc	TONE_SAC	suə↗k	sˈuə↗c	1	0	0	0
xuộc	TONE_NANG	suəʔ↓k	sˈuəʔ↓c	1	0	0	0
xuốch	TONE_SAC	suə↗k	sˈuə↗c hˈa↗t	0	0	0	0
xuộch	TONE_NANG	suəʔ↓k	sˈuəʔ↓c hˈa↗t	0	0	0	0
xua	TONE_NGANG	suə→	sˈuə	0	0	0	0
xùa	TONE_HUYEN	suə↘	sˈuə↘	1	0	0	0
xúa	TONE_SAC	suə↗	sˈuə↗	1	0	0	0
xûa	TONE_HOI	suə↓	sˈuə	0	0	0	0
xũa	TONE_NGA	suəʔ↗	sˈuəʔ↗	1	0	0	0
xụa	TONE_NANG	suəʔ↓	sˈuəʔ↓	1	0	0	0
xuai	TONE_NGANG	suə→j	sˈuə ˈaɪ	0	0	0	0
xùai	TONE_HUYEN	suə↘j	sˈuə↘ ˈi	0	0	0	0
xúai	TONE_SAC	suə↗j	sˈuə↗ ˈi	0	0	0	0
xûai	TONE_HOI	suə↓j	sˈuə ˈaɪ	0	0	0	0
xũai	TONE_NGA	suəʔ↗j	sˈuəʔ↗ ˈi	0	0	0	0
xụai	TONE_NANG	suəʔ↓j	sˈuəʔ↓ ˈi	0	0	0	0
xuay	TONE_NGANG	suə→j	swˈəɪ	0	0	0	0
xùay	TONE_HUYEN	suə↘j	sˈuə↘ ˈi	0	0	0	0
xúay	TONE_SAC	suə↗j	sˈuə↗ ˈi	0	0	0	0
xûay	TONE_HOI	suə↓j	swˈəɪ	0	0	0	0
xũay	TONE_NGA	suəʔ↗j	sˈuəʔ↗ ˈi	0	0	0	0
xụay	TONE_NANG	suəʔ↓j	sˈuəʔ↓ ˈi	0	0	0	0
xao	TONE_NGANG	saː→w	sˈaːw	0	0	0	0
xào	TONE_HUYEN	saː↘w	sˈaː↘w	1	0	0	0
xáo	TONE_SAC	saː↗w	sˈaː↗w	1	0	0	0
xâo	TONE_HOI	saː↓w	ˈi↗cˌeɪsˈ↗ːkəmflˌɛksˈɔ	0	0	0	0
xão	TONE_NGA	saːʔ↗w	sˈaːʔ↗w	1	0	0	0
xạo	TONE_NANG	saːʔ↓w	sˈaːʔ↓w	1	0	0	0
xau	TONE_NGANG	sa→w	sˈaw	0	0	0	0
xàu	TONE_HUYEN	sa↘w	sˈa↘w	1	0	0	0
xáu	TONE_SAC	sa↗w	sˈa↗w	1	0	0	0
xâu	TONE_HOI	sa↓w	sˈə→w	0	0	0	0
xãu	TONE_NGA	saʔ↗w	sˈaʔ↗w	1	0	0	0
xạu	TONE_NANG	saʔ↓w	sˈaʔ↓w	1	0	0	0
xuan	TONE_NGANG	suə→n	swˈən	0	0	0	0
xùan	TONE_HUYEN	suə↘n	sˈu↘ ˈaːn	0	0	0	0
xúan	TONE_SAC	suə↗n	sˈu↗ ˈaːn	0	0	0	0
xûan	TONE_HOI	suə↓n	swˈən	0	0	0	0
xũan	TONE_NGA	suəʔ↗n	sˈuʔ↗ ˈaːn	0	0	0	0
xụan	TONE_NANG	suəʔ↓n	sˈuʔ↓ ˈaːn	0	0	0	0
xúap	TONE_SAC	suə↗p	sˈu↗ ˈaː↗p	0	0	0	0
xụap	TONE_NANG	suəʔ↓p	sˈuʔ↓ ˈaː↗p	0	0	0	0
xúat	TONE_SAC	suə↗t	sˈu↗ ˈaː↗t	0	0	0	0
xụat	TONE_NANG	suəʔ↓t	sˈuʔ↓ ˈaː↗t	0	0	0	0
xuang	TONE_NGANG	suə→ŋ	sˈu ˈaːŋ	0	0	0	0
xùang	TONE_HUYEN	suə↘ŋ	sˈu↘ ˈaːŋ	0	0	0	0
xúang	TONE_SAC	suə↗ŋ	sˈu↗ ˈaːŋ	0	0	0	0
xûang	TONE_HOI	suə↓ŋ	sˈu ˈaːŋ	0	0	0	0
xũang	TONE_NGA	suəʔ↗ŋ	sˈuʔ↗ ˈaːŋ	0	0	0	0
xụang	TONE_NANG	suəʔ↓ŋ	sˈuʔ↓ ˈaːŋ	0	0	0	0
xanh	TONE_NGANG	saː→ɲ	sˈæɲ	0	0	0	1
xành	TONE_HUYEN	saː↘ɲ	sˈæ↘ɲ	1	0	0	1
xánh	TONE_SAC	saː↗ɲ	sˈæ↗ɲ	1	0	0	1
xânh	TONE_HOI	saː↓ɲ	sˈən hˈa↗t	0	0	0	1
xãnh	TONE_NGA	saːʔ↗ɲ	sˈæʔ↗ɲ	1	0	0	1
xạnh	TONE_NANG	saːʔ↓ɲ	sˈæʔ↓ɲ	1	0	0	1
xúac	TONE_SAC	suə↗k	sˈu↗ ˈaː↗c	0	0	0	0
xụac	TONE_NANG	suəʔ↓k	sˈuʔ↓ ˈaː↗c	0	0	0	0
xúach	TONE_SAC	suə↗k	sˈu↗ ˈæ↗c	0	0	0	0
xụach	TONE_NANG	suəʔ↓k	sˈuʔ↓ ˈæ↗c	0	0	0	0
xa	TONE_NGANG	saː→	sˈaː	0	0	0	0
xà	TONE_HUYEN	saː↘	sˈaː↘	1	0	0	0
xá	TONE_SAC	saː↗	sˈaː↗	1	0	0	0
xâ	TONE_HOI	saː↓	ˈi↗cˌeɪsˈ↗ːkəmflˌɛks	0	0	0	0
xã	TONE_NGA	saːʔ↗	sˈaːʔ↗	1	0	0	0
xạ	TONE_NANG	saːʔ↓	sˈaːʔ↓	1	0	0	0
xai	TONE_NGANG	saː→j	sˈaːj	0	0	0	0
xài	TONE_HUYEN	saː↘j	sˈaː↘j	1	0	0	0
xái	TONE_SAC	saː↗j	sˈaː↗j	1	0	0	0
xâi	TONE_HOI	saː↓j	ˈi↗cˌeɪsˈ↗ːkəmflˌɛksˈi	0	0	0	0
xãi	TONE_NGA	saːʔ↗j	sˈaːʔ↗j	1	0	0	0
xại	TONE_NANG	saːʔ↓j	sˈaːʔ↓j	1	0	0	0
xay	TONE_NGANG	sa→j	sˈaj	0	0	0	0
xày	TONE_HUYEN	sa↘j	sˈa↘j	1	0	0	0
xáy	TONE_SAC	sa↗j	sˈa↗j	1	0	0	0
xây	TONE_HOI	sa↓j	sˈəɪ	0	0	0	0
xãy	TONE_NGA	saʔ↗j	sˈaʔ↗j	1	0	0	0
xạy	TONE_NANG	saʔ↓j	sˈaʔ↓j	1	0	0	0
xao	TONE_NGANG	saː→w	sˈaːw	0	0	0	0
xào	TONE_HUYEN	saː↘w	sˈaː↘w	1	0	0	0
xáo	TONE_SAC	saː↗w	sˈaː↗w	1	0	0	0
xâo	TONE_HOI	saː↓w	ˈi↗cˌeɪsˈ↗ːkəmflˌɛksˈɔ	0	0	0	0
xão	TONE_NGA	saːʔ↗w	sˈaːʔ↗w	1	0	0	0
xạo	TONE_NANG	saːʔ↓w	sˈaːʔ↓w	1	0	0	0
xau	TONE_NGANG	sa→w	sˈaw	0	0	0	0
xàu	TONE_HUYEN	sa↘w	sˈa↘w	1	0	0	0
xáu	TONE_SAC	sa↗w	sˈa↗w	1	0	0	0
xâu	TONE_HOI	sa↓w	sˈə→w	0	0	0	0
xãu	TONE_NGA	saʔ↗w	sˈaʔ↗w	1	0	0	0
xạu	TONE_NANG	saʔ↓w	sˈaʔ↓w	1	0	0	0
xam	TONE_NGANG	saː→m	sˈaːm	0	0	0	0
xàm	TONE_HUYEN	saː↘m	sˈaː↘m	1	0	0	0
xám	TONE_SAC	saː↗m	sˈaː↗m	1	0	0	0
xâm	TONE_HOI	saː↓m	sˈəm	0	0	0	0
xãm	TONE_NGA	saːʔ↗m	sˈaːʔ↗m	1	0	0	0
xạm	TONE_NANG	saːʔ↓m	sˈaːʔ↓m	1	0	0	0
xan	TONE_NGANG	saː→n	sˈaːn	0	0	0	0
xàn	TONE_HUYEN	saː↘n	sˈaː↘n	1	0	0	0
xán	TONE_SAC	saː↗n	sˈaː↗n	1	0	0	0
xân	TONE_HOI	saː↓n	sˈən	0	0	0	0
xãn	TONE_NGA	saːʔ↗n	sˈaːʔ↗n	1	0	0	0
xạn	TONE_NANG	saːʔ↓n	sˈaːʔ↓n	1	0	0	0
xáp	TONE_SAC	saː↗p	sˈaː↗p	1	0	0	0
xạp	TONE_NANG	saːʔ↓p	sˈaːʔ↓p	1	0	0	0
xát	TONE_SAC	saː↗t	sˈaː↗t	1	0	0	0
xạt	TONE_NANG	saːʔ↓t	sˈaːʔ↓t	1	0	0	0
xang	TONE_NGANG	saː→ŋ	sˈaːŋ	0	0	0	0
xàng	TONE_HUYEN	saː↘ŋ	sˈaː↘ŋ	1	0	0	0
xáng	TONE_SAC	saː↗ŋ	sˈaː↗ŋ	1	0	0	0
xâng	TONE_HOI	saː↓ŋ	sˈəŋ	0	0	0	0
xãng	TONE_NGA	saːʔ↗ŋ	sˈaːʔ↗ŋ	1	0	0	0
xạng	TONE_NANG	saːʔ↓ŋ	sˈaːʔ↓ŋ	1	0	0	0
xanh	TONE_NGANG	saː→ɲ	sˈæɲ	0	0	0	1
xành	TONE_HUYEN	saː↘ɲ	sˈæ↘ɲ	1	0	0	1
xánh	TONE_SAC	saː↗ɲ	sˈæ↗ɲ	1	0	0	1
xânh	TONE_HOI	saː↓ɲ	sˈən hˈa↗t	0	0	0	1
xãnh	TONE_NGA	saːʔ↗ɲ	sˈæʔ↗ɲ	1	0	0	1
xạnh	TONE_NANG	saːʔ↓ɲ	sˈæʔ↓ɲ	1	0	0	1
xác	TONE_SAC	saː↗k	sˈaː↗c	1	0	0	0
xạc	TONE_NANG	saːʔ↓k	sˈaːʔ↓c	1	0	0	0
xách	TONE_SAC	sa↗k	sˈæ↗c	1	0	0	0
xạch	TONE_NANG	saʔ↓k	sˈæʔ↓c	1	0	0	0
xă	TONE_NGANG	sa→	ˈi↗că	0	1	0	0
xằ	TONE_HUYEN	sa↘	ˈi↗cằ	0	1	0	0
xắ	TONE_SAC	sa↗	ˈi↗cắ	1	1	0	0
xă̂	TONE_HOI	sa↓	ˈi↗că	0	1	0	0
xẵ	TONE_NGA	saʔ↗	ˈi↗cẵ	0	1	0	0
xặ	TONE_NANG	saʔ↓	ˈi↗cặ	0	1	0	0
xăm	TONE_NGANG	sa→m	sˈam	0	0	0	0
xằm	TONE_HUYEN	sa↘m	sˈa↘m	1	0	0	0
xắm	TONE_SAC	sa↗m	sˈa↗m	1	0	0	0
xă̂m	TONE_HOI	sa↓m	ˈi↗că mˈəː↘	0	1	0	0
xẵm	TONE_NGA	saʔ↗m	sˈaʔ↗m	1	0	0	0
xặm	TONE_NANG	saʔ↓m	sˈaʔ↓m	1	0	0	0
xăn	TONE_NGANG	sa→n	sˈan	0	0	0	0
xằn	TONE_HUYEN	sa↘n	sˈa↘n	1	0	0	0
xắn	TONE_SAC	sa↗n	sˈa↗n	1	0	0	0
xă̂n	TONE_HOI	sa↓n	ˈi↗că nˈəː↘	0	1	0	0
xẵn	TONE_NGA	saʔ↗n	sˈaʔ↗n	1	0	0	0
xặn	TONE_NANG	saʔ↓n	sˈaʔ↓n	1	0	0	0
xắp	TONE_SAC	sa↗p	sˈa↗p	1	0	0	0
xặp	TONE_NANG	saʔ↓p	sˈaʔ↓p	1	0	0	0
xắt	TONE_SAC	sa↗t	sˈa↗t	1	0	0	0
xặt	TONE_NANG	saʔ↓t	sˈaʔ↓t	1	0	0	0
xăng	TONE_NGANG	sa→ŋ	sˈaŋ	0	0	0	0
xằng	TONE_HUYEN	sa↘ŋ	sˈa↘ŋ	1	0	0	0
xắng	TONE_SAC	sa↗ŋ	sˈa↗ŋ	1	0	0	0
xă̂ng	TONE_HOI	sa↓ŋ	ˈi↗că ˌɛndʒˈiː	0	1	0	0
xẵng	TONE_NGA	saʔ↗ŋ	sˈaʔ↗ŋ	1	0	0	0
xặng	TONE_NANG	saʔ↓ŋ	sˈaʔ↓ŋ	1	0	0	0
xắc	TONE_SAC	sa↗k	sˈa↗c	1	0	0	0
xặc	TONE_NANG	saʔ↓k	sˈaʔ↓c	1	0	0	0
xắch	TONE_SAC	sa↗k	sˈa↗c hˈa↗t	0	0	0	0
xặch	TONE_NANG	saʔ↓k	sˈaʔ↓c hˈa↗t	0	0	0	0
xâ	TONE_NGANG	sə→	ˈi↗cˌeɪsˈ↗ːkəmflˌɛks	0	0	0	0
xầ	TONE_HUYEN	sə↘	ˈi↗cầ	0	1	0	0
xấ	TONE_SAC	sə↗	ˈi↗cấ	1	1	0	0
xâ̂	TONE_HOI	sə↓	ˈi↗cˌeɪsˈ↗ːkəmflˌɛks	0	0	0	0
xẫ	TONE_NGA	səʔ↗	ˈi↗cẫ	0	1	0	0
xậ	TONE_NANG	səʔ↓	ˈi↗cậ	0	1	0	0
xâi	TONE_NGANG	sə→j	ˈi↗cˌeɪsˈ↗ːkəmflˌɛksˈi	0	0	0	0
xầi	TONE_HUYEN	sə↘j	ˈi↗cầˈi	0	1	0	0
xấi	TONE_SAC	sə↗j	ˈi↗cấˈi	0	1	0	0
xâ̂i	TONE_HOI	sə↓j	ˈi↗cˌeɪsˈ↗ːkəmflˌɛks ˈi	0	0	0	0
xẫi	TONE_NGA	səʔ↗j	ˈi↗cẫˈi	0	1	0	0
xậi	TONE_NANG	səʔ↓j	ˈi↗cậˈi	0	1	0	0
xây	TONE_NGANG	sə→j	sˈəɪ	0	0	0	0
xầy	TONE_HUYEN	sə↘j	sˈəɪ↘	1	0	0	0
xấy	TONE_SAC	sə↗j	sˈəɪ↗	1	0	0	0
xâ̂y	TONE_HOI	sə↓j	ˈi↗cˌeɪsˈ↗ːkəmflˌɛks ˈi	0	0	0	0
xẫy	TONE_NGA	səʔ↗j	sˈəɪʔ↗	1	0	0	0
xậy	TONE_NANG	səʔ↓j	sˈəɪʔ↓	1	0	0	0
xâo	TONE_NGANG	sə→w	ˈi↗cˌeɪsˈ↗ːkəmflˌɛksˈɔ	0	0	0	0
xầo	TONE_HUYEN	sə↘w	ˈi↗cầˈɔ	0	1	0	0
xấo	TONE_SAC	sə↗w	ˈi↗cấˈɔ	1	1	0	0
xâ̂o	TONE_HOI	sə↓w	ˈi↗cˌeɪsˈ↗ːkəmflˌɛks ˈo	0	0	0	0
xẫo	TONE_NGA	səʔ↗w	ˈi↗cẫˈɔ	0	1	0	0
xậo	TONE_NANG	səʔ↓w	ˈi↗cậˈɔ	0	1	0	0
xâu	TONE_NGANG	sə→w	sˈə→w	1	0	0	0
xầu	TONE_HUYEN	sə↘w	sˈə↘w	1	0	0	0
xấu	TONE_SAC	sə↗w	sˈə↗w	1	0	0	0
xâ̂u	TONE_HOI	sə↓w	ˈi↗cˌeɪsˈ↗ːkəmflˌɛks ˈu	0	0	0	0
xẫu	TONE_NGA	səʔ↗w	sˈəʔ↗w	1	0	0	0
xậu	TONE_NANG	səʔ↓w	sˈəʔ↓w	1	0	0	0
xâm	TONE_NGANG	sə→m	sˈəm	0	0	0	0
xầm	TONE_HUYEN	sə↘m	sˈə↘m	1	0	0	0
xấm	TONE_SAC	sə↗m	sˈə↗m	1	0	0	0
xâ̂m	TONE_HOI	sə↓m	ˈi↗cˌeɪsˈ↗ːkəmflˌɛks mˈəː↘	0	0	0	0
xẫm	TONE_NGA	səʔ↗m	sˈəʔ↗m	1	0	0	0
xậm	TONE_NANG	səʔ↓m	sˈəʔ↓m	1	0	0	0
xân	TONE_NGANG	sə→n	sˈən	0	0	0	0
xần	TONE_HUYEN	sə↘n	sˈə↘n	1	0	0	0
xấn	TONE_SAC	sə↗n	sˈə↗n	1	0	0	0
xâ̂n	TONE_HOI	sə↓n	ˈi↗cˌeɪsˈ↗ːkəmflˌɛks nˈəː↘	0	0	0	0
xẫn	TONE_NGA	səʔ↗n	sˈəʔ↗n	1	0	0	0
xận	TONE_NANG	səʔ↓n	sˈəʔ↓n	1	0	0	0
xấp	TONE_SAC	sə↗p	sˈə↗p	1	0	0	0
xập	TONE_NANG	səʔ↓p	sˈəʔ↓p	1	0	0	0
xất	TONE_SAC	sə↗t	sˈə↗t	1	0	0	0
xật	TONE_NANG	səʔ↓t	sˈəʔ↓t	1	0	0	0
xâng	TONE_NGANG	sə→ŋ	sˈəŋ	0	0	0	0
xầng	TONE_HUYEN	sə↘ŋ	sˈə↘ŋ	1	0	0	0
xấng	TONE_SAC	sə↗ŋ	sˈə↗ŋ	1	0	0	0
xâ̂ng	TONE_HOI	sə↓ŋ	ˈi↗cˌeɪsˈ↗ːkəmflˌɛks ˌɛndʒˈiː	0	0	0	0
xẫng	TONE_NGA	səʔ↗ŋ	sˈəʔ↗ŋ	1	0	0	0
xậng	TONE_NANG	səʔ↓ŋ	sˈəʔ↓ŋ	1	0	0	0
xấc	TONE_SAC	sə↗k	sˈə↗c	1	0	0	0
xậc	TONE_NANG	səʔ↓k	sˈəʔ↓c	1	0	0	0
xấch	TONE_SAC	sə↗k	sˈə↗c hˈa↗t	0	0	0	0
xậch	TONE_NANG	səʔ↓k	sˈəʔ↓c hˈa↗t	0	0	0	0
xe	TONE_NGANG	sɛ→	sˈɛ	0	0	0	0
xè	TONE_HUYEN	sɛ↘	sˈɛ↘	1	0	0	0
xé	TONE_SAC	sɛ↗	sˈɛ↗	1	0	0	0
xê	TONE_HOI	sɛ↓	sˈe	0	0	0	0
xẽ	TONE_NGA	sɛʔ↗	sˈɛʔ↗	1	0	0	0
xẹ	TONE_NANG	sɛʔ↓	sˈɛʔ↓	1	0	0	0
xeo	TONE_NGANG	sɛ→w	sˈɛw	0	0	0	0
xèo	TONE_HUYEN	sɛ↘w	sˈɛ↘w	1	0	0	0
xéo	TONE_SAC	sɛ↗w	sˈɛ↗w	1	0	0	0
xêo	TONE_HOI	sɛ↓w	sˈe ˈɔ	0	0	0	0
xẽo	TONE_NGA	sɛʔ↗w	sˈɛʔ↗w	1	0	0	0
xẹo	TONE_NANG	sɛʔ↓w	sˈɛʔ↓w	1	0	0	0
xeu	TONE_NGANG	sɛ→w	sˈe→w	1	0	0	0
xèu	TONE_HUYEN	sɛ↘w	sˈɛ↘ ˈu	0	0	0	0
xéu	TONE_SAC	sɛ↗w	sˈɛ↗ ˈu	0	0	0	0
xêu	TONE_HOI	sɛ↓w	sˈe→w	0	0	0	0
xẽu	TONE_NGA	sɛʔ↗w	sˈɛʔ↗ ˈu	0	0	0	0
xẹu	TONE_NANG	sɛʔ↓w	sˈɛʔ↓ ˈu	0	0	0	0
xem	TONE_NGANG	sɛ→m	sˈɛm	0	0	0	0
xèm	TONE_HUYEN	sɛ↘m	sˈɛ↘m	1	0	0	0
xém	TONE_SAC	sɛ↗m	sˈɛ↗m	1	0	0	0
xêm	TONE_HOI	sɛ↓m	sˈem	0	0	0	0
xẽm	TONE_NGA	sɛʔ↗m	sˈɛʔ↗m	1	0	0	0
xẹm	TONE_NANG	sɛʔ↓m	sˈɛʔ↓m	1	0	0	0
xen	TONE_NGANG	sɛ→n	sˈɛn	0	0	0	0
xèn	TONE_HUYEN	sɛ↘n	sˈɛ↘n	1	0	0	0
xén	TONE_SAC	sɛ↗n	sˈɛ↗n	1	0	0	0
xên	TONE_HOI	sɛ↓n	sˈen	0	0	0	0
xẽn	TONE_NGA	sɛʔ↗n	sˈɛʔ↗n	1	0	0	0
xẹn	TONE_NANG	sɛʔ↓n	sˈɛʔ↓n	1	0	0	0
xép	TONE_SAC	sɛ↗p	sˈɛ↗p	1	0	0	0
xẹp	TONE_NANG	sɛʔ↓p	sˈɛʔ↓p	1	0	0	0
xét	TONE_SAC	sɛ↗t	sˈɛ↗t	1	0	0	0
xẹt	TONE_NANG	sɛʔ↓t	sˈɛʔ↓t	1	0	0	0
xeng	TONE_NGANG	sɛ→ŋ	sˈɛŋ	0	0	0	0
xèng	TONE_HUYEN	sɛ↘ŋ	sˈɛ↘ŋ	1	0	0	0
xéng	TONE_SAC	sɛ↗ŋ	sˈɛ↗ŋ	1	0	0	0
xêng	TONE_HOI	sɛ↓ŋ	sˈen ðˈe→	0	0	0	0
xẽng	TONE_NGA	sɛʔ↗ŋ	sˈɛʔ↗ŋ	1	0	0	0
xẹng	TONE_NANG	sɛʔ↓ŋ	sˈɛʔ↓ŋ	1	0	0	0
xéc	TONE_SAC	sɛ↗k	sˈɛ↗c	1	0	0	0
xẹc	TONE_NANG	sɛʔ↓k	sˈɛʔ↓c	1	0	0	0
xéch	TONE_SAC	sɛ↗k	sˈɛ↗c hˈa↗t	0	0	0	0
xẹch	TONE_NANG	sɛʔ↓k	sˈɛʔ↓c hˈa↗t	0	0	0	0
xê	TONE_NGANG	se→	sˈe	0	0	0	0
xề	TONE_HUYEN	se↘	sˈe↘	1	0	0	0
xế	TONE_SAC	se↗	sˈe↗	1	0	0	0
xê̂	TONE_HOI	se↓	sˈe	0	0	0	0
xễ	TONE_NGA	seʔ↗	sˈeʔ↗	1	0	0	0
xệ	TONE_NANG	seʔ↓	sˈeʔ↓	1	0	0	0
xêo	TONE_NGANG	se→w	sˈe ˈɔ	0	0	0	0
xềo	TONE_HUYEN	se↘w	sˈe↘ ˈɔ	1	0	0	0
xếo	TONE_SAC	se↗w	sˈe↗ ˈɔ	1	0	0	0
xê̂o	TONE_HOI	se↓w	sˈe ˈo	0	0	0	0
xễo	TONE_NGA	seʔ↗w	sˈeʔ↗ ˈɔ	1	0	0	0
xệo	TONE_NANG	seʔ↓w	sˈeʔ↓ ˈɔ	1	0	0	0
xêu	TONE_NGANG	se→w	sˈe→w	1	0	0	0
xều	TONE_HUYEN	se↘w	sˈe↘w	1	0	0	0
xếu	TONE_SAC	se↗w	sˈe↗w	1	0	0	0
xê̂u	TONE_HOI	se↓w	sˈe ˈu	0	0	0	0
xễu	TONE_NGA	seʔ↗w	sˈeʔ↗w	1	0	0	0
xệu	TONE_NANG	seʔ↓w	sˈeʔ↓w	1	0	0	0
xêm	TONE_NGANG	se→m	sˈem	0	0	0	0
xềm	TONE_HUYEN	se↘m	sˈe↘m	1	0	0	0
xếm	TONE_SAC	se↗m	sˈe↗m	1	0	0	0
xê̂m	TONE_HOI	se↓m	sˈe mˈəː↘	0	0	0	0
xễm	TONE_NGA	seʔ↗m	sˈeʔ↗m	1	0	0	0
xệm	TONE_NANG	seʔ↓m	sˈeʔ↓m	1	0	0	0
xên	TONE_NGANG	se→n	sˈen	0	0	0	0
xền	TONE_HUYEN	se↘n	sˈe↘n	1	0	0	0
xến	TONE_SAC	se↗n	sˈe↗n	1	0	0	0
xê̂n	TONE_HOI	se↓n	sˈe nˈəː↘	0	0	0	0
xễn	TONE_NGA	seʔ↗n	sˈeʔ↗n	1	0	0	0
xện	TONE_NANG	seʔ↓n	sˈeʔ↓n	1	0	0	0
xếp	TONE_SAC	se↗p	sˈe↗p	1	0	0	0
xệp	TONE_NANG	seʔ↓p	sˈeʔ↓p	1	0	0	0
xết	TONE_SAC	se↗t	sˈe↗t	1	0	0	0
xệt	TONE_NANG	seʔ↓t	sˈeʔ↓t	1	0	0	0
xênh	TONE_NGANG	se→ɲ	sˈeɲ	0	0	0	0
xềnh	TONE_HUYEN	se↘ɲ	sˈe↘ɲ	1	0	0	0
xếnh	TONE_SAC	se↗ɲ	sˈe↗ɲ	1	0	0	0
xê̂nh	TONE_HOI	se↓ɲ	sˈe ˌɛnˈeɪʧ	0	0	0	0
xễnh	TONE_NGA	seʔ↗ɲ	sˈeʔ↗ɲ	1	0	0	0
xệnh	TONE_NANG	seʔ↓ɲ	sˈeʔ↓ɲ	1	0	0	0
xếc	TONE_SAC	se↗k	sˈe↗ sˈe	0	0	0	0
xệc	TONE_NANG	seʔ↓k	sˈeʔ↓ sˈe	0	0	0	0
xếch	TONE_SAC	se↗k	sˈe↗c	1	0	0	0
xệch	TONE_NANG	seʔ↓k	sˈeʔ↓c	1	0	0	0
xi	TONE_NGANG	si→	sˈi	0	0	0	0
xì	TONE_HUYEN	si↘	sˈi↘	1	0	0	0
xí	TONE_SAC	si↗	sˈi↗	1	0	0	0
xî	TONE_HOI	si↓	sˈi	0	0	0	0
xĩ	TONE_NGA	siʔ↗	sˈiʔ↗	1	0	0	0
xị	TONE_NANG	siʔ↓	sˈiʔ↓	1	0	0	0
xio	TONE_NGANG	si→w	zˈiːoʊ	0	0	0	0
xìo	TONE_HUYEN	si↘w	sˈi↘ ˈɔ	1	0	0	0
xío	TONE_SAC	si↗w	sˈi↗ ˈɔ	1	0	0	0
xîo	TONE_HOI	si↓w	zˈiːoʊ	0	0	0	0
xĩo	TONE_NGA	siʔ↗w	sˈiʔ↗ ˈɔ	1	0	0	0
xịo	TONE_NANG	siʔ↓w	sˈiʔ↓ ˈɔ	1	0	0	0
xiu	TONE_NGANG	si→w	sˈiw	0	0	0	0
xìu	TONE_HUYEN	si↘w	sˈi↘w	1	0	0	0
xíu	TONE_SAC	si↗w	sˈi↗w	1	0	0	0
xîu	TONE_HOI	si↓w	sˈiw	0	0	0	0
xĩu	TONE_NGA	siʔ↗w	sˈiʔ↗w	1	0	0	0
xịu	TONE_NANG	siʔ↓w	sˈiʔ↓w	1	0	0	0
xim	TONE_NGANG	si→m	sˈim	0	0	0	0
xìm	TONE_HUYEN	si↘m	sˈi↘m	1	0	0	0
xím	TONE_SAC	si↗m	sˈi↗m	1	0	0	0
xîm	TONE_HOI	si↓m	sˈim	0	0	0	0
xĩm	TONE_NGA	siʔ↗m	sˈiʔ↗m	1	0	0	0
xịm	TONE_NANG	siʔ↓m	sˈiʔ↓m	1	0	0	0
xin	TONE_NGANG	si→n	sˈin	0	0	0	0
xìn	TONE_HUYEN	si↘n	sˈi↘n	1	0	0	0
xín	TONE_SAC	si↗n	sˈi↗n	1	0	0	0
xîn	TONE_HOI	si↓n	sˈin	0	0	0	0
xĩn	TONE_NGA	siʔ↗n	sˈiʔ↗n	1	0	0	0
xịn	TONE_NANG	siʔ↓n	sˈiʔ↓n	1	0	0	0
xíp	TONE_SAC	si↗p	sˈi↗p	1	0	0	0
xịp	TONE_NANG	siʔ↓p	sˈiʔ↓p	1	0	0	0
xít	TONE_SAC	si↗t	sˈi↗t	1	0	0	0
xịt	TONE_NANG	siʔ↓t	sˈiʔ↓t	1	0	0	0
xinh	TONE_NGANG	si→ɲ	sˈiɲ	0	0	0	1
xình	TONE_HUYEN	si↘ɲ	sˈi↘ɲ	1	0	0	1
xính	TONE_SAC	si↗ɲ	sˈi↗ɲ	1	0	0	1
xînh	TONE_HOI	si↓ɲ	sˈiɲ	0	0	0	1
xĩnh	TONE_NGA	siʔ↗ɲ	sˈiʔ↗ɲ	1	0	0	1
xịnh	TONE_NANG	siʔ↓ɲ	sˈiʔ↓ɲ	1	0	0	1
xíc	TONE_SAC	si↗k	sˈi↗ sˈe	0	0	0	0
xịc	TONE_NANG	siʔ↓k	sˈiʔ↓ sˈe	0	0	0	0
xích	TONE_SAC	si↗k	sˈi↗c	1	0	0	0
xịch	TONE_NANG	siʔ↓k	sˈiʔ↓c	1	0	0	0
xy	TONE_NGANG	si→	sˈi	0	0	0	0
xỳ	TONE_HUYEN	si↘	sˈi↘	1	0	0	0
xý	TONE_SAC	si↗	sˈi↗	1	0	0	0
xŷ	TONE_HOI	si↓	sˈi	0	0	0	0
xỹ	TONE_NGA	siʔ↗	sˈiʔ↗	1	0	0	0
xỵ	TONE_NANG	siʔ↓	sˈiʔ↓	1	0	0	0
xyo	TONE_NGANG	si→w	zˈaɪoʊ	0	0	0	0
xỳo	TONE_HUYEN	si↘w	sˈi↘ ˈɔ	1	0	0	0
xýo	TONE_SAC	si↗w	sˈi↗ ˈɔ	1	0	0	0
xŷo	TONE_HOI	si↓w	zˈaɪoʊ	0	0	0	0
xỹo	TONE_NGA	siʔ↗w	sˈiʔ↗ ˈɔ	1	0	0	0
xỵo	TONE_NANG	siʔ↓w	sˈiʔ↓ ˈɔ	1	0	0	0
xyu	TONE_NGANG	si→w	sˈi jˈuː	0	0	0	0
xỳu	TONE_HUYEN	si↘w	sˈi↘ ˈu	0	0	0	0
xýu	TONE_SAC	si↗w	sˈi↗ ˈu	0	0	0	0
xŷu	TONE_HOI	si↓w	sˈi jˈuː	0	0	0	0
xỹu	TONE_NGA	siʔ↗w	sˈiʔ↗ ˈu	0	0	0	0
xỵu	TONE_NANG	siʔ↓w	sˈiʔ↓ ˈu	0	0	0	0
xym	TONE_NGANG	si→m	ˈɛks ˈɪm	0	0	0	0
xỳm	TONE_HUYEN	si↘m	sˈi↘ ˈməː↘	0	0	0	0
xým	TONE_SAC	si↗m	sˈi↗ ˈməː↘	0	0	0	0
xŷm	TONE_HOI	si↓m	ˈɛks ˈɪm	0	0	0	0
xỹm	TONE_NGA	siʔ↗m	sˈiʔ↗ ˈməː↘	0	0	0	0
xỵm	TONE_NANG	siʔ↓m	sˈiʔ↓ ˈməː↘	0	0	0	0
xyn	TONE_NGANG	si→n	ˈɛks ˈɪn	0	0	0	0
xỳn	TONE_HUYEN	si↘n	sˈi↘ ˈɛnəː↘	0	0	0	0
xýn	TONE_SAC	si↗n	sˈi↗ ˈɛnəː↘	0	0	0	0
xŷn	TONE_HOI	si↓n	ˈɛks ˈɪn	0	0	0	0
xỹn	TONE_NGA	siʔ↗n	sˈiʔ↗ ˈɛnəː↘	0	0	0	0
xỵn	TONE_NANG	siʔ↓n	sˈiʔ↓ ˈɛnəː↘	0	0	0	0
xýp	TONE_SAC	si↗p	sˈi↗ pˈe	0	0	0	0
xỵp	TONE_NANG	siʔ↓p	sˈiʔ↓ pˈe	0	0	0	0
xýt	TONE_SAC	si↗t	sˈi↗ tˈe	0	0	0	0
xỵt	TONE_NANG	siʔ↓t	sˈiʔ↓ tˈe	0	0	0	0
xynh	TONE_NGANG	si→ɲ	ˈɛks ˈɪn	0	0	0	0
xỳnh	TONE_HUYEN	si↘ɲ	sˈi↘ ˈɛnəː↘hˈa↗t	0	0	0	0
xýnh	TONE_SAC	si↗ɲ	sˈi↗ ˈɛnəː↘hˈa↗t	0	0	0	0
xŷnh	TONE_HOI	si↓ɲ	ˈɛks ˈɪn	0	0	0	0
xỹnh	TONE_NGA	siʔ↗ɲ	sˈiʔ↗ ˈɛnəː↘hˈa↗t	0	0	0	0
xỵnh	TONE_NANG	siʔ↓ɲ	sˈiʔ↓ ˈɛnəː↘hˈa↗t	0	0	0	0
xýc	TONE_SAC	si↗k	sˈi↗ sˈe	0	0	0	0
xỵc	TONE_NANG	siʔ↓k	sˈiʔ↓ sˈe	0	0	0	0
xých	TONE_SAC	si↗k	sˈi↗ sˈehˈa↗t	0	0	0	0
xỵch	TONE_NANG	siʔ↓k	sˈiʔ↓ sˈehˈa↗t	0	0	0	0
xo	TONE_NGANG	sɔ→	sˈɔ	0	0	0	0
xò	TONE_HUYEN	sɔ↘	sˈɔ↘	1	0	0	0
xó	TONE_SAC	sɔ↗	sˈɔ↗	1	0	0	0
xô	TONE_HOI	sɔ↓	sˈo	0	0	0	0
xõ	TONE_NGA	sɔʔ↗	sˈɔʔ↗	1	0	0	0
xọ	TONE_NANG	sɔʔ↓	sˈɔʔ↓	1	0	0	0
xoi	TONE_NGANG	sɔ→j	sˈɔj	0	0	0	0
xòi	TONE_HUYEN	sɔ↘j	sˈɔ↘j	1	0	0	0
xói	TONE_SAC	sɔ↗j	sˈɔ↗j	1	0	0	0
xôi	TONE_HOI	sɔ↓j	sˈoj	0	0	0	0
xõi	TONE_NGA	sɔʔ↗j	sˈɔʔ↗j	1	0	0	0
xọi	TONE_NANG	sɔʔ↓j	sˈɔʔ↓j	1	0	0	0
xoy	TONE_NGANG	sɔ→j	zˈɔɪ	0	0	0	0
xòy	TONE_HUYEN	sɔ↘j	sˈɔ↘ ˈi	0	0	0	0
xóy	TONE_SAC	sɔ↗j	sˈɔ↗ ˈi	0	0	0	0
xôy	TONE_HOI	sɔ↓j	sˈo ˈi	0	0	0	0
xõy	TONE_NGA	sɔʔ↗j	sˈɔʔ↗ ˈi	0	0	0	0
xọy	TONE_NANG	sɔʔ↓j	sˈɔʔ↓ ˈi	0	0	0	0
xom	TONE_NGANG	sɔ→m	sˈɔm	0	0	0	0
xòm	TONE_HUYEN	sɔ↘m	sˈɔ↘m	1	0	0	0
xóm	TONE_SAC	sɔ↗m	sˈɔ↗m	1	0	0	0
xôm	TONE_HOI	sɔ↓m	sˈom	0	0	0	0
xõm	TONE_NGA	sɔʔ↗m	sˈɔʔ↗m	1	0	0	0
xọm	TONE_NANG	sɔʔ↓m	sˈɔʔ↓m	1	0	0	0
xon	TONE_NGANG	sɔ→n	sˈɔn	0	0	0	0
xòn	TONE_HUYEN	sɔ↘n	sˈɔ↘n	1	0	0	0
xón	TONE_SAC	sɔ↗n	sˈɔ↗n	1	0	0	0
xôn	TONE_HOI	sɔ↓n	sˈon	0	0	0	0
xõn	TONE_NGA	sɔʔ↗n	sˈɔʔ↗n	1	0	0	0
xọn	TONE_NANG	sɔʔ↓n	sˈɔʔ↓n	1	0	0	0
xóp	TONE_SAC	sɔ↗p	sˈɔ↗p	1	0	0	0
xọp	TONE_NANG	sɔʔ↓p	sˈɔʔ↓p	1	0	0	0
xót	TONE_SAC	sɔ↗t	sˈɔ↗t	1	0	0	0
xọt	TONE_NANG	sɔʔ↓t	sˈɔʔ↓t	1	0	0	0
xong	TONE_NGANG	sɔ→ŋ	sˈɔŋ	0	0	0	0
xòng	TONE_HUYEN	sɔ↘ŋ	sˈɔ↘ŋ	1	0	0	0
xóng	TONE_SAC	sɔ↗ŋ	sˈɔ↗ŋ	1	0	0	0
xông	TONE_HOI	sɔ↓ŋ	sˈoŋ	0	0	0	0
xõng	TONE_NGA	sɔʔ↗ŋ	sˈɔʔ↗ŋ	1	0	0	0
xọng	TONE_NANG	sɔʔ↓ŋ	sˈɔʔ↓ŋ	1	0	0	0
xóc	TONE_SAC	sɔ↗k	sˈɔ↗k	1	0	0	0
xọc	TONE_NANG	sɔʔ↓k	sˈɔʔ↓k	1	0	0	0
xóch	TONE_SAC	sɔ↗k	sˈɔ↗k hˈa↗t	0	0	0	0
xọch	TONE_NANG	sɔʔ↓k	sˈɔʔ↓k hˈa↗t	0	0	0	0
xô	TONE_NGANG	so→	sˈo	0	0	0	0
xồ	TONE_HUYEN	so↘	sˈo↘	1	0	0	0
xố	TONE_SAC	so↗	sˈo↗	1	0	0	0
xô̂	TONE_HOI	so↓	sˈo	0	0	0	0
xỗ	TONE_NGA	soʔ↗	sˈoʔ↗	1	0	0	0
xộ	TONE_NANG	soʔ↓	sˈoʔ↓	1	0	0	0
xôi	TONE_NGANG	so→j	sˈoj	0	0	0	0
xồi	TONE_HUYEN	so↘j	sˈo↘j	1	0	0	0
xối	TONE_SAC	so↗j	sˈo↗j	1	0	0	0
xô̂i	TONE_HOI	so↓j	sˈo ˈi	0	0	0	0
xỗi	TONE_NGA	soʔ↗j	sˈoʔ↗j	1	0	0	0
xội	TONE_NANG	soʔ↓j	sˈoʔ↓j	1	0	0	0
xôy	TONE_NGANG	so→j	sˈo ˈi	0	0	0	0
xồy	TONE_HUYEN	so↘j	sˈo↘ ˈi	0	0	0	0
xốy	TONE_SAC	so↗j	sˈo↗ ˈi	0	0	0	0
xô̂y	TONE_HOI	so↓j	sˈo ˈi	0	0	0	0
xỗy	TONE_NGA	soʔ↗j	sˈoʔ↗ ˈi	0	0	0	0
xộy	TONE_NANG	soʔ↓j	sˈoʔ↓ ˈi	0	0	0	0
xôm	TONE_NGANG	so→m	sˈom	0	0	0	0
xồm	TONE_HUYEN	so↘m	sˈo↘m	1	0	0	0
xốm	TONE_SAC	so↗m	sˈo↗m	1	0	0	0
xô̂m	TONE_HOI	so↓m	sˈo mˈəː↘	0	0	0	0
xỗm	TONE_NGA	soʔ↗m	sˈoʔ↗m	1	0	0	0
xộm	TONE_NANG	soʔ↓m	sˈoʔ↓m	1	0	0	0
xôn	TONE_NGANG	so→n	sˈon	0	0	0	0
xồn	TONE_HUYEN	so↘n	sˈo↘n	1	0	0	0
xốn	TONE_SAC	so↗n	sˈo↗n	1	0	0	0
xô̂n	TONE_HOI	so↓n	sˈo nˈəː↘	0	0	0	0
xỗn	TONE_NGA	soʔ↗n	sˈoʔ↗n	1	0	0	0
xộn	TONE_NANG	soʔ↓n	sˈoʔ↓n	1	0	0	0
xốp	TONE_SAC	so↗p	sˈo↗p	1	0	0	0
xộp	TONE_NANG	soʔ↓p	sˈoʔ↓p	1	0	0	0
xốt	TONE_SAC	so↗t	sˈo↗t	1	0	0	0
xột	TONE_NANG	soʔ↓t	sˈoʔ↓t	1	0	0	0
xông	TONE_NGANG	so→ŋ	sˈoŋ	0	0	0	0
xồng	TONE_HUYEN	so↘ŋ	sˈo↘ŋ	1	0	0	0
xống	TONE_SAC	so↗ŋ	sˈo↗ŋ	1	0	0	0
xô̂ng	TONE_HOI	so↓ŋ	sˈo ˌɛndʒˈiː	0	0	0	0
xỗng	TONE_NGA	soʔ↗ŋ	sˈoʔ↗ŋ	1	0	0	0
xộng	TONE_NANG	soʔ↓ŋ	sˈoʔ↓ŋ	1	0	0	0
xốc	TONE_SAC	so↗k	sˈo↗k	1	0	0	0
xộc	TONE_NANG	soʔ↓k	sˈoʔ↓k	1	0	0	0
xốch	TONE_SAC	so↗k	sˈo↗k hˈa↗t	0	0	0	0
xộch	TONE_NANG	soʔ↓k	sˈoʔ↓k hˈa↗t	0	0	0	0
xơ	TONE_NGANG	səː→	sˈəː	0	0	0	0
xờ	TONE_HUYEN	səː↘	sˈəː↘	1	0	0	0
xớ	TONE_SAC	səː↗	sˈəː↗	1	0	0	0
xơ̂	TONE_HOI	səː↓	sˈəː	0	0	0	0
xỡ	TONE_NGA	səːʔ↗	sˈəːʔ↗	1	0	0	0
xợ	TONE_NANG	səːʔ↓	sˈəːʔ↓	1	0	0	0
xơi	TONE_NGANG	səː→j	sˈəːj	0	0	0	0
xời	TONE_HUYEN	səː↘j	sˈəː↘j	1	0	0	0
xới	TONE_SAC	səː↗j	sˈəː↗j	1	0	0	0
xơ̂i	TONE_HOI	səː↓j	sˈəː ˈi	0	0	0	0
xỡi	TONE_NGA	səːʔ↗j	sˈəːʔ↗j	1	0	0	0
xợi	TONE_NANG	səːʔ↓j	sˈəːʔ↓j	1	0	0	0
xơy	TONE_NGANG	səː→j	sˈəː ˈi	0	0	0	0
xờy	TONE_HUYEN	səː↘j	sˈəː↘ ˈi	0	0	0	0
xớy	TONE_SAC	səː↗j	sˈəː↗ ˈi	0	0	0	0
xơ̂y	TONE_HOI	səː↓j	sˈəː ˈi	0	0	0	0
xỡy	TONE_NGA	səːʔ↗j	sˈəːʔ↗ ˈi	0	0	0	0
xợy	TONE_NANG	səːʔ↓j	sˈəːʔ↓ ˈi	0	0	0	0
xơm	TONE_NGANG	səː→m	sˈəːm	0	0	0	0
xờm	TONE_HUYEN	səː↘m	sˈəː↘m	1	0	0	0
xớm	TONE_SAC	səː↗m	sˈəː↗m	1	0	0	0
xơ̂m	TONE_HOI	səː↓m	sˈəː mˈəː↘	0	0	0	0
xỡm	TONE_NGA	səːʔ↗m	sˈəːʔ↗m	1	0	0	0
xợm	TONE_NANG	səːʔ↓m	sˈəːʔ↓m	1	0	0	0
xơn	TONE_NGANG	səː→n	sˈəːn	0	0	0	0
xờn	TONE_HUYEN	səː↘n	sˈəː↘n	1	0	0	0
xớn	TONE_SAC	səː↗n	sˈəː↗n	1	0	0	0
xơ̂n	TONE_HOI	səː↓n	sˈəː nˈəː↘	0	0	0	0
xỡn	TONE_NGA	səːʔ↗n	sˈəːʔ↗n	1	0	0	0
xợn	TONE_NANG	səːʔ↓n	sˈəːʔ↓n	1	0	0	0
xớp	TONE_SAC	səː↗p	sˈəː↗p	1	0	0	0
xợp	TONE_NANG	səːʔ↓p	sˈəːʔ↓p	1	0	0	0
xớt	TONE_SAC	səː↗t	sˈəː↗t	1	0	0	0
xợt	TONE_NANG	səːʔ↓t	sˈəːʔ↓t	1	0	0	0
xớc	TONE_SAC	səː↗k	sˈəː↗ sˈe	0	0	0	0
xợc	TONE_NANG	səːʔ↓k	sˈəːʔ↓ sˈe	0	0	0	0
xớch	TONE_SAC	səː↗k	sˈəː↗ sˈehˈa↗t	0	0	0	0
xợch	TONE_NANG	səːʔ↓k	sˈəːʔ↓ sˈehˈa↗t	0	0	0	0
xu	TONE_NGANG	su→	sˈu	0	0	0	0
xù	TONE_HUYEN	su↘	sˈu↘	1	0	0	0
xú	TONE_SAC	su↗	sˈu↗	1	0	0	0
xû	TONE_HOI	su↓	sˈu	0	0	0	0
xũ	TONE_NGA	suʔ↗	sˈuʔ↗	1	0	0	0
xụ	TONE_NANG	suʔ↓	sˈuʔ↓	1	0	0	0
xui	TONE_NGANG	su→j	sˈuj	0	0	0	0
xùi	TONE_HUYEN	su↘j	sˈu↘j	1	0	0	0
xúi	TONE_SAC	su↗j	sˈu↗j	1	0	0	0
xûi	TONE_HOI	su↓j	sˈuj	0	0	0	0
xũi	TONE_NGA	suʔ↗j	sˈuʔ↗j	1	0	0	0
xụi	TONE_NANG	suʔ↓j	sˈuʔ↓j	1	0	0	0
xuy	TONE_NGANG	su→j	swˈi	0	0	0	0
xùy	TONE_HUYEN	su↘j	sˈu↘ ˈi	0	0	0	0
xúy	TONE_SAC	su↗j	swˈi↗	1	0	0	0
xûy	TONE_HOI	su↓j	swˈi	0	0	0	0
xũy	TONE_NGA	suʔ↗j	sˈuʔ↗ ˈi	0	0	0	0
xụy	TONE_NANG	suʔ↓j	sˈuʔ↓ ˈi	0	0	0	0
xum	TONE_NGANG	su→m	sˈum	0	0	0	0
xùm	TONE_HUYEN	su↘m	sˈu↘m	1	0	0	0
xúm	TONE_SAC	su↗m	sˈu↗m	1	0	0	0
xûm	TONE_HOI	su↓m	sˈum	0	0	0	0
xũm	TONE_NGA	suʔ↗m	sˈuʔ↗m	1	0	0	0
xụm	TONE_NANG	suʔ↓m	sˈuʔ↓m	1	0	0	0
xun	TONE_NGANG	su→n	sˈun	0	0	0	0
xùn	TONE_HUYEN	su↘n	sˈu↘n	1	0	0	0
xún	TONE_SAC	su↗n	sˈu↗n	1	0	0	0
xûn	TONE_HOI	su↓n	sˈun	0	0	0	0
xũn	TONE_NGA	suʔ↗n	sˈuʔ↗n	1	0	0	0
xụn	TONE_NANG	suʔ↓n	sˈuʔ↓n	1	0	0	0
xúp	TONE_SAC	su↗p	sˈu↗p	1	0	0	0
xụp	TONE_NANG	suʔ↓p	sˈuʔ↓p	1	0	0	0
xút	TONE_SAC	su↗t	sˈu↗t	1	0	0	0
xụt	TONE_NANG	suʔ↓t	sˈuʔ↓t	1	0	0	0
xung	TONE_NGANG	su→ŋ	sˈuŋ	0	0	0	0
xùng	TONE_HUYEN	su↘ŋ	sˈu↘ŋ	1	0	0	0
xúng	TONE_SAC	su↗ŋ	sˈu↗ŋ	1	0	0	0
xûng	TONE_HOI	su↓ŋ	sˈuŋ	0	0	0	0
xũng	TONE_NGA	suʔ↗ŋ	sˈuʔ↗ŋ	1	0	0	0
xụng	TONE_NANG	suʔ↓ŋ	sˈuʔ↓ŋ	1	0	0	0
xúc	TONE_SAC	su↗k	sˈu↗c	1	0	0	0
xục	TONE_NANG	suʔ↓k	sˈuʔ↓c	1	0	0	0
xúch	TONE_SAC	su↗k	sˈu↗c hˈa↗t	0	0	0	0
xụch	TONE_NANG	suʔ↓k	sˈuʔ↓c hˈa↗t	0	0	0	0
xư	TONE_NGANG	sɨ→	sˈy	0	0	0	0
xừ	TONE_HUYEN	sɨ↘	sˈy↘	1	0	0	0
xứ	TONE_SAC	sɨ↗	sˈy↗	1	0	0	0
xư̂	TONE_HOI	sɨ↓	sˈy	0	0	0	0
xữ	TONE_NGA	sɨʔ↗	sˈyʔ↗	1	0	0	0
xự	TONE_NANG	sɨʔ↓	sˈyʔ↓	1	0	0	0
xưi	TONE_NGANG	sɨ→j	sˈyj	0	0	0	0
xừi	TONE_HUYEN	sɨ↘j	sˈy↘j	1	0	0	0
xứi	TONE_SAC	sɨ↗j	sˈy↗j	1	0	0	0
xư̂i	TONE_HOI	sɨ↓j	sˈy ˈi	0	0	0	0
xữi	TONE_NGA	sɨʔ↗j	sˈyʔ↗j	1	0	0	0
xựi	TONE_NANG	sɨʔ↓j	sˈyʔ↓j	1	0	0	0
xưy	TONE_NGANG	sɨ→j	sˈy ˈi	0	0	0	0
xừy	TONE_HUYEN	sɨ↘j	sˈy↘ ˈi	0	0	0	0
xứy	TONE_SAC	sɨ↗j	sˈy↗ ˈi	0	0	0	0
xư̂y	TONE_HOI	sɨ↓j	sˈy ˈi	0	0	0	0
xữy	TONE_NGA	sɨʔ↗j	sˈyʔ↗ ˈi	0	0	0	0
xựy	TONE_NANG	sɨʔ↓j	sˈyʔ↓ ˈi	0	0	0	0
xưo	TONE_NGANG	sɨ→w	sˈy ˈɔ	0	0	0	0
xừo	TONE_HUYEN	sɨ↘w	sˈy↘ ˈɔ	1	0	0	0
xứo	TONE_SAC	sɨ↗w	sˈy↗ ˈɔ	1	0	0	0
xư̂o	TONE_HOI	sɨ↓w	sˈy ˈo	0	0	0	0
xữo	TONE_NGA	sɨʔ↗w	sˈyʔ↗ ˈɔ	1	0	0	0
xựo	TONE_NANG	sɨʔ↓w	sˈyʔ↓ ˈɔ	1	0	0	0
xưu	TONE_NGANG	sɨ→w	sˈiw	0	0	0	0
xừu	TONE_HUYEN	sɨ↘w	sˈi↘w	1	0	0	0
xứu	TONE_SAC	sɨ↗w	sˈi↗w	1	0	0	0
xư̂u	TONE_HOI	sɨ↓w	sˈy ˈu	0	0	0	0
xữu	TONE_NGA	sɨʔ↗w	sˈiʔ↗w	1	0	0	0
xựu	TONE_NANG	sɨʔ↓w	sˈiʔ↓w	1	0	0	0
xưm	TONE_NGANG	sɨ→m	sˈym	0	0	0	0
xừm	TONE_HUYEN	sɨ↘m	sˈy↘m	1	0	0	0
xứm	TONE_SAC	sɨ↗m	sˈy↗m	1	0	0	0
xư̂m	TONE_HOI	sɨ↓m	sˈy mˈəː↘	0	0	0	0
xữm	TONE_NGA	sɨʔ↗m	sˈyʔ↗m	1	0	0	0
xựm	TONE_NANG	sɨʔ↓m	sˈyʔ↓m	1	0	0	0
xưn	TONE_NGANG	sɨ→n	sˈyn	0	0	0	0
xừn	TONE_HUYEN	sɨ↘n	sˈy↘n	1	0	0	0
xứn	TONE_SAC	sɨ↗n	sˈy↗n	1	0	0	0
xư̂n	TONE_HOI	sɨ↓n	sˈy nˈəː↘	0	0	0	0
xữn	TONE_NGA	sɨʔ↗n	sˈyʔ↗n	1	0	0	0
xựn	TONE_NANG	sɨʔ↓n	sˈyʔ↓n	1	0	0	0
xứp	TONE_SAC	sɨ↗p	sˈy↗ pˈe	0	0	0	0
xựp	TONE_NANG	sɨʔ↓p	sˈyʔ↓ pˈe	0	0	0	0
xứt	TONE_SAC	sɨ↗t	sˈy↗t	1	0	0	0
xựt	TONE_NANG	sɨʔ↓t	sˈyʔ↓t	1	0	0	0
xưng	TONE_NGANG	sɨ→ŋ	sˈyŋ	0	0	0	0
xừng	TONE_HUYEN	sɨ↘ŋ	sˈy↘ŋ	1	0	0	0
xứng	TONE_SAC	sɨ↗ŋ	sˈy↗ŋ	1	0	0	0
xư̂ng	TONE_HOI	sɨ↓ŋ	sˈy ˌɛndʒˈiː	0	0	0	0
xững	TONE_NGA	sɨʔ↗ŋ	sˈyʔ↗ŋ	1	0	0	0
xựng	TONE_NANG	sɨʔ↓ŋ	sˈyʔ↓ŋ	1	0	0	0
xức	TONE_SAC	sɨ↗k	sˈy↗c	1	0	0	0
xực	TONE_NANG	sɨʔ↓k	sˈyʔ↓c	1	0	0	0
xứch	TONE_SAC	sɨ↗k	sˈy↗c hˈa↗t	0	0	0	0
xựch	TONE_NANG	sɨʔ↓k	sˈyʔ↓c hˈa↗t	0	0	0	0
iê	TONE_NGANG	iə→	ˈiˈe	0	0	0	0
iề	TONE_HUYEN	iə↘	ˈiˈe↘	1	0	0	0
iế	TONE_SAC	iə↗	ˈiˈe↗	1	0	0	0
iê̂	TONE_HOI	iə↓	ˈiˈe	0	0	0	0
iễ	TONE_NGA	iəʔ↗	ˈiˈeʔ↗	1	0	0	0
iệ	TONE_NANG	iəʔ↓	ˈiˈeʔ↓	1	0	0	0
iêo	TONE_NGANG	iə→w	ˈiˈeˈɔ	0	0	0	0
iềo	TONE_HUYEN	iə↘w	ˈiˈe↘ˈɔ	1	0	0	0
iếo	TONE_SAC	iə↗w	ˈiˈe↗ˈɔ	1	0	0	0
iê̂o	TONE_HOI	iə↓w	ˈiˈe ˈo	0	0	0	0
iễo	TONE_NGA	iəʔ↗w	ˈiˈeʔ↗ˈɔ	1	0	0	0
iệo	TONE_NANG	iəʔ↓w	ˈiˈeʔ↓ˈɔ	1	0	0	0
iêu	TONE_NGANG	iə→w	ˈiɛw	0	0	0	0
iều	TONE_HUYEN	iə↘w	ˈiɛ↘w	1	0	0	0
iếu	TONE_SAC	iə↗w	ˈiɛ↗w	1	0	0	0
iê̂u	TONE_HOI	iə↓w	ˈiˈe ˈu	0	0	0	0
iễu	TONE_NGA	iəʔ↗w	ˈiɛʔ↗w	1	0	0	0
iệu	TONE_NANG	iəʔ↓w	ˈiɛʔ↓w	1	0	0	0
iêm	TONE_NGANG	iə→m	ˈiɛm	0	0	0	0
iềm	TONE_HUYEN	iə↘m	ˈiɛ↘m	1	0	0	0
iếm	TONE_SAC	iə↗m	ˈiɛ↗m	1	0	0	0
iê̂m	TONE_HOI	iə↓m	ˈiˈe mˈəː↘	0	0	0	0
iễm	TONE_NGA	iəʔ↗m	ˈiɛʔ↗m	1	0	0	0
iệm	TONE_NANG	iəʔ↓m	ˈiɛʔ↓m	1	0	0	0
iên	TONE_NGANG	iə→n	ˈiɛn	0	0	0	0
iền	TONE_HUYEN	iə↘n	ˈiɛ↘n	1	0	0	0
iến	TONE_SAC	iə↗n	ˈiɛ↗n	1	0	0	0
iê̂n	TONE_HOI	iə↓n	ˈiˈe nˈəː↘	0	0	0	0
iễn	TONE_NGA	iəʔ↗n	ˈiɛʔ↗n	1	0	0	0
iện	TONE_NANG	iəʔ↓n	ˈiɛʔ↓n	1	0	0	0
iếp	TONE_SAC	iə↗p	ˈiɛ↗p	1	0	0	0
iệp	TONE_NANG	iəʔ↓p	ˈiɛʔ↓p	1	0	0	0
iết	TONE_SAC	iə↗t	ˈiɛ↗t	1	0	0	0
iệt	TONE_NANG	iəʔ↓t	ˈiɛʔ↓t	1	0	0	0
iêng	TONE_NGANG	iə→ŋ	ˈiɛŋ	0	0	0	0
iềng	TONE_HUYEN	iə↘ŋ	ˈiɛ↘ŋ	1	0	0	0
iếng	TONE_SAC	iə↗ŋ	ˈiɛ↗ŋ	1	0	0	0
iê̂ng	TONE_HOI	iə↓ŋ	ˈiˈe ˌɛndʒˈiː	0	0	0	0
iễng	TONE_NGA	iəʔ↗ŋ	ˈiɛʔ↗ŋ	1	0	0	0
iệng	TONE_NANG	iəʔ↓ŋ	ˈiɛʔ↓ŋ	1	0	0	0
iênh	TONE_NGANG	iə→ɲ	ˈi ˈeɲ	0	0	0	0
iềnh	TONE_HUYEN	iə↘ɲ	ˈi ˈe↘ɲ	1	0	0	0
iếnh	TONE_SAC	iə↗ɲ	ˈi ˈe↗ɲ	1	0	0	0
iê̂nh	TONE_HOI	iə↓ɲ	ˈiˈe ˌɛnˈeɪʧ	0	0	0	0
iễnh	TONE_NGA	iəʔ↗ɲ	ˈi ˈeʔ↗ɲ	1	0	0	0
iệnh	TONE_NANG	iəʔ↓ɲ	ˈi ˈeʔ↓ɲ	1	0	0	0
iếc	TONE_SAC	iə↗k	ˈiɛ↗c	1	0	0	0
iệc	TONE_NANG	iəʔ↓k	ˈiɛʔ↓c	1	0	0	0
iếch	TONE_SAC	iə↗k	ˈi ˈe↗c	1	0	0	0
iệch	TONE_NANG	iəʔ↓k	ˈi ˈeʔ↓c	1	0	0	0
yê	TONE_NGANG	iə→	jˈɛɹ	0	0	0	0
yề	TONE_HUYEN	iə↘	ˈiˈe↘	1	0	0	0
yế	TONE_SAC	iə↗	ˈiˈe↗	1	0	0	0
yê̂	TONE_HOI	iə↓	jˈɛɹ	0	0	0	0
yễ	TONE_NGA	iəʔ↗	ˈiˈeʔ↗	1	0	0	0
yệ	TONE_NANG	iəʔ↓	ˈiˈeʔ↓	1	0	0	0
yêo	TONE_NGANG	iə→w	ˈiˈeˈɔ	0	0	0	0
yềo	TONE_HUYEN	iə↘w	ˈiˈe↘ˈɔ	1	0	0	0
yếo	TONE_SAC	iə↗w	ˈiˈe↗ˈɔ	1	0	0	0
yê̂o	TONE_HOI	iə↓w	jˈɛɹ ˈo	0	0	0	0
yễo	TONE_NGA	iəʔ↗w	ˈiˈeʔ↗ˈɔ	1	0	0	0
yệo	TONE_NANG	iəʔ↓w	ˈiˈeʔ↓ˈɔ	1	0	0	0
yêu	TONE_NGANG	iə→w	ˈiɛw	0	0	0	0
yều	TONE_HUYEN	iə↘w	ˈiɛ↘w	1	0	0	0
yếu	TONE_SAC	iə↗w	ˈiɛ↗w	1	0	0	0
yê̂u	TONE_HOI	iə↓w	jˈɛɹ jˈuː	0	0	0	0
yễu	TONE_NGA	iəʔ↗w	ˈiɛʔ↗w	1	0	0	0
yệu	TONE_NANG	iəʔ↓w	ˈiɛʔ↓w	1	0	0	0
yêm	TONE_NGANG	iə→m	ˈiɛm	0	0	0	0
yềm	TONE_HUYEN	iə↘m	ˈiɛ↘m	1	0	0	0
yếm	TONE_SAC	iə↗m	ˈiɛ↗m	1	0	0	0
yê̂m	TONE_HOI	iə↓m	jˈɛɹ mˈəː↘	0	0	0	0
yễm	TONE_NGA	iəʔ↗m	ˈiɛʔ↗m	1	0	0	0
yệm	TONE_NANG	iəʔ↓m	ˈiɛʔ↓m	1	0	0	0
yên	TONE_NGANG	iə→n	ˈiɛn	0	0	0	0
yền	TONE_HUYEN	iə↘n	ˈiɛ↘n	1	0	0	0
yến	TONE_SAC	iə↗n	ˈiɛ↗n	1	0	0	0
yê̂n	TONE_HOI	iə↓n	jˈɛɹ nˈəː↘	0	0	0	0
yễn	TONE_NGA	iəʔ↗n	ˈiɛʔ↗n	1	0	0	0
yện	TONE_NANG	iəʔ↓n	ˈiɛʔ↓n	1	0	0	0
yếp	TONE_SAC	iə↗p	ˈi ˈe↗p	1	0	0	0
yệp	TONE_NANG	iəʔ↓p	ˈi ˈeʔ↓p	1	0	0	0
yết	TONE_SAC	iə↗t	ˈiɛ↗t	1	0	0	0
yệt	TONE_NANG	iəʔ↓t	ˈiɛʔ↓t	1	0	0	0
yêng	TONE_NGANG	iə→ŋ	ˈiɛŋ	0	0	0	0
yềng	TONE_HUYEN	iə↘ŋ	ˈiɛ↘ŋ	1	0	0	0
yếng	TONE_SAC	iə↗ŋ	ˈiɛ↗ŋ	1	0	0	0
yê̂ng	TONE_HOI	iə↓ŋ	jˈɛɹ ˌɛndʒˈiː	0	0	0	0
yễng	TONE_NGA	iəʔ↗ŋ	ˈiɛʔ↗ŋ	1	0	0	0
yệng	TONE_NANG	iəʔ↓ŋ	ˈiɛʔ↓ŋ	1	0	0	0
yênh	TONE_NGANG	iə→ɲ	ˈi ˈeɲ	0	0	0	0
yềnh	TONE_HUYEN	iə↘ɲ	ˈi ˈe↘ɲ	1	0	0	0
yếnh	TONE_SAC	iə↗ɲ	ˈi ˈe↗ɲ	1	0	0	0
yê̂nh	TONE_HOI	iə↓ɲ	jˈɛɹ ˌɛnˈeɪʧ	0	0	0	0
yễnh	TONE_NGA	iəʔ↗ɲ	ˈi ˈeʔ↗ɲ	1	0	0	0
yệnh	TONE_NANG	iəʔ↓ɲ	ˈi ˈeʔ↓ɲ	1	0	0	0
yếc	TONE_SAC	iə↗k	ˈiˈe↗sˈe	0	0	0	0
yệc	TONE_NANG	iəʔ↓k	ˈiˈeʔ↓sˈe	0	0	0	0
yếch	TONE_SAC	iə↗k	ˈi ˈe↗c	1	0	0	0
yệch	TONE_NANG	iəʔ↓k	ˈi ˈeʔ↓c	1	0	0	0
ia	TONE_NGANG	iə→	ˈiə	0	0	0	0
ìa	TONE_HUYEN	iə↘	ˈiə↘	1	0	0	0
ía	TONE_SAC	iə↗	ˈiə↗	1	0	0	0
îa	TONE_HOI	iə↓	ˈiə	0	0	0	0
ĩa	TONE_NGA	iəʔ↗	ˈiəʔ↗	1	0	0	0
ịa	TONE_NANG	iəʔ↓	ˈiəʔ↓	1	0	0	0
iao	TONE_NGANG	iə→w	ˈaɪaʊ	0	0	0	0
ìao	TONE_HUYEN	iə↘w	ˈi↘ˈaːˈɔ	0	0	0	0
íao	TONE_SAC	iə↗w	ˈi↗ˈaːˈɔ	0	0	0	0
îao	TONE_HOI	iə↓w	ˈaɪaʊ	0	0	0	0
ĩao	TONE_NGA	iəʔ↗w	ˈiʔ↗ˈaːˈɔ	0	0	0	0
ịao	TONE_NANG	iəʔ↓w	ˈiʔ↓ˈaːˈɔ	0	0	0	0
iau	TONE_NGANG	iə→w	ˈaɪaʊ	0	0	0	0
ìau	TONE_HUYEN	iə↘w	ˈi↘ˈaːˈu	0	0	0	0
íau	TONE_SAC	iə↗w	ˈi↗ˈaːˈu	0	0	0	0
îau	TONE_HOI	iə↓w	ˈaɪaʊ	0	0	0	0
ĩau	TONE_NGA	iəʔ↗w	ˈiʔ↗ˈaːˈu	0	0	0	0
ịau	TONE_NANG	iəʔ↓w	ˈiʔ↓ˈaːˈu	0	0	0	0
iam	TONE_NGANG	iə→m	ˈiəm	0	0	0	0
ìam	TONE_HUYEN	iə↘m	ˈi↘ ˈaːm	0	0	0	0
íam	TONE_SAC	iə↗m	ˈi↗ ˈaːm	0	0	0	0
îam	TONE_HOI	iə↓m	ˈiəm	0	0	0	0
ĩam	TONE_NGA	iəʔ↗m	ˈiʔ↗ ˈaːm	0	0	0	0
ịam	TONE_NANG	iəʔ↓m	ˈiʔ↓ ˈaːm	0	0	0	0
ian	TONE_NGANG	iə→n	ˈiːən	0	0	0	0
ìan	TONE_HUYEN	iə↘n	ˈi↘ ˈaːn	0	0	0	0
ían	TONE_SAC	iə↗n	ˈi↗ ˈaːn	0	0	0	0
îan	TONE_HOI	iə↓n	ˈiːən	0	0	0	0
ĩan	TONE_NGA	iəʔ↗n	ˈiʔ↗ ˈaːn	0	0	0	0
ịan	TONE_NANG	iəʔ↓n	ˈiʔ↓ ˈaːn	0	0	0	0
íap	TONE_SAC	iə↗p	ˈi↗ ˈaː↗p	0	0	0	0
ịap	TONE_NANG	iəʔ↓p	ˈiʔ↓ ˈaː↗p	0	0	0	0
íat	TONE_SAC	iə↗t	ˈi↗ ˈaː↗t	0	0	0	0
ịat	TONE_NANG	iəʔ↓t	ˈiʔ↓ ˈaː↗t	0	0	0	0
iang	TONE_NGANG	iə→ŋ	jˈæŋ	0	0	0	0
ìang	TONE_HUYEN	iə↘ŋ	ˈi↘ ˈaːŋ	0	0	0	0
íang	TONE_SAC	iə↗ŋ	ˈi↗ ˈaːŋ	0	0	0	0
îang	TONE_HOI	iə↓ŋ	jˈæŋ	0	0	0	0
ĩang	TONE_NGA	iəʔ↗ŋ	ˈiʔ↗ ˈaːŋ	0	0	0	0
ịang	TONE_NANG	iəʔ↓ŋ	ˈiʔ↓ ˈaːŋ	0	0	0	0
ianh	TONE_NGANG	iə→ɲ	ˈiːən ˈeɪʧ	0	0	0	0
ìanh	TONE_HUYEN	iə↘ɲ	ˈi↘ ˈæɲ	0	0	0	0
íanh	TONE_SAC	iə↗ɲ	ˈi↗ ˈæɲ	0	0	0	0
îanh	TONE_HOI	iə↓ɲ	ˈiːən ˈeɪʧ	0	0	0	0
ĩanh	TONE_NGA	iəʔ↗ɲ	ˈiʔ↗ ˈæɲ	0	0	0	0
ịanh	TONE_NANG	iəʔ↓ɲ	ˈiʔ↓ ˈæɲ	0	0	0	0
íac	TONE_SAC	iə↗k	ˈi↗ ˈaː↗c	0	0	0	0
ịac	TONE_NANG	iəʔ↓k	ˈiʔ↓ ˈaː↗c	0	0	0	0
íach	TONE_SAC	iə↗k	ˈi↗ ˈæ↗c	0	0	0	0
ịach	TONE_NANG	iəʔ↓k	ˈiʔ↓ ˈæ↗c	0	0	0	0
ya	TONE_NGANG	iə→	jɐ	0	0	0	0
ỳa	TONE_HUYEN	iə↘	ˈi↘ˈaː	0	0	0	0
ýa	TONE_SAC	iə↗	ˈi↗ˈaː	0	0	0	0
ŷa	TONE_HOI	iə↓	jɐ	0	0	0	0
ỹa	TONE_NGA	iəʔ↗	ˈiʔ↗ˈaː	0	0	0	0
ỵa	TONE_NANG	iəʔ↓	ˈiʔ↓ˈaː	0	0	0	0
yao	TONE_NGANG	iə→w	jˈaʊ	0	0	0	0
ỳao	TONE_HUYEN	iə↘w	ˈi↘ˈaːˈɔ	0	0	0	0
ýao	TONE_SAC	iə↗w	ˈi↗ˈaːˈɔ	0	0	0	0
ŷao	TONE_HOI	iə↓w	jˈaʊ	0	0	0	0
ỹao	TONE_NGA	iəʔ↗w	ˈiʔ↗ˈaːˈɔ	0	0	0	0
ỵao	TONE_NANG	iəʔ↓w	ˈiʔ↓ˈaːˈɔ	0	0	0	0
yau	TONE_NGANG	iə→w	jˈaʊ	0	0	0	0
ỳau	TONE_HUYEN	iə↘w	ˈi↘ˈaːˈu	0	0	0	0
ýau	TONE_SAC	iə↗w	ˈi↗ˈaːˈu	0	0	0	0
ŷau	TONE_HOI	iə↓w	jˈaʊ	0	0	0	0
ỹau	TONE_NGA	iəʔ↗w	ˈiʔ↗ˈaːˈu	0	0	0	0
ỵau	TONE_NANG	iəʔ↓w	ˈiʔ↓ˈaːˈu	0	0	0	0
yam	TONE_NGANG	iə→m	jˈæm	0	0	0	0
ỳam	TONE_HUYEN	iə↘m	ˈi↘ ˈaːm	0	0	0	0
ýam	TONE_SAC	iə↗m	ˈi↗ ˈaːm	0	0	0	0
ŷam	TONE_HOI	iə↓m	jˈæm	0	0	0	0
ỹam	TONE_NGA	iəʔ↗m	ˈiʔ↗ ˈaːm	0	0	0	0
ỵam	TONE_NANG	iəʔ↓m	ˈiʔ↓ ˈaːm	0	0	0	0
yan	TONE_NGANG	iə→n	jˈæn	0	0	0	0
ỳan	TONE_HUYEN	iə↘n	ˈi↘ ˈaːn	0	0	0	0
ýan	TONE_SAC	iə↗n	ˈi↗ ˈaːn	0	0	0	0
ŷan	TONE_HOI	iə↓n	jˈæn	0	0	0	0
ỹan	TONE_NGA	iəʔ↗n	ˈiʔ↗ ˈaːn	0	0	0	0
ỵan	TONE_NANG	iəʔ↓n	ˈiʔ↓ ˈaːn	0	0	0	0
ýap	TONE_SAC	iə↗p	ˈi↗ ˈaː↗p	0	0	0	0
ỵap	TONE_NANG	iəʔ↓p	ˈiʔ↓ ˈaː↗p	0	0	0	0
ýat	TONE_SAC	iə↗t	ˈi↗ ˈaː↗t	0	0	0	0
ỵat	TONE_NANG	iəʔ↓t	ˈiʔ↓ ˈaː↗t	0	0	0	0
yang	TONE_NGANG	iə→ŋ	jˈɑːŋ	0	0	0	0
ỳang	TONE_HUYEN	iə↘ŋ	ˈi↘ ˈaːŋ	0	0	0	0
ýang	TONE_SAC	iə↗ŋ	ˈi↗ ˈaːŋ	0	0	0	0
ŷang	TONE_HOI	iə↓ŋ	jˈɑːŋ	0	0	0	0
ỹang	TONE_NGA	iəʔ↗ŋ	ˈiʔ↗ ˈaːŋ	0	0	0	0
ỵang	TONE_NANG	iəʔ↓ŋ	ˈiʔ↓ ˈaːŋ	0	0	0	0
yanh	TONE_NGANG	iə→ɲ	wˈaɪ ˈæɲ	0	0	0	0
ỳanh	TONE_HUYEN	iə↘ɲ	ˈi↘ ˈæɲ	0	0	0	0
ýanh	TONE_SAC	iə↗ɲ	ˈi↗ ˈæɲ	0	0	0	0
ŷanh	TONE_HOI	iə↓ɲ	wˈaɪ ˈæɲ	0	0	0	0
ỹanh	TONE_NGA	iəʔ↗ɲ	ˈiʔ↗ ˈæɲ	0	0	0	0
ỵanh	TONE_NANG	iəʔ↓ɲ	ˈiʔ↓ ˈæɲ	0	0	0	0
ýac	TONE_SAC	iə↗k	ˈi↗ ˈaː↗c	0	0	0	0
ỵac	TONE_NANG	iəʔ↓k	ˈiʔ↓ ˈaː↗c	0	0	0	0
ýach	TONE_SAC	iə↗k	ˈi↗ ˈæ↗c	0	0	0	0
ỵach	TONE_NANG	iəʔ↓k	ˈiʔ↓ ˈæ↗c	0	0	0	0
ươ	TONE_NGANG	ɨə→	ˈyˈəː	0	0	0	0
ườ	TONE_HUYEN	ɨə↘	ˈyˈəː↘	1	0	0	0
ướ	TONE_SAC	ɨə↗	ˈyˈəː↗	1	0	0	0
ươ̂	TONE_HOI	ɨə↓	ˈyˈəː	0	0	0	0
ưỡ	TONE_NGA	ɨəʔ↗	ˈyˈəːʔ↗	1	0	0	0
ượ	TONE_NANG	ɨəʔ↓	ˈyˈəːʔ↓	1	0	0	0
ươi	TONE_NGANG	ɨə→j	ˈyəj	0	0	0	0
ười	TONE_HUYEN	ɨə↘j	ˈyə↘j	1	0	0	0
ưới	TONE_SAC	ɨə↗j	ˈyə↗j	1	0	0	0
ươ̂i	TONE_HOI	ɨə↓j	ˈyˈəː ˈi	0	0	0	0
ưỡi	TONE_NGA	ɨəʔ↗j	ˈyəʔ↗j	1	0	0	0
ượi	TONE_NANG	ɨəʔ↓j	ˈyəʔ↓j	1	0	0	0
ươy	TONE_NGANG	ɨə→j	ˈyˈəːˈi	0	0	0	0
ườy	TONE_HUYEN	ɨə↘j	ˈyˈəː↘ˈi	0	0	0	0
ướy	TONE_SAC	ɨə↗j	ˈyˈəː↗ˈi	0	0	0	0
ươ̂y	TONE_HOI	ɨə↓j	ˈyˈəː ˈi	0	0	0	0
ưỡy	TONE_NGA	ɨəʔ↗j	ˈyˈəːʔ↗ˈi	0	0	0	0
ượy	TONE_NANG	ɨəʔ↓j	ˈyˈəːʔ↓ˈi	0	0	0	0
ươo	TONE_NGANG	ɨə→w	ˈyˈəːˈɔ	0	0	0	0
ườo	TONE_HUYEN	ɨə↘w	ˈyˈəː↘ˈɔ	1	0	0	0
ướo	TONE_SAC	ɨə↗w	ˈyˈəː↗ˈɔ	1	0	0	0
ươ̂o	TONE_HOI	ɨə↓w	ˈyˈəː ˈo	0	0	0	0
ưỡo	TONE_NGA	ɨəʔ↗w	ˈyˈəːʔ↗ˈɔ	1	0	0	0
ượo	TONE_NANG	ɨəʔ↓w	ˈyˈəːʔ↓ˈɔ	1	0	0	0
ươu	TONE_NGANG	ɨə→w	ˈyəw	0	0	0	0
ườu	TONE_HUYEN	ɨə↘w	ˈyə↘w	1	0	0	0
ướu	TONE_SAC	ɨə↗w	ˈyə↗w	1	0	0	0
ươ̂u	TONE_HOI	ɨə↓w	ˈyˈəː ˈu	0	0	0	0
ưỡu	TONE_NGA	ɨəʔ↗w	ˈyəʔ↗w	1	0	0	0
ượu	TONE_NANG	ɨəʔ↓w	ˈyəʔ↓w	1	0	0	0
ươm	TONE_NGANG	ɨə→m	ˈyəm	0	0	0	0
ườm	TONE_HUYEN	ɨə↘m	ˈyə↘m	1	0	0	0
ướm	TONE_SAC	ɨə↗m	ˈyə↗m	1	0	0	0
ươ̂m	TONE_HOI	ɨə↓m	ˈyˈəː mˈəː↘	0	0	0	0
ưỡm	TONE_NGA	ɨəʔ↗m	ˈyəʔ↗m	1	0	0	0
ượm	TONE_NANG	ɨəʔ↓m	ˈyəʔ↓m	1	0	0	0
ướp	TONE_SAC	ɨə↗p	ˈyə↗p	1	0	0	0
ượp	TONE_NANG	ɨəʔ↓p	ˈyəʔ↓p	1	0	0	0
ướt	TONE_SAC	ɨə↗t	ˈyə↗t	1	0	0	0
ượt	TONE_NANG	ɨəʔ↓t	ˈyəʔ↓t	1	0	0	0
ương	TONE_NGANG	ɨə→ŋ	ˈyəŋ	0	0	0	0
ường	TONE_HUYEN	ɨə↘ŋ	ˈyə↘ŋ	1	0	0	0
ướng	TONE_SAC	ɨə↗ŋ	ˈyə↗ŋ	1	0	0	0
ươ̂ng	TONE_HOI	ɨə↓ŋ	ˈyˈəː ˌɛndʒˈiː	0	0	0	0
ưỡng	TONE_NGA	ɨəʔ↗ŋ	ˈyəʔ↗ŋ	1	0	0	0
ượng	TONE_NANG	ɨəʔ↓ŋ	ˈyəʔ↓ŋ	1	0	0	0
ước	TONE_SAC	ɨə↗k	ˈyə↗c	1	0	0	0
ược	TONE_NANG	ɨəʔ↓k	ˈyəʔ↓c	1	0	0	0
ướch	TONE_SAC	ɨə↗k	ˈyə↗c hˈa↗t	0	0	0	0
ượch	TONE_NANG	ɨəʔ↓k	ˈyəʔ↓c hˈa↗t	0	0	0	0
ưa	TONE_NGANG	ɨə→	ˈyə	0	0	0	0
ừa	TONE_HUYEN	ɨə↘	ˈyə↘	1	0	0	0
ứa	TONE_SAC	ɨə↗	ˈyə↗	1	0	0	0
ư̂a	TONE_HOI	ɨə↓	ˈy ˈaː	0	0	0	0
ữa	TONE_NGA	ɨəʔ↗	ˈyəʔ↗	1	0	0	0
ựa	TONE_NANG	ɨəʔ↓	ˈyəʔ↓	1	0	0	0
ưai	TONE_NGANG	ɨə→j	ˈyˈaːˈi	0	0	0	0
ừai	TONE_HUYEN	ɨə↘j	ˈy↘ˈaːˈi	0	0	0	0
ứai	TONE_SAC	ɨə↗j	ˈy↗ˈaːˈi	0	0	0	0
ư̂ai	TONE_HOI	ɨə↓j	ˈy ˈaːj	0	0	0	0
ữai	TONE_NGA	ɨəʔ↗j	ˈyʔ↗ˈaːˈi	0	0	0	0
ựai	TONE_NANG	ɨəʔ↓j	ˈyʔ↓ˈaːˈi	0	0	0	0
ưay	TONE_NGANG	ɨə→j	ˈyˈaːˈi	0	0	0	0
ừay	TONE_HUYEN	ɨə↘j	ˈy↘ˈaːˈi	0	0	0	0
ứay	TONE_SAC	ɨə↗j	ˈy↗ˈaːˈi	0	0	0	0
ư̂ay	TONE_HOI	ɨə↓j	ˈy ˈaj	0	0	0	0
ữay	TONE_NGA	ɨəʔ↗j	ˈyʔ↗ˈaːˈi	0	0	0	0
ựay	TONE_NANG	ɨəʔ↓j	ˈyʔ↓ˈaːˈi	0	0	0	0
ưao	TONE_NGANG	ɨə→w	ˈyˈaːˈɔ	0	0	0	0
ừao	TONE_HUYEN	ɨə↘w	ˈy↘ˈaːˈɔ	0	0	0	0
ứao	TONE_SAC	ɨə↗w	ˈy↗ˈaːˈɔ	0	0	0	0
ư̂ao	TONE_HOI	ɨə↓w	ˈy ˈaːw	0	0	0	0
ữao	TONE_NGA	ɨəʔ↗w	ˈyʔ↗ˈaːˈɔ	0	0	0	0
ựao	TONE_NANG	ɨəʔ↓w	ˈyʔ↓ˈaːˈɔ	0	0	0	0
ưau	TONE_NGANG	ɨə→w	ˈyˈaːˈu	0	0	0	0
ừau	TONE_HUYEN	ɨə↘w	ˈy↘ˈaːˈu	0	0	0	0
ứau	TONE_SAC	ɨə↗w	ˈy↗ˈaːˈu	0	0	0	0
ư̂au	TONE_HOI	ɨə↓w	ˈy ˈaw	0	0	0	0
ữau	TONE_NGA	ɨəʔ↗w	ˈyʔ↗ˈaːˈu	0	0	0	0
ựau	TONE_NANG	ɨəʔ↓w	ˈyʔ↓ˈaːˈu	0	0	0	0
ưam	TONE_NGANG	ɨə→m	ˈy ˈaːm	0	0	0	0
ừam	TONE_HUYEN	ɨə↘m	ˈy↘ ˈaːm	0	0	0	0
ứam	TONE_SAC	ɨə↗m	ˈy↗ ˈaːm	0	0	0	0
ư̂am	TONE_HOI	ɨə↓m	ˈy ˈaːm	0	0	0	0
ữam	TONE_NGA	ɨəʔ↗m	ˈyʔ↗ ˈaːm	0	0	0	0
ựam	TONE_NANG	ɨəʔ↓m	ˈyʔ↓ ˈaːm	0	0	0	0
ứap	TONE_SAC	ɨə↗p	ˈy↗ ˈaː↗p	0	0	0	0
ựap	TONE_NANG	ɨəʔ↓p	ˈyʔ↓ ˈaː↗p	0	0	0	0
ứat	TONE_SAC	ɨə↗t	ˈy↗ ˈaː↗t	0	0	0	0
ựat	TONE_NANG	ɨəʔ↓t	ˈyʔ↓ ˈaː↗t	0	0	0	0
ưang	TONE_NGANG	ɨə→ŋ	ˈy ˈaːŋ	0	0	0	0
ừang	TONE_HUYEN	ɨə↘ŋ	ˈy↘ ˈaːŋ	0	0	0	0
ứang	TONE_SAC	ɨə↗ŋ	ˈy↗ ˈaːŋ	0	0	0	0
ư̂ang	TONE_HOI	ɨə↓ŋ	ˈy ˈaːŋ	0	0	0	0
ữang	TONE_NGA	ɨəʔ↗ŋ	ˈyʔ↗ ˈaːŋ	0	0	0	0
ựang	TONE_NANG	ɨəʔ↓ŋ	ˈyʔ↓ ˈaːŋ	0	0	0	0
ứac	TONE_SAC	ɨə↗k	ˈy↗ ˈaː↗c	0	0	0	0
ựac	TONE_NANG	ɨəʔ↓k	ˈyʔ↓ ˈaː↗c	0	0	0	0
ứach	TONE_SAC	ɨə↗k	ˈy↗ ˈæ↗c	0	0	0	0
ựach	TONE_NANG	ɨəʔ↓k	ˈyʔ↓ ˈæ↗c	0	0	0	0
uô	TONE_NGANG	uə→	ˈuˈo	0	0	0	0
uồ	TONE_HUYEN	uə↘	ˈuˈo↘	1	0	0	0
uố	TONE_SAC	uə↗	ˈuˈo↗	1	0	0	0
uô̂	TONE_HOI	uə↓	ˈuˈo	0	0	0	0
uỗ	TONE_NGA	uəʔ↗	ˈuˈoʔ↗	1	0	0	0
uộ	TONE_NANG	uəʔ↓	ˈuˈoʔ↓	1	0	0	0
uôi	TONE_NGANG	uə→j	ˈuəj	0	0	0	0
uồi	TONE_HUYEN	uə↘j	ˈuə↘j	1	0	0	0
uối	TONE_SAC	uə↗j	ˈuə↗j	1	0	0	0
uô̂i	TONE_HOI	uə↓j	ˈuˈo ˈi	0	0	0	0
uỗi	TONE_NGA	uəʔ↗j	ˈuəʔ↗j	1	0	0	0
uội	TONE_NANG	uəʔ↓j	ˈuəʔ↓j	1	0	0	0
uôy	TONE_NGANG	uə→j	ˈuˈoˈi	0	0	0	0
uồy	TONE_HUYEN	uə↘j	ˈuˈo↘ˈi	0	0	0	0
uốy	TONE_SAC	uə↗j	ˈuˈo↗ˈi	0	0	0	0
uô̂y	TONE_HOI	uə↓j	ˈuˈo ˈi	0	0	0	0
uỗy	TONE_NGA	uəʔ↗j	ˈuˈoʔ↗ˈi	0	0	0	0
uộy	TONE_NANG	uəʔ↓j	ˈuˈoʔ↓ˈi	0	0	0	0
uôn	TONE_NGANG	uə→n	ˈuən	0	0	0	0
uồn	TONE_HUYEN	uə↘n	ˈuə↘n	1	0	0	0
uốn	TONE_SAC	uə↗n	ˈuə↗n	1	0	0	0
uô̂n	TONE_HOI	uə↓n	ˈuˈo nˈəː↘	0	0	0	0
uỗn	TONE_NGA	uəʔ↗n	ˈuəʔ↗n	1	0	0	0
uộn	TONE_NANG	uəʔ↓n	ˈuəʔ↓n	1	0	0	0
uốp	TONE_SAC	uə↗p	ˈuə↗p	1	0	0	0
uộp	TONE_NANG	uəʔ↓p	ˈuəʔ↓p	1	0	0	0
uốt	TONE_SAC	uə↗t	ˈuə↗t	1	0	0	0
uột	TONE_NANG	uəʔ↓t	ˈuəʔ↓t	1	0	0	0
uông	TONE_NGANG	uə→ŋ	ˈuəŋ	0	0	0	0
uồng	TONE_HUYEN	uə↘ŋ	ˈuə↘ŋ	1	0	0	0
uống	TONE_SAC	uə↗ŋ	ˈuə↗ŋ	1	0	0	0
uô̂ng	TONE_HOI	uə↓ŋ	ˈuˈo ˌɛndʒˈiː	0	0	0	0
uỗng	TONE_NGA	uəʔ↗ŋ	ˈuəʔ↗ŋ	1	0	0	0
uộng	TONE_NANG	uəʔ↓ŋ	ˈuəʔ↓ŋ	1	0	0	0
uốc	TONE_SAC	uə↗k	ˈuə↗c	1	0	0	0
uộc	TONE_NANG	uəʔ↓k	ˈuəʔ↓c	1	0	0	0
uốch	TONE_SAC	uə↗k	ˈuə↗c hˈa↗t	0	0	0	0
uộch	TONE_NANG	uəʔ↓k	ˈuəʔ↓c hˈa↗t	0	0	0	0
ua	TONE_NGANG	uə→	ˈuə	0	0	0	0
ùa	TONE_HUYEN	uə↘	ˈuə↘	1	0	0	0
úa	TONE_SAC	uə↗	ˈuə↗	1	0	0	0
ûa	TONE_HOI	uə↓	ˈuə	0	0	0	0
ũa	TONE_NGA	uəʔ↗	ˈuəʔ↗	1	0	0	0
ụa	TONE_NANG	uəʔ↓	ˈuəʔ↓	1	0	0	0
uai	TONE_NGANG	uə→j	jˈuːaɪ	0	0	0	0
ùai	TONE_HUYEN	uə↘j	ˈu↘ˈaːˈi	0	0	0	0
úai	TONE_SAC	uə↗j	ˈu↗ˈaːˈi	0	0	0	0
ûai	TONE_HOI	uə↓j	jˈuːaɪ	0	0	0	0
ũai	TONE_NGA	uəʔ↗j	ˈuʔ↗ˈaːˈi	0	0	0	0
ụai	TONE_NANG	uəʔ↓j	ˈuʔ↓ˈaːˈi	0	0	0	0
uay	TONE_NGANG	uə→j	wˈəɪ↘	0	0	0	0
ùay	TONE_HUYEN	uə↘j	ˈu↘ˈaːˈi	0	0	0	0
úay	TONE_SAC	uə↗j	ˈu↗ˈaːˈi	0	0	0	0
ûay	TONE_HOI	uə↓j	wˈəɪ↘	0	0	0	0
ũay	TONE_NGA	uəʔ↗j	ˈuʔ↗ˈaːˈi	0	0	0	0
ụay	TONE_NANG	uəʔ↓j	ˈuʔ↓ˈaːˈi	0	0	0	0
ao	TONE_NGANG	aː→w	ˈaːw	0	0	0	0
ào	TONE_HUYEN	aː↘w	ˈaː↘w	1	0	0	0
áo	TONE_SAC	aː↗w	ˈaː↗w	1	0	0	0
âo	TONE_HOI	aː↓w	ˌeɪsˈ↗ːkəmflˌɛksˈɔ	0	0	0	0
ão	TONE_NGA	aːʔ↗w	ˈaːʔ↗w	1	0	0	0
ạo	TONE_NANG	aːʔ↓w	ˈaːʔ↓w	1	0	0	0
au	TONE_NGANG	a→w	ˈaw	0	0	0	0
àu	TONE_HUYEN	a↘w	ˈa↘w	1	0	0	0
áu	TONE_SAC	a↗w	ˈa↗w	1	0	0	0
âu	TONE_HOI	a↓w	ˈə→w	0	0	0	0
ãu	TONE_NGA	aʔ↗w	ˈaʔ↗w	1	0	0	0
ạu	TONE_NANG	aʔ↓w	ˈaʔ↓w	1	0	0	0
uan	TONE_NGANG	uə→n	wˈə↓n	0	0	0	0
ùan	TONE_HUYEN	uə↘n	ˈu↘ ˈaːn	0	0	0	0
úan	TONE_SAC	uə↗n	ˈu↗ ˈaːn	0	0	0	0
ûan	TONE_HOI	uə↓n	wˈə↓n	1	0	0	0
ũan	TONE_NGA	uəʔ↗n	ˈuʔ↗ ˈaːn	0	0	0	0
ụan	TONE_NANG	uəʔ↓n	ˈuʔ↓ ˈaːn	0	0	0	0
úap	TONE_SAC	uə↗p	ˈu↗ ˈaː↗p	0	0	0	0
ụap	TONE_NANG	uəʔ↓p	ˈuʔ↓ ˈaː↗p	0	0	0	0
úat	TONE_SAC	uə↗t	ˈu↗ ˈaː↗t	0	0	0	0
ụat	TONE_NANG	uəʔ↓t	ˈuʔ↓ ˈaː↗t	0	0	0	0
uang	TONE_NGANG	uə→ŋ	wˈɑːŋ	0	0	0	0
ùang	TONE_HUYEN	uə↘ŋ	ˈu↘ ˈaːŋ	0	0	0	0
úang	TONE_SAC	uə↗ŋ	ˈu↗ ˈaːŋ	0	0	0	0
ûang	TONE_HOI	uə↓ŋ	wˈɑːŋ	0	0	0	0
ũang	TONE_NGA	uəʔ↗ŋ	ˈuʔ↗ ˈaːŋ	0	0	0	0
ụang	TONE_NANG	uəʔ↓ŋ	ˈuʔ↓ ˈaːŋ	0	0	0	0
anh	TONE_NGANG	aː→ɲ	ˈæɲ	0	0	0	1
ành	TONE_HUYEN	aː↘ɲ	ˈæ↘ɲ	1	0	0	1
ánh	TONE_SAC	aː↗ɲ	ˈæ↗ɲ	1	0	0	1
ânh	TONE_HOI	aː↓ɲ	ˈən hˈa↗t	0	0	0	1
ãnh	TONE_NGA	aːʔ↗ɲ	ˈæʔ↗ɲ	1	0	0	1
ạnh	TONE_NANG	aːʔ↓ɲ	ˈæʔ↓ɲ	1	0	0	1
úac	TONE_SAC	uə↗k	ˈu↗ ˈaː↗c	0	0	0	0
ụac	TONE_NANG	uəʔ↓k	ˈuʔ↓ ˈaː↗c	0	0	0	0
úach	TONE_SAC	uə↗k	ˈu↗ ˈæ↗c	0	0	0	0
ụach	TONE_NANG	uəʔ↓k	ˈuʔ↓ ˈæ↗c	0	0	0	0
a	TONE_NGANG	aː→	ɐ	0	0	0	0
à	TONE_HUYEN	aː↘	ˈaː↘	1	0	0	0
á	TONE_SAC	aː↗	ˈaː↗	1	0	0	0
â	TONE_HOI	aː↓	ˌeɪsˈ↗ːkəmflˌɛks	0	0	0	0
ã	TONE_NGA	aːʔ↗	ˈaːʔ↗	1	0	0	0
ạ	TONE_NANG	aːʔ↓	ˈaːʔ↓	1	0	0	0
ai	TONE_NGANG	aː→j	ˈaːj	0	0	0	0
ài	TONE_HUYEN	aː↘j	ˈaː↘j	1	0	0	0
ái	TONE_SAC	aː↗j	ˈaː↗j	1	0	0	0
âi	TONE_HOI	aː↓j	ˌeɪsˈ↗ːkəmflˌɛksˈi	0	0	0	0
ãi	TONE_NGA	aːʔ↗j	ˈaːʔ↗j	1	0	0	0
ại	TONE_NANG	aːʔ↓j	ˈaːʔ↓j	1	0	0	0
ay	TONE_NGANG	a→j	ˈaj	0	0	0	0
ày	TONE_HUYEN	a↘j	ˈa↘j	1	0	0	0
áy	TONE_SAC	a↗j	ˈa↗j	1	0	0	0
ây	TONE_HOI	a↓j	ˈəɪ	0	0	0	0
ãy	TONE_NGA	aʔ↗j	ˈaʔ↗j	1	0	0	0
ạy	TONE_NANG	aʔ↓j	ˈaʔ↓j	1	0	0	0
ao	TONE_NGANG	aː→w	ˈaːw	0	0	0	0
ào	TONE_HUYEN	aː↘w	ˈaː↘w	1	0	0	0
áo	TONE_SAC	aː↗w	ˈaː↗w	1	0	0	0
âo	TONE_HOI	aː↓w	ˌeɪsˈ↗ːkəmflˌɛksˈɔ	0	0	0	0
ão	TONE_NGA	aːʔ↗w	ˈaːʔ↗w	1	0	0	0
ạo	TONE_NANG	aːʔ↓w	ˈaːʔ↓w	1	0	0	0
au	TONE_NGANG	a→w	ˈaw	0	0	0	0
àu	TONE_HUYEN	a↘w	ˈa↘w	1	0	0	0
áu	TONE_SAC	a↗w	ˈa↗w	1	0	0	0
âu	TONE_HOI	a↓w	ˈə→w	0	0	0	0
ãu	TONE_NGA	aʔ↗w	ˈaʔ↗w	1	0	0	0
ạu	TONE_NANG	aʔ↓w	ˈaʔ↓w	1	0	0	0
am	TONE_NGANG	aː→m	æm	0	0	0	0
àm	TONE_HUYEN	aː↘m	ˈaː↘m	1	0	0	0
ám	TONE_SAC	aː↗m	ˈaː↗m	1	0	0	0
âm	TONE_HOI	aː↓m	ˈəm	0	0	0	0
ãm	TONE_NGA	aːʔ↗m	ˈaːʔ↗m	1	0	0	0
ạm	TONE_NANG	aːʔ↓m	ˈaːʔ↓m	1	0	0	0
an	TONE_NGANG	aː→n	æn	0	0	0	0
àn	TONE_HUYEN	aː↘n	ˈaː↘n	1	0	0	0
án	TONE_SAC	aː↗n	ˈaː↗n	1	0	0	0
ân	TONE_HOI	aː↓n	ˈən	0	0	0	0
ãn	TONE_NGA	aːʔ↗n	ˈaːʔ↗n	1	0	0	0
ạn	TONE_NANG	aːʔ↓n	ˈaːʔ↓n	1	0	0	0
áp	TONE_SAC	aː↗p	ˈaː↗p	1	0	0	0
ạp	TONE_NANG	aːʔ↓p	ˈaːʔ↓p	1	0	0	0
át	TONE_SAC	aː↗t	ˈaː↗t	1	0	0	0
ạt	TONE_NANG	aːʔ↓t	ˈaːʔ↓t	1	0	0	0
ang	TONE_NGANG	aː→ŋ	ˈaːŋ	0	0	0	0
àng	TONE_HUYEN	aː↘ŋ	ˈaː↘ŋ	1	0	0	0
áng	TONE_SAC	aː↗ŋ	ˈaː↗ŋ	1	0	0	0
âng	TONE_HOI	aː↓ŋ	ˈəŋ	0	0	0	0
ãng	TONE_NGA	aːʔ↗ŋ	ˈaːʔ↗ŋ	1	0	0	0
ạng	TONE_NANG	aːʔ↓ŋ	ˈaːʔ↓ŋ	1	0	0	0
anh	TONE_NGANG	aː→ɲ	ˈæɲ	0	0	0	1
ành	TONE_HUYEN	aː↘ɲ	ˈæ↘ɲ	1	0	0	1
ánh	TONE_SAC	aː↗ɲ	ˈæ↗ɲ	1	0	0	1
ânh	TONE_HOI	aː↓ɲ	ˈən hˈa↗t	0	0	0	1
ãnh	TONE_NGA	aːʔ↗ɲ	ˈæʔ↗ɲ	1	0	0	1
ạnh	TONE_NANG	aːʔ↓ɲ	ˈæʔ↓ɲ	1	0	0	1
ác	TONE_SAC	aː↗k	ˈaː↗c	1	0	0	0
ạc	TONE_NANG	aːʔ↓k	ˈaːʔ↓c	1	0	0	0
ách	TONE_SAC	a↗k	ˈæ↗c	1	0	0	0
ạch	TONE_NANG	aʔ↓k	ˈæʔ↓c	1	0	0	0
ă	TONE_NGANG	a→	ă	0	1	0	0
ằ	TONE_HUYEN	a↘	ằ	0	1	0	0
ắ	TONE_SAC	a↗	ắ	0	1	0	0
ă̂	TONE_HOI	a↓	ă	0	1	0	0
ẵ	TONE_NGA	aʔ↗	ẵ	0	1	0	0
ặ	TONE_NANG	aʔ↓	ặ	0	1	0	0
ăm	TONE_NGANG	a→m	ˈam	0	0	0	0
ằm	TONE_HUYEN	a↘m	ˈa↘m	1	0	0	0
ắm	TONE_SAC	a↗m	ˈa↗m	1	0	0	0
ă̂m	TONE_HOI	a↓m	ă mˈəː↘	0	1	0	0
ẵm	TONE_NGA	aʔ↗m	ˈaʔ↗m	1	0	0	0
ặm	TONE_NANG	aʔ↓m	ˈaʔ↓m	1	0	0	0
ăn	TONE_NGANG	a→n	ˈan	0	0	0	0
ằn	TONE_HUYEN	a↘n	ˈa↘n	1	0	0	0
ắn	TONE_SAC	a↗n	ˈa↗n	1	0	0	0
ă̂n	TONE_HOI	a↓n	ă nˈəː↘	0	1	0	0
ẵn	TONE_NGA	aʔ↗n	ˈaʔ↗n	1	0	0	0
ặn	TONE_NANG	aʔ↓n	ˈaʔ↓n	1	0	0	0
ắp	TONE_SAC	a↗p	ˈa↗p	1	0	0	0
ặp	TONE_NANG	aʔ↓p	ˈaʔ↓p	1	0	0	0
ắt	TONE_SAC	a↗t	ˈa↗t	1	0	0	0
ặt	TONE_NANG	aʔ↓t	ˈaʔ↓t	1	0	0	0
ăng	TONE_NGANG	a→ŋ	ˈaŋ	0	0	0	0
ằng	TONE_HUYEN	a↘ŋ	ˈa↘ŋ	1	0	0	0
ắng	TONE_SAC	a↗ŋ	ˈa↗ŋ	1	0	0	0
ă̂ng	TONE_HOI	a↓ŋ	ă ˌɛndʒˈiː	0	1	0	0
ẵng	TONE_NGA	aʔ↗ŋ	ˈaʔ↗ŋ	1	0	0	0
ặng	TONE_NANG	aʔ↓ŋ	ˈaʔ↓ŋ	1	0	0	0
ắc	TONE_SAC	a↗k	ˈa↗c	1	0	0	0
ặc	TONE_NANG	aʔ↓k	ˈaʔ↓c	1	0	0	0
ắch	TONE_SAC	a↗k	ˈa↗c hˈa↗t	0	0	0	0
ặch	TONE_NANG	aʔ↓k	ˈaʔ↓c hˈa↗t	0	0	0	0
â	TONE_NGANG	ə→	ˌeɪsˈ↗ːkəmflˌɛks	0	0	0	0
ầ	TONE_HUYEN	ə↘	ầ	0	1	0	0
ấ	TONE_SAC	ə↗	ấ	0	1	0	0
â̂	TONE_HOI	ə↓	ˌeɪsˈ↗ːkəmflˌɛks	0	0	0	0
ẫ	TONE_NGA	əʔ↗	ẫ	0	1	0	0
ậ	TONE_NANG	əʔ↓	ậ	0	1	0	0
âi	TONE_NGANG	ə→j	ˌeɪsˈ↗ːkəmflˌɛksˈi	0	0	0	0
ầi	TONE_HUYEN	ə↘j	ầˈi	0	1	0	0
ấi	TONE_SAC	ə↗j	ấˈi	0	1	0	0
â̂i	TONE_HOI	ə↓j	ˌeɪsˈ↗ːkəmflˌɛks ˈaɪ	0	0	0	0
ẫi	TONE_NGA	əʔ↗j	ẫˈi	0	1	0	0
ậi	TONE_NANG	əʔ↓j	ậˈi	0	1	0	0
ây	TONE_NGANG	ə→j	ˈəɪ	0	0	0	0
ầy	TONE_HUYEN	ə↘j	ˈəɪ↘	1	0	0	0
ấy	TONE_SAC	ə↗j	ˈəɪ↗	1	0	0	0
â̂y	TONE_HOI	ə↓j	ˌeɪsˈ↗ːkəmflˌɛks wˈaɪ	0	0	0	0
ẫy	TONE_NGA	əʔ↗j	ˈəɪʔ↗	1	0	0	0
ậy	TONE_NANG	əʔ↓j	ˈəɪʔ↓	1	0	0	0
âo	TONE_NGANG	ə→w	ˌeɪsˈ↗ːkəmflˌɛksˈɔ	0	0	0	0
ầo	TONE_HUYEN	ə↘w	ầˈɔ	0	1	0	0
ấo	TONE_SAC	ə↗w	ấˈɔ	0	1	0	0
â̂o	TONE_HOI	ə↓w	ˌeɪsˈ↗ːkəmflˌɛks ˈo	0	0	0	0
ẫo	TONE_NGA	əʔ↗w	ẫˈɔ	0	1	0	0
ậo	TONE_NANG	əʔ↓w	ậˈɔ	0	1	0	0
âu	TONE_NGANG	ə→w	ˈə→w	1	0	0	0
ầu	TONE_HUYEN	ə↘w	ˈə↘w	1	0	0	0
ấu	TONE_SAC	ə↗w	ˈə↗w	1	0	0	0
â̂u	TONE_HOI	ə↓w	ˌeɪsˈ↗ːkəmflˌɛks jˈuː	0	0	0	0
ẫu	TONE_NGA	əʔ↗w	ˈəʔ↗w	1	0	0	0
ậu	TONE_NANG	əʔ↓w	ˈəʔ↓w	1	0	0	0
âm	TONE_NGANG	ə→m	ˈəm	0	0	0	0
ầm	TONE_HUYEN	ə↘m	ˈə↘m	1	0	0	0
ấm	TONE_SAC	ə↗m	ˈə↗m	1	0	0	0
â̂m	TONE_HOI	ə↓m	ˌeɪsˈ↗ːkəmflˌɛks mˈəː↘	0	0	0	0
ẫm	TONE_NGA	əʔ↗m	ˈəʔ↗m	1	0	0	0
ậm	TONE_NANG	əʔ↓m	ˈəʔ↓m	1	0	0	0
ân	TONE_NGANG	ə→n	ˈən	0	0	0	0
ần	TONE_HUYEN	ə↘n	ˈə↘n	1	0	0	0
ấn	TONE_SAC	ə↗n	ˈə↗n	1	0	0	0
â̂n	TONE_HOI	ə↓n	ˌeɪsˈ↗ːkəmflˌɛks nˈəː↘	0	0	0	0
ẫn	TONE_NGA	əʔ↗n	ˈəʔ↗n	1	0	0	0
ận	TONE_NANG	əʔ↓n	ˈəʔ↓n	1	0	0	0
ấp	TONE_SAC	ə↗p	ˈə↗p	1	0	0	0
ập	TONE_NANG	əʔ↓p	ˈəʔ↓p	1	0	0	0
ất	TONE_SAC	ə↗t	ˈə↗t	1	0	0	0
ật	TONE_NANG	əʔ↓t	ˈəʔ↓t	1	0	0	0
âng	TONE_NGANG	ə→ŋ	ˈəŋ	0	0	0	0
ầng	TONE_HUYEN	ə↘ŋ	ˈə↘ŋ	1	0	0	0
ấng	TONE_SAC	ə↗ŋ	ˈə↗ŋ	1	0	0	0
â̂ng	TONE_HOI	ə↓ŋ	ˌeɪsˈ↗ːkəmflˌɛks ˌɛndʒˈiː	0	0	0	0
ẫng	TONE_NGA	əʔ↗ŋ	ˈəʔ↗ŋ	1	0	0	0
ậng	TONE_NANG	əʔ↓ŋ	ˈəʔ↓ŋ	1	0	0	0
ấc	TONE_SAC	ə↗k	ˈə↗c	1	0	0	0
ậc	TONE_NANG	əʔ↓k	ˈəʔ↓c	1	0	0	0
ấch	TONE_SAC	ə↗k	ˈə↗c hˈa↗t	0	0	0	0
ậch	TONE_NANG	əʔ↓k	ˈəʔ↓c hˈa↗t	0	0	0	0
e	TONE_NGANG	ɛ→	ˈiː	0	0	0	0
è	TONE_HUYEN	ɛ↘	ˈɛ↘	1	0	0	0
é	TONE_SAC	ɛ↗	ˈɛ↗	1	0	0	0
ê	TONE_HOI	ɛ↓	ˈe	0	0	0	0
ẽ	TONE_NGA	ɛʔ↗	ˈɛʔ↗	1	0	0	0
ẹ	TONE_NANG	ɛʔ↓	ˈɛʔ↓	1	0	0	0
eo	TONE_NGANG	ɛ→w	ˈɛw	0	0	0	0
èo	TONE_HUYEN	ɛ↘w	ˈɛ↘w	1	0	0	0
éo	TONE_SAC	ɛ↗w	ˈɛ↗w	1	0	0	0
êo	TONE_HOI	ɛ↓w	ˈeˈɔ	0	0	0	0
ẽo	TONE_NGA	ɛʔ↗w	ˈɛʔ↗w	1	0	0	0
ẹo	TONE_NANG	ɛʔ↓w	ˈɛʔ↓w	1	0	0	0
eu	TONE_NGANG	ɛ→w	ˌiːjˈuː	0	0	0	0
èu	TONE_HUYEN	ɛ↘w	ˈɛ↘ˈu	0	0	0	0
éu	TONE_SAC	ɛ↗w	ɪˈuː	0	0	0	0
êu	TONE_HOI	ɛ↓w	ˈe→w	0	0	0	0
ẽu	TONE_NGA	ɛʔ↗w	ˈɛʔ↗ˈu	0	0	0	0
ẹu	TONE_NANG	ɛʔ↓w	ˈɛʔ↓ˈu	0	0	0	0
em	TONE_NGANG	ɛ→m	ˈɛm	0	0	0	0
èm	TONE_HUYEN	ɛ↘m	ˈɛ↘m	1	0	0	0
ém	TONE_SAC	ɛ↗m	ˈɛ↗m	1	0	0	0
êm	TONE_HOI	ɛ↓m	ˈem	0	0	0	0
ẽm	TONE_NGA	ɛʔ↗m	ˈɛʔ↗m	1	0	0	0
ẹm	TONE_NANG	ɛʔ↓m	ˈɛʔ↓m	1	0	0	0
en	TONE_NGANG	ɛ→n	ˈɛn	0	0	0	0
èn	TONE_HUYEN	ɛ↘n	ˈɛ↘n	1	0	0	0
én	TONE_SAC	ɛ↗n	ˈɛ↗n	1	0	0	0
ên	TONE_HOI	ɛ↓n	ˈen	0	0	0	0
ẽn	TONE_NGA	ɛʔ↗n	ˈɛʔ↗n	1	0	0	0
ẹn	TONE_NANG	ɛʔ↓n	ˈɛʔ↓n	1	0	0	0
ép	TONE_SAC	ɛ↗p	ˈɛ↗p	1	0	0	0
ẹp	TONE_NANG	ɛʔ↓p	ˈɛʔ↓p	1	0	0	0
ét	TONE_SAC	ɛ↗t	ˈɛ↗t	1	0	0	0
ẹt	TONE_NANG	ɛʔ↓t	ˈɛʔ↓t	1	0	0	0
eng	TONE_NGANG	ɛ→ŋ	ˈɛŋ	0	0	0	0
èng	TONE_HUYEN	ɛ↘ŋ	ˈɛ↘ŋ	1	0	0	0
éng	TONE_SAC	ɛ↗ŋ	ˈɛ↗ŋ	1	0	0	0
êng	TONE_HOI	ɛ↓ŋ	ˈen ðˈe→	0	0	0	0
ẽng	TONE_NGA	ɛʔ↗ŋ	ˈɛʔ↗ŋ	1	0	0	0
ẹng	TONE_NANG	ɛʔ↓ŋ	ˈɛʔ↓ŋ	1	0	0	0
éc	TONE_SAC	ɛ↗k	ˈɛ↗c	1	0	0	0
ẹc	TONE_NANG	ɛʔ↓k	ˈɛʔ↓c	1	0	0	0
éch	TONE_SAC	ɛ↗k	ˈɛ↗c hˈa↗t	0	0	0	0
ẹch	TONE_NANG	ɛʔ↓k	ˈɛʔ↓c hˈa↗t	0	0	0	0
ê	TONE_NGANG	e→	ˈe	0	0	0	0
ề	TONE_HUYEN	e↘	ˈe↘	1	0	0	0
ế	TONE_SAC	e↗	ˈe↗	1	0	0	0
ê̂	TONE_HOI	e↓	ˈe	0	0	0	0
ễ	TONE_NGA	eʔ↗	ˈeʔ↗	1	0	0	0
ệ	TONE_NANG	eʔ↓	ˈeʔ↓	1	0	0	0
êo	TONE_NGANG	e→w	ˈeˈɔ	0	0	0	0
ềo	TONE_HUYEN	e↘w	ˈe↘ˈɔ	1	0	0	0
ếo	TONE_SAC	e↗w	ˈe↗ˈɔ	1	0	0	0
ê̂o	TONE_HOI	e↓w	ˈe ˈo	0	0	0	0
ễo	TONE_NGA	eʔ↗w	ˈeʔ↗ˈɔ	1	0	0	0
ệo	TONE_NANG	eʔ↓w	ˈeʔ↓ˈɔ	1	0	0	0
êu	TONE_NGANG	e→w	ˈe→w	1	0	0	0
ều	TONE_HUYEN	e↘w	ˈe↘w	1	0	0	0
ếu	TONE_SAC	e↗w	ˈe↗w	1	0	0	0
ê̂u	TONE_HOI	e↓w	ˈe ˈu	0	0	0	0
ễu	TONE_NGA	eʔ↗w	ˈeʔ↗w	1	0	0	0
ệu	TONE_NANG	eʔ↓w	ˈeʔ↓w	1	0	0	0
êm	TONE_NGANG	e→m	ˈem	0	0	0	0
ềm	TONE_HUYEN	e↘m	ˈe↘m	1	0	0	0
ếm	TONE_SAC	e↗m	ˈe↗m	1	0	0	0
ê̂m	TONE_HOI	e↓m	ˈe mˈəː↘	0	0	0	0
ễm	TONE_NGA	eʔ↗m	ˈeʔ↗m	1	0	0	0
ệm	TONE_NANG	eʔ↓m	ˈeʔ↓m	1	0	0	0
ên	TONE_NGANG	e→n	ˈen	0	0	0	0
ền	TONE_HUYEN	e↘n	ˈe↘n	1	0	0	0
ến	TONE_SAC	e↗n	ˈe↗n	1	0	0	0
ê̂n	TONE_HOI	e↓n	ˈe nˈəː↘	0	0	0	0
ễn	TONE_NGA	eʔ↗n	ˈeʔ↗n	1	0	0	0
ện	TONE_NANG	eʔ↓n	ˈeʔ↓n	1	0	0	0
ếp	TONE_SAC	e↗p	ˈe↗p	1	0	0	0
ệp	TONE_NANG	eʔ↓p	ˈeʔ↓p	1	0	0	0
ết	TONE_SAC	e↗t	ˈe↗t	1	0	0	0
ệt	TONE_NANG	eʔ↓t	ˈeʔ↓t	1	0	0	0
ênh	TONE_NGANG	e→ɲ	ˈeɲ	0	0	0	0
ềnh	TONE_HUYEN	e↘ɲ	ˈe↘ɲ	1	0	0	0
ếnh	TONE_SAC	e↗ɲ	ˈe↗ɲ	1	0	0	0
ê̂nh	TONE_HOI	e↓ɲ	ˈe ˌɛnˈeɪʧ	0	0	0	0
ễnh	TONE_NGA	eʔ↗ɲ	ˈeʔ↗ɲ	1	0	0	0
ệnh	TONE_NANG	eʔ↓ɲ	ˈeʔ↓ɲ	1	0	0	0
ếc	TONE_SAC	e↗k	ˈe↗sˈe	0	0	0	0
ệc	TONE_NANG	eʔ↓k	ˈeʔ↓sˈe	0	0	0	0
ếch	TONE_SAC	e↗k	ˈe↗c	1	0	0	0
ệch	TONE_NANG	eʔ↓k	ˈeʔ↓c	1	0	0	0
i	TONE_NGANG	i→	ˈaɪ	0	0	0	0
ì	TONE_HUYEN	i↘	ˈi↘	1	0	0	0
í	TONE_SAC	i↗	ˈi↗	1	0	0	0
î	TONE_HOI	i↓	ˈaɪ	0	0	0	0
ĩ	TONE_NGA	iʔ↗	ˈiʔ↗	1	0	0	0
ị	TONE_NANG	iʔ↓	ˈiʔ↓	1	0	0	0
io	TONE_NGANG	i→w	ˈiːoʊ	0	0	0	0
ìo	TONE_HUYEN	i↘w	ˈi↘ˈɔ	1	0	0	0
ío	TONE_SAC	i↗w	ˈi↗ˈɔ	1	0	0	0
îo	TONE_HOI	i↓w	ˈiːoʊ	0	0	0	0
ĩo	TONE_NGA	iʔ↗w	ˈiʔ↗ˈɔ	1	0	0	0
ịo	TONE_NANG	iʔ↓w	ˈiʔ↓ˈɔ	1	0	0	0
iu	TONE_NGANG	i→w	ˈiw	0	0	0	0
ìu	TONE_HUYEN	i↘w	ˈi↘w	1	0	0	0
íu	TONE_SAC	i↗w	ˈi↗w	1	0	0	0
îu	TONE_HOI	i↓w	ˈiw	0	0	0	0
ĩu	TONE_NGA	iʔ↗w	ˈiʔ↗w	1	0	0	0
ịu	TONE_NANG	iʔ↓w	ˈiʔ↓w	1	0	0	0
im	TONE_NGANG	i→m	aɪm	0	0	0	0
ìm	TONE_HUYEN	i↘m	ˈi↘m	1	0	0	0
ím	TONE_SAC	i↗m	ˈi↗m	1	0	0	0
îm	TONE_HOI	i↓m	aɪm	0	0	0	0
ĩm	TONE_NGA	iʔ↗m	ˈiʔ↗m	1	0	0	0
ịm	TONE_NANG	iʔ↓m	ˈiʔ↓m	1	0	0	0
in	TONE_NGANG	i→n	ˈɪn	0	0	0	0
ìn	TONE_HUYEN	i↘n	ˈi↘n	1	0	0	0
ín	TONE_SAC	i↗n	ˈi↗n	1	0	0	0
în	TONE_HOI	i↓n	ˈɪn	0	0	0	0
ĩn	TONE_NGA	iʔ↗n	ˈiʔ↗n	1	0	0	0
ịn	TONE_NANG	iʔ↓n	ˈiʔ↓n	1	0	0	0
íp	TONE_SAC	i↗p	ˈi↗p	1	0	0	0
ịp	TONE_NANG	iʔ↓p	ˈiʔ↓p	1	0	0	0
ít	TONE_SAC	i↗t	ˈi↗t	1	0	0	0
ịt	TONE_NANG	iʔ↓t	ˈiʔ↓t	1	0	0	0
inh	TONE_NGANG	i→ɲ	ˈiɲ	0	0	0	1
ình	TONE_HUYEN	i↘ɲ	ˈi↘ɲ	1	0	0	1
ính	TONE_SAC	i↗ɲ	ˈi↗ɲ	1	0	0	1
înh	TONE_HOI	i↓ɲ	ˈiɲ	0	0	0	1
ĩnh	TONE_NGA	iʔ↗ɲ	ˈiʔ↗ɲ	1	0	0	1
ịnh	TONE_NANG	iʔ↓ɲ	ˈiʔ↓ɲ	1	0	0	1
íc	TONE_SAC	i↗k	ˈi↗sˈe	0	0	0	0
ịc	TONE_NANG	iʔ↓k	ˈiʔ↓sˈe	0	0	0	0
ích	TONE_SAC	i↗k	ˈi↗c	1	0	0	0
ịch	TONE_NANG	iʔ↓k	ˈiʔ↓c	1	0	0	0
y	TONE_NGANG	i→	wˈaɪ	0	0	0	0
ỳ	TONE_HUYEN	i↘	ˈi↘	1	0	0	0
ý	TONE_SAC	i↗	ˈi↗	1	0	0	0
ŷ	TONE_HOI	i↓	wˈaɪ	0	0	0	0
ỹ	TONE_NGA	iʔ↗	ˈiʔ↗	1	0	0	0
ỵ	TONE_NANG	iʔ↓	ˈiʔ↓	1	0	0	0
yo	TONE_NGANG	i→w	jˈoʊ	0	0	0	0
ỳo	TONE_HUYEN	i↘w	ˈi↘ˈɔ	1	0	0	0
ýo	TONE_SAC	i↗w	ˈi↗ˈɔ	1	0	0	0
ŷo	TONE_HOI	i↓w	jˈoʊ	0	0	0	0
ỹo	TONE_NGA	iʔ↗w	ˈiʔ↗ˈɔ	1	0	0	0
ỵo	TONE_NANG	iʔ↓w	ˈiʔ↓ˈɔ	1	0	0	0
yu	TONE_NGANG	i→w	jˈuː	0	0	0	0
ỳu	TONE_HUYEN	i↘w	ˈi↘ˈu	0	0	0	0
ýu	TONE_SAC	i↗w	ˈi↗ˈu	0	0	0	0
ŷu	TONE_HOI	i↓w	jˈuː	0	0	0	0
ỹu	TONE_NGA	iʔ↗w	ˈiʔ↗ˈu	0	0	0	0
ỵu	TONE_NANG	iʔ↓w	ˈiʔ↓ˈu	0	0	0	0
ym	TONE_NGANG	i→m	ˈɪm	0	0	0	0
ỳm	TONE_HUYEN	i↘m	ˈi↘ˈməː↘	0	0	0	0
ým	TONE_SAC	i↗m	ˈi↗ˈməː↘	0	0	0	0
ŷm	TONE_HOI	i↓m	ˈɪm	0	0	0	0
ỹm	TONE_NGA	iʔ↗m	ˈiʔ↗ˈməː↘	0	0	0	0
ỵm	TONE_NANG	iʔ↓m	ˈiʔ↓ˈməː↘	0	0	0	0
yn	TONE_NGANG	i→n	ˈɪn	0	0	0	0
ỳn	TONE_HUYEN	i↘n	ˈi↘ˈɛnəː↘	0	0	0	0
ýn	TONE_SAC	i↗n	ˈi↗ˈɛnəː↘	0	0	0	0
ŷn	TONE_HOI	i↓n	ˈɪn	0	0	0	0
ỹn	TONE_NGA	iʔ↗n	ˈiʔ↗ˈɛnəː↘	0	0	0	0
ỵn	TONE_NANG	iʔ↓n	ˈiʔ↓ˈɛnəː↘	0	0	0	0
ýp	TONE_SAC	i↗p	ˈi↗pˈe	0	0	0	0
ỵp	TONE_NANG	iʔ↓p	ˈiʔ↓pˈe	0	0	0	0
ýt	TONE_SAC	i↗t	ˈi↗tˈe	0	0	0	0
ỵt	TONE_NANG	iʔ↓t	ˈiʔ↓tˈe	0	0	0	0
ynh	TONE_NGANG	i→ɲ	ˈɪn	0	0	0	0
ỳnh	TONE_HUYEN	i↘ɲ	ˈi↘ˈɛnəː↘hˈa↗t	0	0	0	0
ýnh	TONE_SAC	i↗ɲ	ˈi↗ˈɛnəː↘hˈa↗t	0	0	0	0
ŷnh	TONE_HOI	i↓ɲ	ˈɪn	0	0	0	0
ỹnh	TONE_NGA	iʔ↗ɲ	ˈiʔ↗ˈɛnəː↘hˈa↗t	0	0	0	0
ỵnh	TONE_NANG	iʔ↓ɲ	ˈiʔ↓ˈɛnəː↘hˈa↗t	0	0	0	0
ýc	TONE_SAC	i↗k	ˈi↗sˈe	0	0	0	0
ỵc	TONE_NANG	iʔ↓k	ˈiʔ↓sˈe	0	0	0	0
ých	TONE_SAC	i↗k	ˈi↗sˈehˈa↗t	0	0	0	0
ỵch	TONE_NANG	iʔ↓k	ˈiʔ↓sˈehˈa↗t	0	0	0	0
o	TONE_NGANG	ɔ→	ˈo	0	0	0	0
ò	TONE_HUYEN	ɔ↘	ˈɔ↘	1	0	0	0
ó	TONE_SAC	ɔ↗	ˈɔ↗	1	0	0	0
ô	TONE_HOI	ɔ↓	ˈo	0	0	0	0
õ	TONE_NGA	ɔʔ↗	ˈɔʔ↗	1	0	0	0
ọ	TONE_NANG	ɔʔ↓	ˈɔʔ↓	1	0	0	0
oi	TONE_NGANG	ɔ→j	ˈɔj	0	0	0	0
òi	TONE_HUYEN	ɔ↘j	ˈɔ↘j	1	0	0	0
ói	TONE_SAC	ɔ↗j	ˈɔ↗j	1	0	0	0
ôi	TONE_HOI	ɔ↓j	ˈoj	0	0	0	0
õi	TONE_NGA	ɔʔ↗j	ˈɔʔ↗j	1	0	0	0
ọi	TONE_NANG	ɔʔ↓j	ˈɔʔ↓j	1	0	0	0
oy	TONE_NGANG	ɔ→j	ˈɔɪ	0	0	0	0
òy	TONE_HUYEN	ɔ↘j	ˈɔ↘ˈi	0	0	0	0
óy	TONE_SAC	ɔ↗j	ˈɔ↗ˈi	0	0	0	0
ôy	TONE_HOI	ɔ↓j	ˈoˈi	0	0	0	0
õy	TONE_NGA	ɔʔ↗j	ˈɔʔ↗ˈi	0	0	0	0
ọy	TONE_NANG	ɔʔ↓j	ˈɔʔ↓ˈi	0	0	0	0
om	TONE_NGANG	ɔ→m	ˈɔm	0	0	0	0
òm	TONE_HUYEN	ɔ↘m	ˈɔ↘m	1	0	0	0
óm	TONE_SAC	ɔ↗m	ˈɔ↗m	1	0	0	0
ôm	TONE_HOI	ɔ↓m	ˈom	0	0	0	0
õm	TONE_NGA	ɔʔ↗m	ˈɔʔ↗m	1	0	0	0
ọm	TONE_NANG	ɔʔ↓m	ˈɔʔ↓m	1	0	0	0
on	TONE_NGANG	ɔ→n	ˈɔn	0	0	0	0
òn	TONE_HUYEN	ɔ↘n	ˈɔ↘n	1	0	0	0
ón	TONE_SAC	ɔ↗n	ˈɔ↗n	1	0	0	0
ôn	TONE_HOI	ɔ↓n	ˈon	0	0	0	0
õn	TONE_NGA	ɔʔ↗n	ˈɔʔ↗n	1	0	0	0
ọn	TONE_NANG	ɔʔ↓n	ˈɔʔ↓n	1	0	0	0
óp	TONE_SAC	ɔ↗p	ˈɔ↗p	1	0	0	0
ọp	TONE_NANG	ɔʔ↓p	ˈɔʔ↓p	1	0	0	0
ót	TONE_SAC	ɔ↗t	ˈɔ↗t	1	0	0	0
ọt	TONE_NANG	ɔʔ↓t	ˈɔʔ↓t	1	0	0	0
ong	TONE_NGANG	ɔ→ŋ	ˈɔŋ	0	0	0	0
òng	TONE_HUYEN	ɔ↘ŋ	ˈɔ↘ŋ	1	0	0	0
óng	TONE_SAC	ɔ↗ŋ	ˈɔ↗ŋ	1	0	0	0
ông	TONE_HOI	ɔ↓ŋ	ˈoŋ	0	0	0	0
õng	TONE_NGA	ɔʔ↗ŋ	ˈɔʔ↗ŋ	1	0	0	0
ọng	TONE_NANG	ɔʔ↓ŋ	ˈɔʔ↓ŋ	1	0	0	0
óc	TONE_SAC	ɔ↗k	ˈɔ↗k	1	0	0	0
ọc	TONE_NANG	ɔʔ↓k	ˈɔʔ↓k	1	0	0	0
óch	TONE_SAC	ɔ↗k	ˈɔ↗k hˈa↗t	0	0	0	0
ọch	TONE_NANG	ɔʔ↓k	ˈɔʔ↓k hˈa↗t	0	0	0	0
ô	TONE_NGANG	o→	ˈo	0	0	0	0
ồ	TONE_HUYEN	o↘	ˈo↘	1	0	0	0
ố	TONE_SAC	o↗	ˈo↗	1	0	0	0
ô̂	TONE_HOI	o↓	ˈo	0	0	0	0
ỗ	TONE_NGA	oʔ↗	ˈoʔ↗	1	0	0	0
ộ	TONE_NANG	oʔ↓	ˈoʔ↓	1	0	0	0
ôi	TONE_NGANG	o→j	ˈoj	0	0	0	0
ồi	TONE_HUYEN	o↘j	ˈo↘j	1	0	0	0
ối	TONE_SAC	o↗j	ˈo↗j	1	0	0	0
ô̂i	TONE_HOI	o↓j	ˈo ˈi	0	0	0	0
ỗi	TONE_NGA	oʔ↗j	ˈoʔ↗j	1	0	0	0
ội	TONE_NANG	oʔ↓j	ˈoʔ↓j	1	0	0	0
ôy	TONE_NGANG	o→j	ˈoˈi	0	0	0	0
ồy	TONE_HUYEN	o↘j	ˈo↘ˈi	0	0	0	0
ốy	TONE_SAC	o↗j	ˈo↗ˈi	0	0	0	0
ô̂y	TONE_HOI	o↓j	ˈo ˈi	0	0	0	0
ỗy	TONE_NGA	oʔ↗j	ˈoʔ↗ˈi	0	0	0	0
ộy	TONE_NANG	oʔ↓j	ˈoʔ↓ˈi	0	0	0	0
ôm	TONE_NGANG	o→m	ˈom	0	0	0	0
ồm	TONE_HUYEN	o↘m	ˈo↘m	1	0	0	0
ốm	TONE_SAC	o↗m	ˈo↗m	1	0	0	0
ô̂m	TONE_HOI	o↓m	ˈo mˈəː↘	0	0	0	0
ỗm	TONE_NGA	oʔ↗m	ˈoʔ↗m	1	0	0	0
ộm	TONE_NANG	oʔ↓m	ˈoʔ↓m	1	0	0	0
ôn	TONE_NGANG	o→n	ˈon	0	0	0	0
ồn	TONE_HUYEN	o↘n	ˈo↘n	1	0	0	0
ốn	TONE_SAC	o↗n	ˈo↗n	1	0	0	0
ô̂n	TONE_HOI	o↓n	ˈo nˈəː↘	0	0	0	0
ỗn	TONE_NGA	oʔ↗n	ˈoʔ↗n	1	0	0	0
ộn	TONE_NANG	oʔ↓n	ˈoʔ↓n	1	0	0	0
ốp	TONE_SAC	o↗p	ˈo↗p	1	0	0	0
ộp	TONE_NANG	oʔ↓p	ˈoʔ↓p	1	0	0	0
ốt	TONE_SAC	o↗t	ˈo↗t	1	0	0	0
ột	TONE_NANG	oʔ↓t	ˈoʔ↓t	1	0	0	0
ông	TONE_NGANG	o→ŋ	ˈoŋ	0	0	0	0
ồng	TONE_HUYEN	o↘ŋ	ˈo↘ŋ	1	0	0	0
ống	TONE_SAC	o↗ŋ	ˈo↗ŋ	1	0	0	0
ô̂ng	TONE_HOI	o↓ŋ	ˈo ˌɛndʒˈiː	0	0	0	0
ỗng	TONE_NGA	oʔ↗ŋ	ˈoʔ↗ŋ	1	0	0	0
ộng	TONE_NANG	oʔ↓ŋ	ˈoʔ↓ŋ	1	0	0	0
ốc	TONE_SAC	o↗k	ˈo↗k	1	0	0	0
ộc	TONE_NANG	oʔ↓k	ˈoʔ↓k	1	0	0	0
ốch	TONE_SAC	o↗k	ˈo↗k hˈa↗t	0	0	0	0
ộch	TONE_NANG	oʔ↓k	ˈoʔ↓k hˈa↗t	0	0	0	0
ơ	TONE_NGANG	əː→	ˈəː	0	0	0	0
ờ	TONE_HUYEN	əː↘	ˈəː↘	1	0	0	0
ớ	TONE_SAC	əː↗	ˈəː↗	1	0	0	0
ơ̂	TONE_HOI	əː↓	ˈəː	0	0	0	0
ỡ	TONE_NGA	əːʔ↗	ˈəːʔ↗	1	0	0	0
ợ	TONE_NANG	əːʔ↓	ˈəːʔ↓	1	0	0	0
ơi	TONE_NGANG	əː→j	ˈəːj	0	0	0	0
ời	TONE_HUYEN	əː↘j	ˈəː↘j	1	0	0	0
ới	TONE_SAC	əː↗j	ˈəː↗j	1	0	0	0
ơ̂i	TONE_HOI	əː↓j	ˈəː ˈi	0	0	0	0
ỡi	TONE_NGA	əːʔ↗j	ˈəːʔ↗j	1	0	0	0
ợi	TONE_NANG	əːʔ↓j	ˈəːʔ↓j	1	0	0	0
ơy	TONE_NGANG	əː→j	ˈəːˈi	0	0	0	0
ờy	TONE_HUYEN	əː↘j	ˈəː↘ˈi	0	0	0	0
ớy	TONE_SAC	əː↗j	ˈəː↗ˈi	0	0	0	0
ơ̂y	TONE_HOI	əː↓j	ˈəː ˈi	0	0	0	0
ỡy	TONE_NGA	əːʔ↗j	ˈəːʔ↗ˈi	0	0	0	0
ợy	TONE_NANG	əːʔ↓j	ˈəːʔ↓ˈi	0	0	0	0
ơm	TONE_NGANG	əː→m	ˈəːm	0	0	0	0
ờm	TONE_HUYEN	əː↘m	ˈəː↘m	1	0	0	0
ớm	TONE_SAC	əː↗m	ˈəː↗m	1	0	0	0
ơ̂m	TONE_HOI	əː↓m	ˈəː mˈəː↘	0	0	0	0
ỡm	TONE_NGA	əːʔ↗m	ˈəːʔ↗m	1	0	0	0
ợm	TONE_NANG	əːʔ↓m	ˈəːʔ↓m	1	0	0	0
ơn	TONE_NGANG	əː→n	ˈəːn	0	0	0	0
ờn	TONE_HUYEN	əː↘n	ˈəː↘n	1	0	0	0
ớn	TONE_SAC	əː↗n	ˈəː↗n	1	0	0	0
ơ̂n	TONE_HOI	əː↓n	ˈəː nˈəː↘	0	0	0	0
ỡn	TONE_NGA	əːʔ↗n	ˈəːʔ↗n	1	0	0	0
ợn	TONE_NANG	əːʔ↓n	ˈəːʔ↓n	1	0	0	0
ớp	TONE_SAC	əː↗p	ˈəː↗p	1	0	0	0
ợp	TONE_NANG	əːʔ↓p	ˈəːʔ↓p	1	0	0	0
ớt	TONE_SAC	əː↗t	ˈəː↗t	1	0	0	0
ợt	TONE_NANG	əːʔ↓t	ˈəːʔ↓t	1	0	0	0
ớc	TONE_SAC	əː↗k	ˈəː↗sˈe	0	0	0	0
ợc	TONE_NANG	əːʔ↓k	ˈəːʔ↓sˈe	0	0	0	0
ớch	TONE_SAC	əː↗k	ˈəː↗sˈehˈa↗t	0	0	0	0
ợch	TONE_NANG	əːʔ↓k	ˈəːʔ↓sˈehˈa↗t	0	0	0	0
u	TONE_NGANG	u→	jˈuː	0	0	0	0
ù	TONE_HUYEN	u↘	ˈu↘	1	0	0	0
ú	TONE_SAC	u↗	ˈu↗	1	0	0	0
û	TONE_HOI	u↓	jˈuː	0	0	0	0
ũ	TONE_NGA	uʔ↗	ˈuʔ↗	1	0	0	0
ụ	TONE_NANG	uʔ↓	ˈuʔ↓	1	0	0	0
ui	TONE_NGANG	u→j	ˈuj	0	0	0	0
ùi	TONE_HUYEN	u↘j	ˈu↘j	1	0	0	0
úi	TONE_SAC	u↗j	ˈu↗j	1	0	0	0
ûi	TONE_HOI	u↓j	ˈuj	0	0	0	0
ũi	TONE_NGA	uʔ↗j	ˈuʔ↗j	1	0	0	0
ụi	TONE_NANG	uʔ↓j	ˈuʔ↓j	1	0	0	0
uy	TONE_NGANG	u→j	wˈi	0	0	0	0
ùy	TONE_HUYEN	u↘j	ˈu↘ˈi	0	0	0	0
úy	TONE_SAC	u↗j	wˈi↗	1	0	0	0
ûy	TONE_HOI	u↓j	wˈi	0	0	0	0
ũy	TONE_NGA	uʔ↗j	ˈuʔ↗ˈi	0	0	0	0
ụy	TONE_NANG	uʔ↓j	ˈuʔ↓ˈi	0	0	0	0
um	TONE_NGANG	u→m	ˈum	0	0	0	0
ùm	TONE_HUYEN	u↘m	ˈu↘m	1	0	0	0
úm	TONE_SAC	u↗m	ˈu↗m	1	0	0	0
ûm	TONE_HOI	u↓m	ˈum	0	0	0	0
ũm	TONE_NGA	uʔ↗m	ˈuʔ↗m	1	0	0	0
ụm	TONE_NANG	uʔ↓m	ˈuʔ↓m	1	0	0	0
un	TONE_NGANG	u→n	ˈʌn	0	0	0	0
ùn	TONE_HUYEN	u↘n	ˈu↘n	1	0	0	0
ún	TONE_SAC	u↗n	ˈu↗n	1	0	0	0
ûn	TONE_HOI	u↓n	ˈʌn	0	0	0	0
ũn	TONE_NGA	uʔ↗n	ˈuʔ↗n	1	0	0	0
ụn	TONE_NANG	uʔ↓n	ˈuʔ↓n	1	0	0	0
úp	TONE_SAC	u↗p	ˈu↗p	1	0	0	0
ụp	TONE_NANG	uʔ↓p	ˈuʔ↓p	1	0	0	0
út	TONE_SAC	u↗t	ˈu↗t	1	0	0	0
ụt	TONE_NANG	uʔ↓t	ˈuʔ↓t	1	0	0	0
ung	TONE_NGANG	u→ŋ	ˈuŋ	0	0	0	0
ùng	TONE_HUYEN	u↘ŋ	ˈu↘ŋ	1	0	0	0
úng	TONE_SAC	u↗ŋ	ˈu↗ŋ	1	0	0	0
ûng	TONE_HOI	u↓ŋ	ˈuŋ	0	0	0	0
ũng	TONE_NGA	uʔ↗ŋ	ˈuʔ↗ŋ	1	0	0	0
ụng	TONE_NANG	uʔ↓ŋ	ˈuʔ↓ŋ	1	0	0	0
úc	TONE_SAC	u↗k	ˈu↗c	1	0	0	0
ục	TONE_NANG	uʔ↓k	ˈuʔ↓c	1	0	0	0
úch	TONE_SAC	u↗k	ˈu↗c hˈa↗t	0	0	0	0
ụch	TONE_NANG	uʔ↓k	ˈuʔ↓c hˈa↗t	0	0	0	0
ư	TONE_NGANG	ɨ→	ˈy	0	0	0	0
ừ	TONE_HUYEN	ɨ↘	ˈy↘	1	0	0	0
ứ	TONE_SAC	ɨ↗	ˈy↗	1	0	0	0
ư̂	TONE_HOI	ɨ↓	ˈy	0	0	0	0
ữ	TONE_NGA	ɨʔ↗	ˈyʔ↗	1	0	0	0
ự	TONE_NANG	ɨʔ↓	ˈyʔ↓	1	0	0	0
ưi	TONE_NGANG	ɨ→j	ˈyj	0	0	0	0
ừi	TONE_HUYEN	ɨ↘j	ˈy↘j	1	0	0	0
ứi	TONE_SAC	ɨ↗j	ˈy↗j	1	0	0	0
ư̂i	TONE_HOI	ɨ↓j	ˈy ˈi	0	0	0	0
ữi	TONE_NGA	ɨʔ↗j	ˈyʔ↗j	1	0	0	0
ựi	TONE_NANG	ɨʔ↓j	ˈyʔ↓j	1	0	0	0
ưy	TONE_NGANG	ɨ→j	ˈyˈi	0	0	0	0
ừy	TONE_HUYEN	ɨ↘j	ˈy↘ˈi	0	0	0	0
ứy	TONE_SAC	ɨ↗j	ˈy↗ˈi	0	0	0	0
ư̂y	TONE_HOI	ɨ↓j	ˈy ˈi	0	0	0	0
ữy	TONE_NGA	ɨʔ↗j	ˈyʔ↗ˈi	0	0	0	0
ựy	TONE_NANG	ɨʔ↓j	ˈyʔ↓ˈi	0	0	0	0
ưo	TONE_NGANG	ɨ→w	ˈyˈɔ	0	0	0	0
ừo	TONE_HUYEN	ɨ↘w	ˈy↘ˈɔ	1	0	0	0
ứo	TONE_SAC	ɨ↗w	ˈy↗ˈɔ	1	0	0	0
ư̂o	TONE_HOI	ɨ↓w	ˈy ˈo	0	0	0	0
ữo	TONE_NGA	ɨʔ↗w	ˈyʔ↗ˈɔ	1	0	0	0
ựo	TONE_NANG	ɨʔ↓w	ˈyʔ↓ˈɔ	1	0	0	0
ưu	TONE_NGANG	ɨ→w	ˈiw	0	0	0	0
ừu	TONE_HUYEN	ɨ↘w	ˈi↘w	1	0	0	0
ứu	TONE_SAC	ɨ↗w	ˈi↗w	1	0	0	0
ư̂u	TONE_HOI	ɨ↓w	ˈy ˈu	0	0	0	0
ữu	TONE_NGA	ɨʔ↗w	ˈiʔ↗w	1	0	0	0
ựu	TONE_NANG	ɨʔ↓w	ˈiʔ↓w	1	0	0	0
ưm	TONE_NGANG	ɨ→m	ˈym	0	0	0	0
ừm	TONE_HUYEN	ɨ↘m	ˈy↘m	1	0	0	0
ứm	TONE_SAC	ɨ↗m	ˈy↗m	1	0	0	0
ư̂m	TONE_HOI	ɨ↓m	ˈy mˈəː↘	0	0	0	0
ữm	TONE_NGA	ɨʔ↗m	ˈyʔ↗m	1	0	0	0
ựm	TONE_NANG	ɨʔ↓m	ˈyʔ↓m	1	0	0	0
ưn	TONE_NGANG	ɨ→n	ˈyn	0	0	0	0
ừn	TONE_HUYEN	ɨ↘n	ˈy↘n	1	0	0	0
ứn	TONE_SAC	ɨ↗n	ˈy↗n	1	0	0	0
ư̂n	TONE_HOI	ɨ↓n	ˈy nˈəː↘	0	0	0	0
ữn	TONE_NGA	ɨʔ↗n	ˈyʔ↗n	1	0	0	0
ựn	TONE_NANG	ɨʔ↓n	ˈyʔ↓n	1	0	0	0
ứp	TONE_SAC	ɨ↗p	ˈy↗pˈe	0	0	0	0
ựp	TONE_NANG	ɨʔ↓p	ˈyʔ↓pˈe	0	0	0	0
ứt	TONE_SAC	ɨ↗t	ˈy↗t	1	0	0	0
ựt	TONE_NANG	ɨʔ↓t	ˈyʔ↓t	1	0	0	0
ưng	TONE_NGANG	ɨ→ŋ	ˈyŋ	0	0	0	0
ừng	TONE_HUYEN	ɨ↘ŋ	ˈy↘ŋ	1	0	0	0
ứng	TONE_SAC	ɨ↗ŋ	ˈy↗ŋ	1	0	0	0
ư̂ng	TONE_HOI	ɨ↓ŋ	ˈy ˌɛndʒˈiː	0	0	0	0
ững	TONE_NGA	ɨʔ↗ŋ	ˈyʔ↗ŋ	1	0	0	0
ựng	TONE_NANG	ɨʔ↓ŋ	ˈyʔ↓ŋ	1	0	0	0
ức	TONE_SAC	ɨ↗k	ˈy↗c	1	0	0	0
ực	TONE_NANG	ɨʔ↓k	ˈyʔ↓c	1	0	0	0
ứch	TONE_SAC	ɨ↗k	ˈy↗c hˈa↗t	0	0	0	0
ựch	TONE_NANG	ɨʔ↓k	ˈyʔ↓c hˈa↗t	0	0	0	0
